2026/04/13 00:17:55 Server listening on 127.0.0.1:8765
2026/04/13 00:17:56 [] GET /health
2026/04/13 00:17:56 [] GET /health -> 0 (2562047h47m16.854775807s)
2026/04/13 00:17:57 [] GET /health
2026/04/13 00:17:57 [] GET /health -> 0 (2562047h47m16.854775807s)
2026/04/13 00:17:57 [] POST /memory/query
2026/04/13 00:17:57 [] POST /memory/query -> 0 (2562047h47m16.854775807s)
2026/04/13 00:17:57 [] POST /memory/search
2026/04/13 00:17:57 [] POST /memory/search -> 0 (2562047h47m16.854775807s)
2026/04/13 00:18:10 [] GET /health
2026/04/13 00:18:10 [] GET /health -> 0 (2562047h47m16.854775807s)
2026/04/13 00:18:10 [] GET /health
2026/04/13 00:18:11 [] GET /health -> 0 (2562047h47m16.854775807s)
2026/04/13 00:18:11 [] POST /memory/search
2026/04/13 00:18:11 [] POST /memory/search -> 0 (2562047h47m16.854775807s)
2026/04/13 00:18:16 [] GET /health
2026/04/13 00:18:16 [] GET /health -> 0 (2562047h47m16.854775807s)
2026/04/13 00:18:16 [] GET /health
2026/04/13 00:18:16 [] GET /health -> 0 (2562047h47m16.854775807s)
2026/04/13 00:18:16 [] POST /memory/search
2026/04/13 00:18:16 [] POST /memory/search -> 0 (2562047h47m16.854775807s)
2026/04/13 00:18:21 [] GET /health
2026/04/13 00:18:21 [] GET /health -> 0 (2562047h47m16.854775807s)
2026/04/13 00:18:21 [] GET /health
2026/04/13 00:18:21 [] GET /health -> 0 (2562047h47m16.854775807s)
2026/04/13 00:18:21 [] POST /memory/search
2026/04/13 00:18:21 [] POST /memory/search -> 0 (2562047h47m16.854775807s)
2026/04/13 00:18:26 [] GET /health
2026/04/13 00:18:26 [] GET /health -> 0 (2562047h47m16.854775807s)
2026/04/13 00:18:26 [] GET /health
2026/04/13 00:18:26 [] GET /health -> 0 (2562047h47m16.854775807s)
2026/04/13 00:18:26 [] POST /memory/search
2026/04/13 00:18:26 [] POST /memory/search -> 0 (2562047h47m16.854775807s)
2026/04/13 00:18:31 [] GET /health
2026/04/13 00:18:31 [] GET /health -> 0 (2562047h47m16.854775807s)
2026/04/13 00:18:31 [] GET /health
2026/04/13 00:18:31 [] GET /health -> 0 (2562047h47m16.854775807s)
2026/04/13 00:18:31 [] POST /memory/search
2026/04/13 00:18:31 [] POST /memory/search -> 0 (2562047h47m16.854775807s)
2026/04/13 00:18:36 [] GET /health
2026/04/13 00:18:36 [] GET /health -> 0 (2562047h47m16.854775807s)
2026/04/13 00:18:36 [] GET /health
2026/04/13 00:18:36 [] GET /health -> 0 (2562047h47m16.854775807s)
2026/04/13 00:18:36 [] POST /memory/search
2026/04/13 00:18:36 [] POST /memory/search -> 0 (2562047h47m16.854775807s)
2026/04/13 00:18:41 [] GET /health
2026/04/13 00:18:41 [] GET /health -> 0 (2562047h47m16.854775807s)
2026/04/13 00:18:41 [] GET /health
2026/04/13 00:18:41 [] GET /health -> 0 (2562047h47m16.854775807s)
2026/04/13 00:18:41 [] POST /memory/search
2026/04/13 00:18:41 [] POST /memory/search -> 0 (2562047h47m16.854775807s)
2026/04/13 00:18:46 [] GET /health
2026/04/13 00:18:46 [] GET /health -> 0 (2562047h47m16.854775807s)
2026/04/13 00:18:46 [] GET /health
2026/04/13 00:18:46 [] GET /health -> 0 (2562047h47m16.854775807s)
2026/04/13 00:18:46 [] POST /memory/search
2026/04/13 00:18:46 [] POST /memory/search -> 0 (2562047h47m16.854775807s)
2026/04/13 00:18:51 [] GET /health
2026/04/13 00:18:51 [] GET /health -> 0 (2562047h47m16.854775807s)
2026/04/13 00:18:51 [] GET /health
2026/04/13 00:18:51 [] GET /health -> 0 (2562047h47m16.854775807s)
2026/04/13 00:18:51 [] POST /memory/search
2026/04/13 00:18:51 [] POST /memory/search -> 0 (2562047h47m16.854775807s)
2026/04/13 00:18:56 [] GET /health
2026/04/13 00:18:56 [] GET /health -> 0 (2562047h47m16.854775807s)
2026/04/13 00:18:56 [] GET /health
2026/04/13 00:18:56 [] GET /health -> 0 (2562047h47m16.854775807s)
2026/04/13 00:18:56 [] POST /memory/search
2026/04/13 00:18:56 [] POST /memory/search -> 0 (2562047h47m16.854775807s)
2026/04/13 00:19:01 [] GET /health
2026/04/13 00:19:01 [] GET /health -> 0 (2562047h47m16.854775807s)
2026/04/13 00:19:01 [] GET /health
2026/04/13 00:19:01 [] GET /health -> 0 (2562047h47m16.854775807s)
2026/04/13 00:19:01 [] POST /memory/search
2026/04/13 00:19:01 [] POST /memory/search -> 0 (2562047h47m16.854775807s)
2026/04/13 00:19:06 [] GET /health
2026/04/13 00:19:06 [] GET /health -> 0 (2562047h47m16.854775807s)
2026/04/13 00:19:06 [] GET /health
2026/04/13 00:19:06 [] GET /health -> 0 (2562047h47m16.854775807s)
2026/04/13 00:19:06 [] POST /memory/search
2026/04/13 00:19:06 [] POST /memory/search -> 0 (2562047h47m16.854775807s)
2026/04/13 00:19:11 [] GET /health
2026/04/13 00:19:11 [] GET /health -> 0 (2562047h47m16.854775807s)
2026/04/13 00:19:11 [] GET /health
2026/04/13 00:19:11 [] GET /health -> 0 (2562047h47m16.854775807s)
2026/04/13 00:19:11 [] POST /memory/search
2026/04/13 00:19:11 [] POST /memory/search -> 0 (2562047h47m16.854775807s)
2026/04/13 00:19:16 [] GET /health
2026/04/13 00:19:16 [] GET /health -> 0 (2562047h47m16.854775807s)
2026/04/13 00:19:16 [] GET /health
2026/04/13 00:19:16 [] GET /health -> 0 (2562047h47m16.854775807s)
2026/04/13 00:19:16 [] POST /memory/search
2026/04/13 00:19:16 [] POST /memory/search -> 0 (2562047h47m16.854775807s)
2026/04/13 00:19:21 [] GET /health
2026/04/13 00:19:21 [] GET /health -> 0 (2562047h47m16.854775807s)
2026/04/13 00:19:21 [] GET /health
2026/04/13 00:19:21 [] GET /health -> 0 (2562047h47m16.854775807s)
2026/04/13 00:19:21 [] POST /memory/search
2026/04/13 00:19:21 [] POST /memory/search -> 0 (2562047h47m16.854775807s)
2026/04/13 00:19:26 [] GET /health
2026/04/13 00:19:26 [] GET /health -> 0 (2562047h47m16.854775807s)
2026/04/13 00:19:26 [] GET /health
2026/04/13 00:19:26 [] GET /health -> 0 (2562047h47m16.854775807s)
2026/04/13 00:19:27 [] POST /memory/search
2026/04/13 00:19:27 [] POST /memory/search -> 0 (2562047h47m16.854775807s)
2026/04/13 00:19:32 [] GET /health
2026/04/13 00:19:32 [] GET /health -> 0 (2562047h47m16.854775807s)
2026/04/13 00:19:32 [] GET /health
2026/04/13 00:19:32 [] GET /health -> 0 (2562047h47m16.854775807s)
2026/04/13 00:19:32 [] POST /memory/search
2026/04/13 00:19:32 [] POST /memory/search -> 0 (2562047h47m16.854775807s)
2026/04/13 00:19:37 [] GET /health
2026/04/13 00:19:37 [] GET /health -> 0 (2562047h47m16.854775807s)
2026/04/13 00:19:37 [] GET /health
2026/04/13 00:19:37 [] GET /health -> 0 (2562047h47m16.854775807s)
2026/04/13 00:19:37 [] POST /memory/search
2026/04/13 00:19:37 [] POST /memory/search -> 0 (2562047h47m16.854775807s)
2026/04/13 00:19:42 [] GET /health
2026/04/13 00:19:42 [] GET /health -> 0 (2562047h47m16.854775807s)
2026/04/13 00:19:42 [] GET /health
2026/04/13 00:19:42 [] GET /health -> 0 (2562047h47m16.854775807s)
2026/04/13 00:19:42 [] POST /memory/search
2026/04/13 00:19:42 [] POST /memory/search -> 0 (2562047h47m16.854775807s)
2026/04/13 00:19:47 [] GET /health
2026/04/13 00:19:47 [] GET /health -> 0 (2562047h47m16.854775807s)
2026/04/13 00:19:47 [] GET /health
2026/04/13 00:19:47 [] GET /health -> 0 (2562047h47m16.854775807s)
2026/04/13 00:19:47 [] POST /memory/search
2026/04/13 00:19:47 [] POST /memory/search -> 0 (2562047h47m16.854775807s)
2026/04/13 00:19:52 [] GET /health
2026/04/13 00:19:52 [] GET /health -> 0 (2562047h47m16.854775807s)
2026/04/13 00:19:52 [] GET /health
2026/04/13 00:19:52 [] GET /health -> 0 (2562047h47m16.854775807s)
2026/04/13 00:19:52 [] POST /memory/search
2026/04/13 00:19:52 [] POST /memory/search -> 0 (2562047h47m16.854775807s)
2026/04/13 00:19:57 [] GET /health
2026/04/13 00:19:57 [] GET /health -> 0 (2562047h47m16.854775807s)
2026/04/13 00:19:57 [] GET /health
2026/04/13 00:19:57 [] GET /health -> 0 (2562047h47m16.854775807s)
2026/04/13 00:19:57 [] POST /memory/search
2026/04/13 00:19:57 [] POST /memory/search -> 0 (2562047h47m16.854775807s)
2026/04/13 00:20:02 [] GET /health
2026/04/13 00:20:02 [] GET /health -> 0 (2562047h47m16.854775807s)
2026/04/13 00:20:02 [] GET /health
2026/04/13 00:20:02 [] GET /health -> 0 (2562047h47m16.854775807s)
2026/04/13 00:20:02 [] POST /memory/search
2026/04/13 00:20:02 [] POST /memory/search -> 0 (2562047h47m16.854775807s)
2026/04/13 00:20:07 [] GET /health
2026/04/13 00:20:07 [] GET /health -> 0 (2562047h47m16.854775807s)
2026/04/13 00:20:07 [] GET /health
2026/04/13 00:20:07 [] GET /health -> 0 (2562047h47m16.854775807s)
2026/04/13 00:20:07 [] POST /memory/search
2026/04/13 00:20:07 [] POST /memory/search -> 0 (2562047h47m16.854775807s)
2026/04/13 00:20:12 [] GET /health
2026/04/13 00:20:12 [] GET /health -> 0 (2562047h47m16.854775807s)
2026/04/13 00:20:12 [] GET /health
2026/04/13 00:20:12 [] GET /health -> 0 (2562047h47m16.854775807s)
2026/04/13 00:20:12 [] POST /memory/search
2026/04/13 00:20:12 [] POST /memory/search -> 0 (2562047h47m16.854775807s)
2026/04/13 00:20:17 [] GET /health
2026/04/13 00:20:17 [] GET /health -> 0 (2562047h47m16.854775807s)
2026/04/13 00:20:17 [] GET /health
2026/04/13 00:20:17 [] GET /health -> 0 (2562047h47m16.854775807s)
2026/04/13 00:20:17 [] POST /memory/search
2026/04/13 00:20:17 [] POST /memory/search -> 0 (2562047h47m16.854775807s)
2026/04/13 00:20:22 [] GET /health
2026/04/13 00:20:22 [] GET /health -> 0 (2562047h47m16.854775807s)
2026/04/13 00:20:22 [] GET /health
2026/04/13 00:20:22 [] GET /health -> 0 (2562047h47m16.854775807s)
2026/04/13 00:20:22 [] POST /memory/search
2026/04/13 00:20:22 [] POST /memory/search -> 0 (2562047h47m16.854775807s)
2026/04/13 00:20:27 [] GET /health
2026/04/13 00:20:27 [] GET /health -> 0 (2562047h47m16.854775807s)
2026/04/13 00:20:27 [] GET /health
2026/04/13 00:20:27 [] GET /health -> 0 (2562047h47m16.854775807s)
2026/04/13 00:20:27 [] POST /memory/search
2026/04/13 00:20:27 [] POST /memory/search -> 0 (2562047h47m16.854775807s)
2026/04/13 00:20:32 [] GET /health
2026/04/13 00:20:32 [] GET /health -> 0 (2562047h47m16.854775807s)
2026/04/13 00:20:32 [] GET /health
2026/04/13 00:20:32 [] GET /health -> 0 (2562047h47m16.854775807s)
2026/04/13 00:20:32 [] POST /memory/search
2026/04/13 00:20:32 [] POST /memory/search -> 0 (2562047h47m16.854775807s)
2026/04/13 00:20:37 [] GET /health
2026/04/13 00:20:37 [] GET /health -> 0 (2562047h47m16.854775807s)
2026/04/13 00:20:37 [] GET /health
2026/04/13 00:20:37 [] GET /health -> 0 (2562047h47m16.854775807s)
2026/04/13 00:20:37 [] POST /memory/search
2026/04/13 00:20:37 [] POST /memory/search -> 0 (2562047h47m16.854775807s)
2026/04/13 00:20:42 [] GET /health
2026/04/13 00:20:42 [] GET /health -> 0 (2562047h47m16.854775807s)
2026/04/13 00:20:42 [] GET /health
2026/04/13 00:20:42 [] GET /health -> 0 (2562047h47m16.854775807s)
2026/04/13 00:20:42 [] POST /memory/search
2026/04/13 00:20:42 [] POST /memory/search -> 0 (2562047h47m16.854775807s)
2026/04/13 00:20:47 [] GET /health
2026/04/13 00:20:47 [] GET /health -> 0 (2562047h47m16.854775807s)
2026/04/13 00:20:47 [] GET /health
2026/04/13 00:20:47 [] GET /health -> 0 (2562047h47m16.854775807s)
2026/04/13 00:20:47 [] POST /memory/search
2026/04/13 00:20:47 [] POST /memory/search -> 0 (2562047h47m16.854775807s)
2026/04/13 00:20:53 [] GET /health
2026/04/13 00:20:53 [] GET /health -> 0 (2562047h47m16.854775807s)
2026/04/13 00:20:53 [] GET /health
2026/04/13 00:20:53 [] GET /health -> 0 (2562047h47m16.854775807s)
2026/04/13 00:20:53 [] POST /memory/search
2026/04/13 00:20:53 [] POST /memory/search -> 0 (2562047h47m16.854775807s)
2026/04/13 00:20:58 [] GET /health
2026/04/13 00:20:58 [] GET /health -> 0 (2562047h47m16.854775807s)
2026/04/13 00:20:58 [] GET /health
2026/04/13 00:20:58 [] GET /health -> 0 (2562047h47m16.854775807s)
2026/04/13 00:20:58 [] POST /memory/search
2026/04/13 00:20:58 [] POST /memory/search -> 0 (2562047h47m16.854775807s)
2026/04/13 00:21:03 [] GET /health
2026/04/13 00:21:03 [] GET /health -> 0 (2562047h47m16.854775807s)
2026/04/13 00:21:03 [] GET /health
2026/04/13 00:21:03 [] GET /health -> 0 (2562047h47m16.854775807s)
2026/04/13 00:21:03 [] POST /memory/search
2026/04/13 00:21:03 [] POST /memory/search -> 0 (2562047h47m16.854775807s)
2026/04/13 00:21:08 [] GET /health
2026/04/13 00:21:08 [] GET /health -> 0 (2562047h47m16.854775807s)
2026/04/13 00:21:08 [] GET /health
2026/04/13 00:21:08 [] GET /health -> 0 (2562047h47m16.854775807s)
2026/04/13 00:21:08 [] POST /memory/search
2026/04/13 00:21:08 [] POST /memory/search -> 0 (2562047h47m16.854775807s)
2026/04/13 00:21:13 [] GET /health
2026/04/13 00:21:13 [] GET /health -> 0 (2562047h47m16.854775807s)
2026/04/13 00:21:13 [] GET /health
2026/04/13 00:21:13 [] GET /health -> 0 (2562047h47m16.854775807s)
2026/04/13 00:21:13 [] POST /memory/search
2026/04/13 00:21:13 [] POST /memory/search -> 0 (2562047h47m16.854775807s)
2026/04/13 00:21:18 [] GET /health
2026/04/13 00:21:18 [] GET /health -> 0 (2562047h47m16.854775807s)
2026/04/13 00:21:18 [] GET /health
2026/04/13 00:21:18 [] GET /health -> 0 (2562047h47m16.854775807s)
2026/04/13 00:21:18 [] POST /memory/search
2026/04/13 00:21:18 [] POST /memory/search -> 0 (2562047h47m16.854775807s)
2026/04/13 00:21:23 [] GET /health
2026/04/13 00:21:23 [] GET /health -> 0 (2562047h47m16.854775807s)
2026/04/13 00:21:23 [] GET /health
2026/04/13 00:21:23 [] GET /health -> 0 (2562047h47m16.854775807s)
2026/04/13 00:21:23 [] POST /memory/search
2026/04/13 00:21:23 [] POST /memory/search -> 0 (2562047h47m16.854775807s)
2026/04/13 00:21:28 [] GET /health
2026/04/13 00:21:28 [] GET /health -> 0 (2562047h47m16.854775807s)
2026/04/13 00:21:28 [] GET /health
2026/04/13 00:21:28 [] GET /health -> 0 (2562047h47m16.854775807s)
2026/04/13 00:21:28 [] POST /memory/search
2026/04/13 00:21:28 [] POST /memory/search -> 0 (2562047h47m16.854775807s)
2026/04/13 00:21:33 [] GET /health
2026/04/13 00:21:33 [] GET /health -> 0 (2562047h47m16.854775807s)
2026/04/13 00:21:33 [] GET /health
2026/04/13 00:21:33 [] GET /health -> 0 (2562047h47m16.854775807s)
2026/04/13 00:21:33 [] POST /memory/search
2026/04/13 00:21:33 [] POST /memory/search -> 0 (2562047h47m16.854775807s)
2026/04/13 00:21:38 [] GET /health
2026/04/13 00:21:38 [] GET /health -> 0 (2562047h47m16.854775807s)
2026/04/13 00:21:38 [] GET /health
2026/04/13 00:21:38 [] GET /health -> 0 (2562047h47m16.854775807s)
2026/04/13 00:21:38 [] POST /memory/search
2026/04/13 00:21:38 [] POST /memory/search -> 0 (2562047h47m16.854775807s)
2026/04/13 00:21:43 [] GET /health
2026/04/13 00:21:43 [] GET /health -> 0 (2562047h47m16.854775807s)
2026/04/13 00:21:43 [] GET /health
2026/04/13 00:21:43 [] GET /health -> 0 (2562047h47m16.854775807s)
2026/04/13 00:21:43 [] POST /memory/search
2026/04/13 00:21:43 [] POST /memory/search -> 0 (2562047h47m16.854775807s)
2026/04/13 00:21:48 [] GET /health
2026/04/13 00:21:48 [] GET /health -> 0 (2562047h47m16.854775807s)
2026/04/13 00:21:48 [] GET /health
2026/04/13 00:21:48 [] GET /health -> 0 (2562047h47m16.854775807s)
2026/04/13 00:21:48 [] POST /memory/search
2026/04/13 00:21:48 [] POST /memory/search -> 0 (2562047h47m16.854775807s)
2026/04/13 00:21:53 [] GET /health
2026/04/13 00:21:53 [] GET /health -> 0 (2562047h47m16.854775807s)
2026/04/13 00:21:53 [] GET /health
2026/04/13 00:21:53 [] GET /health -> 0 (2562047h47m16.854775807s)
2026/04/13 00:21:53 [] POST /memory/search
2026/04/13 00:21:53 [] POST /memory/search -> 0 (2562047h47m16.854775807s)
2026/04/13 00:21:58 [] GET /health
2026/04/13 00:21:58 [] GET /health -> 0 (2562047h47m16.854775807s)
2026/04/13 00:21:58 [] GET /health
2026/04/13 00:21:58 [] GET /health -> 0 (2562047h47m16.854775807s)
2026/04/13 00:21:58 [] POST /memory/search
2026/04/13 00:21:58 [] POST /memory/search -> 0 (2562047h47m16.854775807s)
2026/04/13 00:22:03 [] GET /health
2026/04/13 00:22:03 [] GET /health -> 0 (2562047h47m16.854775807s)
2026/04/13 00:22:03 [] GET /health
2026/04/13 00:22:03 [] GET /health -> 0 (2562047h47m16.854775807s)
2026/04/13 00:22:03 [] POST /memory/search
2026/04/13 00:22:03 [] POST /memory/search -> 0 (2562047h47m16.854775807s)
2026/04/13 00:22:08 [] GET /health
2026/04/13 00:22:08 [] GET /health -> 0 (2562047h47m16.854775807s)
2026/04/13 00:22:08 [] GET /health
2026/04/13 00:22:08 [] GET /health -> 0 (2562047h47m16.854775807s)
2026/04/13 00:22:08 [] POST /memory/search
2026/04/13 00:22:08 [] POST /memory/search -> 0 (2562047h47m16.854775807s)
2026/04/13 00:22:14 [] GET /health
2026/04/13 00:22:14 [] GET /health -> 0 (2562047h47m16.854775807s)
2026/04/13 00:22:14 [] GET /health
2026/04/13 00:22:14 [] GET /health -> 0 (2562047h47m16.854775807s)
2026/04/13 00:22:14 [] POST /memory/search
2026/04/13 00:22:14 [] POST /memory/search -> 0 (2562047h47m16.854775807s)
2026/04/13 00:22:19 [] GET /health
2026/04/13 00:22:19 [] GET /health -> 0 (2562047h47m16.854775807s)
2026/04/13 00:22:19 [] GET /health
2026/04/13 00:22:19 [] GET /health -> 0 (2562047h47m16.854775807s)
2026/04/13 00:22:19 [] POST /memory/search
2026/04/13 00:22:19 [] POST /memory/search -> 0 (2562047h47m16.854775807s)
2026/04/13 00:22:24 [] GET /health
2026/04/13 00:22:24 [] GET /health -> 0 (2562047h47m16.854775807s)
2026/04/13 00:22:24 [] GET /health
2026/04/13 00:22:24 [] GET /health -> 0 (2562047h47m16.854775807s)
2026/04/13 00:22:24 [] POST /memory/search
2026/04/13 00:22:24 [] POST /memory/search -> 0 (2562047h47m16.854775807s)
2026/04/13 00:22:29 [] GET /health
2026/04/13 00:22:29 [] GET /health -> 0 (2562047h47m16.854775807s)
2026/04/13 00:22:29 [] GET /health
2026/04/13 00:22:29 [] GET /health -> 0 (2562047h47m16.854775807s)
2026/04/13 00:22:29 [] POST /memory/search
2026/04/13 00:22:29 [] POST /memory/search -> 0 (2562047h47m16.854775807s)
2026/04/13 00:22:34 [] GET /health
2026/04/13 00:22:34 [] GET /health -> 0 (2562047h47m16.854775807s)
2026/04/13 00:22:34 [] GET /health
2026/04/13 00:22:34 [] GET /health -> 0 (2562047h47m16.854775807s)
2026/04/13 00:22:34 [] POST /memory/search
2026/04/13 00:22:34 [] POST /memory/search -> 0 (2562047h47m16.854775807s)
2026/04/13 00:22:39 [] GET /health
2026/04/13 00:22:39 [] GET /health -> 0 (2562047h47m16.854775807s)
2026/04/13 00:22:39 [] GET /health
2026/04/13 00:22:39 [] GET /health -> 0 (2562047h47m16.854775807s)
2026/04/13 00:22:39 [] POST /memory/search
2026/04/13 00:22:39 [] POST /memory/search -> 0 (2562047h47m16.854775807s)
2026/04/13 00:22:44 [] GET /health
2026/04/13 00:22:44 [] GET /health -> 0 (2562047h47m16.854775807s)
2026/04/13 00:22:44 [] GET /health
2026/04/13 00:22:44 [] GET /health -> 0 (2562047h47m16.854775807s)
2026/04/13 00:22:44 [] POST /memory/search
2026/04/13 00:22:44 [] POST /memory/search -> 0 (2562047h47m16.854775807s)
2026/04/13 00:22:49 [] GET /health
2026/04/13 00:22:49 [] GET /health -> 0 (2562047h47m16.854775807s)
2026/04/13 00:22:49 [] GET /health
2026/04/13 00:22:49 [] GET /health -> 0 (2562047h47m16.854775807s)
2026/04/13 00:22:49 [] POST /memory/search
2026/04/13 00:22:49 [] POST /memory/search -> 0 (2562047h47m16.854775807s)
2026/04/13 00:22:54 [] GET /health
2026/04/13 00:22:54 [] GET /health -> 0 (2562047h47m16.854775807s)
2026/04/13 00:22:54 [] GET /health
2026/04/13 00:22:54 [] GET /health -> 0 (2562047h47m16.854775807s)
2026/04/13 00:22:54 [] POST /memory/search
2026/04/13 00:22:54 [] POST /memory/search -> 0 (2562047h47m16.854775807s)
2026/04/13 00:22:59 [] GET /health
2026/04/13 00:22:59 [] GET /health -> 0 (2562047h47m16.854775807s)
2026/04/13 00:22:59 [] GET /health
2026/04/13 00:22:59 [] GET /health -> 0 (2562047h47m16.854775807s)
2026/04/13 00:22:59 [] POST /memory/search
2026/04/13 00:22:59 [] POST /memory/search -> 0 (2562047h47m16.854775807s)
2026/04/13 00:23:04 [] GET /health
2026/04/13 00:23:04 [] GET /health -> 0 (2562047h47m16.854775807s)
2026/04/13 00:23:04 [] GET /health
2026/04/13 00:23:04 [] GET /health -> 0 (2562047h47m16.854775807s)
2026/04/13 00:23:04 [] POST /memory/search
2026/04/13 00:23:04 [] POST /memory/search -> 0 (2562047h47m16.854775807s)
2026/04/13 00:23:09 [] GET /health
2026/04/13 00:23:09 [] GET /health -> 0 (2562047h47m16.854775807s)
2026/04/13 00:23:09 [] GET /health
2026/04/13 00:23:09 [] GET /health -> 0 (2562047h47m16.854775807s)
2026/04/13 00:23:09 [] POST /memory/search
2026/04/13 00:23:09 [] POST /memory/search -> 0 (2562047h47m16.854775807s)
2026/04/13 00:23:14 [] GET /health
2026/04/13 00:23:14 [] GET /health -> 0 (2562047h47m16.854775807s)
2026/04/13 00:23:14 [] GET /health
2026/04/13 00:23:14 [] GET /health -> 0 (2562047h47m16.854775807s)
2026/04/13 00:23:14 [] POST /memory/search
2026/04/13 00:23:14 [] POST /memory/search -> 0 (2562047h47m16.854775807s)
2026/04/13 00:23:19 [] GET /health
2026/04/13 00:23:19 [] GET /health -> 0 (2562047h47m16.854775807s)
2026/04/13 00:23:19 [] GET /health
2026/04/13 00:23:19 [] GET /health -> 0 (2562047h47m16.854775807s)
2026/04/13 00:23:19 [] POST /memory/search
2026/04/13 00:23:19 [] POST /memory/search -> 0 (2562047h47m16.854775807s)
2026/04/13 00:23:24 [] GET /health
2026/04/13 00:23:24 [] GET /health -> 0 (2562047h47m16.854775807s)
2026/04/13 00:23:24 [] GET /health
2026/04/13 00:23:24 [] GET /health -> 0 (2562047h47m16.854775807s)
2026/04/13 00:23:24 [] POST /memory/search
2026/04/13 00:23:24 [] POST /memory/search -> 0 (2562047h47m16.854775807s)
2026/04/13 00:23:30 [] GET /health
2026/04/13 00:23:30 [] GET /health -> 0 (2562047h47m16.854775807s)
2026/04/13 00:23:30 [] GET /health
2026/04/13 00:23:30 [] GET /health -> 0 (2562047h47m16.854775807s)
2026/04/13 00:23:30 [] POST /memory/search
2026/04/13 00:23:30 [] POST /memory/search -> 0 (2562047h47m16.854775807s)
2026/04/13 00:23:35 [] GET /health
2026/04/13 00:23:35 [] GET /health -> 0 (2562047h47m16.854775807s)
2026/04/13 00:23:35 [] GET /health
2026/04/13 00:23:35 [] GET /health -> 0 (2562047h47m16.854775807s)
2026/04/13 00:23:35 [] POST /memory/search
2026/04/13 00:23:35 [] POST /memory/search -> 0 (2562047h47m16.854775807s)
2026/04/13 00:23:40 [] GET /health
2026/04/13 00:23:40 [] GET /health -> 0 (2562047h47m16.854775807s)
2026/04/13 00:23:40 [] GET /health
2026/04/13 00:23:40 [] GET /health -> 0 (2562047h47m16.854775807s)
2026/04/13 00:23:40 [] POST /memory/search
2026/04/13 00:23:40 [] POST /memory/search -> 0 (2562047h47m16.854775807s)
2026/04/13 00:23:45 [] GET /health
2026/04/13 00:23:45 [] GET /health -> 0 (2562047h47m16.854775807s)
2026/04/13 00:23:45 [] GET /health
2026/04/13 00:23:45 [] GET /health -> 0 (2562047h47m16.854775807s)
2026/04/13 00:23:45 [] POST /memory/search
2026/04/13 00:23:45 [] POST /memory/search -> 0 (2562047h47m16.854775807s)
2026/04/13 00:23:50 [] GET /health
2026/04/13 00:23:50 [] GET /health -> 0 (2562047h47m16.854775807s)
2026/04/13 00:23:50 [] GET /health
2026/04/13 00:23:50 [] GET /health -> 0 (2562047h47m16.854775807s)
2026/04/13 00:23:50 [] POST /memory/search
2026/04/13 00:23:50 [] POST /memory/search -> 0 (2562047h47m16.854775807s)
2026/04/13 00:23:55 [] GET /health
2026/04/13 00:23:55 [] GET /health -> 0 (2562047h47m16.854775807s)
2026/04/13 00:23:55 [] GET /health
2026/04/13 00:23:55 [] GET /health -> 0 (2562047h47m16.854775807s)
2026/04/13 00:23:55 [] POST /memory/search
2026/04/13 00:23:55 [] POST /memory/search -> 0 (2562047h47m16.854775807s)
2026/04/13 00:24:00 [] GET /health
2026/04/13 00:24:00 [] GET /health -> 0 (2562047h47m16.854775807s)
2026/04/13 00:24:00 [] GET /health
2026/04/13 00:24:00 [] GET /health -> 0 (2562047h47m16.854775807s)
2026/04/13 00:24:00 [] POST /memory/search
2026/04/13 00:24:00 [] POST /memory/search -> 0 (2562047h47m16.854775807s)
2026/04/13 00:24:05 [] GET /health
2026/04/13 00:24:05 [] GET /health -> 0 (2562047h47m16.854775807s)
2026/04/13 00:24:05 [] GET /health
2026/04/13 00:24:05 [] GET /health -> 0 (2562047h47m16.854775807s)
2026/04/13 00:24:05 [] POST /memory/search
2026/04/13 00:24:05 [] POST /memory/search -> 0 (2562047h47m16.854775807s)
2026/04/13 00:24:10 [] GET /health
2026/04/13 00:24:10 [] GET /health -> 0 (2562047h47m16.854775807s)
2026/04/13 00:24:10 [] GET /health
2026/04/13 00:24:10 [] GET /health -> 0 (2562047h47m16.854775807s)
2026/04/13 00:24:10 [] POST /memory/search
2026/04/13 00:24:10 [] POST /memory/search -> 0 (2562047h47m16.854775807s)
2026/04/13 00:24:29 [] GET /health
2026/04/13 00:24:29 [] GET /health -> 0 (2562047h47m16.854775807s)
2026/04/13 00:24:29 [] GET /health
2026/04/13 00:24:29 [] GET /health -> 0 (2562047h47m16.854775807s)
2026/04/13 00:24:29 [] POST /memory/search
2026/04/13 00:24:29 [] POST /memory/search -> 0 (2562047h47m16.854775807s)
2026/04/13 00:24:59 [] GET /health
2026/04/13 00:24:59 [] GET /health -> 0 (2562047h47m16.854775807s)
2026/04/13 00:24:59 [] GET /health
2026/04/13 00:24:59 [] GET /health -> 0 (2562047h47m16.854775807s)
2026/04/13 00:24:59 [] POST /memory/search
2026/04/13 00:24:59 [] POST /memory/search -> 0 (2562047h47m16.854775807s)
2026/04/13 00:25:30 [] GET /health
2026/04/13 00:25:30 [] GET /health -> 0 (2562047h47m16.854775807s)
2026/04/13 00:25:30 [] GET /health
2026/04/13 00:25:30 [] GET /health -> 0 (2562047h47m16.854775807s)
2026/04/13 00:25:30 [] POST /memory/search
2026/04/13 00:25:30 [] POST /memory/search -> 0 (2562047h47m16.854775807s)
2026/04/13 00:26:00 [] GET /health
2026/04/13 00:26:00 [] GET /health -> 0 (2562047h47m16.854775807s)
2026/04/13 00:26:00 [] GET /health
2026/04/13 00:26:00 [] GET /health -> 0 (2562047h47m16.854775807s)
2026/04/13 00:26:00 [] POST /memory/search
2026/04/13 00:26:00 [] POST /memory/search -> 0 (2562047h47m16.854775807s)
2026/04/13 00:26:30 [] GET /health
2026/04/13 00:26:30 [] GET /health -> 0 (2562047h47m16.854775807s)
2026/04/13 00:26:30 [] GET /health
2026/04/13 00:26:30 [] GET /health -> 0 (2562047h47m16.854775807s)
2026/04/13 00:26:30 [] POST /memory/search
2026/04/13 00:26:30 [] POST /memory/search -> 0 (2562047h47m16.854775807s)
2026/04/13 00:26:54 [] GET /health
2026/04/13 00:26:54 [] GET /health -> 0 (2562047h47m16.854775807s)
2026/04/13 00:26:54 [] GET /health
2026/04/13 00:26:54 [] GET /health -> 0 (2562047h47m16.854775807s)
2026/04/13 00:27:00 [] GET /health
2026/04/13 00:27:00 [] GET /health -> 0 (2562047h47m16.854775807s)
2026/04/13 00:27:00 [] GET /health
2026/04/13 00:27:00 [] GET /health -> 0 (2562047h47m16.854775807s)
2026/04/13 00:27:00 [] POST /memory/search
2026/04/13 00:27:00 [] POST /memory/search -> 0 (2562047h47m16.854775807s)
2026/04/13 00:27:30 [] GET /health
2026/04/13 00:27:30 [] GET /health -> 0 (2562047h47m16.854775807s)
2026/04/13 00:27:30 [] GET /health
2026/04/13 00:27:30 [] GET /health -> 0 (2562047h47m16.854775807s)
2026/04/13 00:27:30 [] POST /memory/search
2026/04/13 00:27:30 [] POST /memory/search -> 0 (2562047h47m16.854775807s)
2026/04/13 00:28:00 [] GET /health
2026/04/13 00:28:00 [] GET /health -> 0 (2562047h47m16.854775807s)
2026/04/13 00:28:00 [] GET /health
2026/04/13 00:28:00 [] GET /health -> 0 (2562047h47m16.854775807s)
2026/04/13 00:28:00 [] POST /memory/search
2026/04/13 00:28:00 [] POST /memory/search -> 0 (2562047h47m16.854775807s)
2026/04/13 00:28:30 [] GET /health
2026/04/13 00:28:30 [] GET /health -> 0 (2562047h47m16.854775807s)
2026/04/13 00:28:30 [] GET /health
2026/04/13 00:28:30 [] GET /health -> 0 (2562047h47m16.854775807s)
2026/04/13 00:28:30 [] POST /memory/search
2026/04/13 00:28:30 [] POST /memory/search -> 0 (2562047h47m16.854775807s)
2026/04/13 00:29:00 [] GET /health
2026/04/13 00:29:00 [] GET /health -> 0 (2562047h47m16.854775807s)
2026/04/13 00:29:00 [] GET /health
2026/04/13 00:29:00 [] GET /health -> 0 (2562047h47m16.854775807s)
2026/04/13 00:29:00 [] POST /memory/search
2026/04/13 00:29:00 [] POST /memory/search -> 0 (2562047h47m16.854775807s)
2026/04/13 00:29:30 [] GET /health
2026/04/13 00:29:30 [] GET /health -> 0 (2562047h47m16.854775807s)
2026/04/13 00:29:30 [] GET /health
2026/04/13 00:29:30 [] GET /health -> 0 (2562047h47m16.854775807s)
2026/04/13 00:29:30 [] POST /memory/search
2026/04/13 00:29:30 [] POST /memory/search -> 0 (2562047h47m16.854775807s)
2026/04/13 00:30:00 [] GET /health
2026/04/13 00:30:00 [] GET /health -> 0 (2562047h47m16.854775807s)
2026/04/13 00:30:00 [] GET /health
2026/04/13 00:30:00 [] GET /health -> 0 (2562047h47m16.854775807s)
2026/04/13 00:30:00 [] POST /memory/search
2026/04/13 00:30:00 [] POST /memory/search -> 0 (2562047h47m16.854775807s)
2026/04/13 00:30:30 [] GET /health
2026/04/13 00:30:30 [] GET /health -> 0 (2562047h47m16.854775807s)
2026/04/13 00:30:30 [] GET /health
2026/04/13 00:30:30 [] GET /health -> 0 (2562047h47m16.854775807s)
2026/04/13 00:30:30 [] POST /memory/search
2026/04/13 00:30:30 [] POST /memory/search -> 0 (2562047h47m16.854775807s)
2026/04/13 00:31:00 [] GET /health
2026/04/13 00:31:00 [] GET /health -> 0 (2562047h47m16.854775807s)
2026/04/13 00:31:00 [] GET /health
2026/04/13 00:31:00 [] GET /health -> 0 (2562047h47m16.854775807s)
2026/04/13 00:31:00 [] POST /memory/search
2026/04/13 00:31:00 [] POST /memory/search -> 0 (2562047h47m16.854775807s)
2026/04/13 00:31:30 [] GET /health
2026/04/13 00:31:30 [] GET /health -> 0 (2562047h47m16.854775807s)
2026/04/13 00:31:30 [] GET /health
2026/04/13 00:31:30 [] GET /health -> 0 (2562047h47m16.854775807s)
2026/04/13 00:31:30 [] POST /memory/search
2026/04/13 00:31:30 [] POST /memory/search -> 0 (2562047h47m16.854775807s)
2026/04/13 00:32:00 [] GET /health
2026/04/13 00:32:00 [] GET /health -> 0 (2562047h47m16.854775807s)
2026/04/13 00:32:00 [] GET /health
2026/04/13 00:32:00 [] GET /health -> 0 (2562047h47m16.854775807s)
2026/04/13 00:32:00 [] POST /memory/search
2026/04/13 00:32:00 [] POST /memory/search -> 0 (2562047h47m16.854775807s)
2026/04/13 00:32:30 [] GET /health
2026/04/13 00:32:30 [] GET /health -> 0 (2562047h47m16.854775807s)
2026/04/13 00:32:31 [] GET /health
2026/04/13 00:32:31 [] GET /health -> 0 (2562047h47m16.854775807s)
2026/04/13 00:32:31 [] POST /memory/search
2026/04/13 00:32:31 [] POST /memory/search -> 0 (2562047h47m16.854775807s)
2026/04/13 00:33:01 [] GET /health
2026/04/13 00:33:01 [] GET /health -> 0 (2562047h47m16.854775807s)
2026/04/13 00:33:01 [] GET /health
2026/04/13 00:33:01 [] GET /health -> 0 (2562047h47m16.854775807s)
2026/04/13 00:33:01 [] POST /memory/search
2026/04/13 00:33:01 [] POST /memory/search -> 0 (2562047h47m16.854775807s)
2026/04/13 00:33:31 [] GET /health
2026/04/13 00:33:31 [] GET /health -> 0 (2562047h47m16.854775807s)
2026/04/13 00:33:31 [] GET /health
2026/04/13 00:33:31 [] GET /health -> 0 (2562047h47m16.854775807s)
2026/04/13 00:33:31 [] POST /memory/search
2026/04/13 00:33:31 [] POST /memory/search -> 0 (2562047h47m16.854775807s)
2026/04/13 00:34:01 [] GET /health
2026/04/13 00:34:01 [] GET /health -> 0 (2562047h47m16.854775807s)
2026/04/13 00:34:01 [] GET /health
2026/04/13 00:34:01 [] GET /health -> 0 (2562047h47m16.854775807s)
2026/04/13 00:34:01 [] POST /memory/search
2026/04/13 00:34:01 [] POST /memory/search -> 0 (2562047h47m16.854775807s)
2026/04/13 00:34:31 [] GET /health
2026/04/13 00:34:31 [] GET /health -> 0 (2562047h47m16.854775807s)
2026/04/13 00:34:31 [] GET /health
2026/04/13 00:34:31 [] GET /health -> 0 (2562047h47m16.854775807s)
2026/04/13 00:34:31 [] POST /memory/search
2026/04/13 00:34:31 [] POST /memory/search -> 0 (2562047h47m16.854775807s)
2026/04/13 00:35:01 [] GET /health
2026/04/13 00:35:01 [] GET /health -> 0 (2562047h47m16.854775807s)
2026/04/13 00:35:01 [] GET /health
2026/04/13 00:35:01 [] GET /health -> 0 (2562047h47m16.854775807s)
2026/04/13 00:35:01 [] POST /memory/search
2026/04/13 00:35:01 [] POST /memory/search -> 0 (2562047h47m16.854775807s)
2026/04/13 00:35:31 [] GET /health
2026/04/13 00:35:31 [] GET /health -> 0 (2562047h47m16.854775807s)
2026/04/13 00:35:31 [] GET /health
2026/04/13 00:35:31 [] GET /health -> 0 (2562047h47m16.854775807s)
2026/04/13 00:35:31 [] POST /memory/search
2026/04/13 00:35:31 [] POST /memory/search -> 0 (2562047h47m16.854775807s)
2026/04/13 00:36:01 [] GET /health
2026/04/13 00:36:01 [] GET /health -> 0 (2562047h47m16.854775807s)
2026/04/13 00:36:01 [] GET /health
2026/04/13 00:36:01 [] GET /health -> 0 (2562047h47m16.854775807s)
2026/04/13 00:36:01 [] POST /memory/search
2026/04/13 00:36:01 [] POST /memory/search -> 0 (2562047h47m16.854775807s)
2026/04/13 00:36:31 [] GET /health
2026/04/13 00:36:31 [] GET /health -> 0 (2562047h47m16.854775807s)
2026/04/13 00:36:31 [] GET /health
2026/04/13 00:36:31 [] GET /health -> 0 (2562047h47m16.854775807s)
2026/04/13 00:36:31 [] POST /memory/search
2026/04/13 00:36:31 [] POST /memory/search -> 0 (2562047h47m16.854775807s)
2026/04/13 00:37:01 [] GET /health
2026/04/13 00:37:01 [] GET /health -> 0 (2562047h47m16.854775807s)
2026/04/13 00:37:01 [] GET /health
2026/04/13 00:37:01 [] GET /health -> 0 (2562047h47m16.854775807s)
2026/04/13 00:37:01 [] POST /memory/search
2026/04/13 00:37:01 [] POST /memory/search -> 0 (2562047h47m16.854775807s)
2026/04/13 00:37:31 [] GET /health
2026/04/13 00:37:31 [] GET /health -> 0 (2562047h47m16.854775807s)
2026/04/13 00:37:31 [] GET /health
2026/04/13 00:37:31 [] GET /health -> 0 (2562047h47m16.854775807s)
2026/04/13 00:37:31 [] POST /memory/search
2026/04/13 00:37:31 [] POST /memory/search -> 0 (2562047h47m16.854775807s)
2026/04/13 00:38:01 [] GET /health
2026/04/13 00:38:01 [] GET /health -> 0 (2562047h47m16.854775807s)
2026/04/13 00:38:01 [] GET /health
2026/04/13 00:38:01 [] GET /health -> 0 (2562047h47m16.854775807s)
2026/04/13 00:38:01 [] POST /memory/search
2026/04/13 00:38:01 [] POST /memory/search -> 0 (2562047h47m16.854775807s)
2026/04/13 00:38:31 [] GET /health
2026/04/13 00:38:31 [] GET /health -> 0 (2562047h47m16.854775807s)
2026/04/13 00:38:31 [] GET /health
2026/04/13 00:38:31 [] GET /health -> 0 (2562047h47m16.854775807s)
2026/04/13 00:38:31 [] POST /memory/search
2026/04/13 00:38:31 [] POST /memory/search -> 0 (2562047h47m16.854775807s)
2026/04/13 00:39:01 [] GET /health
2026/04/13 00:39:01 [] GET /health -> 0 (2562047h47m16.854775807s)
2026/04/13 00:39:01 [] GET /health
2026/04/13 00:39:01 [] GET /health -> 0 (2562047h47m16.854775807s)
2026/04/13 00:39:01 [] POST /memory/search
2026/04/13 00:39:01 [] POST /memory/search -> 0 (2562047h47m16.854775807s)
2026/04/13 00:39:31 [] GET /health
2026/04/13 00:39:31 [] GET /health -> 0 (2562047h47m16.854775807s)
2026/04/13 00:39:31 [] GET /health
2026/04/13 00:39:31 [] GET /health -> 0 (2562047h47m16.854775807s)
2026/04/13 00:39:31 [] POST /memory/search
2026/04/13 00:39:31 [] POST /memory/search -> 0 (2562047h47m16.854775807s)
2026/04/13 00:40:01 [] GET /health
2026/04/13 00:40:01 [] GET /health -> 0 (2562047h47m16.854775807s)
2026/04/13 00:40:01 [] GET /health
2026/04/13 00:40:01 [] GET /health -> 0 (2562047h47m16.854775807s)
2026/04/13 00:40:02 [] POST /memory/search
2026/04/13 00:40:02 [] POST /memory/search -> 0 (2562047h47m16.854775807s)
2026/04/13 00:40:32 [] GET /health
2026/04/13 00:40:32 [] GET /health -> 0 (2562047h47m16.854775807s)
2026/04/13 00:40:32 [] GET /health
2026/04/13 00:40:32 [] GET /health -> 0 (2562047h47m16.854775807s)
2026/04/13 00:40:32 [] POST /memory/search
2026/04/13 00:40:32 [] POST /memory/search -> 0 (2562047h47m16.854775807s)
2026/04/13 00:41:02 [] GET /health
2026/04/13 00:41:02 [] GET /health -> 0 (2562047h47m16.854775807s)
2026/04/13 00:41:02 [] GET /health
2026/04/13 00:41:02 [] GET /health -> 0 (2562047h47m16.854775807s)
2026/04/13 00:41:02 [] POST /memory/search
2026/04/13 00:41:02 [] POST /memory/search -> 0 (2562047h47m16.854775807s)
2026/04/13 00:41:32 [] GET /health
2026/04/13 00:41:32 [] GET /health -> 0 (2562047h47m16.854775807s)
2026/04/13 00:41:32 [] GET /health
2026/04/13 00:41:32 [] GET /health -> 0 (2562047h47m16.854775807s)
2026/04/13 00:41:32 [] POST /memory/search
2026/04/13 00:41:32 [] POST /memory/search -> 0 (2562047h47m16.854775807s)
2026/04/13 00:42:02 [] GET /health
2026/04/13 00:42:02 [] GET /health -> 0 (2562047h47m16.854775807s)
2026/04/13 00:42:02 [] GET /health
2026/04/13 00:42:02 [] GET /health -> 0 (2562047h47m16.854775807s)
2026/04/13 00:42:02 [] POST /memory/search
2026/04/13 00:42:02 [] POST /memory/search -> 0 (2562047h47m16.854775807s)
2026/04/13 00:42:32 [] GET /health
2026/04/13 00:42:32 [] GET /health -> 0 (2562047h47m16.854775807s)
2026/04/13 00:42:32 [] GET /health
2026/04/13 00:42:32 [] GET /health -> 0 (2562047h47m16.854775807s)
2026/04/13 00:42:32 [] POST /memory/search
2026/04/13 00:42:32 [] POST /memory/search -> 0 (2562047h47m16.854775807s)
2026/04/13 00:43:02 [] GET /health
2026/04/13 00:43:02 [] GET /health -> 0 (2562047h47m16.854775807s)
2026/04/13 00:43:02 [] GET /health
2026/04/13 00:43:02 [] GET /health -> 0 (2562047h47m16.854775807s)
2026/04/13 00:43:02 [] POST /memory/search
2026/04/13 00:43:02 [] POST /memory/search -> 0 (2562047h47m16.854775807s)
2026/04/13 00:43:32 [] GET /health
2026/04/13 00:43:32 [] GET /health -> 0 (2562047h47m16.854775807s)
2026/04/13 00:43:32 [] GET /health
2026/04/13 00:43:32 [] GET /health -> 0 (2562047h47m16.854775807s)
2026/04/13 00:43:32 [] POST /memory/search
2026/04/13 00:43:32 [] POST /memory/search -> 0 (2562047h47m16.854775807s)
2026/04/13 00:44:02 [] GET /health
2026/04/13 00:44:02 [] GET /health -> 0 (2562047h47m16.854775807s)
2026/04/13 00:44:02 [] GET /health
2026/04/13 00:44:02 [] GET /health -> 0 (2562047h47m16.854775807s)
2026/04/13 00:44:02 [] POST /memory/search
2026/04/13 00:44:02 [] POST /memory/search -> 0 (2562047h47m16.854775807s)
2026/04/13 00:44:32 [] GET /health
2026/04/13 00:44:32 [] GET /health -> 0 (2562047h47m16.854775807s)
2026/04/13 00:44:32 [] GET /health
2026/04/13 00:44:32 [] GET /health -> 0 (2562047h47m16.854775807s)
2026/04/13 00:44:32 [] POST /memory/search
2026/04/13 00:44:32 [] POST /memory/search -> 0 (2562047h47m16.854775807s)
2026/04/13 00:45:02 [] GET /health
2026/04/13 00:45:02 [] GET /health -> 0 (2562047h47m16.854775807s)
2026/04/13 00:45:02 [] GET /health
2026/04/13 00:45:02 [] GET /health -> 0 (2562047h47m16.854775807s)
2026/04/13 00:45:02 [] POST /memory/search
2026/04/13 00:45:02 [] POST /memory/search -> 0 (2562047h47m16.854775807s)
2026/04/13 00:45:32 [] GET /health
2026/04/13 00:45:32 [] GET /health -> 0 (2562047h47m16.854775807s)
2026/04/13 00:45:32 [] GET /health
2026/04/13 00:45:32 [] GET /health -> 0 (2562047h47m16.854775807s)
2026/04/13 00:45:32 [] POST /memory/search
2026/04/13 00:45:32 [] POST /memory/search -> 0 (2562047h47m16.854775807s)
2026/04/13 00:46:02 [] GET /health
2026/04/13 00:46:02 [] GET /health -> 0 (2562047h47m16.854775807s)
2026/04/13 00:46:02 [] GET /health
2026/04/13 00:46:02 [] GET /health -> 0 (2562047h47m16.854775807s)
2026/04/13 00:46:02 [] POST /memory/search
2026/04/13 00:46:02 [] POST /memory/search -> 0 (2562047h47m16.854775807s)
2026/04/13 00:46:32 [] GET /health
2026/04/13 00:46:32 [] GET /health -> 0 (2562047h47m16.854775807s)
2026/04/13 00:46:32 [] GET /health
2026/04/13 00:46:32 [] GET /health -> 0 (2562047h47m16.854775807s)
2026/04/13 00:46:32 [] POST /memory/search
2026/04/13 00:46:32 [] POST /memory/search -> 0 (2562047h47m16.854775807s)
2026/04/13 00:47:02 [] GET /health
2026/04/13 00:47:02 [] GET /health -> 0 (2562047h47m16.854775807s)
2026/04/13 00:47:02 [] GET /health
2026/04/13 00:47:02 [] GET /health -> 0 (2562047h47m16.854775807s)
2026/04/13 00:47:02 [] POST /memory/search
2026/04/13 00:47:02 [] POST /memory/search -> 0 (2562047h47m16.854775807s)
2026/04/13 00:47:32 [] GET /health
2026/04/13 00:47:32 [] GET /health -> 0 (2562047h47m16.854775807s)
2026/04/13 00:47:32 [] GET /health
2026/04/13 00:47:32 [] GET /health -> 0 (2562047h47m16.854775807s)
2026/04/13 00:47:32 [] POST /memory/search
2026/04/13 00:47:32 [] POST /memory/search -> 0 (2562047h47m16.854775807s)
2026/04/13 00:48:03 [] GET /health
2026/04/13 00:48:03 [] GET /health -> 0 (2562047h47m16.854775807s)
2026/04/13 00:48:03 [] GET /health
2026/04/13 00:48:03 [] GET /health -> 0 (2562047h47m16.854775807s)
2026/04/13 00:48:03 [] POST /memory/search
2026/04/13 00:48:03 [] POST /memory/search -> 0 (2562047h47m16.854775807s)
2026/04/13 00:48:33 [] GET /health
2026/04/13 00:48:33 [] GET /health -> 0 (2562047h47m16.854775807s)
2026/04/13 00:48:33 [] GET /health
2026/04/13 00:48:33 [] GET /health -> 0 (2562047h47m16.854775807s)
2026/04/13 00:48:33 [] POST /memory/search
2026/04/13 00:48:33 [] POST /memory/search -> 0 (2562047h47m16.854775807s)
2026/04/13 00:49:03 [] GET /health
2026/04/13 00:49:03 [] GET /health -> 0 (2562047h47m16.854775807s)
2026/04/13 00:49:03 [] GET /health
2026/04/13 00:49:03 [] GET /health -> 0 (2562047h47m16.854775807s)
2026/04/13 00:49:03 [] POST /memory/search
2026/04/13 00:49:03 [] POST /memory/search -> 0 (2562047h47m16.854775807s)
2026/04/13 00:49:33 [] GET /health
2026/04/13 00:49:33 [] GET /health -> 0 (2562047h47m16.854775807s)
2026/04/13 00:49:33 [] GET /health
2026/04/13 00:49:33 [] GET /health -> 0 (2562047h47m16.854775807s)
2026/04/13 00:49:33 [] POST /memory/search
2026/04/13 00:49:33 [] POST /memory/search -> 0 (2562047h47m16.854775807s)
2026/04/13 00:50:03 [] GET /health
2026/04/13 00:50:03 [] GET /health -> 0 (2562047h47m16.854775807s)
2026/04/13 00:50:03 [] GET /health
2026/04/13 00:50:03 [] GET /health -> 0 (2562047h47m16.854775807s)
2026/04/13 00:50:03 [] POST /memory/search
2026/04/13 00:50:03 [] POST /memory/search -> 0 (2562047h47m16.854775807s)
2026/04/13 00:50:33 [] GET /health
2026/04/13 00:50:33 [] GET /health -> 0 (2562047h47m16.854775807s)
2026/04/13 00:50:33 [] GET /health
2026/04/13 00:50:33 [] GET /health -> 0 (2562047h47m16.854775807s)
2026/04/13 00:50:33 [] POST /memory/search
2026/04/13 00:50:33 [] POST /memory/search -> 0 (2562047h47m16.854775807s)
2026/04/13 00:51:03 [] GET /health
2026/04/13 00:51:03 [] GET /health -> 0 (2562047h47m16.854775807s)
2026/04/13 00:51:03 [] GET /health
2026/04/13 00:51:03 [] GET /health -> 0 (2562047h47m16.854775807s)
2026/04/13 00:51:03 [] POST /memory/search
2026/04/13 00:51:03 [] POST /memory/search -> 0 (2562047h47m16.854775807s)
2026/04/13 00:51:33 [] GET /health
2026/04/13 00:51:33 [] GET /health -> 0 (2562047h47m16.854775807s)
2026/04/13 00:51:33 [] GET /health
2026/04/13 00:51:33 [] GET /health -> 0 (2562047h47m16.854775807s)
2026/04/13 00:51:33 [] POST /memory/search
2026/04/13 00:51:33 [] POST /memory/search -> 0 (2562047h47m16.854775807s)
2026/04/13 00:52:03 [] GET /health
2026/04/13 00:52:03 [] GET /health -> 0 (2562047h47m16.854775807s)
2026/04/13 00:52:03 [] GET /health
2026/04/13 00:52:03 [] GET /health -> 0 (2562047h47m16.854775807s)
2026/04/13 00:52:03 [] POST /memory/search
2026/04/13 00:52:03 [] POST /memory/search -> 0 (2562047h47m16.854775807s)
2026/04/13 00:52:33 [] GET /health
2026/04/13 00:52:33 [] GET /health -> 0 (2562047h47m16.854775807s)
2026/04/13 00:52:33 [] GET /health
2026/04/13 00:52:33 [] GET /health -> 0 (2562047h47m16.854775807s)
2026/04/13 00:52:33 [] POST /memory/search
2026/04/13 00:52:33 [] POST /memory/search -> 0 (2562047h47m16.854775807s)
2026/04/13 00:53:03 [] GET /health
2026/04/13 00:53:03 [] GET /health -> 0 (2562047h47m16.854775807s)
2026/04/13 00:53:03 [] GET /health
2026/04/13 00:53:03 [] GET /health -> 0 (2562047h47m16.854775807s)
2026/04/13 00:53:03 [] POST /memory/search
2026/04/13 00:53:03 [] POST /memory/search -> 0 (2562047h47m16.854775807s)
2026/04/13 00:53:33 [] GET /health
2026/04/13 00:53:33 [] GET /health -> 0 (2562047h47m16.854775807s)
2026/04/13 00:53:33 [] GET /health
2026/04/13 00:53:33 [] GET /health -> 0 (2562047h47m16.854775807s)
2026/04/13 00:53:33 [] POST /memory/search
2026/04/13 00:53:33 [] POST /memory/search -> 0 (2562047h47m16.854775807s)
2026/04/13 00:54:03 [] GET /health
2026/04/13 00:54:03 [] GET /health -> 0 (2562047h47m16.854775807s)
2026/04/13 00:54:03 [] GET /health
2026/04/13 00:54:03 [] GET /health -> 0 (2562047h47m16.854775807s)
2026/04/13 00:54:03 [] POST /memory/search
2026/04/13 00:54:03 [] POST /memory/search -> 0 (2562047h47m16.854775807s)
2026/04/13 00:54:33 [] GET /health
2026/04/13 00:54:33 [] GET /health -> 0 (2562047h47m16.854775807s)
2026/04/13 00:54:33 [] GET /health
2026/04/13 00:54:33 [] GET /health -> 0 (2562047h47m16.854775807s)
2026/04/13 00:54:33 [] POST /memory/search
2026/04/13 00:54:33 [] POST /memory/search -> 0 (2562047h47m16.854775807s)
2026/04/13 00:55:03 [] GET /health
2026/04/13 00:55:03 [] GET /health -> 0 (2562047h47m16.854775807s)
2026/04/13 00:55:03 [] GET /health
2026/04/13 00:55:03 [] GET /health -> 0 (2562047h47m16.854775807s)
2026/04/13 00:55:03 [] POST /memory/search
2026/04/13 00:55:04 [] POST /memory/search -> 0 (2562047h47m16.854775807s)
2026/04/13 00:55:34 [] GET /health
2026/04/13 00:55:34 [] GET /health -> 0 (2562047h47m16.854775807s)
2026/04/13 00:55:34 [] GET /health
2026/04/13 00:55:34 [] GET /health -> 0 (2562047h47m16.854775807s)
2026/04/13 00:55:34 [] POST /memory/search
2026/04/13 00:55:34 [] POST /memory/search -> 0 (2562047h47m16.854775807s)
2026/04/13 00:56:04 [] GET /health
2026/04/13 00:56:04 [] GET /health -> 0 (2562047h47m16.854775807s)
2026/04/13 00:56:04 [] GET /health
2026/04/13 00:56:04 [] GET /health -> 0 (2562047h47m16.854775807s)
2026/04/13 00:56:04 [] POST /memory/search
2026/04/13 00:56:04 [] POST /memory/search -> 0 (2562047h47m16.854775807s)
2026/04/13 00:56:34 [] GET /health
2026/04/13 00:56:34 [] GET /health -> 0 (2562047h47m16.854775807s)
2026/04/13 00:56:34 [] GET /health
2026/04/13 00:56:34 [] GET /health -> 0 (2562047h47m16.854775807s)
2026/04/13 00:56:34 [] POST /memory/search
2026/04/13 00:56:34 [] POST /memory/search -> 0 (2562047h47m16.854775807s)
2026/04/13 00:57:04 [] GET /health
2026/04/13 00:57:04 [] GET /health -> 0 (2562047h47m16.854775807s)
2026/04/13 00:57:04 [] GET /health
2026/04/13 00:57:04 [] GET /health -> 0 (2562047h47m16.854775807s)
2026/04/13 00:57:04 [] POST /memory/search
2026/04/13 00:57:04 [] POST /memory/search -> 0 (2562047h47m16.854775807s)
2026/04/13 00:57:34 [] GET /health
2026/04/13 00:57:34 [] GET /health -> 0 (2562047h47m16.854775807s)
2026/04/13 00:57:34 [] GET /health
2026/04/13 00:57:34 [] GET /health -> 0 (2562047h47m16.854775807s)
2026/04/13 00:57:34 [] POST /memory/search
2026/04/13 00:57:34 [] POST /memory/search -> 0 (2562047h47m16.854775807s)
2026/04/13 00:58:04 [] GET /health
2026/04/13 00:58:04 [] GET /health -> 0 (2562047h47m16.854775807s)
2026/04/13 00:58:04 [] GET /health
2026/04/13 00:58:04 [] GET /health -> 0 (2562047h47m16.854775807s)
2026/04/13 00:58:04 [] POST /memory/search
2026/04/13 00:58:04 [] POST /memory/search -> 0 (2562047h47m16.854775807s)
2026/04/13 00:58:34 [] GET /health
2026/04/13 00:58:34 [] GET /health -> 0 (2562047h47m16.854775807s)
2026/04/13 00:58:34 [] GET /health
2026/04/13 00:58:34 [] GET /health -> 0 (2562047h47m16.854775807s)
2026/04/13 00:58:34 [] POST /memory/search
2026/04/13 00:58:34 [] POST /memory/search -> 0 (2562047h47m16.854775807s)
2026/04/13 00:59:04 [] GET /health
2026/04/13 00:59:04 [] GET /health -> 0 (2562047h47m16.854775807s)
2026/04/13 00:59:04 [] GET /health
2026/04/13 00:59:04 [] GET /health -> 0 (2562047h47m16.854775807s)
2026/04/13 00:59:04 [] POST /memory/search
2026/04/13 00:59:04 [] POST /memory/search -> 0 (2562047h47m16.854775807s)
2026/04/13 00:59:34 [] GET /health
2026/04/13 00:59:34 [] GET /health -> 0 (2562047h47m16.854775807s)
2026/04/13 00:59:34 [] GET /health
2026/04/13 00:59:34 [] GET /health -> 0 (2562047h47m16.854775807s)
2026/04/13 00:59:34 [] POST /memory/search
2026/04/13 00:59:34 [] POST /memory/search -> 0 (2562047h47m16.854775807s)
2026/04/13 01:00:04 [] GET /health
2026/04/13 01:00:04 [] GET /health -> 0 (2562047h47m16.854775807s)
2026/04/13 01:00:04 [] GET /health
2026/04/13 01:00:04 [] GET /health -> 0 (2562047h47m16.854775807s)
2026/04/13 01:00:04 [] POST /memory/search
2026/04/13 01:00:04 [] POST /memory/search -> 0 (2562047h47m16.854775807s)
2026/04/13 01:00:34 [] GET /health
2026/04/13 01:00:34 [] GET /health -> 0 (2562047h47m16.854775807s)
2026/04/13 01:00:34 [] GET /health
2026/04/13 01:00:34 [] GET /health -> 0 (2562047h47m16.854775807s)
2026/04/13 01:00:34 [] POST /memory/search
2026/04/13 01:00:34 [] POST /memory/search -> 0 (2562047h47m16.854775807s)
2026/04/13 01:01:04 [] GET /health
2026/04/13 01:01:04 [] GET /health -> 0 (2562047h47m16.854775807s)
2026/04/13 01:01:04 [] GET /health
2026/04/13 01:01:04 [] GET /health -> 0 (2562047h47m16.854775807s)
2026/04/13 01:01:04 [] POST /memory/search
2026/04/13 01:01:04 [] POST /memory/search -> 0 (2562047h47m16.854775807s)
2026/04/13 01:01:34 [] GET /health
2026/04/13 01:01:34 [] GET /health -> 0 (2562047h47m16.854775807s)
2026/04/13 01:01:34 [] GET /health
2026/04/13 01:01:34 [] GET /health -> 0 (2562047h47m16.854775807s)
2026/04/13 01:01:34 [] POST /memory/search
2026/04/13 01:01:34 [] POST /memory/search -> 0 (2562047h47m16.854775807s)
2026/04/13 01:02:04 [] GET /health
2026/04/13 01:02:04 [] GET /health -> 0 (2562047h47m16.854775807s)
2026/04/13 01:02:04 [] GET /health
2026/04/13 01:02:04 [] GET /health -> 0 (2562047h47m16.854775807s)
2026/04/13 01:02:05 [] POST /memory/search
2026/04/13 01:02:05 [] POST /memory/search -> 0 (2562047h47m16.854775807s)
2026/04/13 01:02:35 [] GET /health
2026/04/13 01:02:35 [] GET /health -> 0 (2562047h47m16.854775807s)
2026/04/13 01:02:35 [] GET /health
2026/04/13 01:02:35 [] GET /health -> 0 (2562047h47m16.854775807s)
2026/04/13 01:02:35 [] POST /memory/search
2026/04/13 01:02:35 [] POST /memory/search -> 0 (2562047h47m16.854775807s)
2026/04/13 01:03:05 [] GET /health
2026/04/13 01:03:05 [] GET /health -> 0 (2562047h47m16.854775807s)
2026/04/13 01:03:05 [] GET /health
2026/04/13 01:03:05 [] GET /health -> 0 (2562047h47m16.854775807s)
2026/04/13 01:03:05 [] POST /memory/search
2026/04/13 01:03:05 [] POST /memory/search -> 0 (2562047h47m16.854775807s)
2026/04/13 01:03:35 [] GET /health
2026/04/13 01:03:35 [] GET /health -> 0 (2562047h47m16.854775807s)
2026/04/13 01:03:35 [] GET /health
2026/04/13 01:03:35 [] GET /health -> 0 (2562047h47m16.854775807s)
2026/04/13 01:03:35 [] POST /memory/search
2026/04/13 01:03:35 [] POST /memory/search -> 0 (2562047h47m16.854775807s)
2026/04/13 01:04:05 [] GET /health
2026/04/13 01:04:05 [] GET /health -> 0 (2562047h47m16.854775807s)
2026/04/13 01:04:05 [] GET /health
2026/04/13 01:04:05 [] GET /health -> 0 (2562047h47m16.854775807s)
2026/04/13 01:04:05 [] POST /memory/search
2026/04/13 01:04:05 [] POST /memory/search -> 0 (2562047h47m16.854775807s)
2026/04/13 01:04:35 [] GET /health
2026/04/13 01:04:35 [] GET /health -> 0 (2562047h47m16.854775807s)
2026/04/13 01:04:35 [] GET /health
2026/04/13 01:04:35 [] GET /health -> 0 (2562047h47m16.854775807s)
2026/04/13 01:04:35 [] POST /memory/search
2026/04/13 01:04:35 [] POST /memory/search -> 0 (2562047h47m16.854775807s)
2026/04/13 01:05:05 [] GET /health
2026/04/13 01:05:05 [] GET /health -> 0 (2562047h47m16.854775807s)
2026/04/13 01:05:05 [] GET /health
2026/04/13 01:05:05 [] GET /health -> 0 (2562047h47m16.854775807s)
2026/04/13 01:05:05 [] POST /memory/search
2026/04/13 01:05:05 [] POST /memory/search -> 0 (2562047h47m16.854775807s)
2026/04/13 01:05:35 [] GET /health
2026/04/13 01:05:35 [] GET /health -> 0 (2562047h47m16.854775807s)
2026/04/13 01:05:35 [] GET /health
2026/04/13 01:05:35 [] GET /health -> 0 (2562047h47m16.854775807s)
2026/04/13 01:05:35 [] POST /memory/search
2026/04/13 01:05:35 [] POST /memory/search -> 0 (2562047h47m16.854775807s)
2026/04/13 01:06:05 [] GET /health
2026/04/13 01:06:05 [] GET /health -> 0 (2562047h47m16.854775807s)
2026/04/13 01:06:05 [] GET /health
2026/04/13 01:06:05 [] GET /health -> 0 (2562047h47m16.854775807s)
2026/04/13 01:06:05 [] POST /memory/search
2026/04/13 01:06:05 [] POST /memory/search -> 0 (2562047h47m16.854775807s)
2026/04/13 01:06:35 [] GET /health
2026/04/13 01:06:35 [] GET /health -> 0 (2562047h47m16.854775807s)
2026/04/13 01:06:35 [] GET /health
2026/04/13 01:06:35 [] GET /health -> 0 (2562047h47m16.854775807s)
2026/04/13 01:06:35 [] POST /memory/search
2026/04/13 01:06:35 [] POST /memory/search -> 0 (2562047h47m16.854775807s)
2026/04/13 01:07:05 [] GET /health
2026/04/13 01:07:05 [] GET /health -> 0 (2562047h47m16.854775807s)
2026/04/13 01:07:05 [] GET /health
2026/04/13 01:07:05 [] GET /health -> 0 (2562047h47m16.854775807s)
2026/04/13 01:07:05 [] POST /memory/search
2026/04/13 01:07:05 [] POST /memory/search -> 0 (2562047h47m16.854775807s)
2026/04/13 01:07:35 [] GET /health
2026/04/13 01:07:35 [] GET /health -> 0 (2562047h47m16.854775807s)
2026/04/13 01:07:35 [] GET /health
2026/04/13 01:07:35 [] GET /health -> 0 (2562047h47m16.854775807s)
2026/04/13 01:07:35 [] POST /memory/search
2026/04/13 01:07:35 [] POST /memory/search -> 0 (2562047h47m16.854775807s)
2026/04/13 01:08:05 [] GET /health
2026/04/13 01:08:05 [] GET /health -> 0 (2562047h47m16.854775807s)
2026/04/13 01:08:05 [] GET /health
2026/04/13 01:08:05 [] GET /health -> 0 (2562047h47m16.854775807s)
2026/04/13 01:08:05 [] POST /memory/search
2026/04/13 01:08:05 [] POST /memory/search -> 0 (2562047h47m16.854775807s)
2026/04/13 01:08:35 [] GET /health
2026/04/13 01:08:35 [] GET /health -> 0 (2562047h47m16.854775807s)
2026/04/13 01:08:35 [] GET /health
2026/04/13 01:08:35 [] GET /health -> 0 (2562047h47m16.854775807s)
2026/04/13 01:08:35 [] POST /memory/search
2026/04/13 01:08:35 [] POST /memory/search -> 0 (2562047h47m16.854775807s)
2026/04/13 01:09:05 [] GET /health
2026/04/13 01:09:05 [] GET /health -> 0 (2562047h47m16.854775807s)
2026/04/13 01:09:05 [] GET /health
2026/04/13 01:09:05 [] GET /health -> 0 (2562047h47m16.854775807s)
2026/04/13 01:09:05 [] POST /memory/search
2026/04/13 01:09:05 [] POST /memory/search -> 0 (2562047h47m16.854775807s)
2026/04/13 01:09:36 [] GET /health
2026/04/13 01:09:36 [] GET /health -> 0 (2562047h47m16.854775807s)
2026/04/13 01:09:36 [] GET /health
2026/04/13 01:09:36 [] GET /health -> 0 (2562047h47m16.854775807s)
2026/04/13 01:09:36 [] POST /memory/search
2026/04/13 01:09:36 [] POST /memory/search -> 0 (2562047h47m16.854775807s)
2026/04/13 01:10:06 [] GET /health
2026/04/13 01:10:06 [] GET /health -> 0 (2562047h47m16.854775807s)
2026/04/13 01:10:06 [] GET /health
2026/04/13 01:10:06 [] GET /health -> 0 (2562047h47m16.854775807s)
2026/04/13 01:10:06 [] POST /memory/search
2026/04/13 01:10:06 [] POST /memory/search -> 0 (2562047h47m16.854775807s)
2026/04/13 01:10:36 [] GET /health
2026/04/13 01:10:36 [] GET /health -> 0 (2562047h47m16.854775807s)
2026/04/13 01:10:36 [] GET /health
2026/04/13 01:10:36 [] GET /health -> 0 (2562047h47m16.854775807s)
2026/04/13 01:10:36 [] POST /memory/search
2026/04/13 01:10:36 [] POST /memory/search -> 0 (2562047h47m16.854775807s)
2026/04/13 01:11:06 [] GET /health
2026/04/13 01:11:06 [] GET /health -> 0 (2562047h47m16.854775807s)
2026/04/13 01:11:06 [] GET /health
2026/04/13 01:11:06 [] GET /health -> 0 (2562047h47m16.854775807s)
2026/04/13 01:11:06 [] POST /memory/search
2026/04/13 01:11:06 [] POST /memory/search -> 0 (2562047h47m16.854775807s)
2026/04/13 01:11:36 [] GET /health
2026/04/13 01:11:36 [] GET /health -> 0 (2562047h47m16.854775807s)
2026/04/13 01:11:36 [] GET /health
2026/04/13 01:11:36 [] GET /health -> 0 (2562047h47m16.854775807s)
2026/04/13 01:11:36 [] POST /memory/search
2026/04/13 01:11:36 [] POST /memory/search -> 0 (2562047h47m16.854775807s)
2026/04/13 01:12:06 [] GET /health
2026/04/13 01:12:06 [] GET /health -> 0 (2562047h47m16.854775807s)
2026/04/13 01:12:06 [] GET /health
2026/04/13 01:12:06 [] GET /health -> 0 (2562047h47m16.854775807s)
2026/04/13 01:12:06 [] POST /memory/search
2026/04/13 01:12:06 [] POST /memory/search -> 0 (2562047h47m16.854775807s)
2026/04/13 01:12:36 [] GET /health
2026/04/13 01:12:36 [] GET /health -> 0 (2562047h47m16.854775807s)
2026/04/13 01:12:36 [] GET /health
2026/04/13 01:12:36 [] GET /health -> 0 (2562047h47m16.854775807s)
2026/04/13 01:12:36 [] POST /memory/search
2026/04/13 01:12:36 [] POST /memory/search -> 0 (2562047h47m16.854775807s)
2026/04/13 01:13:06 [] GET /health
2026/04/13 01:13:06 [] GET /health -> 0 (2562047h47m16.854775807s)
2026/04/13 01:13:06 [] GET /health
2026/04/13 01:13:06 [] GET /health -> 0 (2562047h47m16.854775807s)
2026/04/13 01:13:06 [] POST /memory/search
2026/04/13 01:13:06 [] POST /memory/search -> 0 (2562047h47m16.854775807s)
2026/04/13 01:13:36 [] GET /health
2026/04/13 01:13:36 [] GET /health -> 0 (2562047h47m16.854775807s)
2026/04/13 01:13:36 [] GET /health
2026/04/13 01:13:36 [] GET /health -> 0 (2562047h47m16.854775807s)
2026/04/13 01:13:36 [] POST /memory/search
2026/04/13 01:13:36 [] POST /memory/search -> 0 (2562047h47m16.854775807s)
2026/04/13 01:14:06 [] GET /health
2026/04/13 01:14:06 [] GET /health -> 0 (2562047h47m16.854775807s)
2026/04/13 01:14:06 [] GET /health
2026/04/13 01:14:06 [] GET /health -> 0 (2562047h47m16.854775807s)
2026/04/13 01:14:06 [] POST /memory/search
2026/04/13 01:14:06 [] POST /memory/search -> 0 (2562047h47m16.854775807s)
2026/04/13 01:14:36 [] GET /health
2026/04/13 01:14:36 [] GET /health -> 0 (2562047h47m16.854775807s)
2026/04/13 01:14:36 [] GET /health
2026/04/13 01:14:36 [] GET /health -> 0 (2562047h47m16.854775807s)
2026/04/13 01:14:36 [] POST /memory/search
2026/04/13 01:14:36 [] POST /memory/search -> 0 (2562047h47m16.854775807s)
2026/04/13 01:15:06 [] GET /health
2026/04/13 01:15:06 [] GET /health -> 0 (2562047h47m16.854775807s)
2026/04/13 01:15:06 [] GET /health
2026/04/13 01:15:06 [] GET /health -> 0 (2562047h47m16.854775807s)
2026/04/13 01:15:06 [] POST /memory/search
2026/04/13 01:15:06 [] POST /memory/search -> 0 (2562047h47m16.854775807s)
2026/04/13 01:15:36 [] GET /health
2026/04/13 01:15:36 [] GET /health -> 0 (2562047h47m16.854775807s)
2026/04/13 01:15:36 [] GET /health
2026/04/13 01:15:36 [] GET /health -> 0 (2562047h47m16.854775807s)
2026/04/13 01:15:36 [] POST /memory/search
2026/04/13 01:15:36 [] POST /memory/search -> 0 (2562047h47m16.854775807s)
2026/04/13 01:16:06 [] GET /health
2026/04/13 01:16:06 [] GET /health -> 0 (2562047h47m16.854775807s)
2026/04/13 01:16:06 [] GET /health
2026/04/13 01:16:06 [] GET /health -> 0 (2562047h47m16.854775807s)
2026/04/13 01:16:06 [] POST /memory/search
2026/04/13 01:16:06 [] POST /memory/search -> 0 (2562047h47m16.854775807s)
2026/04/13 01:16:36 [] GET /health
2026/04/13 01:16:36 [] GET /health -> 0 (2562047h47m16.854775807s)
2026/04/13 01:16:36 [] GET /health
2026/04/13 01:16:36 [] GET /health -> 0 (2562047h47m16.854775807s)
2026/04/13 01:16:36 [] POST /memory/search
2026/04/13 01:16:36 [] POST /memory/search -> 0 (2562047h47m16.854775807s)
2026/04/13 01:17:07 [] GET /health
2026/04/13 01:17:07 [] GET /health -> 0 (2562047h47m16.854775807s)
2026/04/13 01:17:07 [] GET /health
2026/04/13 01:17:07 [] GET /health -> 0 (2562047h47m16.854775807s)
2026/04/13 01:17:07 [] POST /memory/search
2026/04/13 01:17:07 [] POST /memory/search -> 0 (2562047h47m16.854775807s)
2026/04/13 01:17:37 [] GET /health
2026/04/13 01:17:37 [] GET /health -> 0 (2562047h47m16.854775807s)
2026/04/13 01:17:37 [] GET /health
2026/04/13 01:17:37 [] GET /health -> 0 (2562047h47m16.854775807s)
2026/04/13 01:17:37 [] POST /memory/search
2026/04/13 01:17:37 [] POST /memory/search -> 0 (2562047h47m16.854775807s)
2026/04/13 01:18:07 [] GET /health
2026/04/13 01:18:07 [] GET /health -> 0 (2562047h47m16.854775807s)
2026/04/13 01:18:07 [] GET /health
2026/04/13 01:18:07 [] GET /health -> 0 (2562047h47m16.854775807s)
2026/04/13 01:18:07 [] POST /memory/search
2026/04/13 01:18:07 [] POST /memory/search -> 0 (2562047h47m16.854775807s)
2026/04/13 01:18:37 [] GET /health
2026/04/13 01:18:37 [] GET /health -> 0 (2562047h47m16.854775807s)
2026/04/13 01:18:37 [] GET /health
2026/04/13 01:18:37 [] GET /health -> 0 (2562047h47m16.854775807s)
2026/04/13 01:18:37 [] POST /memory/search
2026/04/13 01:18:37 [] POST /memory/search -> 0 (2562047h47m16.854775807s)
2026/04/13 01:19:07 [] GET /health
2026/04/13 01:19:07 [] GET /health -> 0 (2562047h47m16.854775807s)
2026/04/13 01:19:07 [] GET /health
2026/04/13 01:19:07 [] GET /health -> 0 (2562047h47m16.854775807s)
2026/04/13 01:19:07 [] POST /memory/search
2026/04/13 01:19:07 [] POST /memory/search -> 0 (2562047h47m16.854775807s)
2026/04/13 01:19:37 [] GET /health
2026/04/13 01:19:37 [] GET /health -> 0 (2562047h47m16.854775807s)
2026/04/13 01:19:37 [] GET /health
2026/04/13 01:19:37 [] GET /health -> 0 (2562047h47m16.854775807s)
2026/04/13 01:19:37 [] POST /memory/search
2026/04/13 01:19:37 [] POST /memory/search -> 0 (2562047h47m16.854775807s)
2026/04/13 01:20:07 [] GET /health
2026/04/13 01:20:07 [] GET /health -> 0 (2562047h47m16.854775807s)
2026/04/13 01:20:07 [] GET /health
2026/04/13 01:20:07 [] GET /health -> 0 (2562047h47m16.854775807s)
2026/04/13 01:20:07 [] POST /memory/search
2026/04/13 01:20:07 [] POST /memory/search -> 0 (2562047h47m16.854775807s)
2026/04/13 01:20:37 [] GET /health
2026/04/13 01:20:37 [] GET /health -> 0 (2562047h47m16.854775807s)
2026/04/13 01:20:37 [] GET /health
2026/04/13 01:20:37 [] GET /health -> 0 (2562047h47m16.854775807s)
2026/04/13 01:20:37 [] POST /memory/search
2026/04/13 01:20:37 [] POST /memory/search -> 0 (2562047h47m16.854775807s)
2026/04/13 01:21:07 [] GET /health
2026/04/13 01:21:07 [] GET /health -> 0 (2562047h47m16.854775807s)
2026/04/13 01:21:07 [] GET /health
2026/04/13 01:21:07 [] GET /health -> 0 (2562047h47m16.854775807s)
2026/04/13 01:21:07 [] POST /memory/search
2026/04/13 01:21:07 [] POST /memory/search -> 0 (2562047h47m16.854775807s)
2026/04/13 01:21:37 [] GET /health
2026/04/13 01:21:37 [] GET /health -> 0 (2562047h47m16.854775807s)
2026/04/13 01:21:37 [] GET /health
2026/04/13 01:21:37 [] GET /health -> 0 (2562047h47m16.854775807s)
2026/04/13 01:21:37 [] POST /memory/search
2026/04/13 01:21:37 [] POST /memory/search -> 0 (2562047h47m16.854775807s)
2026/04/13 01:22:07 [] GET /health
2026/04/13 01:22:07 [] GET /health -> 0 (2562047h47m16.854775807s)
2026/04/13 01:22:07 [] GET /health
2026/04/13 01:22:07 [] GET /health -> 0 (2562047h47m16.854775807s)
2026/04/13 01:22:07 [] POST /memory/search
2026/04/13 01:22:07 [] POST /memory/search -> 0 (2562047h47m16.854775807s)
2026/04/13 01:22:37 [] GET /health
2026/04/13 01:22:37 [] GET /health -> 0 (2562047h47m16.854775807s)
2026/04/13 01:22:37 [] GET /health
2026/04/13 01:22:37 [] GET /health -> 0 (2562047h47m16.854775807s)
2026/04/13 01:22:37 [] POST /memory/search
2026/04/13 01:22:37 [] POST /memory/search -> 0 (2562047h47m16.854775807s)
2026/04/13 01:23:07 [] GET /health
2026/04/13 01:23:07 [] GET /health -> 0 (2562047h47m16.854775807s)
2026/04/13 01:23:07 [] GET /health
2026/04/13 01:23:07 [] GET /health -> 0 (2562047h47m16.854775807s)
2026/04/13 01:23:07 [] POST /memory/search
2026/04/13 01:23:07 [] POST /memory/search -> 0 (2562047h47m16.854775807s)
2026/04/13 01:23:37 [] GET /health
2026/04/13 01:23:37 [] GET /health -> 0 (2562047h47m16.854775807s)
2026/04/13 01:23:37 [] GET /health
2026/04/13 01:23:37 [] GET /health -> 0 (2562047h47m16.854775807s)
2026/04/13 01:23:37 [] POST /memory/search
2026/04/13 01:23:37 [] POST /memory/search -> 0 (2562047h47m16.854775807s)
2026/04/13 01:24:08 [] GET /health
2026/04/13 01:24:08 [] GET /health -> 0 (2562047h47m16.854775807s)
2026/04/13 01:24:08 [] GET /health
2026/04/13 01:24:08 [] GET /health -> 0 (2562047h47m16.854775807s)
2026/04/13 01:24:08 [] POST /memory/search
2026/04/13 01:24:08 [] POST /memory/search -> 0 (2562047h47m16.854775807s)
2026/04/13 01:24:38 [] GET /health
2026/04/13 01:24:38 [] GET /health -> 0 (2562047h47m16.854775807s)
2026/04/13 01:24:38 [] GET /health
2026/04/13 01:24:38 [] GET /health -> 0 (2562047h47m16.854775807s)
2026/04/13 01:24:38 [] POST /memory/search
2026/04/13 01:24:38 [] POST /memory/search -> 0 (2562047h47m16.854775807s)
2026/04/13 01:25:08 [] GET /health
2026/04/13 01:25:08 [] GET /health -> 0 (2562047h47m16.854775807s)
2026/04/13 01:25:08 [] GET /health
2026/04/13 01:25:08 [] GET /health -> 0 (2562047h47m16.854775807s)
2026/04/13 01:25:08 [] POST /memory/search
2026/04/13 01:25:08 [] POST /memory/search -> 0 (2562047h47m16.854775807s)
2026/04/13 01:25:38 [] GET /health
2026/04/13 01:25:38 [] GET /health -> 0 (2562047h47m16.854775807s)
2026/04/13 01:25:38 [] GET /health
2026/04/13 01:25:38 [] GET /health -> 0 (2562047h47m16.854775807s)
2026/04/13 01:25:38 [] POST /memory/search
2026/04/13 01:25:38 [] POST /memory/search -> 0 (2562047h47m16.854775807s)
2026/04/13 01:26:08 [] GET /health
2026/04/13 01:26:08 [] GET /health -> 0 (2562047h47m16.854775807s)
2026/04/13 01:26:08 [] GET /health
2026/04/13 01:26:08 [] GET /health -> 0 (2562047h47m16.854775807s)
2026/04/13 01:26:08 [] POST /memory/search
2026/04/13 01:26:08 [] POST /memory/search -> 0 (2562047h47m16.854775807s)
2026/04/13 01:26:38 [] GET /health
2026/04/13 01:26:38 [] GET /health -> 0 (2562047h47m16.854775807s)
2026/04/13 01:26:38 [] GET /health
2026/04/13 01:26:38 [] GET /health -> 0 (2562047h47m16.854775807s)
2026/04/13 01:26:38 [] POST /memory/search
2026/04/13 01:26:38 [] POST /memory/search -> 0 (2562047h47m16.854775807s)
2026/04/13 01:27:08 [] GET /health
2026/04/13 01:27:08 [] GET /health -> 0 (2562047h47m16.854775807s)
2026/04/13 01:27:08 [] GET /health
2026/04/13 01:27:08 [] GET /health -> 0 (2562047h47m16.854775807s)
2026/04/13 01:27:08 [] POST /memory/search
2026/04/13 01:27:08 [] POST /memory/search -> 0 (2562047h47m16.854775807s)
2026/04/13 01:27:38 [] GET /health
2026/04/13 01:27:38 [] GET /health -> 0 (2562047h47m16.854775807s)
2026/04/13 01:27:38 [] GET /health
2026/04/13 01:27:38 [] GET /health -> 0 (2562047h47m16.854775807s)
2026/04/13 01:27:38 [] POST /memory/search
2026/04/13 01:27:38 [] POST /memory/search -> 0 (2562047h47m16.854775807s)
2026/04/13 01:28:08 [] GET /health
2026/04/13 01:28:08 [] GET /health -> 0 (2562047h47m16.854775807s)
2026/04/13 01:28:08 [] GET /health
2026/04/13 01:28:08 [] GET /health -> 0 (2562047h47m16.854775807s)
2026/04/13 01:28:08 [] POST /memory/search
2026/04/13 01:28:08 [] POST /memory/search -> 0 (2562047h47m16.854775807s)
2026/04/13 01:28:38 [] GET /health
2026/04/13 01:28:38 [] GET /health -> 0 (2562047h47m16.854775807s)
2026/04/13 01:28:38 [] GET /health
2026/04/13 01:28:38 [] GET /health -> 0 (2562047h47m16.854775807s)
2026/04/13 01:28:38 [] POST /memory/search
2026/04/13 01:28:38 [] POST /memory/search -> 0 (2562047h47m16.854775807s)
2026/04/13 01:29:08 [] GET /health
2026/04/13 01:29:08 [] GET /health -> 0 (2562047h47m16.854775807s)
2026/04/13 01:29:08 [] GET /health
2026/04/13 01:29:08 [] GET /health -> 0 (2562047h47m16.854775807s)
2026/04/13 01:29:08 [] POST /memory/search
2026/04/13 01:29:08 [] POST /memory/search -> 0 (2562047h47m16.854775807s)
2026/04/13 01:29:38 [] GET /health
2026/04/13 01:29:38 [] GET /health -> 0 (2562047h47m16.854775807s)
2026/04/13 01:29:38 [] GET /health
2026/04/13 01:29:38 [] GET /health -> 0 (2562047h47m16.854775807s)
2026/04/13 01:29:38 [] POST /memory/search
2026/04/13 01:29:38 [] POST /memory/search -> 0 (2562047h47m16.854775807s)
2026/04/13 01:30:08 [] GET /health
2026/04/13 01:30:08 [] GET /health -> 0 (2562047h47m16.854775807s)
2026/04/13 01:30:08 [] GET /health
2026/04/13 01:30:08 [] GET /health -> 0 (2562047h47m16.854775807s)
2026/04/13 01:30:08 [] POST /memory/search
2026/04/13 01:30:09 [] POST /memory/search -> 0 (2562047h47m16.854775807s)
2026/04/13 01:30:39 [] GET /health
2026/04/13 01:30:39 [] GET /health -> 0 (2562047h47m16.854775807s)
2026/04/13 01:30:39 [] GET /health
2026/04/13 01:30:39 [] GET /health -> 0 (2562047h47m16.854775807s)
2026/04/13 01:30:39 [] POST /memory/search
2026/04/13 01:30:39 [] POST /memory/search -> 0 (2562047h47m16.854775807s)
2026/04/13 01:31:09 [] GET /health
2026/04/13 01:31:09 [] GET /health -> 0 (2562047h47m16.854775807s)
2026/04/13 01:31:09 [] GET /health
2026/04/13 01:31:09 [] GET /health -> 0 (2562047h47m16.854775807s)
2026/04/13 01:31:09 [] POST /memory/search
2026/04/13 01:31:09 [] POST /memory/search -> 0 (2562047h47m16.854775807s)
2026/04/13 01:31:39 [] GET /health
2026/04/13 01:31:39 [] GET /health -> 0 (2562047h47m16.854775807s)
2026/04/13 01:31:39 [] GET /health
2026/04/13 01:31:39 [] GET /health -> 0 (2562047h47m16.854775807s)
2026/04/13 01:31:39 [] POST /memory/search
2026/04/13 01:31:39 [] POST /memory/search -> 0 (2562047h47m16.854775807s)
2026/04/13 01:32:09 [] GET /health
2026/04/13 01:32:09 [] GET /health -> 0 (2562047h47m16.854775807s)
2026/04/13 01:32:09 [] GET /health
2026/04/13 01:32:09 [] GET /health -> 0 (2562047h47m16.854775807s)
2026/04/13 01:32:09 [] POST /memory/search
2026/04/13 01:32:09 [] POST /memory/search -> 0 (2562047h47m16.854775807s)
2026/04/13 01:32:39 [] GET /health
2026/04/13 01:32:39 [] GET /health -> 0 (2562047h47m16.854775807s)
2026/04/13 01:32:39 [] GET /health
2026/04/13 01:32:39 [] GET /health -> 0 (2562047h47m16.854775807s)
2026/04/13 01:32:39 [] POST /memory/search
2026/04/13 01:32:39 [] POST /memory/search -> 0 (2562047h47m16.854775807s)
2026/04/13 01:33:09 [] GET /health
2026/04/13 01:33:09 [] GET /health -> 0 (2562047h47m16.854775807s)
2026/04/13 01:33:09 [] GET /health
2026/04/13 01:33:09 [] GET /health -> 0 (2562047h47m16.854775807s)
2026/04/13 01:33:09 [] POST /memory/search
2026/04/13 01:33:09 [] POST /memory/search -> 0 (2562047h47m16.854775807s)
2026/04/13 01:33:39 [] GET /health
2026/04/13 01:33:39 [] GET /health -> 0 (2562047h47m16.854775807s)
2026/04/13 01:33:39 [] GET /health
2026/04/13 01:33:39 [] GET /health -> 0 (2562047h47m16.854775807s)
2026/04/13 01:33:39 [] POST /memory/search
2026/04/13 01:33:39 [] POST /memory/search -> 0 (2562047h47m16.854775807s)
2026/04/13 01:34:09 [] GET /health
2026/04/13 01:34:09 [] GET /health -> 0 (2562047h47m16.854775807s)
2026/04/13 01:34:09 [] GET /health
2026/04/13 01:34:09 [] GET /health -> 0 (2562047h47m16.854775807s)
2026/04/13 01:34:09 [] POST /memory/search
2026/04/13 01:34:09 [] POST /memory/search -> 0 (2562047h47m16.854775807s)
2026/04/13 01:34:39 [] GET /health
2026/04/13 01:34:39 [] GET /health -> 0 (2562047h47m16.854775807s)
2026/04/13 01:34:39 [] GET /health
2026/04/13 01:34:39 [] GET /health -> 0 (2562047h47m16.854775807s)
2026/04/13 01:34:39 [] POST /memory/search
2026/04/13 01:34:39 [] POST /memory/search -> 0 (2562047h47m16.854775807s)
2026/04/13 01:35:09 [] GET /health
2026/04/13 01:35:09 [] GET /health -> 0 (2562047h47m16.854775807s)
2026/04/13 01:35:09 [] GET /health
2026/04/13 01:35:09 [] GET /health -> 0 (2562047h47m16.854775807s)
2026/04/13 01:35:09 [] POST /memory/search
2026/04/13 01:35:09 [] POST /memory/search -> 0 (2562047h47m16.854775807s)
2026/04/13 01:35:39 [] GET /health
2026/04/13 01:35:39 [] GET /health -> 0 (2562047h47m16.854775807s)
2026/04/13 01:35:39 [] GET /health
2026/04/13 01:35:39 [] GET /health -> 0 (2562047h47m16.854775807s)
2026/04/13 01:35:39 [] POST /memory/search
2026/04/13 01:35:39 [] POST /memory/search -> 0 (2562047h47m16.854775807s)
2026/04/13 01:36:09 [] GET /health
2026/04/13 01:36:09 [] GET /health -> 0 (2562047h47m16.854775807s)
2026/04/13 01:36:09 [] GET /health
2026/04/13 01:36:09 [] GET /health -> 0 (2562047h47m16.854775807s)
2026/04/13 01:36:09 [] POST /memory/search
2026/04/13 01:36:09 [] POST /memory/search -> 0 (2562047h47m16.854775807s)
2026/04/13 01:36:40 [] GET /health
2026/04/13 01:36:40 [] GET /health -> 0 (2562047h47m16.854775807s)
2026/04/13 01:36:40 [] GET /health
2026/04/13 01:36:40 [] GET /health -> 0 (2562047h47m16.854775807s)
2026/04/13 01:36:40 [] POST /memory/search
2026/04/13 01:36:40 [] POST /memory/search -> 0 (2562047h47m16.854775807s)
2026/04/13 01:37:10 [] GET /health
2026/04/13 01:37:10 [] GET /health -> 0 (2562047h47m16.854775807s)
2026/04/13 01:37:10 [] GET /health
2026/04/13 01:37:10 [] GET /health -> 0 (2562047h47m16.854775807s)
2026/04/13 01:37:10 [] POST /memory/search
2026/04/13 01:37:10 [] POST /memory/search -> 0 (2562047h47m16.854775807s)
2026/04/13 01:37:40 [] GET /health
2026/04/13 01:37:40 [] GET /health -> 0 (2562047h47m16.854775807s)
2026/04/13 01:37:40 [] GET /health
2026/04/13 01:37:40 [] GET /health -> 0 (2562047h47m16.854775807s)
2026/04/13 01:37:40 [] POST /memory/search
2026/04/13 01:37:40 [] POST /memory/search -> 0 (2562047h47m16.854775807s)
2026/04/13 01:38:10 [] GET /health
2026/04/13 01:38:10 [] GET /health -> 0 (2562047h47m16.854775807s)
2026/04/13 01:38:10 [] GET /health
2026/04/13 01:38:10 [] GET /health -> 0 (2562047h47m16.854775807s)
2026/04/13 01:38:10 [] POST /memory/search
2026/04/13 01:38:10 [] POST /memory/search -> 0 (2562047h47m16.854775807s)
2026/04/13 01:38:40 [] GET /health
2026/04/13 01:38:40 [] GET /health -> 0 (2562047h47m16.854775807s)
2026/04/13 01:38:40 [] GET /health
2026/04/13 01:38:40 [] GET /health -> 0 (2562047h47m16.854775807s)
2026/04/13 01:38:40 [] POST /memory/search
2026/04/13 01:38:40 [] POST /memory/search -> 0 (2562047h47m16.854775807s)
2026/04/13 01:39:10 [] GET /health
2026/04/13 01:39:10 [] GET /health -> 0 (2562047h47m16.854775807s)
2026/04/13 01:39:10 [] GET /health
2026/04/13 01:39:10 [] GET /health -> 0 (2562047h47m16.854775807s)
2026/04/13 01:39:10 [] POST /memory/search
2026/04/13 01:39:10 [] POST /memory/search -> 0 (2562047h47m16.854775807s)
2026/04/13 01:39:40 [] GET /health
2026/04/13 01:39:40 [] GET /health -> 0 (2562047h47m16.854775807s)
2026/04/13 01:39:40 [] GET /health
2026/04/13 01:39:40 [] GET /health -> 0 (2562047h47m16.854775807s)
2026/04/13 01:39:40 [] POST /memory/search
2026/04/13 01:39:40 [] POST /memory/search -> 0 (2562047h47m16.854775807s)
2026/04/13 01:40:10 [] GET /health
2026/04/13 01:40:10 [] GET /health -> 0 (2562047h47m16.854775807s)
2026/04/13 01:40:10 [] GET /health
2026/04/13 01:40:10 [] GET /health -> 0 (2562047h47m16.854775807s)
2026/04/13 01:40:10 [] POST /memory/search
2026/04/13 01:40:10 [] POST /memory/search -> 0 (2562047h47m16.854775807s)
2026/04/13 01:40:40 [] GET /health
2026/04/13 01:40:40 [] GET /health -> 0 (2562047h47m16.854775807s)
2026/04/13 01:40:40 [] GET /health
2026/04/13 01:40:40 [] GET /health -> 0 (2562047h47m16.854775807s)
2026/04/13 01:40:40 [] POST /memory/search
2026/04/13 01:40:40 [] POST /memory/search -> 0 (2562047h47m16.854775807s)
2026/04/13 01:41:10 [] GET /health
2026/04/13 01:41:10 [] GET /health -> 0 (2562047h47m16.854775807s)
2026/04/13 01:41:10 [] GET /health
2026/04/13 01:41:10 [] GET /health -> 0 (2562047h47m16.854775807s)
2026/04/13 01:41:10 [] POST /memory/search
2026/04/13 01:41:10 [] POST /memory/search -> 0 (2562047h47m16.854775807s)
2026/04/13 01:41:40 [] GET /health
2026/04/13 01:41:40 [] GET /health -> 0 (2562047h47m16.854775807s)
2026/04/13 01:41:40 [] GET /health
2026/04/13 01:41:40 [] GET /health -> 0 (2562047h47m16.854775807s)
2026/04/13 01:41:40 [] POST /memory/search
2026/04/13 01:41:40 [] POST /memory/search -> 0 (2562047h47m16.854775807s)
2026/04/13 01:42:10 [] GET /health
2026/04/13 01:42:10 [] GET /health -> 0 (2562047h47m16.854775807s)
2026/04/13 01:42:10 [] GET /health
2026/04/13 01:42:10 [] GET /health -> 0 (2562047h47m16.854775807s)
2026/04/13 01:42:10 [] POST /memory/search
2026/04/13 01:42:10 [] POST /memory/search -> 0 (2562047h47m16.854775807s)
2026/04/13 01:42:40 [] GET /health
2026/04/13 01:42:40 [] GET /health -> 0 (2562047h47m16.854775807s)
2026/04/13 01:42:40 [] GET /health
2026/04/13 01:42:40 [] GET /health -> 0 (2562047h47m16.854775807s)
2026/04/13 01:42:40 [] POST /memory/search
2026/04/13 01:42:40 [] POST /memory/search -> 0 (2562047h47m16.854775807s)
2026/04/13 01:43:10 [] GET /health
2026/04/13 01:43:10 [] GET /health -> 0 (2562047h47m16.854775807s)
2026/04/13 01:43:11 [] GET /health
2026/04/13 01:43:11 [] GET /health -> 0 (2562047h47m16.854775807s)
2026/04/13 01:43:11 [] POST /memory/search
2026/04/13 01:43:11 [] POST /memory/search -> 0 (2562047h47m16.854775807s)
2026/04/13 01:43:41 [] GET /health
2026/04/13 01:43:41 [] GET /health -> 0 (2562047h47m16.854775807s)
2026/04/13 01:43:41 [] GET /health
2026/04/13 01:43:41 [] GET /health -> 0 (2562047h47m16.854775807s)
2026/04/13 01:43:41 [] POST /memory/search
2026/04/13 01:43:41 [] POST /memory/search -> 0 (2562047h47m16.854775807s)
2026/04/13 01:44:11 [] GET /health
2026/04/13 01:44:11 [] GET /health -> 0 (2562047h47m16.854775807s)
2026/04/13 01:44:11 [] GET /health
2026/04/13 01:44:11 [] GET /health -> 0 (2562047h47m16.854775807s)
2026/04/13 01:44:11 [] POST /memory/search
2026/04/13 01:44:11 [] POST /memory/search -> 0 (2562047h47m16.854775807s)
2026/04/13 01:44:41 [] GET /health
2026/04/13 01:44:41 [] GET /health -> 0 (2562047h47m16.854775807s)
2026/04/13 01:44:41 [] GET /health
2026/04/13 01:44:41 [] GET /health -> 0 (2562047h47m16.854775807s)
2026/04/13 01:44:41 [] POST /memory/search
2026/04/13 01:44:41 [] POST /memory/search -> 0 (2562047h47m16.854775807s)
2026/04/13 01:45:11 [] GET /health
2026/04/13 01:45:11 [] GET /health -> 0 (2562047h47m16.854775807s)
2026/04/13 01:45:11 [] GET /health
2026/04/13 01:45:11 [] GET /health -> 0 (2562047h47m16.854775807s)
2026/04/13 01:45:11 [] POST /memory/search
2026/04/13 01:45:11 [] POST /memory/search -> 0 (2562047h47m16.854775807s)
2026/04/13 01:45:41 [] GET /health
2026/04/13 01:45:41 [] GET /health -> 0 (2562047h47m16.854775807s)
2026/04/13 01:45:41 [] GET /health
2026/04/13 01:45:41 [] GET /health -> 0 (2562047h47m16.854775807s)
2026/04/13 01:45:41 [] POST /memory/search
2026/04/13 01:45:41 [] POST /memory/search -> 0 (2562047h47m16.854775807s)
2026/04/13 01:46:11 [] GET /health
2026/04/13 01:46:11 [] GET /health -> 0 (2562047h47m16.854775807s)
2026/04/13 01:46:11 [] GET /health
2026/04/13 01:46:11 [] GET /health -> 0 (2562047h47m16.854775807s)
2026/04/13 01:46:11 [] POST /memory/search
2026/04/13 01:46:11 [] POST /memory/search -> 0 (2562047h47m16.854775807s)
2026/04/13 01:46:41 [] GET /health
2026/04/13 01:46:41 [] GET /health -> 0 (2562047h47m16.854775807s)
2026/04/13 01:46:41 [] GET /health
2026/04/13 01:46:41 [] GET /health -> 0 (2562047h47m16.854775807s)
2026/04/13 01:46:41 [] POST /memory/search
2026/04/13 01:46:41 [] POST /memory/search -> 0 (2562047h47m16.854775807s)
2026/04/13 01:47:11 [] GET /health
2026/04/13 01:47:11 [] GET /health -> 0 (2562047h47m16.854775807s)
2026/04/13 01:47:11 [] GET /health
2026/04/13 01:47:11 [] GET /health -> 0 (2562047h47m16.854775807s)
2026/04/13 01:47:11 [] POST /memory/search
2026/04/13 01:47:11 [] POST /memory/search -> 0 (2562047h47m16.854775807s)
2026/04/13 01:47:41 [] GET /health
2026/04/13 01:47:41 [] GET /health -> 0 (2562047h47m16.854775807s)
2026/04/13 01:47:41 [] GET /health
2026/04/13 01:47:41 [] GET /health -> 0 (2562047h47m16.854775807s)
2026/04/13 01:47:41 [] POST /memory/search
2026/04/13 01:47:41 [] POST /memory/search -> 0 (2562047h47m16.854775807s)
2026/04/13 01:48:11 [] GET /health
2026/04/13 01:48:11 [] GET /health -> 0 (2562047h47m16.854775807s)
2026/04/13 01:48:11 [] GET /health
2026/04/13 01:48:11 [] GET /health -> 0 (2562047h47m16.854775807s)
2026/04/13 01:48:11 [] POST /memory/search
2026/04/13 01:48:11 [] POST /memory/search -> 0 (2562047h47m16.854775807s)
2026/04/13 01:48:41 [] GET /health
2026/04/13 01:48:41 [] GET /health -> 0 (2562047h47m16.854775807s)
2026/04/13 01:48:41 [] GET /health
2026/04/13 01:48:41 [] GET /health -> 0 (2562047h47m16.854775807s)
2026/04/13 01:48:41 [] POST /memory/search
2026/04/13 01:48:41 [] POST /memory/search -> 0 (2562047h47m16.854775807s)
2026/04/13 01:49:11 [] GET /health
2026/04/13 01:49:11 [] GET /health -> 0 (2562047h47m16.854775807s)
2026/04/13 01:49:11 [] GET /health
2026/04/13 01:49:11 [] GET /health -> 0 (2562047h47m16.854775807s)
2026/04/13 01:49:11 [] POST /memory/search
2026/04/13 01:49:12 [] POST /memory/search -> 0 (2562047h47m16.854775807s)
2026/04/13 01:49:42 [] GET /health
2026/04/13 01:49:42 [] GET /health -> 0 (2562047h47m16.854775807s)
2026/04/13 01:49:42 [] GET /health
2026/04/13 01:49:42 [] GET /health -> 0 (2562047h47m16.854775807s)
2026/04/13 01:49:42 [] POST /memory/search
2026/04/13 01:49:42 [] POST /memory/search -> 0 (2562047h47m16.854775807s)
2026/04/13 01:50:12 [] GET /health
2026/04/13 01:50:12 [] GET /health -> 0 (2562047h47m16.854775807s)
2026/04/13 01:50:12 [] GET /health
2026/04/13 01:50:12 [] GET /health -> 0 (2562047h47m16.854775807s)
2026/04/13 01:50:12 [] POST /memory/search
2026/04/13 01:50:12 [] POST /memory/search -> 0 (2562047h47m16.854775807s)
2026/04/13 01:50:42 [] GET /health
2026/04/13 01:50:42 [] GET /health -> 0 (2562047h47m16.854775807s)
2026/04/13 01:50:42 [] GET /health
2026/04/13 01:50:42 [] GET /health -> 0 (2562047h47m16.854775807s)
2026/04/13 01:50:42 [] POST /memory/search
2026/04/13 01:50:42 [] POST /memory/search -> 0 (2562047h47m16.854775807s)
2026/04/13 01:51:12 [] GET /health
2026/04/13 01:51:12 [] GET /health -> 0 (2562047h47m16.854775807s)
2026/04/13 01:51:12 [] GET /health
2026/04/13 01:51:12 [] GET /health -> 0 (2562047h47m16.854775807s)
2026/04/13 01:51:12 [] POST /memory/search
2026/04/13 01:51:12 [] POST /memory/search -> 0 (2562047h47m16.854775807s)
2026/04/13 01:51:42 [] GET /health
2026/04/13 01:51:42 [] GET /health -> 0 (2562047h47m16.854775807s)
2026/04/13 01:51:42 [] GET /health
2026/04/13 01:51:42 [] GET /health -> 0 (2562047h47m16.854775807s)
2026/04/13 01:51:42 [] POST /memory/search
2026/04/13 01:51:42 [] POST /memory/search -> 0 (2562047h47m16.854775807s)
2026/04/13 01:52:12 [] GET /health
2026/04/13 01:52:12 [] GET /health -> 0 (2562047h47m16.854775807s)
2026/04/13 01:52:12 [] GET /health
2026/04/13 01:52:12 [] GET /health -> 0 (2562047h47m16.854775807s)
2026/04/13 01:52:12 [] POST /memory/search
2026/04/13 01:52:12 [] POST /memory/search -> 0 (2562047h47m16.854775807s)
2026/04/13 01:52:42 [] GET /health
2026/04/13 01:52:42 [] GET /health -> 0 (2562047h47m16.854775807s)
2026/04/13 01:52:42 [] GET /health
2026/04/13 01:52:42 [] GET /health -> 0 (2562047h47m16.854775807s)
2026/04/13 01:52:42 [] POST /memory/search
2026/04/13 01:52:42 [] POST /memory/search -> 0 (2562047h47m16.854775807s)
2026/04/13 01:53:12 [] GET /health
2026/04/13 01:53:12 [] GET /health -> 0 (2562047h47m16.854775807s)
2026/04/13 01:53:12 [] GET /health
2026/04/13 01:53:12 [] GET /health -> 0 (2562047h47m16.854775807s)
2026/04/13 01:53:12 [] POST /memory/search
2026/04/13 01:53:12 [] POST /memory/search -> 0 (2562047h47m16.854775807s)
2026/04/13 01:53:42 [] GET /health
2026/04/13 01:53:42 [] GET /health -> 0 (2562047h47m16.854775807s)
2026/04/13 01:53:42 [] GET /health
2026/04/13 01:53:42 [] GET /health -> 0 (2562047h47m16.854775807s)
2026/04/13 01:53:42 [] POST /memory/search
2026/04/13 01:53:42 [] POST /memory/search -> 0 (2562047h47m16.854775807s)
2026/04/13 01:54:12 [] GET /health
2026/04/13 01:54:12 [] GET /health -> 0 (2562047h47m16.854775807s)
2026/04/13 01:54:12 [] GET /health
2026/04/13 01:54:12 [] GET /health -> 0 (2562047h47m16.854775807s)
2026/04/13 01:54:12 [] POST /memory/search
2026/04/13 01:54:12 [] POST /memory/search -> 0 (2562047h47m16.854775807s)
2026/04/13 01:54:42 [] GET /health
2026/04/13 01:54:42 [] GET /health -> 0 (2562047h47m16.854775807s)
2026/04/13 01:54:42 [] GET /health
2026/04/13 01:54:42 [] GET /health -> 0 (2562047h47m16.854775807s)
2026/04/13 01:54:42 [] POST /memory/search
2026/04/13 01:54:42 [] POST /memory/search -> 0 (2562047h47m16.854775807s)
2026/04/13 01:55:12 [] GET /health
2026/04/13 01:55:12 [] GET /health -> 0 (2562047h47m16.854775807s)
2026/04/13 01:55:12 [] GET /health
2026/04/13 01:55:12 [] GET /health -> 0 (2562047h47m16.854775807s)
2026/04/13 01:55:12 [] POST /memory/search
2026/04/13 01:55:12 [] POST /memory/search -> 0 (2562047h47m16.854775807s)
2026/04/13 01:55:43 [] GET /health
2026/04/13 01:55:43 [] GET /health -> 0 (2562047h47m16.854775807s)
2026/04/13 01:55:43 [] GET /health
2026/04/13 01:55:43 [] GET /health -> 0 (2562047h47m16.854775807s)
2026/04/13 01:55:43 [] POST /memory/search
2026/04/13 01:55:43 [] POST /memory/search -> 0 (2562047h47m16.854775807s)
2026/04/13 01:56:13 [] GET /health
2026/04/13 01:56:13 [] GET /health -> 0 (2562047h47m16.854775807s)
2026/04/13 01:56:13 [] GET /health
2026/04/13 01:56:13 [] GET /health -> 0 (2562047h47m16.854775807s)
2026/04/13 01:56:13 [] POST /memory/search
2026/04/13 01:56:13 [] POST /memory/search -> 0 (2562047h47m16.854775807s)
2026/04/13 01:56:43 [] GET /health
2026/04/13 01:56:43 [] GET /health -> 0 (2562047h47m16.854775807s)
2026/04/13 01:56:43 [] GET /health
2026/04/13 01:56:43 [] GET /health -> 0 (2562047h47m16.854775807s)
2026/04/13 01:56:43 [] POST /memory/search
2026/04/13 01:56:43 [] POST /memory/search -> 0 (2562047h47m16.854775807s)
2026/04/13 01:57:13 [] GET /health
2026/04/13 01:57:13 [] GET /health -> 0 (2562047h47m16.854775807s)
2026/04/13 01:57:13 [] GET /health
2026/04/13 01:57:13 [] GET /health -> 0 (2562047h47m16.854775807s)
2026/04/13 01:57:13 [] POST /memory/search
2026/04/13 01:57:13 [] POST /memory/search -> 0 (2562047h47m16.854775807s)
2026/04/13 01:57:43 [] GET /health
2026/04/13 01:57:43 [] GET /health -> 0 (2562047h47m16.854775807s)
2026/04/13 01:57:43 [] GET /health
2026/04/13 01:57:43 [] GET /health -> 0 (2562047h47m16.854775807s)
2026/04/13 01:57:43 [] POST /memory/search
2026/04/13 01:57:43 [] POST /memory/search -> 0 (2562047h47m16.854775807s)
2026/04/13 01:58:13 [] GET /health
2026/04/13 01:58:13 [] GET /health -> 0 (2562047h47m16.854775807s)
2026/04/13 01:58:13 [] GET /health
2026/04/13 01:58:13 [] GET /health -> 0 (2562047h47m16.854775807s)
2026/04/13 01:58:13 [] POST /memory/search
2026/04/13 01:58:13 [] POST /memory/search -> 0 (2562047h47m16.854775807s)
2026/04/13 01:58:43 [] GET /health
2026/04/13 01:58:43 [] GET /health -> 0 (2562047h47m16.854775807s)
2026/04/13 01:58:43 [] GET /health
2026/04/13 01:58:43 [] GET /health -> 0 (2562047h47m16.854775807s)
2026/04/13 01:58:43 [] POST /memory/search
2026/04/13 01:58:43 [] POST /memory/search -> 0 (2562047h47m16.854775807s)
2026/04/13 01:59:13 [] GET /health
2026/04/13 01:59:13 [] GET /health -> 0 (2562047h47m16.854775807s)
2026/04/13 01:59:13 [] GET /health
2026/04/13 01:59:13 [] GET /health -> 0 (2562047h47m16.854775807s)
2026/04/13 01:59:13 [] POST /memory/search
2026/04/13 01:59:13 [] POST /memory/search -> 0 (2562047h47m16.854775807s)
2026/04/13 01:59:43 [] GET /health
2026/04/13 01:59:43 [] GET /health -> 0 (2562047h47m16.854775807s)
2026/04/13 01:59:43 [] GET /health
2026/04/13 01:59:43 [] GET /health -> 0 (2562047h47m16.854775807s)
2026/04/13 01:59:43 [] POST /memory/search
2026/04/13 01:59:43 [] POST /memory/search -> 0 (2562047h47m16.854775807s)
2026/04/13 02:00:13 [] GET /health
2026/04/13 02:00:13 [] GET /health -> 0 (2562047h47m16.854775807s)
2026/04/13 02:00:13 [] GET /health
2026/04/13 02:00:13 [] GET /health -> 0 (2562047h47m16.854775807s)
2026/04/13 02:00:13 [] POST /memory/search
2026/04/13 02:00:13 [] POST /memory/search -> 0 (2562047h47m16.854775807s)
2026/04/13 02:00:43 [] GET /health
2026/04/13 02:00:43 [] GET /health -> 0 (2562047h47m16.854775807s)
2026/04/13 02:00:43 [] GET /health
2026/04/13 02:00:43 [] GET /health -> 0 (2562047h47m16.854775807s)
2026/04/13 02:00:43 [] POST /memory/search
2026/04/13 02:00:43 [] POST /memory/search -> 0 (2562047h47m16.854775807s)
2026/04/13 02:01:13 [] GET /health
2026/04/13 02:01:13 [] GET /health -> 0 (2562047h47m16.854775807s)
2026/04/13 02:01:13 [] GET /health
2026/04/13 02:01:13 [] GET /health -> 0 (2562047h47m16.854775807s)
2026/04/13 02:01:13 [] POST /memory/search
2026/04/13 02:01:13 [] POST /memory/search -> 0 (2562047h47m16.854775807s)
2026/04/13 02:01:44 [] GET /health
2026/04/13 02:01:44 [] GET /health -> 0 (2562047h47m16.854775807s)
2026/04/13 02:01:44 [] GET /health
2026/04/13 02:01:44 [] GET /health -> 0 (2562047h47m16.854775807s)
2026/04/13 02:01:44 [] POST /memory/search
2026/04/13 02:01:44 [] POST /memory/search -> 0 (2562047h47m16.854775807s)
2026/04/13 02:02:14 [] GET /health
2026/04/13 02:02:14 [] GET /health -> 0 (2562047h47m16.854775807s)
2026/04/13 02:02:14 [] GET /health
2026/04/13 02:02:14 [] GET /health -> 0 (2562047h47m16.854775807s)
2026/04/13 02:02:14 [] POST /memory/search
2026/04/13 02:02:14 [] POST /memory/search -> 0 (2562047h47m16.854775807s)
2026/04/13 02:02:44 [] GET /health
2026/04/13 02:02:44 [] GET /health -> 0 (2562047h47m16.854775807s)
2026/04/13 02:02:44 [] GET /health
2026/04/13 02:02:44 [] GET /health -> 0 (2562047h47m16.854775807s)
2026/04/13 02:02:44 [] POST /memory/search
2026/04/13 02:02:44 [] POST /memory/search -> 0 (2562047h47m16.854775807s)
2026/04/13 02:03:14 [] GET /health
2026/04/13 02:03:14 [] GET /health -> 0 (2562047h47m16.854775807s)
2026/04/13 02:03:14 [] GET /health
2026/04/13 02:03:14 [] GET /health -> 0 (2562047h47m16.854775807s)
2026/04/13 02:03:14 [] POST /memory/search
2026/04/13 02:03:14 [] POST /memory/search -> 0 (2562047h47m16.854775807s)
2026/04/13 02:03:44 [] GET /health
2026/04/13 02:03:44 [] GET /health -> 0 (2562047h47m16.854775807s)
2026/04/13 02:03:44 [] GET /health
2026/04/13 02:03:44 [] GET /health -> 0 (2562047h47m16.854775807s)
2026/04/13 02:03:44 [] POST /memory/search
2026/04/13 02:03:44 [] POST /memory/search -> 0 (2562047h47m16.854775807s)
2026/04/13 02:04:14 [] GET /health
2026/04/13 02:04:14 [] GET /health -> 0 (2562047h47m16.854775807s)
2026/04/13 02:04:14 [] GET /health
2026/04/13 02:04:14 [] GET /health -> 0 (2562047h47m16.854775807s)
2026/04/13 02:04:14 [] POST /memory/search
2026/04/13 02:04:14 [] POST /memory/search -> 0 (2562047h47m16.854775807s)
2026/04/13 02:04:44 [] GET /health
2026/04/13 02:04:44 [] GET /health -> 0 (2562047h47m16.854775807s)
2026/04/13 02:04:44 [] GET /health
2026/04/13 02:04:44 [] GET /health -> 0 (2562047h47m16.854775807s)
2026/04/13 02:04:44 [] POST /memory/search
2026/04/13 02:04:44 [] POST /memory/search -> 0 (2562047h47m16.854775807s)
2026/04/13 02:05:14 [] GET /health
2026/04/13 02:05:14 [] GET /health -> 0 (2562047h47m16.854775807s)
2026/04/13 02:05:14 [] GET /health
2026/04/13 02:05:14 [] GET /health -> 0 (2562047h47m16.854775807s)
2026/04/13 02:05:14 [] POST /memory/search
2026/04/13 02:05:14 [] POST /memory/search -> 0 (2562047h47m16.854775807s)
2026/04/13 02:05:44 [] GET /health
2026/04/13 02:05:44 [] GET /health -> 0 (2562047h47m16.854775807s)
2026/04/13 02:05:44 [] GET /health
2026/04/13 02:05:44 [] GET /health -> 0 (2562047h47m16.854775807s)
2026/04/13 02:05:44 [] POST /memory/search
2026/04/13 02:05:44 [] POST /memory/search -> 0 (2562047h47m16.854775807s)
2026/04/13 02:06:14 [] GET /health
2026/04/13 02:06:14 [] GET /health -> 0 (2562047h47m16.854775807s)
2026/04/13 02:06:14 [] GET /health
2026/04/13 02:06:14 [] GET /health -> 0 (2562047h47m16.854775807s)
2026/04/13 02:06:14 [] POST /memory/search
2026/04/13 02:06:14 [] POST /memory/search -> 0 (2562047h47m16.854775807s)
2026/04/13 02:06:44 [] GET /health
2026/04/13 02:06:44 [] GET /health -> 0 (2562047h47m16.854775807s)
2026/04/13 02:06:44 [] GET /health
2026/04/13 02:06:44 [] GET /health -> 0 (2562047h47m16.854775807s)
2026/04/13 02:06:44 [] POST /memory/search
2026/04/13 02:06:44 [] POST /memory/search -> 0 (2562047h47m16.854775807s)
2026/04/13 02:07:14 [] GET /health
2026/04/13 02:07:14 [] GET /health -> 0 (2562047h47m16.854775807s)
2026/04/13 02:07:14 [] GET /health
2026/04/13 02:07:14 [] GET /health -> 0 (2562047h47m16.854775807s)
2026/04/13 02:07:14 [] POST /memory/search
2026/04/13 02:07:14 [] POST /memory/search -> 0 (2562047h47m16.854775807s)
2026/04/13 02:07:44 [] GET /health
2026/04/13 02:07:44 [] GET /health -> 0 (2562047h47m16.854775807s)
2026/04/13 02:07:44 [] GET /health
2026/04/13 02:07:44 [] GET /health -> 0 (2562047h47m16.854775807s)
2026/04/13 02:07:44 [] POST /memory/search
2026/04/13 02:07:44 [] POST /memory/search -> 0 (2562047h47m16.854775807s)
2026/04/13 02:08:15 [] GET /health
2026/04/13 02:08:15 [] GET /health -> 0 (2562047h47m16.854775807s)
2026/04/13 02:08:15 [] GET /health
2026/04/13 02:08:15 [] GET /health -> 0 (2562047h47m16.854775807s)
2026/04/13 02:08:15 [] POST /memory/search
2026/04/13 02:08:15 [] POST /memory/search -> 0 (2562047h47m16.854775807s)
2026/04/13 02:08:45 [] GET /health
2026/04/13 02:08:45 [] GET /health -> 0 (2562047h47m16.854775807s)
2026/04/13 02:08:45 [] GET /health
2026/04/13 02:08:45 [] GET /health -> 0 (2562047h47m16.854775807s)
2026/04/13 02:08:45 [] POST /memory/search
2026/04/13 02:08:45 [] POST /memory/search -> 0 (2562047h47m16.854775807s)
2026/04/13 02:09:15 [] GET /health
2026/04/13 02:09:15 [] GET /health -> 0 (2562047h47m16.854775807s)
2026/04/13 02:09:15 [] GET /health
2026/04/13 02:09:15 [] GET /health -> 0 (2562047h47m16.854775807s)
2026/04/13 02:09:15 [] POST /memory/search
2026/04/13 02:09:15 [] POST /memory/search -> 0 (2562047h47m16.854775807s)
2026/04/13 02:09:45 [] GET /health
2026/04/13 02:09:45 [] GET /health -> 0 (2562047h47m16.854775807s)
2026/04/13 02:09:45 [] GET /health
2026/04/13 02:09:45 [] GET /health -> 0 (2562047h47m16.854775807s)
2026/04/13 02:09:45 [] POST /memory/search
2026/04/13 02:09:45 [] POST /memory/search -> 0 (2562047h47m16.854775807s)
2026/04/13 02:10:15 [] GET /health
2026/04/13 02:10:15 [] GET /health -> 0 (2562047h47m16.854775807s)
2026/04/13 02:10:15 [] GET /health
2026/04/13 02:10:15 [] GET /health -> 0 (2562047h47m16.854775807s)
2026/04/13 02:10:15 [] POST /memory/search
2026/04/13 02:10:15 [] POST /memory/search -> 0 (2562047h47m16.854775807s)
2026/04/13 02:10:45 [] GET /health
2026/04/13 02:10:45 [] GET /health -> 0 (2562047h47m16.854775807s)
2026/04/13 02:10:45 [] GET /health
2026/04/13 02:10:45 [] GET /health -> 0 (2562047h47m16.854775807s)
2026/04/13 02:10:45 [] POST /memory/search
2026/04/13 02:10:45 [] POST /memory/search -> 0 (2562047h47m16.854775807s)
2026/04/13 02:11:15 [] GET /health
2026/04/13 02:11:15 [] GET /health -> 0 (2562047h47m16.854775807s)
2026/04/13 02:11:15 [] GET /health
2026/04/13 02:11:15 [] GET /health -> 0 (2562047h47m16.854775807s)
2026/04/13 02:11:15 [] POST /memory/search
2026/04/13 02:11:15 [] POST /memory/search -> 0 (2562047h47m16.854775807s)
2026/04/13 02:11:45 [] GET /health
2026/04/13 02:11:45 [] GET /health -> 0 (2562047h47m16.854775807s)
2026/04/13 02:11:45 [] GET /health
2026/04/13 02:11:45 [] GET /health -> 0 (2562047h47m16.854775807s)
2026/04/13 02:11:45 [] POST /memory/search
2026/04/13 02:11:45 [] POST /memory/search -> 0 (2562047h47m16.854775807s)
2026/04/13 02:12:15 [] GET /health
2026/04/13 02:12:15 [] GET /health -> 0 (2562047h47m16.854775807s)
2026/04/13 02:12:15 [] GET /health
2026/04/13 02:12:15 [] GET /health -> 0 (2562047h47m16.854775807s)
2026/04/13 02:12:15 [] POST /memory/search
2026/04/13 02:12:15 [] POST /memory/search -> 0 (2562047h47m16.854775807s)
2026/04/13 02:12:45 [] GET /health
2026/04/13 02:12:45 [] GET /health -> 0 (2562047h47m16.854775807s)
2026/04/13 02:12:45 [] GET /health
2026/04/13 02:12:45 [] GET /health -> 0 (2562047h47m16.854775807s)
2026/04/13 02:12:45 [] POST /memory/search
2026/04/13 02:12:45 [] POST /memory/search -> 0 (2562047h47m16.854775807s)
2026/04/13 02:13:15 [] GET /health
2026/04/13 02:13:15 [] GET /health -> 0 (2562047h47m16.854775807s)
2026/04/13 02:13:15 [] GET /health
2026/04/13 02:13:15 [] GET /health -> 0 (2562047h47m16.854775807s)
2026/04/13 02:13:15 [] POST /memory/search
2026/04/13 02:13:15 [] POST /memory/search -> 0 (2562047h47m16.854775807s)
2026/04/13 02:13:45 [] GET /health
2026/04/13 02:13:45 [] GET /health -> 0 (2562047h47m16.854775807s)
2026/04/13 02:13:45 [] GET /health
2026/04/13 02:13:45 [] GET /health -> 0 (2562047h47m16.854775807s)
2026/04/13 02:13:45 [] POST /memory/search
2026/04/13 02:13:45 [] POST /memory/search -> 0 (2562047h47m16.854775807s)
2026/04/13 02:14:15 [] GET /health
2026/04/13 02:14:15 [] GET /health -> 0 (2562047h47m16.854775807s)
2026/04/13 02:14:16 [] GET /health
2026/04/13 02:14:16 [] GET /health -> 0 (2562047h47m16.854775807s)
2026/04/13 02:14:16 [] POST /memory/search
2026/04/13 02:14:16 [] POST /memory/search -> 0 (2562047h47m16.854775807s)
2026/04/13 02:14:46 [] GET /health
2026/04/13 02:14:46 [] GET /health -> 0 (2562047h47m16.854775807s)
2026/04/13 02:14:46 [] GET /health
2026/04/13 02:14:46 [] GET /health -> 0 (2562047h47m16.854775807s)
2026/04/13 02:14:46 [] POST /memory/search
2026/04/13 02:14:46 [] POST /memory/search -> 0 (2562047h47m16.854775807s)
2026/04/13 02:15:16 [] GET /health
2026/04/13 02:15:16 [] GET /health -> 0 (2562047h47m16.854775807s)
2026/04/13 02:15:16 [] GET /health
2026/04/13 02:15:16 [] GET /health -> 0 (2562047h47m16.854775807s)
2026/04/13 02:15:16 [] POST /memory/search
2026/04/13 02:15:16 [] POST /memory/search -> 0 (2562047h47m16.854775807s)
2026/04/13 02:15:46 [] GET /health
2026/04/13 02:15:46 [] GET /health -> 0 (2562047h47m16.854775807s)
2026/04/13 02:15:46 [] GET /health
2026/04/13 02:15:46 [] GET /health -> 0 (2562047h47m16.854775807s)
2026/04/13 02:15:46 [] POST /memory/search
2026/04/13 02:15:46 [] POST /memory/search -> 0 (2562047h47m16.854775807s)
2026/04/13 02:16:16 [] GET /health
2026/04/13 02:16:16 [] GET /health -> 0 (2562047h47m16.854775807s)
2026/04/13 02:16:16 [] GET /health
2026/04/13 02:16:16 [] GET /health -> 0 (2562047h47m16.854775807s)
2026/04/13 02:16:16 [] POST /memory/search
2026/04/13 02:16:16 [] POST /memory/search -> 0 (2562047h47m16.854775807s)
2026/04/13 02:16:46 [] GET /health
2026/04/13 02:16:46 [] GET /health -> 0 (2562047h47m16.854775807s)
2026/04/13 02:16:46 [] GET /health
2026/04/13 02:16:46 [] GET /health -> 0 (2562047h47m16.854775807s)
2026/04/13 02:16:46 [] POST /memory/search
2026/04/13 02:16:46 [] POST /memory/search -> 0 (2562047h47m16.854775807s)
2026/04/13 02:17:16 [] GET /health
2026/04/13 02:17:16 [] GET /health -> 0 (2562047h47m16.854775807s)
2026/04/13 02:17:16 [] GET /health
2026/04/13 02:17:16 [] GET /health -> 0 (2562047h47m16.854775807s)
2026/04/13 02:17:16 [] POST /memory/search
2026/04/13 02:17:16 [] POST /memory/search -> 0 (2562047h47m16.854775807s)
2026/04/13 02:17:46 [] GET /health
2026/04/13 02:17:46 [] GET /health -> 0 (2562047h47m16.854775807s)
2026/04/13 02:17:46 [] GET /health
2026/04/13 02:17:46 [] GET /health -> 0 (2562047h47m16.854775807s)
2026/04/13 02:17:46 [] POST /memory/search
2026/04/13 02:17:46 [] POST /memory/search -> 0 (2562047h47m16.854775807s)
2026/04/13 02:18:16 [] GET /health
2026/04/13 02:18:16 [] GET /health -> 0 (2562047h47m16.854775807s)
2026/04/13 02:18:16 [] GET /health
2026/04/13 02:18:16 [] GET /health -> 0 (2562047h47m16.854775807s)
2026/04/13 02:18:16 [] POST /memory/search
2026/04/13 02:18:16 [] POST /memory/search -> 0 (2562047h47m16.854775807s)
2026/04/13 02:18:46 [] GET /health
2026/04/13 02:18:46 [] GET /health -> 0 (2562047h47m16.854775807s)
2026/04/13 02:18:46 [] GET /health
2026/04/13 02:18:46 [] GET /health -> 0 (2562047h47m16.854775807s)
2026/04/13 02:18:46 [] POST /memory/search
2026/04/13 02:18:46 [] POST /memory/search -> 0 (2562047h47m16.854775807s)
2026/04/13 02:19:16 [] GET /health
2026/04/13 02:19:16 [] GET /health -> 0 (2562047h47m16.854775807s)
2026/04/13 02:19:16 [] GET /health
2026/04/13 02:19:16 [] GET /health -> 0 (2562047h47m16.854775807s)
2026/04/13 02:19:16 [] POST /memory/search
2026/04/13 02:19:16 [] POST /memory/search -> 0 (2562047h47m16.854775807s)
2026/04/13 02:19:46 [] GET /health
2026/04/13 02:19:46 [] GET /health -> 0 (2562047h47m16.854775807s)
2026/04/13 02:19:46 [] GET /health
2026/04/13 02:19:46 [] GET /health -> 0 (2562047h47m16.854775807s)
2026/04/13 02:19:46 [] POST /memory/search
2026/04/13 02:19:46 [] POST /memory/search -> 0 (2562047h47m16.854775807s)
2026/04/13 02:20:16 [] GET /health
2026/04/13 02:20:16 [] GET /health -> 0 (2562047h47m16.854775807s)
2026/04/13 02:20:16 [] GET /health
2026/04/13 02:20:16 [] GET /health -> 0 (2562047h47m16.854775807s)
2026/04/13 02:20:16 [] POST /memory/search
2026/04/13 02:20:16 [] POST /memory/search -> 0 (2562047h47m16.854775807s)
2026/04/13 02:20:47 [] GET /health
2026/04/13 02:20:47 [] GET /health -> 0 (2562047h47m16.854775807s)
2026/04/13 02:20:47 [] GET /health
2026/04/13 02:20:47 [] GET /health -> 0 (2562047h47m16.854775807s)
2026/04/13 02:20:47 [] POST /memory/search
2026/04/13 02:20:47 [] POST /memory/search -> 0 (2562047h47m16.854775807s)
2026/04/13 02:21:17 [] GET /health
2026/04/13 02:21:17 [] GET /health -> 0 (2562047h47m16.854775807s)
2026/04/13 02:21:17 [] GET /health
2026/04/13 02:21:17 [] GET /health -> 0 (2562047h47m16.854775807s)
2026/04/13 02:21:17 [] POST /memory/search
2026/04/13 02:21:17 [] POST /memory/search -> 0 (2562047h47m16.854775807s)
2026/04/13 02:21:47 [] GET /health
2026/04/13 02:21:47 [] GET /health -> 0 (2562047h47m16.854775807s)
2026/04/13 02:21:47 [] GET /health
2026/04/13 02:21:47 [] GET /health -> 0 (2562047h47m16.854775807s)
2026/04/13 02:21:47 [] POST /memory/search
2026/04/13 02:21:47 [] POST /memory/search -> 0 (2562047h47m16.854775807s)
2026/04/13 02:22:17 [] GET /health
2026/04/13 02:22:17 [] GET /health -> 0 (2562047h47m16.854775807s)
2026/04/13 02:22:17 [] GET /health
2026/04/13 02:22:17 [] GET /health -> 0 (2562047h47m16.854775807s)
2026/04/13 02:22:17 [] POST /memory/search
2026/04/13 02:22:17 [] POST /memory/search -> 0 (2562047h47m16.854775807s)
2026/04/13 02:22:47 [] GET /health
2026/04/13 02:22:47 [] GET /health -> 0 (2562047h47m16.854775807s)
2026/04/13 02:22:47 [] GET /health
2026/04/13 02:22:47 [] GET /health -> 0 (2562047h47m16.854775807s)
2026/04/13 02:22:47 [] POST /memory/search
2026/04/13 02:22:47 [] POST /memory/search -> 0 (2562047h47m16.854775807s)
2026/04/13 02:23:17 [] GET /health
2026/04/13 02:23:17 [] GET /health -> 0 (2562047h47m16.854775807s)
2026/04/13 02:23:17 [] GET /health
2026/04/13 02:23:17 [] GET /health -> 0 (2562047h47m16.854775807s)
2026/04/13 02:23:17 [] POST /memory/search
2026/04/13 02:23:17 [] POST /memory/search -> 0 (2562047h47m16.854775807s)
2026/04/13 02:23:47 [] GET /health
2026/04/13 02:23:47 [] GET /health -> 0 (2562047h47m16.854775807s)
2026/04/13 02:23:47 [] GET /health
2026/04/13 02:23:47 [] GET /health -> 0 (2562047h47m16.854775807s)
2026/04/13 02:23:47 [] POST /memory/search
2026/04/13 02:23:47 [] POST /memory/search -> 0 (2562047h47m16.854775807s)
2026/04/13 02:24:17 [] GET /health
2026/04/13 02:24:17 [] GET /health -> 0 (2562047h47m16.854775807s)
2026/04/13 02:24:17 [] GET /health
2026/04/13 02:24:17 [] GET /health -> 0 (2562047h47m16.854775807s)
2026/04/13 02:24:17 [] POST /memory/search
2026/04/13 02:24:17 [] POST /memory/search -> 0 (2562047h47m16.854775807s)
2026/04/13 02:59:50 [] GET /health
2026/04/13 02:59:50 [] GET /health -> 0 (2562047h47m16.854775807s)
2026/04/13 02:59:50 [] GET /health
2026/04/13 02:59:50 [] GET /health -> 0 (2562047h47m16.854775807s)
2026/04/13 03:01:25 [] GET /health
2026/04/13 03:01:25 [] GET /health -> 0 (2562047h47m16.854775807s)
2026/04/13 03:01:25 [] GET /health
2026/04/13 03:01:25 [] GET /health -> 0 (2562047h47m16.854775807s)
2026/04/13 03:01:25 [] POST /memory/write
2026/04/13 03:01:25 [] POST /memory/write -> 0 (2562047h47m16.854775807s)
2026/04/13 03:01:25 [] POST /memory/query
2026/04/13 03:01:26 [] POST /memory/query -> 0 (2562047h47m16.854775807s)
2026/04/13 03:01:26 [] POST /memory/write
2026/04/13 03:01:26 [] POST /memory/write -> 0 (2562047h47m16.854775807s)
2026/04/13 03:01:26 [] POST /memory/query
2026/04/13 03:01:26 [] POST /memory/query -> 0 (2562047h47m16.854775807s)
2026/04/13 03:01:26 [] POST /memory/write
2026/04/13 03:01:26 [] POST /memory/write -> 0 (2562047h47m16.854775807s)
2026/04/13 03:01:26 [] POST /memory/query
2026/04/13 03:01:26 [] POST /memory/query -> 0 (2562047h47m16.854775807s)
2026/04/13 03:01:26 [] POST /memory/query
2026/04/13 03:01:26 [] POST /memory/query -> 0 (2562047h47m16.854775807s)
2026/04/13 03:01:26 [] POST /memory/write
2026/04/13 03:01:26 [] POST /memory/write -> 0 (2562047h47m16.854775807s)
