"timestamp","tenant","user_hash","agent","request_id_hash","query_hash","task_type","context_bypass","baseline_tokens","actual_tokens","saved_tokens","savings_ratio","packed_memory_count","local_cards_used","remote_candidates_considered","remote_candidates_skipped"
"2026-04-12Z","test-tenant","c55fa1ee76125c8ececab211bc9d683cf0f72b0fe8b9363c33f3a6dafb0abd43","test","89abef9ac3074a5307d8460dee89152dcdbcf9c74ff9cd47fe6f2f776f8f0ee5","c55fa1ee76125c8ececab211bc9d683cf0f72b0fe8b9363c33f3a6dafb0abd43","continuation","False","25","12","13","0.52","2","2","16","14"
"2026-04-12T14:45:29.958210Z","engine","7e915de8c02ff5f900b33e2b9a64938387ea98540633e521f73a6ccb35a88ad4","claude_code","a8fc7abbb04722db1ad59c9e7a01f35509cf0a7c5e63bf1b0860e29d3a010ee9","99a81371af04b652847d30213f9527a5dcddad8987cd747ec3d33ee9343d12d6",,"False","108","26","82","0.759","1","1","16","15"
"2026-04-12T14:47:00.614401Z","engine","7e915de8c02ff5f900b33e2b9a64938387ea98540633e521f73a6ccb35a88ad4","codex","df16441dcf3f0a5d54b4a6b64e1a9aff7c82b1726782717434a594f43dc7fedc","1a4c2e9e32b9fa3ec33988e287c70d2e0befb7072c7c258ec4894e34aef5cbc8","implementation","True","200","0","200","1","0","0","0","0"
"2026-04-12T14:48:55.248624Z","test","7e915de8c02ff5f900b33e2b9a64938387ea98540633e521f73a6ccb35a88ad4","claude_code","6e5b7872df82cb6c1011413fa60d7dc850209ee029279ae22efdc9234d0e862c","ec0f74b6c4a26c341e3b97af75b2e82ac8c92c80c0394b28de3ad63f7bbbe8cd","continuation","False","108","64","44","0.407","4","4","16","12"
"2026-04-12T14:49:08.253453Z","prod","7e915de8c02ff5f900b33e2b9a64938387ea98540633e521f73a6ccb35a88ad4","openclaw","76004d0a241f5e0c4f788b74856ca39fc86b87da7901e5ff47f5571113c4d26b","21d192ce3b73c1d73fccbd42dc60a95200d4c3b836a3e7b0d616a757c4478668","continuation","False","108","64","44","0.407","4","4","16","12"
"2026-04-12T14:49:08.293313Z","prod","7e915de8c02ff5f900b33e2b9a64938387ea98540633e521f73a6ccb35a88ad4","claude_code","4dbeed2531ebdddadf2f143042772bf272e377c85fd857904a17949b7b26df24","4aca45095a621181f0377e7b219951168f45b875ce721db4e0edef2d09e84681","continuation","False","108","64","44","0.407","4","4","16","12"
"2026-04-12T14:49:08.340108Z","prod","7e915de8c02ff5f900b33e2b9a64938387ea98540633e521f73a6ccb35a88ad4","codex","9e5a436c4feaf413b3c31d9acb7dc88fec2823a84b06eb3736a292f59ecfc110","1f60e5cbf147bad51ae4281480948b02693361de9b1d52d590bff2e1744682ba","continuation","False","108","64","44","0.407","4","4","16","12"
"2026-04-12T15:46:57.669942Z","stability-tenant","7e915de8c02ff5f900b33e2b9a64938387ea98540633e521f73a6ccb35a88ad4","codex","bedb21462e970b148c137fd6707f085ffbe91b7c563947fa614da458f3168317","aef55d6b68618542db02bbd85d4bea7a27c8fe7be788fbd8b808c95320c2ec1b","decision","False","108","64","44","0.407","4","4","16","12"
"2026-04-12T16:15:03.545881Z","phase1-tenant","7e915de8c02ff5f900b33e2b9a64938387ea98540633e521f73a6ccb35a88ad4","codex","f5f29db5746dc3e3753cf4b9bec1c64c1658fdc097671874cfa17da7049e58f4","86293aa9b5748271720158f2b9c1b2fb0a483e2621f666f5d92b2b45e94305af","implementation","True","200","0","200","1","0","0","0","0"
"2026-04-12T16:16:46.959661Z","phase1-tenant","7e915de8c02ff5f900b33e2b9a64938387ea98540633e521f73a6ccb35a88ad4","codex","616ad27e78f07aa635cfa3e176ed533bcccd6e6a672ba39664a927fb2bf394cd","13f6ceb7206e2b92e8f80a69c44c72db8450a91fe9f0a794bbae8dd5367de62c","continuation","False","108","64","44","0.407","4","4","16","12"
"2026-04-12T16:16:54.834271Z","phase1-tenant","7e915de8c02ff5f900b33e2b9a64938387ea98540633e521f73a6ccb35a88ad4","codex","00f018eff328230708bfe0604a0e668491da3b9e7a4230e692c3b0884d6bedeb","871d8186937f85c41efcc2fcd5bdbd32a602d46801cf765eac37c8752adee07c","continuation","False","108","64","44","0.407","4","4","16","12"
"2026-04-12T16:17:02.594193Z","phase1-tenant","7e915de8c02ff5f900b33e2b9a64938387ea98540633e521f73a6ccb35a88ad4","codex","ed10cdc8a1bda2cbedc87689d464804434c4bdc9b6a605a5fdded015e002648d","f3a133ff35b0f568ca7c9d110447c311b15d303037dfe50982b28c14ea4bc69e","continuation","False","108","64","44","0.407","4","4","16","12"
"2026-04-12T16:17:10.356373Z","phase1-tenant","7e915de8c02ff5f900b33e2b9a64938387ea98540633e521f73a6ccb35a88ad4","codex","60b3ca1ddd94b737cfd4065e935e59dfc10b052ee06eca117d46624fa0a70fa8","044166c0d34a0e7483ea7130cc059dcd29cab390dd56817ee5281a0f09fb7267","continuation","False","108","64","44","0.407","4","4","16","12"
"2026-04-12T16:17:18.132235Z","phase1-tenant","7e915de8c02ff5f900b33e2b9a64938387ea98540633e521f73a6ccb35a88ad4","codex","eb59e54661e3c44e2388ecb1b91c6744f3b8466916576dccca0cd69d0e298ec9","135e273e6e7c0959d721c9cabe74a6d236ccbbfb5f437188f9b930f1e940d73f","continuation","False","108","64","44","0.407","4","4","16","12"
"2026-04-12T16:17:25.827366Z","phase1-tenant","7e915de8c02ff5f900b33e2b9a64938387ea98540633e521f73a6ccb35a88ad4","codex","4d257906c5d37fea6b1f868a95c9d599457a8f328b9b9a3df1acfdae0708fcda","020f220536838a7aa6fe4742df98b22707a837f44b8bb779f8760342607e873d","continuation","False","108","64","44","0.407","4","4","16","12"
"2026-04-12T16:17:33.629283Z","phase1-tenant","7e915de8c02ff5f900b33e2b9a64938387ea98540633e521f73a6ccb35a88ad4","codex","83c81903f5d5b16d3468aa1de49d974e931baa5807dc99af876c96bb95261803","6e5342715aebca2c005fa2881659f1fb36fbf0abb26fc9e0034b4219fff0b0c9","continuation","False","108","64","44","0.407","4","4","16","12"
"2026-04-12T16:17:41.417450Z","phase1-tenant","7e915de8c02ff5f900b33e2b9a64938387ea98540633e521f73a6ccb35a88ad4","codex","edfc4cbdc2ec6fc685eba79a51120aeaa0cf186a7c4c426254ff7c28216700c5","2abea91f0a4412555b643bd886a35d7819ffb19f069fb73e95e247dbaa531eb0","continuation","False","108","64","44","0.407","4","4","16","12"
"2026-04-12T16:17:49.317430Z","phase1-tenant","7e915de8c02ff5f900b33e2b9a64938387ea98540633e521f73a6ccb35a88ad4","codex","715d1aeb4679255ddc94797e21c60da43196ebb68301a2e911402155f974ebf7","839e355a3f27aa41556b68a651284d4815d556e93f6dcb831df94375d03952d5","continuation","False","108","64","44","0.407","4","4","16","12"
"2026-04-12T16:17:57.169568Z","phase1-tenant","7e915de8c02ff5f900b33e2b9a64938387ea98540633e521f73a6ccb35a88ad4","codex","4b26fc69655008f39e64591dbbada83f347c39fc86826ffd99e767a101cddfee","2f27aa0481dc9673277c7bf143a162fcf85abdc83de3cc9578b36da14fd88d47","continuation","False","108","64","44","0.407","4","4","16","12"
"2026-04-12T16:18:11.024333Z","stability-tenant","7e915de8c02ff5f900b33e2b9a64938387ea98540633e521f73a6ccb35a88ad4","codex","fe37cfd19accecad68568915c323b1b16f6360b1fe81f636b9787d74f8d605b7","0c7d0a3c8cf0bd919a95da8d94becc3abe539ebbf9a33767c204086f13764bc6","continuation","False","108","64","44","0.407","4","4","16","12"
"2026-04-12T16:18:16.097424Z","stability-tenant","7e915de8c02ff5f900b33e2b9a64938387ea98540633e521f73a6ccb35a88ad4","codex","64efe2b4baeea47bac482d17b5a00b242c9570ea102c0c5f7e2a698618b1516e","5ccc1cf26a3d8c01e66fa24dc1cb167fffc74543da6dfe3be33f665e1b4eeb8d","continuation","False","108","64","44","0.407","4","4","16","12"
"2026-04-12T16:18:21.170744Z","stability-tenant","7e915de8c02ff5f900b33e2b9a64938387ea98540633e521f73a6ccb35a88ad4","codex","5cc5d9856fc6539dca858b7e9b221ea78e87051ee0239f52d86adbbd8354e073","45753869238b07e620bd2cd96f93e3a58d7c2a2c3c5c0849c6318f5589fd3eeb","continuation","False","108","64","44","0.407","4","4","16","12"
"2026-04-12T16:18:26.233010Z","stability-tenant","7e915de8c02ff5f900b33e2b9a64938387ea98540633e521f73a6ccb35a88ad4","codex","c07802c270f5b1b66b8c4ceda36efed259dd5e59023ade869a03a99cf49f3c94","8be14eac8c10fd4c0388fc319afe2c597be58880c50f91842bdd615ff4a85218","continuation","False","108","64","44","0.407","4","4","16","12"
"2026-04-12T16:18:31.278456Z","stability-tenant","7e915de8c02ff5f900b33e2b9a64938387ea98540633e521f73a6ccb35a88ad4","codex","e404c38d62c771bb2b13556d2aa6525d7aa15af09e4e417bd95a8a286507efec","d6fa1a2016d7ac8d08ba367c349cf17163df141ed1a980d90f57126125fa0a38","continuation","False","108","64","44","0.407","4","4","16","12"
"2026-04-12T16:18:36.353079Z","stability-tenant","7e915de8c02ff5f900b33e2b9a64938387ea98540633e521f73a6ccb35a88ad4","codex","6b4797aeaec2bbde6918de707d09f62e502ebc0b3a431a0469f5e93933913c3a","f388be0264b035560e324914fdbcc33d8d95e7c6a080235e62a68427e77de2f6","continuation","False","108","64","44","0.407","4","4","16","12"
"2026-04-12T16:18:41.415126Z","stability-tenant","7e915de8c02ff5f900b33e2b9a64938387ea98540633e521f73a6ccb35a88ad4","codex","df6a85ec791ac841ed2a1ea5ce2368023c3196570760e878af3256a5f94a695e","ad974d690bc57ab14414106a7922afc05259d02f6617a3034e5d9fb65d6640f1","continuation","False","108","64","44","0.407","4","4","16","12"
"2026-04-12T16:18:46.479244Z","stability-tenant","7e915de8c02ff5f900b33e2b9a64938387ea98540633e521f73a6ccb35a88ad4","codex","1a6291a1cc6ccc97a528270209d2d7debd651f711d1fb90b16edf12c82b7b9cf","3e43b03bf3373495e66af4ba80f9e59fe9c68ba5cb03e73dced7faf3c23f19a8","continuation","False","108","64","44","0.407","4","4","16","12"
"2026-04-12T16:18:51.569457Z","stability-tenant","7e915de8c02ff5f900b33e2b9a64938387ea98540633e521f73a6ccb35a88ad4","codex","3ea2be0967322ff1a59ad4865f12bda17e560c6037a0fa608214d88eceed1f40","22b6c3e95477d694d01feebe95a1990f0443bee561d3721d96c23eba633fdeba","continuation","False","108","64","44","0.407","4","4","16","12"
"2026-04-12T16:18:56.636303Z","stability-tenant","7e915de8c02ff5f900b33e2b9a64938387ea98540633e521f73a6ccb35a88ad4","codex","0a3f85588fe26514f3fffe7b83976b82da0a89b2826016af1d874fab1f4b58d4","d4113ec76a76c3ea87351953ea4bb55ce7089a32520fba6956affb8ed4f5a641","continuation","False","108","64","44","0.407","4","4","16","12"
"2026-04-12T16:19:01.696852Z","stability-tenant","7e915de8c02ff5f900b33e2b9a64938387ea98540633e521f73a6ccb35a88ad4","codex","367f1a89fe76fc16de8095faee349ec111770f4944359ddd264a465286cdbe20","764a8d64d20735694ccf21bebd03532681cf5e26d1a126a17d11923d6fad5050","continuation","False","108","64","44","0.407","4","4","16","12"
"2026-04-12T16:19:06.758751Z","stability-tenant","7e915de8c02ff5f900b33e2b9a64938387ea98540633e521f73a6ccb35a88ad4","codex","17d04e47da4c2f897543697f32bbdcfbaa96f5616c42446792c70c4ab9eec6b4","e7d405489415b75e048519a0da517581bf508db0f10b112fdaa3f789912c568d","continuation","False","108","64","44","0.407","4","4","16","12"
"2026-04-12T16:19:11.824669Z","stability-tenant","7e915de8c02ff5f900b33e2b9a64938387ea98540633e521f73a6ccb35a88ad4","codex","fc94fef061f9c14e9e80d2e35b0d8e72525a0c3425c3fc669bf313242292b444","03f1bfe991c6966c31adc552b5c1c4ff13aff6d98bfd18a1a0e909c6aa16ef71","continuation","False","108","64","44","0.407","4","4","16","12"
"2026-04-12T16:19:16.888641Z","stability-tenant","7e915de8c02ff5f900b33e2b9a64938387ea98540633e521f73a6ccb35a88ad4","codex","9816442a4ea7e59502c40e70096cef0c9959d1ea07413a21e0aa8acb161695de","cc76bcb0e7049ffd84c31f1114d4ddd0848d95f584d38dce9b0b930c18cafc55","continuation","False","108","64","44","0.407","4","4","16","12"
"2026-04-12T16:19:21.951197Z","stability-tenant","7e915de8c02ff5f900b33e2b9a64938387ea98540633e521f73a6ccb35a88ad4","codex","0467db53707ac8d6bf250a817fc359becea0967ef46f5927b6cc716593d4fb79","30607e99121d9c17ab6eec5cd1d19cf6a3398606a60d9f22bc522fa31d8b3312","continuation","False","108","64","44","0.407","4","4","16","12"
"2026-04-12T16:19:27.015190Z","stability-tenant","7e915de8c02ff5f900b33e2b9a64938387ea98540633e521f73a6ccb35a88ad4","codex","90a02247645d924140ca196e7acf609002bbadb225f9cd48b83e164e9f0840e7","d6cf70cea2f59205c8e5e2e70b8c56ffd11c304a7af23a16e2cca20f33ffc9dd","continuation","False","108","64","44","0.407","4","4","16","12"
"2026-04-12T16:19:32.079567Z","stability-tenant","7e915de8c02ff5f900b33e2b9a64938387ea98540633e521f73a6ccb35a88ad4","codex","3b0075e26dd435db4459386d35a249b2970d5b56d8e374177c1dafe30d9d08f3","f4e6aa30be5b933b4effe5bff0000e98cfd627bbcc79841504cb18cd477cf4c4","continuation","False","108","64","44","0.407","4","4","16","12"
"2026-04-12T16:19:37.136103Z","stability-tenant","7e915de8c02ff5f900b33e2b9a64938387ea98540633e521f73a6ccb35a88ad4","codex","ab9c1078b09ab6b7c886c25c1e404cd4bd75e9da624e62ed64da55f74d3d444a","415335376431e91cc6540208047219548a080f34f2f9d5eac56dcc48a46e14c3","continuation","False","108","64","44","0.407","4","4","16","12"
"2026-04-12T16:19:42.194156Z","stability-tenant","7e915de8c02ff5f900b33e2b9a64938387ea98540633e521f73a6ccb35a88ad4","codex","bdaaeab927f295320075b8e2a4c5e3e677cac9adf8d8f48076673be2377decea","0aec5e9ed815fcc8ce76b17b1161af42a28d14fbe7b54cac8061a3566876cb43","continuation","False","108","64","44","0.407","4","4","16","12"
"2026-04-12T16:19:47.244129Z","stability-tenant","7e915de8c02ff5f900b33e2b9a64938387ea98540633e521f73a6ccb35a88ad4","codex","f23980afb95572726300b63d9a743480622b2ab378f4e38427295edb868f98dc","f2adb2320438ed473442b90cb2c4d9315f04b8d70e13d2da1cca12d1705834d1","continuation","False","108","64","44","0.407","4","4","16","12"
"2026-04-12T16:19:52.317342Z","stability-tenant","7e915de8c02ff5f900b33e2b9a64938387ea98540633e521f73a6ccb35a88ad4","codex","75b8652b6397cc58b21c084cb5bbf35143ec83f209dccef566d402d0a4736619","309f3e9af34597f2272aeb6880f921b5e12aea7370ee4e4e08d9d15336fbc6d6","continuation","False","108","64","44","0.407","4","4","16","12"
"2026-04-12T16:19:57.363115Z","stability-tenant","7e915de8c02ff5f900b33e2b9a64938387ea98540633e521f73a6ccb35a88ad4","codex","16ad8f2d459f61fb0221e38b098884646ae9f6f4a9d511314afafbf5743df869","d0e7b7f54f7b51910567d05faceafcaa1406938e368b37c51123b6de86509469","continuation","False","108","64","44","0.407","4","4","16","12"
"2026-04-12T16:20:02.434568Z","stability-tenant","7e915de8c02ff5f900b33e2b9a64938387ea98540633e521f73a6ccb35a88ad4","codex","cff7679833b989764a214406f0b73c66472fc2e74dd53ee4a0400bd3e76b55a2","a26421ae620880a5ff3d2da93cd4245c708b86e241ab00be616ba5e6af9780de","continuation","False","108","64","44","0.407","4","4","16","12"
"2026-04-12T16:20:07.491761Z","stability-tenant","7e915de8c02ff5f900b33e2b9a64938387ea98540633e521f73a6ccb35a88ad4","codex","3a04e7708f01148ab37063103a36fef6a430ab6ffb285772c2234ca217e96f88","f01ee164cea8b29b9535c8452d4f0bffc45728fba829e7e6919d53be8876e7b1","continuation","False","108","64","44","0.407","4","4","16","12"
"2026-04-12T16:20:12.546949Z","stability-tenant","7e915de8c02ff5f900b33e2b9a64938387ea98540633e521f73a6ccb35a88ad4","codex","d1778643fbc8103537c5b00d08c36009915776a64b468d49314d4200ab55f618","8a1ae48800d38259d3529a63eb799c3834d910a2c8a6c20e430883769e6d7b30","continuation","False","108","64","44","0.407","4","4","16","12"
"2026-04-12T16:20:17.605667Z","stability-tenant","7e915de8c02ff5f900b33e2b9a64938387ea98540633e521f73a6ccb35a88ad4","codex","6b081e80c0886ff0285ff99f94973acb2e5ca5e82d083db781cc3f3143d6306f","ff9b6d0c4139105c2def7319da2239355d93288e207d8744ff3bf8105739a8fd","continuation","False","108","64","44","0.407","4","4","16","12"
"2026-04-12T16:20:22.672745Z","stability-tenant","7e915de8c02ff5f900b33e2b9a64938387ea98540633e521f73a6ccb35a88ad4","codex","11415d22e10d247c34bd2574532498b5ba8d223c8e71627dde9f3b43f3b0094f","49f2b633face1947f66a61dfed4541f96067f3da5bfaa5131b4c9958e7df2654","continuation","False","108","64","44","0.407","4","4","16","12"
"2026-04-12T16:20:27.724543Z","stability-tenant","7e915de8c02ff5f900b33e2b9a64938387ea98540633e521f73a6ccb35a88ad4","codex","a5bbaf7c3939c21382fba885a9c0bc85551e017adb6f049cddd10a2f6684e027","44bbe6f741498e5311cd718c302fd409e3b45833ed129a813058847421997b86","continuation","False","108","64","44","0.407","4","4","16","12"
"2026-04-12T16:20:32.806750Z","stability-tenant","7e915de8c02ff5f900b33e2b9a64938387ea98540633e521f73a6ccb35a88ad4","codex","d32b3c93e0bc20e6f211d5c10fb7bb9e4a5cd11852166b4dc3719a96d5acf194","ea00a2b47c79a6d26a17d80290a99b66a8be620c7f05945d28a76cf485e0f06f","continuation","False","108","64","44","0.407","4","4","16","12"
"2026-04-12T16:20:37.865588Z","stability-tenant","7e915de8c02ff5f900b33e2b9a64938387ea98540633e521f73a6ccb35a88ad4","codex","2daad9c049beaf4ab22ffe2372375f886d04e1c6e49111168efd6d34a0a4ecee","31b1bd46e4dada85f367ce922cb2b5c917ff8e910ae98a1eca2a2ea17c273827","continuation","False","108","64","44","0.407","4","4","16","12"
"2026-04-12T16:20:42.931755Z","stability-tenant","7e915de8c02ff5f900b33e2b9a64938387ea98540633e521f73a6ccb35a88ad4","codex","8ee4f04388740260880446894f8d929a726154a7b05197224ad53ebd902abcbd","49813a1e094481ff476a5c0a05257984ecec77d6c250d869bc92fa20ee187d2f","continuation","False","108","64","44","0.407","4","4","16","12"
"2026-04-12T16:20:47.977389Z","stability-tenant","7e915de8c02ff5f900b33e2b9a64938387ea98540633e521f73a6ccb35a88ad4","codex","97ad722cd0a67268665c9618afa7dc5bf4ddd0ac5b8147bbed3bfd007d8958ad","533c85d60bba99abbda876609a5ff5a2e5be6b8e3ee3ad20a532b6de49f7735e","continuation","False","108","64","44","0.407","4","4","16","12"
"2026-04-12T16:20:53.049398Z","stability-tenant","7e915de8c02ff5f900b33e2b9a64938387ea98540633e521f73a6ccb35a88ad4","codex","c582cd795b20cad9b1a9c4313161c5f7e51c502c34d7b5c2214721a40704abca","45162003fdffc71bbf59143b47b8a8c0bcba0acdae6a2aedf4c5372c289f264b","continuation","False","108","64","44","0.407","4","4","16","12"
"2026-04-12T16:20:58.127281Z","stability-tenant","7e915de8c02ff5f900b33e2b9a64938387ea98540633e521f73a6ccb35a88ad4","codex","21c7615b3b1f18516a3268daa62ed4547b6bc74ea6394b6ca4049b4fb65ed238","7d1eb5490cd4b13db84ef00d3fc224ed0572255e49b4447cac4c90f50ebc257f","continuation","False","108","64","44","0.407","4","4","16","12"
"2026-04-12T16:21:03.185360Z","stability-tenant","7e915de8c02ff5f900b33e2b9a64938387ea98540633e521f73a6ccb35a88ad4","codex","38f70c162126f8b2c5bf183c15d10d31bbb11990640f969060914fd8b3d34b6f","5aae91b098918b8c212e7f9a58ba8eca83de35d3ba3902cc1c6b1423c2bab54e","continuation","False","108","64","44","0.407","4","4","16","12"
"2026-04-12T16:21:08.243735Z","stability-tenant","7e915de8c02ff5f900b33e2b9a64938387ea98540633e521f73a6ccb35a88ad4","codex","23ed262112e40befb2b872394b353266d83ac5c033607ebe72ea16358b82971a","f25a0c81f7d93c35749e18ccc826236d8568c6db302109da365e1a76ce5a276b","continuation","False","108","64","44","0.407","4","4","16","12"
"2026-04-12T16:21:13.302506Z","stability-tenant","7e915de8c02ff5f900b33e2b9a64938387ea98540633e521f73a6ccb35a88ad4","codex","d04d303670a959f199859c0215351f8a782e9a25136274bf19088d5eb8d777fe","9690da693cba3389a999357e039e999bcc2cd786ac1ed59961a50fa7a2a91f1e","continuation","False","108","64","44","0.407","4","4","16","12"
"2026-04-12T16:21:18.373012Z","stability-tenant","7e915de8c02ff5f900b33e2b9a64938387ea98540633e521f73a6ccb35a88ad4","codex","f8939e04fdc21bb8dbe7afee3fe6226bac68d57e9f62fe69081a91323761f6d8","fa9c666cd7ffe0e24fb85c34b49ebf1b78d5834f6d65a6c1d8a0acec6afb5d9d","continuation","False","108","64","44","0.407","4","4","16","12"
"2026-04-12T16:21:23.419080Z","stability-tenant","7e915de8c02ff5f900b33e2b9a64938387ea98540633e521f73a6ccb35a88ad4","codex","189ca40597b06307cce41c61278b58dfa544391ff2774decad484b6a9eb3791e","72bcf3df44bac948da8364d3a3c51d824da3d6c1f3fbfdbf2f06a6f5948ca1b6","continuation","False","108","64","44","0.407","4","4","16","12"
"2026-04-12T16:21:28.483651Z","stability-tenant","7e915de8c02ff5f900b33e2b9a64938387ea98540633e521f73a6ccb35a88ad4","codex","0d7630efc1b2fd3c1ec4210f181713ca1b887c4d53da0b626f9e9b3ac7f41713","40daa42875739b9f85f97bd460b6275c9707644ceb381dd5091a6518b953a346","continuation","False","108","64","44","0.407","4","4","16","12"
"2026-04-12T16:21:33.543807Z","stability-tenant","7e915de8c02ff5f900b33e2b9a64938387ea98540633e521f73a6ccb35a88ad4","codex","dc5cf4489b173d4123a8962963fe19ed9f3b4179bf33878f7e734abe6c2b6884","7cc5a0669dd339db04a47e79ae01c77b69b88fc26a11300c2321b7b0aacc5de6","continuation","False","108","64","44","0.407","4","4","16","12"
"2026-04-12T16:21:38.606520Z","stability-tenant","7e915de8c02ff5f900b33e2b9a64938387ea98540633e521f73a6ccb35a88ad4","codex","dfa268201c9577350bb488cfff39cd3d7da91afe20148eaf0f80811851d73bba","ce1214054d716f22b2f13ea3b696dd00c70305d7854a30959ae9c2ae013c5643","continuation","False","108","64","44","0.407","4","4","16","12"
"2026-04-12T16:21:43.675612Z","stability-tenant","7e915de8c02ff5f900b33e2b9a64938387ea98540633e521f73a6ccb35a88ad4","codex","e297c0a4a873da0f7ab9e384846b884e92afda2e8b474faf945992b95f953337","c3c18f7d48174162e12b374388c88d8b9c08cc572b8fd2c50d0c448b3fea6849","continuation","False","108","64","44","0.407","4","4","16","12"
"2026-04-12T16:21:48.731885Z","stability-tenant","7e915de8c02ff5f900b33e2b9a64938387ea98540633e521f73a6ccb35a88ad4","codex","1d98ad7948122a5cf82b07818b50ea875417af63a6ab6b352650c46b83b9ef44","c0110ac87453230138523634e2f8271dab68ecd7647784d979884dcc6721d4b8","continuation","False","108","64","44","0.407","4","4","16","12"
"2026-04-12T16:21:53.807965Z","stability-tenant","7e915de8c02ff5f900b33e2b9a64938387ea98540633e521f73a6ccb35a88ad4","codex","d268923ca9aff28b659c36f371c3b54a9c797fb9d737820a2cb1d15ce27e22d9","33b58b2a4d8cdca3c01b6f48b1f24d9685e1de5b5537c20989742e17db490b19","continuation","False","108","64","44","0.407","4","4","16","12"
"2026-04-12T16:21:58.865166Z","stability-tenant","7e915de8c02ff5f900b33e2b9a64938387ea98540633e521f73a6ccb35a88ad4","codex","7d33ff59b36a13ebd9bb6260153a1c4160aff23ae25aef6186c310e36becfedf","5cfcc8d6e2c13508abb7bef601b25a07a3a6366ed61d3a3444c9371effeb669a","continuation","False","108","64","44","0.407","4","4","16","12"
"2026-04-12T16:22:03.937079Z","stability-tenant","7e915de8c02ff5f900b33e2b9a64938387ea98540633e521f73a6ccb35a88ad4","codex","590ef773ac83c70b1ed190bee1890750ea4a37cc29ad7022f8761ea85bf278b2","0cf8515a15e402cfea7337bfe0ac37aa1fb9e7ba3000d277a70415d577dbb919","continuation","False","108","64","44","0.407","4","4","16","12"
"2026-04-12T16:22:08.995888Z","stability-tenant","7e915de8c02ff5f900b33e2b9a64938387ea98540633e521f73a6ccb35a88ad4","codex","d5323710e1abd8ee363f8dde63caf212e6c2498ee18ac9d7cc183cc949cdf320","ba63a36d02174dfff64083ca38b1826a0ba51f8d50b90182bc2c3dadde687695","continuation","False","108","64","44","0.407","4","4","16","12"
"2026-04-12T16:22:14.070650Z","stability-tenant","7e915de8c02ff5f900b33e2b9a64938387ea98540633e521f73a6ccb35a88ad4","codex","da3675cf8385ba4912ac549ac8730013a8a232df131335aa48b2c62b0f88a241","adf27180778aa9f100f596e284d506920d9d36037a9903ac92f3579df09bdcff","continuation","False","108","64","44","0.407","4","4","16","12"
"2026-04-12T16:22:19.135642Z","stability-tenant","7e915de8c02ff5f900b33e2b9a64938387ea98540633e521f73a6ccb35a88ad4","codex","0590315be14e5ce67ef80fad0ba3c9c6f46576cae12e4ec38eec9fdc4ab9bf0a","8e9b10daa770a7ba1515a30ec06c09a1b1e4b74e52dbefdb40d57b70ce647d43","continuation","False","108","64","44","0.407","4","4","16","12"
"2026-04-12T16:22:24.185607Z","stability-tenant","7e915de8c02ff5f900b33e2b9a64938387ea98540633e521f73a6ccb35a88ad4","codex","f8e2b5da4ef5e0c337f64b7ce8166ff361f466292eaee962bb4e06210f290f5b","ac9a6e14f4685c7082bcfffb7fa82646c31cf21c98ecf66e61acf08a3c81652e","continuation","False","108","64","44","0.407","4","4","16","12"
"2026-04-12T16:22:29.251259Z","stability-tenant","7e915de8c02ff5f900b33e2b9a64938387ea98540633e521f73a6ccb35a88ad4","codex","9aff8d382d5b8d0907e2ebbeb713f007eb9f2fa5e38506f67cf614b27f154d68","8b08c658e025077cb66cfb4de183cb2d87a4573aa0c29517c15e23bc7607fe9e","continuation","False","108","64","44","0.407","4","4","16","12"
"2026-04-12T16:22:34.333813Z","stability-tenant","7e915de8c02ff5f900b33e2b9a64938387ea98540633e521f73a6ccb35a88ad4","codex","3685d6bb17882c6932ca3b3610ae8c55350af8cbb014a7db8db8e3969fa51b34","67051152521296f022781c844efef497ad40971c86125dd21cc3fc4e29c89e5f","continuation","False","108","64","44","0.407","4","4","16","12"
"2026-04-12T16:22:39.385822Z","stability-tenant","7e915de8c02ff5f900b33e2b9a64938387ea98540633e521f73a6ccb35a88ad4","codex","fca77cd0f6d270325cf2a2647f4c5723d127169e58250bf5e449c24c7ce00d6d","b5546ff5be5d207b5969cc2368685bb251dc890f1ff751ba72b55aaae7910867","continuation","False","108","64","44","0.407","4","4","16","12"
"2026-04-12T16:22:44.453102Z","stability-tenant","7e915de8c02ff5f900b33e2b9a64938387ea98540633e521f73a6ccb35a88ad4","codex","915b5cef4da0a3ad25ef131406f8b9fa5b2ddc2161da1d118268cb1e043fdd0e","20841003de4547d0de0573ea1fd07c8e1dd49e855b1fed7936b00ff47ad6325d","continuation","False","108","64","44","0.407","4","4","16","12"
"2026-04-12T16:22:49.519793Z","stability-tenant","7e915de8c02ff5f900b33e2b9a64938387ea98540633e521f73a6ccb35a88ad4","codex","ea85c2ede43cec0076e90fdca0a2d9f1498cef246fb305858ebb9f2bddc3082d","98983f9562f56743785c45df73b165ce4c416b2f4b3c62673f92974d52b0a4d7","continuation","False","108","64","44","0.407","4","4","16","12"
"2026-04-12T16:22:54.603953Z","stability-tenant","7e915de8c02ff5f900b33e2b9a64938387ea98540633e521f73a6ccb35a88ad4","codex","a5575ee80fcb87c7d62926339c9319cc5e8b66ee437fe782daae0091cf583730","68d75debe4ec214c97bd048ba974b7d34c23a6cbe3a3436fc604dd3dc7144d41","continuation","False","108","64","44","0.407","4","4","16","12"
"2026-04-12T16:22:59.666648Z","stability-tenant","7e915de8c02ff5f900b33e2b9a64938387ea98540633e521f73a6ccb35a88ad4","codex","8b91eeaa2a39d6190a0a9b6ff9cb635eec2b349552ed16779e50feb9f0667428","be146544bdfb7fee20bdd48e00935910017dc9f083f9b8af38a472fe324e5ddb","continuation","False","108","64","44","0.407","4","4","16","12"
"2026-04-12T16:23:04.731911Z","stability-tenant","7e915de8c02ff5f900b33e2b9a64938387ea98540633e521f73a6ccb35a88ad4","codex","85a258450ba7154b7a20f0886c414809c8c702959b164ee11dde521d05bb7fcc","7b67d8fb9b65d255553b4e2edaa0a272660085f2e53aa0dc68b0f174cad4518c","continuation","False","108","64","44","0.407","4","4","16","12"
"2026-04-12T16:23:09.791252Z","stability-tenant","7e915de8c02ff5f900b33e2b9a64938387ea98540633e521f73a6ccb35a88ad4","codex","7d6ce57676f8d9d2c48c88df2152e66be9c9aa0f388a75545da970b7205c7657","885eed5818cec72e20218374f864bdb0f486ec52e99d9323f05018a187f65810","continuation","False","108","64","44","0.407","4","4","16","12"
"2026-04-12T16:23:14.856668Z","stability-tenant","7e915de8c02ff5f900b33e2b9a64938387ea98540633e521f73a6ccb35a88ad4","codex","373dc7906bcaa8e17d2cb0ead768921c023f94a21584c0578b6e51abdff777d9","ad84ff4cb999aac1b4463f38761113f1a9df735482a9b1acd4bc37cd7d98e6c5","continuation","False","108","64","44","0.407","4","4","16","12"
"2026-04-12T16:23:19.914033Z","stability-tenant","7e915de8c02ff5f900b33e2b9a64938387ea98540633e521f73a6ccb35a88ad4","codex","d643bd7a95216491d5d525cf64fa1d35f3cf00c12930b74615745b1274c6b14d","e5b3ce84593b1e82a031207b8d1c5c4bfc3937865f696c7965c5d9eb33c86268","continuation","False","108","64","44","0.407","4","4","16","12"
"2026-04-12T16:23:24.994716Z","stability-tenant","7e915de8c02ff5f900b33e2b9a64938387ea98540633e521f73a6ccb35a88ad4","codex","554f59caa818c72e56cfe86e595e54891e732b758ca4ecf9a64c520ff4a323ed","a719b58243f2454c7e3ca33be9be74f9d82e9796832ff0b34e73fc58d2ade7ab","continuation","False","108","64","44","0.407","4","4","16","12"
"2026-04-12T16:23:30.056070Z","stability-tenant","7e915de8c02ff5f900b33e2b9a64938387ea98540633e521f73a6ccb35a88ad4","codex","4b3334af2676bfb8415c329f8c49b127fbda5815283fbd12f73378a3b842a5be","7ff77df362cee5d16fd68fcb1565b0bbac6789f7d269e3e221373e5483a5c126","continuation","False","108","64","44","0.407","4","4","16","12"
"2026-04-12T16:23:35.120651Z","stability-tenant","7e915de8c02ff5f900b33e2b9a64938387ea98540633e521f73a6ccb35a88ad4","codex","ca31da2f9e1d8b3f567b17aca634ff117d64a158493e872a8e80f4144a5c840a","b4cf12a48c0432c2ad04a9fd3575f74e245c8da7c5b93c16e1755a5671e857a5","continuation","False","108","64","44","0.407","4","4","16","12"
"2026-04-12T16:23:40.182661Z","stability-tenant","7e915de8c02ff5f900b33e2b9a64938387ea98540633e521f73a6ccb35a88ad4","codex","c9f3d08dba0ede0099e520c9a4f9cfa44c7135ebe49f93ef3150412f744e3436","2568e410be3180f3585a2b285acee04c029bcc4b1e77abccdf78eed65cd52cdd","continuation","False","108","64","44","0.407","4","4","16","12"
"2026-04-12T16:23:45.234678Z","stability-tenant","7e915de8c02ff5f900b33e2b9a64938387ea98540633e521f73a6ccb35a88ad4","codex","fd2198f07b817d3dede3eed2cda8d7710c11ce46077c3d3e3450e921f7220da3","d3eed2c0c70746d913317723c63f1bd3ccb02e1d3f6613f6f4024765ddbef556","continuation","False","108","64","44","0.407","4","4","16","12"
"2026-04-12T16:23:50.290300Z","stability-tenant","7e915de8c02ff5f900b33e2b9a64938387ea98540633e521f73a6ccb35a88ad4","codex","46d27a9b8a0a7e7dcf77c612d255ccb5fd39ccb3ce9053bcb10d9d48028d5ed8","158ddba6baaba4fe4130db35956e6c5857daf1ea3f125ceaf7bedc41c5ed9b1c","continuation","False","108","64","44","0.407","4","4","16","12"
"2026-04-12T16:23:55.364878Z","stability-tenant","7e915de8c02ff5f900b33e2b9a64938387ea98540633e521f73a6ccb35a88ad4","codex","06b1c6865943c930e28cad815f3bb23fd88a51e49951397a54638c94a4e52951","51d068c81946743a347125ac0190c27389165f3f4870099138b074e6a0d460f6","continuation","False","108","64","44","0.407","4","4","16","12"
"2026-04-12T16:24:00.429954Z","stability-tenant","7e915de8c02ff5f900b33e2b9a64938387ea98540633e521f73a6ccb35a88ad4","codex","08b2f6e2de89cc7c671cf0743dd5a4cb8835496cd53b9a30ef5b8881519e2552","f7fa2d45120a3c729ee6f694106baa7928402dd1d81f97a9d78f7fa86606f541","continuation","False","108","64","44","0.407","4","4","16","12"
"2026-04-12T16:24:05.483674Z","stability-tenant","7e915de8c02ff5f900b33e2b9a64938387ea98540633e521f73a6ccb35a88ad4","codex","bfd7b49d320070a4b9456e53aeaf371fcc50af9a91b7643ca9d40bab0eb4c8b0","e3ae6a45a231ede76aa2cbcf25ed5f429cd09f7de65a432487c61df5f98eb9f5","continuation","False","108","64","44","0.407","4","4","16","12"
"2026-04-12T16:24:10.547911Z","stability-tenant","7e915de8c02ff5f900b33e2b9a64938387ea98540633e521f73a6ccb35a88ad4","codex","28702995ada55e9b09146b5588eedd5ec9133105fb0877ae6941bfaa72b4ff7a","ff151c640181a4d4c71da7f073a627cf2049e14617eb734a299e3b884a95b96a","continuation","False","108","64","44","0.407","4","4","16","12"
"2026-04-12T16:24:29.909907Z","stability-tenant","7e915de8c02ff5f900b33e2b9a64938387ea98540633e521f73a6ccb35a88ad4","codex","b6332b0b6d16fd79eede951f655a47c36321f9ebf1e140f7597f0b54d0499d7c","0c7d0a3c8cf0bd919a95da8d94becc3abe539ebbf9a33767c204086f13764bc6","continuation","False","108","64","44","0.407","4","4","16","12"
"2026-04-12T16:24:59.982376Z","stability-tenant","7e915de8c02ff5f900b33e2b9a64938387ea98540633e521f73a6ccb35a88ad4","codex","1f841182b89f5c7b59e6079daa2d5ed18c3b6e97b4600add8b4a9ecb4754edd0","5ccc1cf26a3d8c01e66fa24dc1cb167fffc74543da6dfe3be33f665e1b4eeb8d","continuation","False","108","64","44","0.407","4","4","16","12"
"2026-04-12T16:25:30.053351Z","stability-tenant","7e915de8c02ff5f900b33e2b9a64938387ea98540633e521f73a6ccb35a88ad4","codex","ba2fc3327f342c2ad6c3d846d591e66dfc4ebcf189bf62e91a4d942dd8536237","45753869238b07e620bd2cd96f93e3a58d7c2a2c3c5c0849c6318f5589fd3eeb","continuation","False","108","64","44","0.407","4","4","16","12"
"2026-04-12T16:26:00.136232Z","stability-tenant","7e915de8c02ff5f900b33e2b9a64938387ea98540633e521f73a6ccb35a88ad4","codex","6660f579acd793ea28c85d78b00812ea266bc0d707e8b4aeb43787676942f97a","8be14eac8c10fd4c0388fc319afe2c597be58880c50f91842bdd615ff4a85218","continuation","False","108","64","44","0.407","4","4","16","12"
"2026-04-12T16:26:30.205798Z","stability-tenant","7e915de8c02ff5f900b33e2b9a64938387ea98540633e521f73a6ccb35a88ad4","codex","1b93ed4092b318d2a7706936305c5255c946ce5d122b8ed234b2863cd5b94260","d6fa1a2016d7ac8d08ba367c349cf17163df141ed1a980d90f57126125fa0a38","continuation","False","108","64","44","0.407","4","4","16","12"
"2026-04-12T16:27:00.276743Z","stability-tenant","7e915de8c02ff5f900b33e2b9a64938387ea98540633e521f73a6ccb35a88ad4","codex","d5643e82d25eac4c2356da4ef1e570dbdf2ad5303d0a3a6e18210ea804c07390","f388be0264b035560e324914fdbcc33d8d95e7c6a080235e62a68427e77de2f6","continuation","False","108","64","44","0.407","4","4","16","12"
"2026-04-12T16:27:30.349883Z","stability-tenant","7e915de8c02ff5f900b33e2b9a64938387ea98540633e521f73a6ccb35a88ad4","codex","7e94bb306a8e4bb7e9e46e0653434bba280858682f2f02444f0196e96abeb764","ad974d690bc57ab14414106a7922afc05259d02f6617a3034e5d9fb65d6640f1","continuation","False","108","64","44","0.407","4","4","16","12"
"2026-04-12T16:28:00.412004Z","stability-tenant","7e915de8c02ff5f900b33e2b9a64938387ea98540633e521f73a6ccb35a88ad4","codex","f7fd93dbe72e09e63ae1c35a6f9a52b498942f56565c54bede9d3eb74be2dec4","3e43b03bf3373495e66af4ba80f9e59fe9c68ba5cb03e73dced7faf3c23f19a8","continuation","False","108","64","44","0.407","4","4","16","12"
"2026-04-12T16:28:30.487985Z","stability-tenant","7e915de8c02ff5f900b33e2b9a64938387ea98540633e521f73a6ccb35a88ad4","codex","b3496ab3a99cbc0d7be4009032ed18df301ff86d07a63ab7d2972b6920937f0a","22b6c3e95477d694d01feebe95a1990f0443bee561d3721d96c23eba633fdeba","continuation","False","108","64","44","0.407","4","4","16","12"
"2026-04-12T16:29:00.534902Z","stability-tenant","7e915de8c02ff5f900b33e2b9a64938387ea98540633e521f73a6ccb35a88ad4","codex","1d09b5db016decc16311288d68ee03a0f3ed9339f609bc0107ddcfbd0750adb4","d4113ec76a76c3ea87351953ea4bb55ce7089a32520fba6956affb8ed4f5a641","continuation","False","108","64","44","0.407","4","4","16","12"
"2026-04-12T16:29:30.589991Z","stability-tenant","7e915de8c02ff5f900b33e2b9a64938387ea98540633e521f73a6ccb35a88ad4","codex","95cb3599cfb67bca1ec125f6b420b1b5242bcbf3b72b0d7741363ee62e08ec75","764a8d64d20735694ccf21bebd03532681cf5e26d1a126a17d11923d6fad5050","continuation","False","108","64","44","0.407","4","4","16","12"
"2026-04-12T16:30:00.653515Z","stability-tenant","7e915de8c02ff5f900b33e2b9a64938387ea98540633e521f73a6ccb35a88ad4","codex","e30d4ac6cb37a191e04dcb3de6df415f9219bdf89bea84e0540d6831b6c08aa2","e7d405489415b75e048519a0da517581bf508db0f10b112fdaa3f789912c568d","continuation","False","108","64","44","0.407","4","4","16","12"
"2026-04-12T16:30:30.737340Z","stability-tenant","7e915de8c02ff5f900b33e2b9a64938387ea98540633e521f73a6ccb35a88ad4","codex","807efdd89f781011ea028da58e2de7b030e5645c6830e97ce555ade288b41ec2","03f1bfe991c6966c31adc552b5c1c4ff13aff6d98bfd18a1a0e909c6aa16ef71","continuation","False","108","64","44","0.407","4","4","16","12"
"2026-04-12T16:31:00.819177Z","stability-tenant","7e915de8c02ff5f900b33e2b9a64938387ea98540633e521f73a6ccb35a88ad4","codex","eb014c8fe6514a56b21d5435f3a90a8ab9eeba4554312313240e7bddad3ea790","cc76bcb0e7049ffd84c31f1114d4ddd0848d95f584d38dce9b0b930c18cafc55","continuation","False","108","64","44","0.407","4","4","16","12"
"2026-04-12T16:31:30.901125Z","stability-tenant","7e915de8c02ff5f900b33e2b9a64938387ea98540633e521f73a6ccb35a88ad4","codex","9090b0d8dba2c6f3cca8cc50ab5cb1c998551df2f03041515f3291d81607f537","30607e99121d9c17ab6eec5cd1d19cf6a3398606a60d9f22bc522fa31d8b3312","continuation","False","108","64","44","0.407","4","4","16","12"
"2026-04-12T16:32:00.965621Z","stability-tenant","7e915de8c02ff5f900b33e2b9a64938387ea98540633e521f73a6ccb35a88ad4","codex","7da3a7755c15e09b2a071d62f15ba2bfc700fafccdd1ace5c3b7d03e76688b92","d6cf70cea2f59205c8e5e2e70b8c56ffd11c304a7af23a16e2cca20f33ffc9dd","continuation","False","108","64","44","0.407","4","4","16","12"
"2026-04-12T16:32:31.022157Z","stability-tenant","7e915de8c02ff5f900b33e2b9a64938387ea98540633e521f73a6ccb35a88ad4","codex","d9799113d9473c54e0d57cebf205c45ffe8490948583470ecf461273a5b9b032","f4e6aa30be5b933b4effe5bff0000e98cfd627bbcc79841504cb18cd477cf4c4","continuation","False","108","64","44","0.407","4","4","16","12"
"2026-04-12T16:33:01.105014Z","stability-tenant","7e915de8c02ff5f900b33e2b9a64938387ea98540633e521f73a6ccb35a88ad4","codex","d10bcad28241e6ea4f74be935e35ad95501d86581c51950a4d36f4803a4df2c9","415335376431e91cc6540208047219548a080f34f2f9d5eac56dcc48a46e14c3","continuation","False","108","64","44","0.407","4","4","16","12"
"2026-04-12T16:33:31.176638Z","stability-tenant","7e915de8c02ff5f900b33e2b9a64938387ea98540633e521f73a6ccb35a88ad4","codex","66cca2c8f8f48d0541f78e3d43c3c5e4450e450b16d1fec54095d504cf26e9d3","0aec5e9ed815fcc8ce76b17b1161af42a28d14fbe7b54cac8061a3566876cb43","continuation","False","108","64","44","0.407","4","4","16","12"
"2026-04-12T16:34:01.246318Z","stability-tenant","7e915de8c02ff5f900b33e2b9a64938387ea98540633e521f73a6ccb35a88ad4","codex","ead5005365bc420fcca54d847923997fad94b801ec75ff821373c4bd721abf75","f2adb2320438ed473442b90cb2c4d9315f04b8d70e13d2da1cca12d1705834d1","continuation","False","108","64","44","0.407","4","4","16","12"
"2026-04-12T16:34:31.311366Z","stability-tenant","7e915de8c02ff5f900b33e2b9a64938387ea98540633e521f73a6ccb35a88ad4","codex","0ffdd2e7c3b62f6b8835733bec32143cda118d415081b07d2c5ffaa633f086a4","309f3e9af34597f2272aeb6880f921b5e12aea7370ee4e4e08d9d15336fbc6d6","continuation","False","108","64","44","0.407","4","4","16","12"
"2026-04-12T16:35:01.354452Z","stability-tenant","7e915de8c02ff5f900b33e2b9a64938387ea98540633e521f73a6ccb35a88ad4","codex","a90bb6fe05ce1d5462a095e14346d77f95b60e6ed97967eb60e079f9edf0bb31","d0e7b7f54f7b51910567d05faceafcaa1406938e368b37c51123b6de86509469","continuation","False","108","64","44","0.407","4","4","16","12"
"2026-04-12T16:35:31.414868Z","stability-tenant","7e915de8c02ff5f900b33e2b9a64938387ea98540633e521f73a6ccb35a88ad4","codex","3cfcfd09a45e801a9762186f27a00af880138ccd5c4fea78808be0892708d222","a26421ae620880a5ff3d2da93cd4245c708b86e241ab00be616ba5e6af9780de","continuation","False","108","64","44","0.407","4","4","16","12"
"2026-04-12T16:36:01.492515Z","stability-tenant","7e915de8c02ff5f900b33e2b9a64938387ea98540633e521f73a6ccb35a88ad4","codex","01843ba96073b25a3f7d4980df0e228ee382a876a659acbc35509d7210777dc3","f01ee164cea8b29b9535c8452d4f0bffc45728fba829e7e6919d53be8876e7b1","continuation","False","108","64","44","0.407","4","4","16","12"
"2026-04-12T16:36:31.543280Z","stability-tenant","7e915de8c02ff5f900b33e2b9a64938387ea98540633e521f73a6ccb35a88ad4","codex","c9678b4b0638b756002e63d7251fd986bff3d46551a56c0b9f565c1f57e97748","8a1ae48800d38259d3529a63eb799c3834d910a2c8a6c20e430883769e6d7b30","continuation","False","108","64","44","0.407","4","4","16","12"
"2026-04-12T16:37:01.614185Z","stability-tenant","7e915de8c02ff5f900b33e2b9a64938387ea98540633e521f73a6ccb35a88ad4","codex","3a0bed24e36a35504dfdc93b6c31615d251085bce3ecad406785522124eb44be","ff9b6d0c4139105c2def7319da2239355d93288e207d8744ff3bf8105739a8fd","continuation","False","108","64","44","0.407","4","4","16","12"
"2026-04-12T16:37:31.693592Z","stability-tenant","7e915de8c02ff5f900b33e2b9a64938387ea98540633e521f73a6ccb35a88ad4","codex","8dab90c46558002d47446246c5f50fc90eb60ccf26a774ca878c6cb0f7b474d6","49f2b633face1947f66a61dfed4541f96067f3da5bfaa5131b4c9958e7df2654","continuation","False","108","64","44","0.407","4","4","16","12"
"2026-04-12T16:38:01.761491Z","stability-tenant","7e915de8c02ff5f900b33e2b9a64938387ea98540633e521f73a6ccb35a88ad4","codex","466ef6f92103c2c2289d99a63f02acdafff2c0d8613a737763fc4c897865a235","44bbe6f741498e5311cd718c302fd409e3b45833ed129a813058847421997b86","continuation","False","108","64","44","0.407","4","4","16","12"
"2026-04-12T16:38:31.823571Z","stability-tenant","7e915de8c02ff5f900b33e2b9a64938387ea98540633e521f73a6ccb35a88ad4","codex","b22e0e4352dc8895c68b2b92829204cb628b7c17e10fc648e05850b361faffab","ea00a2b47c79a6d26a17d80290a99b66a8be620c7f05945d28a76cf485e0f06f","continuation","False","108","64","44","0.407","4","4","16","12"
"2026-04-12T16:39:01.886345Z","stability-tenant","7e915de8c02ff5f900b33e2b9a64938387ea98540633e521f73a6ccb35a88ad4","codex","5cbec54190e853855669e96cbed266e0f44890507193c99258838ae4430d98db","31b1bd46e4dada85f367ce922cb2b5c917ff8e910ae98a1eca2a2ea17c273827","continuation","False","108","64","44","0.407","4","4","16","12"
"2026-04-12T16:39:31.943007Z","stability-tenant","7e915de8c02ff5f900b33e2b9a64938387ea98540633e521f73a6ccb35a88ad4","codex","997cbe8cbdc29008bf73c34635ca565ad4a57475c2b44149d6058c0e9178d969","49813a1e094481ff476a5c0a05257984ecec77d6c250d869bc92fa20ee187d2f","continuation","False","108","64","44","0.407","4","4","16","12"
"2026-04-12T16:40:02.010770Z","stability-tenant","7e915de8c02ff5f900b33e2b9a64938387ea98540633e521f73a6ccb35a88ad4","codex","16ceb29aa71d9c81f34492438c15ebb80762ac6018677bcbe7c90130dbc3c0dd","533c85d60bba99abbda876609a5ff5a2e5be6b8e3ee3ad20a532b6de49f7735e","continuation","False","108","64","44","0.407","4","4","16","12"
"2026-04-12T16:40:32.090479Z","stability-tenant","7e915de8c02ff5f900b33e2b9a64938387ea98540633e521f73a6ccb35a88ad4","codex","8112713de1f2c97deff7184bf2a2f321a9db990bc52cb09ec16bf526bef814d5","45162003fdffc71bbf59143b47b8a8c0bcba0acdae6a2aedf4c5372c289f264b","continuation","False","108","64","44","0.407","4","4","16","12"
"2026-04-12T16:41:02.162422Z","stability-tenant","7e915de8c02ff5f900b33e2b9a64938387ea98540633e521f73a6ccb35a88ad4","codex","ba10775aa30363757b80ac185a9be7c83287a34776009b0ed6ca19c4b5421cc1","7d1eb5490cd4b13db84ef00d3fc224ed0572255e49b4447cac4c90f50ebc257f","continuation","False","108","64","44","0.407","4","4","16","12"
"2026-04-12T16:41:32.238366Z","stability-tenant","7e915de8c02ff5f900b33e2b9a64938387ea98540633e521f73a6ccb35a88ad4","codex","625f46fe27cc5dc088d951dfd3b6f54f7d100beb0565e9fe8e45c25f8f7fbd15","5aae91b098918b8c212e7f9a58ba8eca83de35d3ba3902cc1c6b1423c2bab54e","continuation","False","108","64","44","0.407","4","4","16","12"
"2026-04-12T16:42:02.299504Z","stability-tenant","7e915de8c02ff5f900b33e2b9a64938387ea98540633e521f73a6ccb35a88ad4","codex","88324f81f012f8d4f6ddf48f78a4cb7e7f78f27e6f6090cccf0fe2a4f90c08b8","f25a0c81f7d93c35749e18ccc826236d8568c6db302109da365e1a76ce5a276b","continuation","False","108","64","44","0.407","4","4","16","12"
"2026-04-12T16:42:32.352570Z","stability-tenant","7e915de8c02ff5f900b33e2b9a64938387ea98540633e521f73a6ccb35a88ad4","codex","fc201b391cf824f7c356edf902a99a233dffe36f6459785a59af1529fa1a2e27","9690da693cba3389a999357e039e999bcc2cd786ac1ed59961a50fa7a2a91f1e","continuation","False","108","64","44","0.407","4","4","16","12"
"2026-04-12T16:43:02.414922Z","stability-tenant","7e915de8c02ff5f900b33e2b9a64938387ea98540633e521f73a6ccb35a88ad4","codex","5355f1db638896bcc959eb2facf8600eb7523cd82f3e8599016e919dbec87c5b","fa9c666cd7ffe0e24fb85c34b49ebf1b78d5834f6d65a6c1d8a0acec6afb5d9d","continuation","False","108","64","44","0.407","4","4","16","12"
"2026-04-12T16:43:32.490496Z","stability-tenant","7e915de8c02ff5f900b33e2b9a64938387ea98540633e521f73a6ccb35a88ad4","codex","46cee6db70d7d48e82d7f53866680317842d0b4da4f5f2ffe1a2520d551997eb","72bcf3df44bac948da8364d3a3c51d824da3d6c1f3fbfdbf2f06a6f5948ca1b6","continuation","False","108","64","44","0.407","4","4","16","12"
"2026-04-12T16:44:02.551239Z","stability-tenant","7e915de8c02ff5f900b33e2b9a64938387ea98540633e521f73a6ccb35a88ad4","codex","c9e6096f850e387e61deb713dfbfcf31e1233dbc654d2592c4323428a3601ab6","40daa42875739b9f85f97bd460b6275c9707644ceb381dd5091a6518b953a346","continuation","False","108","64","44","0.407","4","4","16","12"
"2026-04-12T16:44:32.615401Z","stability-tenant","7e915de8c02ff5f900b33e2b9a64938387ea98540633e521f73a6ccb35a88ad4","codex","5a9a01f04e81dbe9f2b636bdc36b03adfbd22ca85b69453ae250de3143c7862b","7cc5a0669dd339db04a47e79ae01c77b69b88fc26a11300c2321b7b0aacc5de6","continuation","False","108","64","44","0.407","4","4","16","12"
"2026-04-12T16:45:02.676594Z","stability-tenant","7e915de8c02ff5f900b33e2b9a64938387ea98540633e521f73a6ccb35a88ad4","codex","4d5e01401cc64714964dc1870a91c762f9334e0ce020549085cb65f75b2c2402","ce1214054d716f22b2f13ea3b696dd00c70305d7854a30959ae9c2ae013c5643","continuation","False","108","64","44","0.407","4","4","16","12"
"2026-04-12T16:45:32.744528Z","stability-tenant","7e915de8c02ff5f900b33e2b9a64938387ea98540633e521f73a6ccb35a88ad4","codex","53831d352248836d86ac944dde6f56e16757af394bfc8a6752c2952e8e0ad7f4","c3c18f7d48174162e12b374388c88d8b9c08cc572b8fd2c50d0c448b3fea6849","continuation","False","108","64","44","0.407","4","4","16","12"
"2026-04-12T16:46:02.822691Z","stability-tenant","7e915de8c02ff5f900b33e2b9a64938387ea98540633e521f73a6ccb35a88ad4","codex","e6cad94785cea2e52e3ab078cfbe0d4eda92c6a384c329f3163ed5ea3fabcad5","c0110ac87453230138523634e2f8271dab68ecd7647784d979884dcc6721d4b8","continuation","False","108","64","44","0.407","4","4","16","12"
"2026-04-12T16:46:32.878970Z","stability-tenant","7e915de8c02ff5f900b33e2b9a64938387ea98540633e521f73a6ccb35a88ad4","codex","1b110a5847e68332dff3385c94c2d98225dfedd547d6f1ee773610ab310d1f8e","33b58b2a4d8cdca3c01b6f48b1f24d9685e1de5b5537c20989742e17db490b19","continuation","False","108","64","44","0.407","4","4","16","12"
"2026-04-12T16:47:02.946716Z","stability-tenant","7e915de8c02ff5f900b33e2b9a64938387ea98540633e521f73a6ccb35a88ad4","codex","7944cd41412d825a25a487970ccaf3e6a616f72b376de1443b79bfe2cd81d899","5cfcc8d6e2c13508abb7bef601b25a07a3a6366ed61d3a3444c9371effeb669a","continuation","False","108","64","44","0.407","4","4","16","12"
"2026-04-12T16:47:33.000029Z","stability-tenant","7e915de8c02ff5f900b33e2b9a64938387ea98540633e521f73a6ccb35a88ad4","codex","64e04340236feda146d7ab5ecbbda959275f7e669c30f0dd95af466b69d4cb36","0cf8515a15e402cfea7337bfe0ac37aa1fb9e7ba3000d277a70415d577dbb919","continuation","False","108","64","44","0.407","4","4","16","12"
"2026-04-12T16:48:03.062237Z","stability-tenant","7e915de8c02ff5f900b33e2b9a64938387ea98540633e521f73a6ccb35a88ad4","codex","1524fc05ce457a6e9a181b2efdb8bf08a11ad7bc59669c92438ad77ea1cad817","ba63a36d02174dfff64083ca38b1826a0ba51f8d50b90182bc2c3dadde687695","continuation","False","108","64","44","0.407","4","4","16","12"
"2026-04-12T16:48:33.138663Z","stability-tenant","7e915de8c02ff5f900b33e2b9a64938387ea98540633e521f73a6ccb35a88ad4","codex","218bbc241e8998bccd1f8c3b7dade2c921128dfe20f7bd491c05fe806b1446aa","adf27180778aa9f100f596e284d506920d9d36037a9903ac92f3579df09bdcff","continuation","False","108","64","44","0.407","4","4","16","12"
"2026-04-12T16:49:03.200520Z","stability-tenant","7e915de8c02ff5f900b33e2b9a64938387ea98540633e521f73a6ccb35a88ad4","codex","46727f7fb1ad486ca4f6d8d75d6cf4a849118d51f62cdeb3948a1d801370fd2f","8e9b10daa770a7ba1515a30ec06c09a1b1e4b74e52dbefdb40d57b70ce647d43","continuation","False","108","64","44","0.407","4","4","16","12"
"2026-04-12T16:49:33.269129Z","stability-tenant","7e915de8c02ff5f900b33e2b9a64938387ea98540633e521f73a6ccb35a88ad4","codex","cd8568568681a33b43bf656849dc777c4fa897d173844294dd18b3e9362f4666","ac9a6e14f4685c7082bcfffb7fa82646c31cf21c98ecf66e61acf08a3c81652e","continuation","False","108","64","44","0.407","4","4","16","12"
"2026-04-12T16:50:03.352897Z","stability-tenant","7e915de8c02ff5f900b33e2b9a64938387ea98540633e521f73a6ccb35a88ad4","codex","73631c65b073fefae394e024e7d3b337c0a8264419f71ebe1f3c5da738e56db2","8b08c658e025077cb66cfb4de183cb2d87a4573aa0c29517c15e23bc7607fe9e","continuation","False","108","64","44","0.407","4","4","16","12"
"2026-04-12T16:50:33.420775Z","stability-tenant","7e915de8c02ff5f900b33e2b9a64938387ea98540633e521f73a6ccb35a88ad4","codex","8eed5106a28e18e31cdcc12e8eec4297270d9567af3aa5985a48a7f07eca52b6","67051152521296f022781c844efef497ad40971c86125dd21cc3fc4e29c89e5f","continuation","False","108","64","44","0.407","4","4","16","12"
"2026-04-12T16:51:03.485896Z","stability-tenant","7e915de8c02ff5f900b33e2b9a64938387ea98540633e521f73a6ccb35a88ad4","codex","ceae062c4235d0219dd02ee68686b6e1b2c7c2dbaadbdde48f11a8858c48c45f","b5546ff5be5d207b5969cc2368685bb251dc890f1ff751ba72b55aaae7910867","continuation","False","108","64","44","0.407","4","4","16","12"
"2026-04-12T16:51:33.533988Z","stability-tenant","7e915de8c02ff5f900b33e2b9a64938387ea98540633e521f73a6ccb35a88ad4","codex","63bc7cded3f215101715ffd3950288d0856ab33bc45fcefac6dd3cc6e56cb04a","20841003de4547d0de0573ea1fd07c8e1dd49e855b1fed7936b00ff47ad6325d","continuation","False","108","64","44","0.407","4","4","16","12"
"2026-04-12T16:52:03.607374Z","stability-tenant","7e915de8c02ff5f900b33e2b9a64938387ea98540633e521f73a6ccb35a88ad4","codex","8a39a7f70e5de86f4fd7979950959156d6bd215fe2e91e1f4b11ddf2e0e69495","98983f9562f56743785c45df73b165ce4c416b2f4b3c62673f92974d52b0a4d7","continuation","False","108","64","44","0.407","4","4","16","12"
"2026-04-12T16:52:33.696006Z","stability-tenant","7e915de8c02ff5f900b33e2b9a64938387ea98540633e521f73a6ccb35a88ad4","codex","63978194dac453b9775469f1794c004c407b1fe1a6437069e4be0158d223733c","68d75debe4ec214c97bd048ba974b7d34c23a6cbe3a3436fc604dd3dc7144d41","continuation","False","108","64","44","0.407","4","4","16","12"
"2026-04-12T16:53:03.758779Z","stability-tenant","7e915de8c02ff5f900b33e2b9a64938387ea98540633e521f73a6ccb35a88ad4","codex","f6243ec15f3625452470a1f4c3ce33a9be7af8d7caee6056fc19f0418dc8d7ab","be146544bdfb7fee20bdd48e00935910017dc9f083f9b8af38a472fe324e5ddb","continuation","False","108","64","44","0.407","4","4","16","12"
"2026-04-12T16:53:33.820020Z","stability-tenant","7e915de8c02ff5f900b33e2b9a64938387ea98540633e521f73a6ccb35a88ad4","codex","64132c8c59552851af2f3e4fc8ab838bf57bc229f5d06fe2545e86f26850e2fe","7b67d8fb9b65d255553b4e2edaa0a272660085f2e53aa0dc68b0f174cad4518c","continuation","False","108","64","44","0.407","4","4","16","12"
"2026-04-12T16:54:03.895086Z","stability-tenant","7e915de8c02ff5f900b33e2b9a64938387ea98540633e521f73a6ccb35a88ad4","codex","ee98560cc7974434f0cbecb633143101bc053d34ee69620cf1f7e929305e195d","885eed5818cec72e20218374f864bdb0f486ec52e99d9323f05018a187f65810","continuation","False","108","64","44","0.407","4","4","16","12"
"2026-04-12T16:54:33.947250Z","stability-tenant","7e915de8c02ff5f900b33e2b9a64938387ea98540633e521f73a6ccb35a88ad4","codex","6b24930cd0939498bd81b6b764aed3eb445f04422b8b4f63235b36fab1ff7c67","ad84ff4cb999aac1b4463f38761113f1a9df735482a9b1acd4bc37cd7d98e6c5","continuation","False","108","64","44","0.407","4","4","16","12"
"2026-04-12T16:55:04.007389Z","stability-tenant","7e915de8c02ff5f900b33e2b9a64938387ea98540633e521f73a6ccb35a88ad4","codex","774f4d591f737f41ebba8244a2e45875f63810a546aa36ca6ebb5a3035bdd693","e5b3ce84593b1e82a031207b8d1c5c4bfc3937865f696c7965c5d9eb33c86268","continuation","False","108","64","44","0.407","4","4","16","12"
"2026-04-12T16:55:34.070835Z","stability-tenant","7e915de8c02ff5f900b33e2b9a64938387ea98540633e521f73a6ccb35a88ad4","codex","98835519cdfcbba3ef8c51e1c18c32be8bbed1cb928b16d72ac849a2314c9597","a719b58243f2454c7e3ca33be9be74f9d82e9796832ff0b34e73fc58d2ade7ab","continuation","False","108","64","44","0.407","4","4","16","12"
"2026-04-12T16:56:04.133687Z","stability-tenant","7e915de8c02ff5f900b33e2b9a64938387ea98540633e521f73a6ccb35a88ad4","codex","382773bb13a247d9cb25c19c7e2e7f3ffe9aae881a48e8f0d662228cdbb3e9f2","7ff77df362cee5d16fd68fcb1565b0bbac6789f7d269e3e221373e5483a5c126","continuation","False","108","64","44","0.407","4","4","16","12"
"2026-04-12T16:56:34.193525Z","stability-tenant","7e915de8c02ff5f900b33e2b9a64938387ea98540633e521f73a6ccb35a88ad4","codex","6dcca6d16a6c803e70cfe11adbf056dc22c31635b1b04ea29dd3db290f754b61","b4cf12a48c0432c2ad04a9fd3575f74e245c8da7c5b93c16e1755a5671e857a5","continuation","False","108","64","44","0.407","4","4","16","12"
"2026-04-12T16:57:04.273531Z","stability-tenant","7e915de8c02ff5f900b33e2b9a64938387ea98540633e521f73a6ccb35a88ad4","codex","ce62f959c564b6ca3ce3f532d30a9f95cd522ab8e028bbfa9625b5c8a09c7480","2568e410be3180f3585a2b285acee04c029bcc4b1e77abccdf78eed65cd52cdd","continuation","False","108","64","44","0.407","4","4","16","12"
"2026-04-12T16:57:34.352152Z","stability-tenant","7e915de8c02ff5f900b33e2b9a64938387ea98540633e521f73a6ccb35a88ad4","codex","19ac87bab7d9a18d710737288448a48de34bcf8b58085ab9f4014110b1884d23","d3eed2c0c70746d913317723c63f1bd3ccb02e1d3f6613f6f4024765ddbef556","continuation","False","108","64","44","0.407","4","4","16","12"
"2026-04-12T16:58:04.422572Z","stability-tenant","7e915de8c02ff5f900b33e2b9a64938387ea98540633e521f73a6ccb35a88ad4","codex","14c847573077684c47e1483428f75a6e9d74c10008eab8f36c77a48cabf229da","158ddba6baaba4fe4130db35956e6c5857daf1ea3f125ceaf7bedc41c5ed9b1c","continuation","False","108","64","44","0.407","4","4","16","12"
"2026-04-12T16:58:34.496202Z","stability-tenant","7e915de8c02ff5f900b33e2b9a64938387ea98540633e521f73a6ccb35a88ad4","codex","229f0c0026ebec82905ceac316e69106223cda99286145a0fb1e89a03c0ebb93","51d068c81946743a347125ac0190c27389165f3f4870099138b074e6a0d460f6","continuation","False","108","64","44","0.407","4","4","16","12"
"2026-04-12T16:59:04.560779Z","stability-tenant","7e915de8c02ff5f900b33e2b9a64938387ea98540633e521f73a6ccb35a88ad4","codex","1601f698fbd0254809422f174dcbde1b5c5874ac78dc0b2d3d8558d97e09ae52","f7fa2d45120a3c729ee6f694106baa7928402dd1d81f97a9d78f7fa86606f541","continuation","False","108","64","44","0.407","4","4","16","12"
"2026-04-12T16:59:34.620584Z","stability-tenant","7e915de8c02ff5f900b33e2b9a64938387ea98540633e521f73a6ccb35a88ad4","codex","48572946121eaa810f692ef17f60c05b0857bd100af3bfeacccd0d1b4582374e","e3ae6a45a231ede76aa2cbcf25ed5f429cd09f7de65a432487c61df5f98eb9f5","continuation","False","108","64","44","0.407","4","4","16","12"
"2026-04-12T17:00:04.699442Z","stability-tenant","7e915de8c02ff5f900b33e2b9a64938387ea98540633e521f73a6ccb35a88ad4","codex","594d974e0e8b6538237c07c339a5f08ffc53c93f9faf5f1d01302ded0db62930","ff151c640181a4d4c71da7f073a627cf2049e14617eb734a299e3b884a95b96a","continuation","False","108","64","44","0.407","4","4","16","12"
"2026-04-12T17:00:34.788369Z","stability-tenant","7e915de8c02ff5f900b33e2b9a64938387ea98540633e521f73a6ccb35a88ad4","codex","1645f26f45a10e26317ff16e6f1e292c9f3565d83ffbd3a4ca9dc061b94db8fd","0ab7e99588ab2e0e64f754c11b61b02102ab822378f9a3d94283f645e1d0c102","continuation","False","108","64","44","0.407","4","4","16","12"
"2026-04-12T17:01:04.843582Z","stability-tenant","7e915de8c02ff5f900b33e2b9a64938387ea98540633e521f73a6ccb35a88ad4","codex","27748ae8c9a6ec069f347022cb9399999db5ac1e2fdf25c8664a6f5dd80d0cad","5d3fb1df2df403b6942bbefcf238b36a5ce810683fa6a948d9dd670cb1ebdefa","continuation","False","108","64","44","0.407","4","4","16","12"
"2026-04-12T17:01:34.944240Z","stability-tenant","7e915de8c02ff5f900b33e2b9a64938387ea98540633e521f73a6ccb35a88ad4","codex","cac4576b398b6d1df0fdab1b40df0ebf2208c6f3cde1c5e18b455228a2310737","165f4082d09a4a88a8ca14f1a0e51117b98338993ea458565b0e31dc9fe118b4","continuation","False","108","64","44","0.407","4","4","16","12"
"2026-04-12T17:02:05.021983Z","stability-tenant","7e915de8c02ff5f900b33e2b9a64938387ea98540633e521f73a6ccb35a88ad4","codex","cf1e85abeb7b990c2cf3ffaabfdfe888f40c9a3b44db36950708fc6b81e27e2a","2d8d6d8b5419620da8d154557aa7d224637b01765144f193187749429f12e02d","continuation","False","108","64","44","0.407","4","4","16","12"
"2026-04-12T17:02:35.100459Z","stability-tenant","7e915de8c02ff5f900b33e2b9a64938387ea98540633e521f73a6ccb35a88ad4","codex","e47ba4e3e39eb6dee48a8b3aba21bfa1b4af917669ee108169850c3990837dea","b0bf8a445bd61aecd2fb09331bc048f410c66d01fb32721b22bd6e9baaacb2f0","continuation","False","108","64","44","0.407","4","4","16","12"
"2026-04-12T17:03:05.164727Z","stability-tenant","7e915de8c02ff5f900b33e2b9a64938387ea98540633e521f73a6ccb35a88ad4","codex","861225a2da99134e06ad5344702e6679e0074c43298cb8fbe560fda59d487091","d162dd53eb4e23f6c4f6126415f6c34c070df958db5275a5c71d16e42708c2d5","continuation","False","108","64","44","0.407","4","4","16","12"
"2026-04-12T17:03:35.230458Z","stability-tenant","7e915de8c02ff5f900b33e2b9a64938387ea98540633e521f73a6ccb35a88ad4","codex","05bb8a870de309c5cec1f43575f3a6b7158308ac6946edd125b5d4c4edf4ed90","9adeb4f080a0abb196af35a1fbf9360181d9c238285ee1f96b4dbfcedf458a56","continuation","False","108","64","44","0.407","4","4","16","12"
"2026-04-12T17:04:05.285895Z","stability-tenant","7e915de8c02ff5f900b33e2b9a64938387ea98540633e521f73a6ccb35a88ad4","codex","d2c5b13cc0a419f7adf9b8bd07858881e79ee9d9ce72d079a202f5b08521c608","71df9a2b3b999681282f66c8808ab43fa60cca29bee7ad5f6e12476177265b21","continuation","False","108","64","44","0.407","4","4","16","12"
"2026-04-12T17:04:35.338686Z","stability-tenant","7e915de8c02ff5f900b33e2b9a64938387ea98540633e521f73a6ccb35a88ad4","codex","4976d05f09c81538bf34a7048c0e7b0f3d020c832c6ad74d52b1b070e01fe736","1fccaa62c713434d59edadf2b745c50191f38aec616de938131f749b3e8e2604","continuation","False","108","64","44","0.407","4","4","16","12"
"2026-04-12T17:05:05.412061Z","stability-tenant","7e915de8c02ff5f900b33e2b9a64938387ea98540633e521f73a6ccb35a88ad4","codex","1bd9f2086057fef000c9d658ed692dd0bd47a5d8374ff951d0a7ac39f301eabd","4c7cf160da6f2784a95c243d04c3f0666a33991a09315910e6866d0a35eff650","continuation","False","108","64","44","0.407","4","4","16","12"
"2026-04-12T17:05:35.471205Z","stability-tenant","7e915de8c02ff5f900b33e2b9a64938387ea98540633e521f73a6ccb35a88ad4","codex","47e79004fc81cc815f5acdfe67fa9c3d845ec2bf26c694f396ba1185b9a178a4","eb62dba1c9c5097e8ef0f4fa51a1a9b6ce36b650cf1799e1d1d44b4437c46e64","continuation","False","108","64","44","0.407","4","4","16","12"
"2026-04-12T17:06:05.569789Z","stability-tenant","7e915de8c02ff5f900b33e2b9a64938387ea98540633e521f73a6ccb35a88ad4","codex","6fdfa06054845e3f7f9eb5016778e62d02e231dfa5bad89df888a069e8b6895a","aa84431327107d3b0e8a6b7a05ac6432cefd5b80637fa558e2c47327f78c6113","continuation","False","108","64","44","0.407","4","4","16","12"
"2026-04-12T17:06:35.650374Z","stability-tenant","7e915de8c02ff5f900b33e2b9a64938387ea98540633e521f73a6ccb35a88ad4","codex","a092db023ee13cf8f03ce2ce1dbb468c2ce087c6a71b7974ab224bfbc78a7cb4","725780a8553dd6cb5e656d29930324ca555dd062509b7cd2306a3b46a8b6eebf","continuation","False","108","64","44","0.407","4","4","16","12"
"2026-04-12T17:07:05.727588Z","stability-tenant","7e915de8c02ff5f900b33e2b9a64938387ea98540633e521f73a6ccb35a88ad4","codex","68f3b5c5936205a19219809a94259afadeaf3ea4e6f86d04a252197d065dcb77","205544357816de7885777bc631dacfc2ac86e9383939a46603124d505825d5aa","continuation","False","108","64","44","0.407","4","4","16","12"
"2026-04-12T17:07:35.804841Z","stability-tenant","7e915de8c02ff5f900b33e2b9a64938387ea98540633e521f73a6ccb35a88ad4","codex","0e696ffe5bead6ebc1c8d0db4d517b67ffa61a1b0bf9316451702f43e6ac7aeb","9396c959927bc876994da497a2656bfc347e14842c1467917ccfc835ae0166ce","continuation","False","108","64","44","0.407","4","4","16","12"
"2026-04-12T17:08:05.864066Z","stability-tenant","7e915de8c02ff5f900b33e2b9a64938387ea98540633e521f73a6ccb35a88ad4","codex","623e034dd136dc98bb44e244328c08551478d2ce19e13be8938b8685c95b9e2b","8974bc43b97f082a35c18f08ba8ab060d8b1546862e034ec2547e75527a507f7","continuation","False","108","64","44","0.407","4","4","16","12"
"2026-04-12T17:08:35.924459Z","stability-tenant","7e915de8c02ff5f900b33e2b9a64938387ea98540633e521f73a6ccb35a88ad4","codex","d48f957124dd6ae6523344821767175c40fee4699836189037190ae7bff0c0f0","2fe5bd166911169191c858e543bbaacb6802cc2517bb3309fb1780e02e9dc3a1","continuation","False","108","64","44","0.407","4","4","16","12"
"2026-04-12T17:09:05.995650Z","stability-tenant","7e915de8c02ff5f900b33e2b9a64938387ea98540633e521f73a6ccb35a88ad4","codex","e14d881732a12149e9919bc12da869da913540bdad984a0e3dd695bd0ae2a817","257705ca2d5c15cebb07d9d9b21bbaa0cb4283b7241db0a330ff038c55978e7b","continuation","False","108","64","44","0.407","4","4","16","12"
"2026-04-12T17:09:36.065997Z","stability-tenant","7e915de8c02ff5f900b33e2b9a64938387ea98540633e521f73a6ccb35a88ad4","codex","03d3640496a11e19b77ded68b3bb95b7109d648b053aebc5cc4a2bf782cac24e","0f779e571a9b50c1f79b0e7fd17ef2b4891c262746d8a3c0b6fb5e34d4f20402","continuation","False","108","64","44","0.407","4","4","16","12"
"2026-04-12T17:10:06.134190Z","stability-tenant","7e915de8c02ff5f900b33e2b9a64938387ea98540633e521f73a6ccb35a88ad4","codex","1d4473764ed1a40662f13cd85c24e07a837130464b4ba83e331c16ecb6bdb849","99dffddbc0fb03493b7534a7054047a8d43851e3f7d33f5eadfebfc075a942ee","continuation","False","108","64","44","0.407","4","4","16","12"
"2026-04-12T17:10:36.213060Z","stability-tenant","7e915de8c02ff5f900b33e2b9a64938387ea98540633e521f73a6ccb35a88ad4","codex","3a42b0b77356038aa8fad236f5f3036522e817611ebda2d92c5cb531c309f724","cf27cddf1534002ae2d7b956c519cca3ff72649334f6e0cd43243d01b97ea92d","continuation","False","108","64","44","0.407","4","4","16","12"
"2026-04-12T17:11:06.263799Z","stability-tenant","7e915de8c02ff5f900b33e2b9a64938387ea98540633e521f73a6ccb35a88ad4","codex","83fbe20c3afbc7e8c09796753becc25c59f24fb10d6d2cb98d637fc75dd8cf3d","f1ebeede36bf42ebab2456a02e6c5aadbc53475cce881a606d53841e126e5a1c","continuation","False","108","64","44","0.407","4","4","16","12"
"2026-04-12T17:11:36.334144Z","stability-tenant","7e915de8c02ff5f900b33e2b9a64938387ea98540633e521f73a6ccb35a88ad4","codex","9f73f52705cafbef40363300310076016a4f4f824eafff66999a095b5b743ebd","1bddda5f4419b59fc78a3c6ab7a893231964aba101737673350a076dfc4ba896","continuation","False","108","64","44","0.407","4","4","16","12"
"2026-04-12T17:12:06.401612Z","stability-tenant","7e915de8c02ff5f900b33e2b9a64938387ea98540633e521f73a6ccb35a88ad4","codex","2aec8822d95e935f1c4f1866dc318ab0c59e9c5b9ef4649cea26704e87487fbb","c268a9ee75a21fabea5124efeb4de8ddb6e781ae50ffef6e19531ccb5d3551c5","continuation","False","108","64","44","0.407","4","4","16","12"
"2026-04-12T17:12:36.465064Z","stability-tenant","7e915de8c02ff5f900b33e2b9a64938387ea98540633e521f73a6ccb35a88ad4","codex","0b377c6d3f1793c1a5fb30f22a46c15ae043ed518cc8e2942cd7b4b3513a4611","7bd215646ab28e78a7aca369c18e59a0188c0b999814b543779507f18f6ad2ef","continuation","False","108","64","44","0.407","4","4","16","12"
"2026-04-12T17:13:06.527813Z","stability-tenant","7e915de8c02ff5f900b33e2b9a64938387ea98540633e521f73a6ccb35a88ad4","codex","02f5dfb80c99bfeca1f62cfd728c324d4b86ad04fcd30254b7602e2e9f997650","6ec866ced78834f382793345107e36706bede823e98a45e5b7a934ae40b3cf1d","continuation","False","108","64","44","0.407","4","4","16","12"
"2026-04-12T17:13:36.583936Z","stability-tenant","7e915de8c02ff5f900b33e2b9a64938387ea98540633e521f73a6ccb35a88ad4","codex","1a82d20f1e57f8c9ad2380a39b4082f97ed2c2703c0873bdd02b1f8a107a292c","4bcafe0e07829305d8b0df48343c3f12e28c76086995aad129345fc3f6b6cf8d","continuation","False","108","64","44","0.407","4","4","16","12"
"2026-04-12T17:14:06.633333Z","stability-tenant","7e915de8c02ff5f900b33e2b9a64938387ea98540633e521f73a6ccb35a88ad4","codex","45f24d79d965577061fc94a96f9dee05a8ed73e9b5d4531476f405e6447300df","7f55aa05cf3d927d546cd59a7e5a7ad3f45bb9381749c51f714b3cfcef66ed0d","continuation","False","108","64","44","0.407","4","4","16","12"
"2026-04-12T17:14:36.696607Z","stability-tenant","7e915de8c02ff5f900b33e2b9a64938387ea98540633e521f73a6ccb35a88ad4","codex","6a3b9809e8be55f2028ca8f9eb490d0780a6c7029b77e518508f43d5f7285130","a321f94f5e37b84af827fe25548b1ecc3418f086eb0a8c757316d2fa6c13fe52","continuation","False","108","64","44","0.407","4","4","16","12"
"2026-04-12T17:15:06.773924Z","stability-tenant","7e915de8c02ff5f900b33e2b9a64938387ea98540633e521f73a6ccb35a88ad4","codex","7f34fcf2f77da947edc4a344a911fc4bca5694343538c6829fb581d1efdae679","2fe0db9005dff2019ee8ac7692458cfbbfe1c971631b473c518baa13c1ddc922","continuation","False","108","64","44","0.407","4","4","16","12"
"2026-04-12T17:15:36.831997Z","stability-tenant","7e915de8c02ff5f900b33e2b9a64938387ea98540633e521f73a6ccb35a88ad4","codex","bfca2be59e46079a3bde17ea26f36e913db95158f947e493d7cd411214c14458","261df6ef261afc1a98de1ceebd80faf5f66d77638a2f24c78e76c7fbe6aa72f3","continuation","False","108","64","44","0.407","4","4","16","12"
"2026-04-12T17:16:06.902952Z","stability-tenant","7e915de8c02ff5f900b33e2b9a64938387ea98540633e521f73a6ccb35a88ad4","codex","1f701eb89aa06db62a5aad740783327696e2707460a08bd4a5533c30f45c4d7e","0a1bfcc3080d32fa02b3142202f797c2b9e614e2933229224a65fbe3e6004ff3","continuation","False","108","64","44","0.407","4","4","16","12"
"2026-04-12T17:16:36.964517Z","stability-tenant","7e915de8c02ff5f900b33e2b9a64938387ea98540633e521f73a6ccb35a88ad4","codex","e790a9b952941f06190ccca1ebc194790e7368b78d62f70ff0f7850f89a40b03","01338c9b97d90c6160dabf512facbacad2ec03d1d0f94a8a7e4cdca3675db451","continuation","False","108","64","44","0.407","4","4","16","12"
"2026-04-12T17:17:07.057197Z","stability-tenant","7e915de8c02ff5f900b33e2b9a64938387ea98540633e521f73a6ccb35a88ad4","codex","e286d3d98e44039e90e09c77a6c0c5bd2d5dab320519566cc2c379a63ac51a82","ef1a7df04acff58093d59845195371025e031b20dc2797f0c1072da772be2573","continuation","False","108","64","44","0.407","4","4","16","12"
"2026-04-12T17:17:37.132403Z","stability-tenant","7e915de8c02ff5f900b33e2b9a64938387ea98540633e521f73a6ccb35a88ad4","codex","c848a9bb62b3b9f142fd22fd8efe3b86eaa37608821718c5836cde486a87a9fe","2e590724ef09d3f246c0241aa480a7d5389b12363287a81a62d673e4ccb87dfb","continuation","False","108","64","44","0.407","4","4","16","12"
"2026-04-12T17:18:07.221949Z","stability-tenant","7e915de8c02ff5f900b33e2b9a64938387ea98540633e521f73a6ccb35a88ad4","codex","a0fc1a8c3b5f3df2b2cca39c9b5aa8c01f5f93c8071e0ce3f945704ee4572cca","6e98a682928f9d74f5d9dd4e89ba25ecc1de463de6690ff0f8811e61b4a3f858","continuation","False","108","64","44","0.407","4","4","16","12"
"2026-04-12T17:18:37.276160Z","stability-tenant","7e915de8c02ff5f900b33e2b9a64938387ea98540633e521f73a6ccb35a88ad4","codex","c5588ef7dc4e43ac3d9e79440a9bf8cfdd528669275cf939f9aa5aef9f4e3618","b083882f21cf5291fea3ed9c20d76933b2f21425fdbea8bd0210d3a1deefeaab","continuation","False","108","64","44","0.407","4","4","16","12"
"2026-04-12T17:19:07.341643Z","stability-tenant","7e915de8c02ff5f900b33e2b9a64938387ea98540633e521f73a6ccb35a88ad4","codex","d454f6da0a99fa7bbe11b2a0fb197eac36e38da418972a796cbdb73e91e167dd","4c4c176e4387c12e49ed7844e1be849c8665698bafe46662ab94619efa408754","continuation","False","108","64","44","0.407","4","4","16","12"
"2026-04-12T17:19:37.396588Z","stability-tenant","7e915de8c02ff5f900b33e2b9a64938387ea98540633e521f73a6ccb35a88ad4","codex","8fbcbf125db006adf31e053f3d0b68fc86008ae1355a2fb59db00e5a8c8ff2fd","afeba5edd80691d18f56d1c496a7dcf0c8a686e399bca24a818d2a57ada0d55f","continuation","False","108","64","44","0.407","4","4","16","12"
"2026-04-12T17:20:07.471081Z","stability-tenant","7e915de8c02ff5f900b33e2b9a64938387ea98540633e521f73a6ccb35a88ad4","codex","292443428ccbdb69e8e99a5faaa967c00af455317e3397e6647b02e8a4cb580a","771d8efab220946e8d786fbe4d3e74b915a0fc13a094d699f604e634bbeeeb9e","continuation","False","108","64","44","0.407","4","4","16","12"
"2026-04-12T17:20:37.544414Z","stability-tenant","7e915de8c02ff5f900b33e2b9a64938387ea98540633e521f73a6ccb35a88ad4","codex","b934924975cd872660167c9714f58b3346d3cfdd62ef9a3d736b99c415e7e2a5","43e4caf2a3c44f43e0d44af9044664a78b6b7c6fdfdedb3c82a9fe203fba70a6","continuation","False","108","64","44","0.407","4","4","16","12"
"2026-04-12T17:21:07.631115Z","stability-tenant","7e915de8c02ff5f900b33e2b9a64938387ea98540633e521f73a6ccb35a88ad4","codex","7eb0fc3ac3406cead3aafbfeb8fff2ffb6c37123fb1e92a375b677b33aaf6fb5","2615d5a75a6f87c145e5ea50f6b1bc476caaa0d49d1375cc73a1a084e0077078","continuation","False","108","64","44","0.407","4","4","16","12"
"2026-04-12T17:21:37.700830Z","stability-tenant","7e915de8c02ff5f900b33e2b9a64938387ea98540633e521f73a6ccb35a88ad4","codex","2f9c187eb6b5e71a3a46e4fe5adf84f3c61ece50b68ebdaffd9031fc0c118fef","84b25ea228db129fe7a2ac128c76e342129deb6e4637dc83e8c63d3eeaa938d5","continuation","False","108","64","44","0.407","4","4","16","12"
"2026-04-12T17:22:07.777020Z","stability-tenant","7e915de8c02ff5f900b33e2b9a64938387ea98540633e521f73a6ccb35a88ad4","codex","203aaa5e8d2a22b8441d463d9a4538095d72966c794d98038723180e065b7297","2afa2379ad7b2def50e55b6c4ae520834d6758dabd224fff473edb42dded5db3","continuation","False","108","64","44","0.407","4","4","16","12"
"2026-04-12T17:22:37.836282Z","stability-tenant","7e915de8c02ff5f900b33e2b9a64938387ea98540633e521f73a6ccb35a88ad4","codex","0728eabcea01800c4b739632d2745eadd3e8fa05e3b1733d015bb6ae35e68b9e","47852a3e04e085d58b8bc94d7e0a6451af1e29636ae08bae7b8706e9d75a4c45","continuation","False","108","64","44","0.407","4","4","16","12"
"2026-04-12T17:23:07.913700Z","stability-tenant","7e915de8c02ff5f900b33e2b9a64938387ea98540633e521f73a6ccb35a88ad4","codex","b3d4b872e58bb9510ad5ce82ea39311678af4e34592b8544f82796f24e461b08","aff7c8ef064fe43209ca696605a7bebbd53071277099d9c428e4025a1ebccdb1","continuation","False","108","64","44","0.407","4","4","16","12"
"2026-04-12T17:23:37.991594Z","stability-tenant","7e915de8c02ff5f900b33e2b9a64938387ea98540633e521f73a6ccb35a88ad4","codex","e6cb901475e3283911da98a8ccf537a08742ba3ca8735b388a06e9db19238f77","523828a82a77aed77f5338c85e8a8dbe951d53526d08b765cf267261fa090aca","continuation","False","108","64","44","0.407","4","4","16","12"
"2026-04-12T17:24:08.075336Z","stability-tenant","7e915de8c02ff5f900b33e2b9a64938387ea98540633e521f73a6ccb35a88ad4","codex","73c7d016ce97c147c05dc915598fa9bd812c44dba8cafdcbfc2a4a479557d128","08aaadbc789c8217194f954ef7a57177d2ba5bce474a20b208df206ede93df1b","continuation","False","108","64","44","0.407","4","4","16","12"
"2026-04-12T17:24:38.123394Z","stability-tenant","7e915de8c02ff5f900b33e2b9a64938387ea98540633e521f73a6ccb35a88ad4","codex","6b00ff1e8333690d1e2c43483db20e1e6ab45f445c7550bf6d036a841c7233ee","f061914d86f4605fbbab3c475926af616b371cceeacbf890f5e39e307402f930","continuation","False","108","64","44","0.407","4","4","16","12"
"2026-04-12T17:25:08.198735Z","stability-tenant","7e915de8c02ff5f900b33e2b9a64938387ea98540633e521f73a6ccb35a88ad4","codex","26fb750e743493b20cf9df087e5bf80d09fb590719dbb1f5d7cdb5f7b2e1121f","0402da0bae2fb90103c9d4272eeebdc700d4950cd0cd162d0e3fcc35967a039f","continuation","False","108","64","44","0.407","4","4","16","12"
"2026-04-12T17:25:38.290461Z","stability-tenant","7e915de8c02ff5f900b33e2b9a64938387ea98540633e521f73a6ccb35a88ad4","codex","68abb4bb45e98f373887d70a327c9f1e1500f90051f96650eb8b91c9b6fc7920","77164b24ac569b5f394c96d445cb0bf93725fd57dd04b972d9c6d3954fc9354f","continuation","False","108","64","44","0.407","4","4","16","12"
"2026-04-12T17:26:08.375830Z","stability-tenant","7e915de8c02ff5f900b33e2b9a64938387ea98540633e521f73a6ccb35a88ad4","codex","09904fb703b564b1be304f5b0af2900223cb0117851f7bb48c4154c3366776c6","9de1efabb1c67fa2d346c6df896a7445fdf138940888dbd331288f366065ff2a","continuation","False","108","64","44","0.407","4","4","16","12"
"2026-04-12T17:26:38.448188Z","stability-tenant","7e915de8c02ff5f900b33e2b9a64938387ea98540633e521f73a6ccb35a88ad4","codex","16259d1d1b6095aea18f4775369b2287a7b4303dc2587d3ecf1b0cc0af1ca776","464248fe58fbd9f9eb17d355df0c5017e50aa1ecc62a1940a39651845ad98595","continuation","False","108","64","44","0.407","4","4","16","12"
"2026-04-12T17:27:08.528334Z","stability-tenant","7e915de8c02ff5f900b33e2b9a64938387ea98540633e521f73a6ccb35a88ad4","codex","fbe210de4a8591582abd74a380042b359a5c38422018f17e41129794c40f69b2","18e43faecb16f8d84fe6593e369579be39de06c59d0706988dc38e3d8c42868b","continuation","False","108","64","44","0.407","4","4","16","12"
"2026-04-12T17:27:38.602742Z","stability-tenant","7e915de8c02ff5f900b33e2b9a64938387ea98540633e521f73a6ccb35a88ad4","codex","7c59b07037c4db9d4e0a282c248184afef20750e7947a8f3df2adad214dae103","de764c4872e28ff5caf7647f1e330dec9fc7b5d5e5135b009bc5f5ff46ebaf84","continuation","False","108","64","44","0.407","4","4","16","12"
"2026-04-12T17:28:08.679996Z","stability-tenant","7e915de8c02ff5f900b33e2b9a64938387ea98540633e521f73a6ccb35a88ad4","codex","b8208990ec8c6ee4d5b7701534b53e8cce03bd4f6d794d3ed7a5151581f22558","0642085c1a02e94c6ea9db9527ac8fc77ea1b84507ff0be11493271e142cee82","continuation","False","108","64","44","0.407","4","4","16","12"
"2026-04-12T17:28:38.757801Z","stability-tenant","7e915de8c02ff5f900b33e2b9a64938387ea98540633e521f73a6ccb35a88ad4","codex","9257136a453cd9f36addf9826b390dd6eae4775448ef835ffd801a3c3e18423f","5931f7117d7c063e6805d48fbca6291d35a47f821f1ce796e7558d792a290083","continuation","False","108","64","44","0.407","4","4","16","12"
"2026-04-12T17:29:08.830490Z","stability-tenant","7e915de8c02ff5f900b33e2b9a64938387ea98540633e521f73a6ccb35a88ad4","codex","0191f76c6458f1ab0412b6681dc65d8a6d581868bb6a9bed049c4d14dfbff344","a9183d9f92bd1e86036dd59d46bb2306bb4efec645cdaa3649b4375a30e3ee6f","continuation","False","108","64","44","0.407","4","4","16","12"
"2026-04-12T17:29:38.909477Z","stability-tenant","7e915de8c02ff5f900b33e2b9a64938387ea98540633e521f73a6ccb35a88ad4","codex","8c8c980b7454d24003f13dc1b501bb376bd4d16587883988f6db613972e286d5","f1af343ecaa9bd260ed2cfdeb4b6344dc681e8c14b65bdb8dfe96becb96ab65c","continuation","False","108","64","44","0.407","4","4","16","12"
"2026-04-12T17:30:09.004346Z","stability-tenant","7e915de8c02ff5f900b33e2b9a64938387ea98540633e521f73a6ccb35a88ad4","codex","c968cfa9ab7ab802d73f17802c6c153fba813df803cf7bb04a4d55899b2b2091","29793faccb589ab4687228c20c7bbcdf6b0df81092a4b1fd2cc08b68d192e065","continuation","False","108","64","44","0.407","4","4","16","12"
"2026-04-12T17:30:39.079159Z","stability-tenant","7e915de8c02ff5f900b33e2b9a64938387ea98540633e521f73a6ccb35a88ad4","codex","185a879497b6294e8acad2dad47888dc30b96b9dffbc8f74e25ed02041986c58","8230829e425070703d201a171cc3cfd5b355d203749224be870e78cbe8622914","continuation","False","108","64","44","0.407","4","4","16","12"
"2026-04-12T17:31:09.163868Z","stability-tenant","7e915de8c02ff5f900b33e2b9a64938387ea98540633e521f73a6ccb35a88ad4","codex","ba2ead26cf9417319dd6f02eef2374bba2623a9dccbb9f08c5aca7677cda50b0","cf0b635986c6a758b082c1d0d897e8fc634c340bed524aefe8ef7887920ae401","continuation","False","108","64","44","0.407","4","4","16","12"
"2026-04-12T17:31:39.244364Z","stability-tenant","7e915de8c02ff5f900b33e2b9a64938387ea98540633e521f73a6ccb35a88ad4","codex","afc4b262b8c23e801ddbc99817bc53f039a4d8c589611cdc8d2cf8f7a8af61f7","3f5cf1c443f1d21a7168911ded74fee6c2cf6b51342a7d830b20e95a2ee68d27","continuation","False","108","64","44","0.407","4","4","16","12"
"2026-04-12T17:32:09.320295Z","stability-tenant","7e915de8c02ff5f900b33e2b9a64938387ea98540633e521f73a6ccb35a88ad4","codex","4a9e83b7f1199dd8fac1dc7d0fe0a43da36bcabc5b68971a2a05fd4f1e999287","bdb276c3289d71e5249db06dcc9e9ac0c82eb3e55137bde19c576e2956de28c0","continuation","False","108","64","44","0.407","4","4","16","12"
"2026-04-12T17:32:39.382354Z","stability-tenant","7e915de8c02ff5f900b33e2b9a64938387ea98540633e521f73a6ccb35a88ad4","codex","23e8967903bff04c1ff0cce44005817745b26b60d2657250084cc8795900b5cf","3edf3fac0d3d2bb7517e69502a76bd3995e585459c4942bbcd642fbd89509e6d","continuation","False","108","64","44","0.407","4","4","16","12"
"2026-04-12T17:33:09.483589Z","stability-tenant","7e915de8c02ff5f900b33e2b9a64938387ea98540633e521f73a6ccb35a88ad4","codex","8b6c35625962a18e0da8d279549d0eb6ec2de198d908a28e43db58fc7633225c","9d520097635743db884476d4b0ab41d99c9312b14702eaaf2fa02b3a85f7cd25","continuation","False","108","64","44","0.407","4","4","16","12"
"2026-04-12T17:33:39.548634Z","stability-tenant","7e915de8c02ff5f900b33e2b9a64938387ea98540633e521f73a6ccb35a88ad4","codex","b305c40baa490582f3fc73c2586f57472a180048d2229ffe986837aca4b9fad6","102027c1d2102f98a8086b64150c398aa672aec35d0f64fef0919dd3443db828","continuation","False","108","64","44","0.407","4","4","16","12"
"2026-04-12T17:34:09.640964Z","stability-tenant","7e915de8c02ff5f900b33e2b9a64938387ea98540633e521f73a6ccb35a88ad4","codex","5facae014157615176ff488c92deb5d9cc4628d88e3274b24fd95441e89da983","bf7ca4738e454a385026fe6db0acba96507a7c086f1a4ec0c78a04c535fc68cf","continuation","False","108","64","44","0.407","4","4","16","12"
"2026-04-12T17:34:39.719423Z","stability-tenant","7e915de8c02ff5f900b33e2b9a64938387ea98540633e521f73a6ccb35a88ad4","codex","ae1a29c681efe6d89bd1f78c92d3c79422d3a79eaea525e530accf37b010d2c3","5705356d22a6bc6203f66577bc43433d495ca8a19140887f593c129580dc69c8","continuation","False","108","64","44","0.407","4","4","16","12"
"2026-04-12T17:35:09.807731Z","stability-tenant","7e915de8c02ff5f900b33e2b9a64938387ea98540633e521f73a6ccb35a88ad4","codex","f6053e20bb42ec24c3a8e3cc682473c411a7168b763d99368b88e07c505737b9","93e319bd121ceac80eb750995a607f3e75749fe2d43b5260958de5b42d7b45d0","continuation","False","108","64","44","0.407","4","4","16","12"
"2026-04-12T17:35:39.879087Z","stability-tenant","7e915de8c02ff5f900b33e2b9a64938387ea98540633e521f73a6ccb35a88ad4","codex","4cf2bc8e4a23d45dcbe26a49b2b7a8011353502b33f1717c037674c1def864e3","989018baead8e9e4d5b512ce846324570714e441a1a8eb9c856a32b6d08faaa8","continuation","False","108","64","44","0.407","4","4","16","12"
"2026-04-12T17:36:09.963739Z","stability-tenant","7e915de8c02ff5f900b33e2b9a64938387ea98540633e521f73a6ccb35a88ad4","codex","6bf549a2db2c4a33b5ea84447c0dd560272619e7b9caabce131c2a04f8757138","65ebc2226104856937545d40965d00b20cf4ec7cd050e51ff4356984135e5f36","continuation","False","108","64","44","0.407","4","4","16","12"
"2026-04-12T17:36:40.031760Z","stability-tenant","7e915de8c02ff5f900b33e2b9a64938387ea98540633e521f73a6ccb35a88ad4","codex","d240031b7248e7cbfbd4be9ecafe00cd3712e0f9ec3c3979e837293a303b5bc7","8672e114f8fb502bc14ccabf98e84a1d601b303dbe2aea10b5863c8ebe11470e","continuation","False","108","64","44","0.407","4","4","16","12"
"2026-04-12T17:37:10.111853Z","stability-tenant","7e915de8c02ff5f900b33e2b9a64938387ea98540633e521f73a6ccb35a88ad4","codex","69714f8da2e83f09eafdcec61ab93bcf724dc7848360d02e45b83c6ffaa5d9e0","fd408578d85c7539d7b7dd7b2e7aad2bd001f6bfc22799727e50f0131598ccd8","continuation","False","108","64","44","0.407","4","4","16","12"
"2026-04-12T17:37:40.154914Z","stability-tenant","7e915de8c02ff5f900b33e2b9a64938387ea98540633e521f73a6ccb35a88ad4","codex","0ff6e9ca5b92a554f018594532bca28c75a748f4a197250c79b1548419427594","3bc35e0a23eaeb89ae416658c5cba6846a28117a0d21fe46cbf2e637cc670515","continuation","False","108","64","44","0.407","4","4","16","12"
"2026-04-12T17:38:10.249452Z","stability-tenant","7e915de8c02ff5f900b33e2b9a64938387ea98540633e521f73a6ccb35a88ad4","codex","77438b475ba067e711e772e614bb14463e77e0053909e18679b5e38bcded3982","838ea78aa7ba81fbd9a4dc0cb56f608a883c2ebd427745664e8a21b78356c572","continuation","False","108","64","44","0.407","4","4","16","12"
"2026-04-12T17:38:40.318558Z","stability-tenant","7e915de8c02ff5f900b33e2b9a64938387ea98540633e521f73a6ccb35a88ad4","codex","8a91041935f26d116d59b7009f7386e3734157abeaa29b087ab507c47f30500e","f042156171338dbe415781644e7a1cb56b0e53ba6eb8a8b8ec62263f48468091","continuation","False","108","64","44","0.407","4","4","16","12"
"2026-04-12T17:39:10.416938Z","stability-tenant","7e915de8c02ff5f900b33e2b9a64938387ea98540633e521f73a6ccb35a88ad4","codex","25c47c64b5dad39be78e86d1cad73a9dd530455e5b36e9fa4ca808ce04503106","4f4200f31d58f193eb3de49410c4c0ead8abee35d9f602794c0513de5e0d61cb","continuation","False","108","64","44","0.407","4","4","16","12"
"2026-04-12T17:39:40.484023Z","stability-tenant","7e915de8c02ff5f900b33e2b9a64938387ea98540633e521f73a6ccb35a88ad4","codex","3abe06bdbc20e80f2f7c0ec8a71651b781c71a10fac0ff76a7172bf3019d1f7d","33f7528e2a8aa987115263882bdea5393a527855ebd0e05e00125f716acd0e01","continuation","False","108","64","44","0.407","4","4","16","12"
"2026-04-12T17:40:10.558019Z","stability-tenant","7e915de8c02ff5f900b33e2b9a64938387ea98540633e521f73a6ccb35a88ad4","codex","066b20c620ab17ed23f74c4d9c1d59dfd79db4834e9f662f29a4f89cf4f2d22b","810cff276c4fa08e41b85927c0858e7daf38bba00952bd5ecd8a5ee12c656397","continuation","False","108","64","44","0.407","4","4","16","12"
"2026-04-12T17:40:40.638418Z","stability-tenant","7e915de8c02ff5f900b33e2b9a64938387ea98540633e521f73a6ccb35a88ad4","codex","98dce0e6f842ff3f58b0fbd73a5e1fcea97c6859fce78214f7274ef27de79b56","2507fcce0abef87eabd7449d8600149fc50173a78a3c76ef63317b3dbf1e1345","continuation","False","108","64","44","0.407","4","4","16","12"
"2026-04-12T17:41:10.741757Z","stability-tenant","7e915de8c02ff5f900b33e2b9a64938387ea98540633e521f73a6ccb35a88ad4","codex","02a57fefaa9460af3802d90faedb51367c693b2dabbbf073c6c9820bd9723859","82d46e087490712a689c49a3ca0e68a462b5a21ab2c4778c271830275ad369af","continuation","False","108","64","44","0.407","4","4","16","12"
"2026-04-12T17:41:40.814043Z","stability-tenant","7e915de8c02ff5f900b33e2b9a64938387ea98540633e521f73a6ccb35a88ad4","codex","6acf864a98f7d6a6a11a513c42dd8cfe01bce4fefd0a36f1eca41af6fbc03b16","7e017fb8849b48ae498553460d6ffab82f2c462eaa3e8599d7e058cea6a05faa","continuation","False","108","64","44","0.407","4","4","16","12"
"2026-04-12T17:42:10.887113Z","stability-tenant","7e915de8c02ff5f900b33e2b9a64938387ea98540633e521f73a6ccb35a88ad4","codex","714ea3a843d335c14344488ee3152b3fa9460a52ff08ddef1c0c0c5b789181c4","be1f20208b692f863625580b69bab229141ab656dfb3b3e3145d220d1a2346b4","continuation","False","108","64","44","0.407","4","4","16","12"
"2026-04-12T17:42:40.953170Z","stability-tenant","7e915de8c02ff5f900b33e2b9a64938387ea98540633e521f73a6ccb35a88ad4","codex","b2dc2858bba4ecc9bbd5ea14f0b775de3277040680e4ba70f8516f28043dec20","c78c876e215886000cc83e9c2c7fd61fe3276d60d6c04898ad56086940889bd0","continuation","False","108","64","44","0.407","4","4","16","12"
"2026-04-12T17:43:11.030023Z","stability-tenant","7e915de8c02ff5f900b33e2b9a64938387ea98540633e521f73a6ccb35a88ad4","codex","8a46e2177e04bced88c7c387ccd3b265291229fc91695dc82c84d88a7358088b","66594969344fa6c982c64ee0f57a64a4f3754da43e31274f4d794cd4e07de14b","continuation","False","108","64","44","0.407","4","4","16","12"
"2026-04-12T17:43:41.115687Z","stability-tenant","7e915de8c02ff5f900b33e2b9a64938387ea98540633e521f73a6ccb35a88ad4","codex","82faedc5c31306f8e56b178797d8b52d1de505a338d8a36e6dd9422f15ca9a85","21238b350a269b9b7949611e7d1c0d4f46f37b744ca66d0cb0281f7add3e2d17","continuation","False","108","64","44","0.407","4","4","16","12"
"2026-04-12T17:44:11.201962Z","stability-tenant","7e915de8c02ff5f900b33e2b9a64938387ea98540633e521f73a6ccb35a88ad4","codex","e116cf8cebbf5bc664088ef990cb92485c6ab8f77d07711de58462a385078e7d","a15eb56a6e735819c336500150d8bf3dc5391d36bb478012e97bcba99a857d46","continuation","False","108","64","44","0.407","4","4","16","12"
"2026-04-12T17:44:41.279041Z","stability-tenant","7e915de8c02ff5f900b33e2b9a64938387ea98540633e521f73a6ccb35a88ad4","codex","12b0eef8bf5a38efb74782a34d89c3b0f5a6655fa6c2a86cec151202aac9c51e","acf650df283715a8bf0b8fd1fce8c4eede934a365383e93834f04fc9e17eea46","continuation","False","108","64","44","0.407","4","4","16","12"
"2026-04-12T17:45:11.376439Z","stability-tenant","7e915de8c02ff5f900b33e2b9a64938387ea98540633e521f73a6ccb35a88ad4","codex","72e1f34cf64337f0bbbae194de1962f3be3c6222b99c36f4d56ac19baa983781","d44f80cbe101440a0df0a55046be3d250ca65853d00e17c70ffa9dd150c1a322","continuation","False","108","64","44","0.407","4","4","16","12"
"2026-04-12T17:45:41.446603Z","stability-tenant","7e915de8c02ff5f900b33e2b9a64938387ea98540633e521f73a6ccb35a88ad4","codex","f919c2856ee1c813d65c40362c317a55bd663c856dc0618cefb3e18b740ff14f","6fc73578e3773957b870bd2150c39a51f045a9a3a510633b3480b4aac2067d95","continuation","False","108","64","44","0.407","4","4","16","12"
"2026-04-12T17:46:11.523422Z","stability-tenant","7e915de8c02ff5f900b33e2b9a64938387ea98540633e521f73a6ccb35a88ad4","codex","eedaf59c0871bcadbfe24de9652143915afda964df728695e5489ee83c7dd5ba","509737d06ccb1e7547510befe4ed3feec106325fd8e469737a553e872cc9dc47","continuation","False","108","64","44","0.407","4","4","16","12"
"2026-04-12T17:46:41.605653Z","stability-tenant","7e915de8c02ff5f900b33e2b9a64938387ea98540633e521f73a6ccb35a88ad4","codex","8ecf55ef1855e9c87dcde948426eefd98a6cc060f12c8095a90499cc051d0d7f","0e9e35d1551240944a2ca07c2e30969c08ca62229c0b2183891dd8115ef408f3","continuation","False","108","64","44","0.407","4","4","16","12"
"2026-04-12T17:47:11.694185Z","stability-tenant","7e915de8c02ff5f900b33e2b9a64938387ea98540633e521f73a6ccb35a88ad4","codex","d538df1146c933f2cb2440a69242f1587f72050358f0ce97f9bc1f5fb11ebb6e","f7231007132d3b91d211237a75cc1ec2984e257b0006b936bf9366d59847ac6c","continuation","False","108","64","44","0.407","4","4","16","12"
"2026-04-12T17:47:41.765770Z","stability-tenant","7e915de8c02ff5f900b33e2b9a64938387ea98540633e521f73a6ccb35a88ad4","codex","20d8142f84a42c0987a2d52b56fd902ba75538ef80abb4f8f0700846474b5c81","26e4a388f030f8ae9c88999ea9e6c2897a8e52c09d9bf72c5e2ed16b027ebebc","continuation","False","108","64","44","0.407","4","4","16","12"
"2026-04-12T17:48:11.853225Z","stability-tenant","7e915de8c02ff5f900b33e2b9a64938387ea98540633e521f73a6ccb35a88ad4","codex","243fe6d4f34aa8fb46593353ded22a8b7db2a43161d9c877e4e3a93a059ae233","1dd54c6e5600d1afc1156d3d020b06ad1351bf7c1ba45ce31baa64cfb994383f","continuation","False","108","64","44","0.407","4","4","16","12"
"2026-04-12T17:48:41.918550Z","stability-tenant","7e915de8c02ff5f900b33e2b9a64938387ea98540633e521f73a6ccb35a88ad4","codex","ba9e0f85d147fbe07d2fdbc7fd059bbb5561107716d205bde8aec1b9c3860992","235997ce46b5ad756729642324172fdb3728888cfd2c02b329a184a36566cac0","continuation","False","108","64","44","0.407","4","4","16","12"
"2026-04-12T17:49:12.003869Z","stability-tenant","7e915de8c02ff5f900b33e2b9a64938387ea98540633e521f73a6ccb35a88ad4","codex","ee3cf194b04468f5be32014c565db3ea489e07202ff7a44fcefbcea5ded6b7f3","e3237e441278e233b7e568479a0937db3eda6ddd85c0513d4eb7702824864d87","continuation","False","108","64","44","0.407","4","4","16","12"
"2026-04-12T17:49:42.085711Z","stability-tenant","7e915de8c02ff5f900b33e2b9a64938387ea98540633e521f73a6ccb35a88ad4","codex","b8f54c1d3fa2306b2ac9a46e94374a35e2a9fe0a606f687b158b2ed7bd2765ac","b57d4fdc98e8638b68785d4c60a448d6c121b92388d48f61db000fbbaa91664b","continuation","False","108","64","44","0.407","4","4","16","12"
"2026-04-12T17:50:12.169013Z","stability-tenant","7e915de8c02ff5f900b33e2b9a64938387ea98540633e521f73a6ccb35a88ad4","codex","658af14652c3cc981a651f8a9115291f8b5879f2cb16ed5b1a809c34d331e6cc","3c57db11df7fa168c28fe67f80b0debb1246b23bf7fc59cde1f42014f86b9315","continuation","False","108","64","44","0.407","4","4","16","12"
"2026-04-12T17:50:42.244827Z","stability-tenant","7e915de8c02ff5f900b33e2b9a64938387ea98540633e521f73a6ccb35a88ad4","codex","669cacf3ae9d23a18d43081345a9b584a4b5a2360f9650164ab6fad11a1de5de","73ae6187709f7167b1643065880ee9cac390b4b4ab4ea0c4118b70093a2c1ae0","continuation","False","108","64","44","0.407","4","4","16","12"
"2026-04-12T17:51:12.340440Z","stability-tenant","7e915de8c02ff5f900b33e2b9a64938387ea98540633e521f73a6ccb35a88ad4","codex","da1a4d0c2397cff0bd89d6e89e181ec1033b1242b4763180a32662d6621abfaa","5ed5fbddf65f83690e6bc198884b1b6bddaa29c84c8b75353fb9381cccfa67f6","continuation","False","108","64","44","0.407","4","4","16","12"
"2026-04-12T17:51:42.418776Z","stability-tenant","7e915de8c02ff5f900b33e2b9a64938387ea98540633e521f73a6ccb35a88ad4","codex","54c30b8bf220795d54a4d983bf4f1fc76716505661b2e5bd4921ffc84b2c4bf9","081f8d6dfdb2b4d186894d31af95e99a55efe6a03eff0ea819e45e05a8a1987a","continuation","False","108","64","44","0.407","4","4","16","12"
"2026-04-12T17:52:12.505475Z","stability-tenant","7e915de8c02ff5f900b33e2b9a64938387ea98540633e521f73a6ccb35a88ad4","codex","d1dd35a7c050586eda57fe871462f3bbd50e2dc6cbd9775b40c9e14c09f0f4cf","3fe25b09d00c9aaa574129681ad2b089663812fa65d22d9bcf39462ba51ebdbc","continuation","False","108","64","44","0.407","4","4","16","12"
"2026-04-12T17:52:42.589321Z","stability-tenant","7e915de8c02ff5f900b33e2b9a64938387ea98540633e521f73a6ccb35a88ad4","codex","9a9b373ffdb6d51672b498204332df25754417699b187e057d7b1d30ff4ad332","ce5806c9c8edc284276eb51caa24fcd89876d859cabcf98038f2132993bdc442","continuation","False","108","64","44","0.407","4","4","16","12"
"2026-04-12T17:53:12.666357Z","stability-tenant","7e915de8c02ff5f900b33e2b9a64938387ea98540633e521f73a6ccb35a88ad4","codex","b9f28df039e78582d1b4203985b10884807657b7fdc68e6e6b2cb191056ac7c6","d17a33066bc114d8729039a12665b0dc5b3dcdc0b2332975eb3e9291b359b907","continuation","False","108","64","44","0.407","4","4","16","12"
"2026-04-12T17:53:42.750110Z","stability-tenant","7e915de8c02ff5f900b33e2b9a64938387ea98540633e521f73a6ccb35a88ad4","codex","255baed39e06b496455a61c895a194fe7bee8f0338baadcf99f5e95ed6d61126","dd1df90dff90c0fb66183c82e48fe1cb3b30c87f30c3c46e0f9b781d877eff06","continuation","False","108","64","44","0.407","4","4","16","12"
"2026-04-12T17:54:12.828694Z","stability-tenant","7e915de8c02ff5f900b33e2b9a64938387ea98540633e521f73a6ccb35a88ad4","codex","57e95cad50c4793a404475779300393f24d27e91247e9d66900af3b39b668cc7","73ff9723b1b33dbdf23084ceb8af33354967532216d324cf4589de79a801e654","continuation","False","108","64","44","0.407","4","4","16","12"
"2026-04-12T17:54:42.896498Z","stability-tenant","7e915de8c02ff5f900b33e2b9a64938387ea98540633e521f73a6ccb35a88ad4","codex","96b9ee98efb8884c889045ff2a6fbe8c1a9d6bd2b2181db6014ceecdaefd951f","4ade28aa2dd8f7575f5a212dd12b6899d7fb65a64a6b9c985d0fbedf2648ac62","continuation","False","108","64","44","0.407","4","4","16","12"
"2026-04-12T17:55:12.988282Z","stability-tenant","7e915de8c02ff5f900b33e2b9a64938387ea98540633e521f73a6ccb35a88ad4","codex","fcfffbff80516f76ce43dc6f559ec0059ff4de665b21dc1db02c26d6645ebc7e","02dfe1d5e5f41c4dce76a5fec7c8cd27d85654c3cdf12aab790e066faaecd3b4","continuation","False","108","64","44","0.407","4","4","16","12"
"2026-04-12T17:55:43.062019Z","stability-tenant","7e915de8c02ff5f900b33e2b9a64938387ea98540633e521f73a6ccb35a88ad4","codex","7b4786c766e52b587e99cb9903efb1c78ab80789b50e67fa95d4f64954d1f4da","7648575e35023a0ef5453bdeb20aaa622b5f44fbcb93161b2ccd0beeec7c4877","continuation","False","108","64","44","0.407","4","4","16","12"
"2026-04-12T17:56:13.141111Z","stability-tenant","7e915de8c02ff5f900b33e2b9a64938387ea98540633e521f73a6ccb35a88ad4","codex","ba748538f4043ed33a846ea1040639cca962968ef7fb2a8d2c8d5e613efc0a94","a78d3d2545d651dc504cfb9db6888e17979c7dc04703b760d43f73ceffc1df8c","continuation","False","108","64","44","0.407","4","4","16","12"
"2026-04-12T17:56:43.226121Z","stability-tenant","7e915de8c02ff5f900b33e2b9a64938387ea98540633e521f73a6ccb35a88ad4","codex","86e4b1a0fc78eec8d8f94da821955ce57510f14473b100a41bf0a82fa79808b7","0886a4a6d98ea02167ce97dce2375744651306f443a43f4df7884e2b7ce858e9","continuation","False","108","64","44","0.407","4","4","16","12"
"2026-04-12T17:57:13.315935Z","stability-tenant","7e915de8c02ff5f900b33e2b9a64938387ea98540633e521f73a6ccb35a88ad4","codex","ca52da1215f3a5cafbc26576131941fb4ed8375f46c77488eed710c59e4a99da","b599201825913f9eaede998ccd388d5bf6826cb0686fb663efe4a5500619c78b","continuation","False","108","64","44","0.407","4","4","16","12"
"2026-04-12T17:57:43.391117Z","stability-tenant","7e915de8c02ff5f900b33e2b9a64938387ea98540633e521f73a6ccb35a88ad4","codex","6040640339c2e73dcdb1b41e1c7ef497617806a2749561253e845528a67a3004","b33e83803446f0ef6af3aec976e35eb1a52ef5624e804e3a9b95b03211721198","continuation","False","108","64","44","0.407","4","4","16","12"
"2026-04-12T17:58:13.478105Z","stability-tenant","7e915de8c02ff5f900b33e2b9a64938387ea98540633e521f73a6ccb35a88ad4","codex","ac120fdbc8746dfa39d36433fad395a13b00923fa25ddaa2c1549d0a5532d1aa","1b81c196e319e410213a72649da70426598b5174cfed1ffc00e14e783906ac9e","continuation","False","108","64","44","0.407","4","4","16","12"
"2026-04-12T17:58:43.554188Z","stability-tenant","7e915de8c02ff5f900b33e2b9a64938387ea98540633e521f73a6ccb35a88ad4","codex","ad66bb8dee3df106d21eac9fb9056c964a649a3cd979580a1feb660fed9569a0","7147dbe1809e546cd2dc45c45be4ec33d5dc9618782bdf580d3bad3c59c32327","continuation","False","108","64","44","0.407","4","4","16","12"
"2026-04-12T17:59:13.643863Z","stability-tenant","7e915de8c02ff5f900b33e2b9a64938387ea98540633e521f73a6ccb35a88ad4","codex","1dbb34c517be4e28ff9799af6fa3e40bf889b390679b6996c207f6a83fdc2da9","431f91f64a5ae01f574fc46a5986ca5252301def541666057b5d929ea0066f96","continuation","False","108","64","44","0.407","4","4","16","12"
"2026-04-12T17:59:43.722978Z","stability-tenant","7e915de8c02ff5f900b33e2b9a64938387ea98540633e521f73a6ccb35a88ad4","codex","ae236d8612b7190dec87ba29a2c604bf738041b81f9d01cdd3da696369cba1b9","32fa06d3fc6f6fef1f10080f91c09a38aa706d327baf142ccc3a50a45c03e957","continuation","False","108","64","44","0.407","4","4","16","12"
"2026-04-12T18:00:13.805879Z","stability-tenant","7e915de8c02ff5f900b33e2b9a64938387ea98540633e521f73a6ccb35a88ad4","codex","fbfd407d6887b8c2887994b678b76de9e9441a43660e61b4f9450f83c324fbd5","9a97be48fa36d4032d36fe1968d36d0c39174d97f91c2151eefec95e5ed39101","continuation","False","108","64","44","0.407","4","4","16","12"
"2026-04-12T18:00:43.885918Z","stability-tenant","7e915de8c02ff5f900b33e2b9a64938387ea98540633e521f73a6ccb35a88ad4","codex","cf54f0998c480a52e148ca8092d8799a9d95112080658d5e6cdd054bdfd08260","06a0d537d25757cea53f30b4616507109ea60bfaf1b2aa52f64cfd5f1adfb315","continuation","False","108","64","44","0.407","4","4","16","12"
"2026-04-12T18:01:13.978745Z","stability-tenant","7e915de8c02ff5f900b33e2b9a64938387ea98540633e521f73a6ccb35a88ad4","codex","38c2a60d20e7645982f0253ec1f55204dbdc6fba53e3e76f1065b03e7cf8ff93","cb1d20bb855da09608225f43b814d49c8dc02855f2e267a50d562ededa813702","continuation","False","108","64","44","0.407","4","4","16","12"
"2026-04-12T18:01:44.062013Z","stability-tenant","7e915de8c02ff5f900b33e2b9a64938387ea98540633e521f73a6ccb35a88ad4","codex","21cb8750cd61ad2edfac503e948a2d8fecb97061d4f6eb0eb0a5f537737d3dc4","6fcf45585b8f35cca459120c7ade1d864ab327fca4d06722a962a7927e3c3c3f","continuation","False","108","64","44","0.407","4","4","16","12"
"2026-04-12T18:02:14.155289Z","stability-tenant","7e915de8c02ff5f900b33e2b9a64938387ea98540633e521f73a6ccb35a88ad4","codex","ed7d5b464baa96ca56edb1b7b01de55ad283eb23ef7d69e7ec5e8f28e9670d1f","d33478064218ccd4536e86203aace6de10d8b109053073ed45e62be97d5d4a6c","continuation","False","108","64","44","0.407","4","4","16","12"
"2026-04-12T18:02:44.237829Z","stability-tenant","7e915de8c02ff5f900b33e2b9a64938387ea98540633e521f73a6ccb35a88ad4","codex","3252d72b82c7f8ee62bb42ec094d0a6a373592533f29d93fde5e1144de08dbe1","516e153a24b59f43423f5ab9bfa4712b3e7150db4360052a8a5c2b408ff1735f","continuation","False","108","64","44","0.407","4","4","16","12"
"2026-04-12T18:03:14.321629Z","stability-tenant","7e915de8c02ff5f900b33e2b9a64938387ea98540633e521f73a6ccb35a88ad4","codex","c39dfceb6276802af7fd196a17f00ec1a281a7a7679b356434a789eb621ec386","2f3eb6b261882cbffaf5fb2edd20d29c673c44b910941cd3591355ae96a963d6","continuation","False","108","64","44","0.407","4","4","16","12"
"2026-04-12T18:03:44.401571Z","stability-tenant","7e915de8c02ff5f900b33e2b9a64938387ea98540633e521f73a6ccb35a88ad4","codex","26af9887d72eb57219d5d8812e91dbb36c8db273d22ae994c62de7cff75eba29","5d12b825be69f4651905805abfc1fe0817c0c6b6903468cf5b19bb3e940df499","continuation","False","108","64","44","0.407","4","4","16","12"
"2026-04-12T18:04:14.482259Z","stability-tenant","7e915de8c02ff5f900b33e2b9a64938387ea98540633e521f73a6ccb35a88ad4","codex","620094b2a2874dd2b53b75396cc240c236076f292d2740996c6aed9e2f488649","fd216f98f5fcc2694d800747779c56de5b1303597464fe008065f16ec66d425a","continuation","False","108","64","44","0.407","4","4","16","12"
"2026-04-12T18:04:44.549270Z","stability-tenant","7e915de8c02ff5f900b33e2b9a64938387ea98540633e521f73a6ccb35a88ad4","codex","a8c2d642162af8ebb4e2160132ff5ef827a688e8181c4f51d1af785633997929","d915e1dfe5c7307ddda839d75367cdc718b7dca9ce9e0afc87c8eea4eb3d485b","continuation","False","108","64","44","0.407","4","4","16","12"
"2026-04-12T18:05:14.621874Z","stability-tenant","7e915de8c02ff5f900b33e2b9a64938387ea98540633e521f73a6ccb35a88ad4","codex","c5b81509ac9a254b2ca6c5ff31a8da18fce0b1a7754dee51013d7787f2b81870","672cdbc93bac75a886e892bcffda724dcf3a6d55cce4a24f52b01484081c99fc","continuation","False","108","64","44","0.407","4","4","16","12"
"2026-04-12T18:05:44.686557Z","stability-tenant","7e915de8c02ff5f900b33e2b9a64938387ea98540633e521f73a6ccb35a88ad4","codex","b64dddb2b20b10038b4c667c5b7eaac19f625fb75e22912d59b23010ebe41472","e969f10d6d58d0aaced0d56f49a5293c34660f20a69a66fe01bd1de22d9585e9","continuation","False","108","64","44","0.407","4","4","16","12"
"2026-04-12T18:06:14.748097Z","stability-tenant","7e915de8c02ff5f900b33e2b9a64938387ea98540633e521f73a6ccb35a88ad4","codex","7e194503fb22f09b77d6b167ad1c1d74fb8857ee170d3a3d33f352d2f1b71df7","f6c40c58a3b8745a7ecb4ab63cae130a0649e0b214453ed14e4d8777728d1cc4","continuation","False","108","68","40","0.37","4","4","16","12"
"2026-04-12T18:06:44.819145Z","stability-tenant","7e915de8c02ff5f900b33e2b9a64938387ea98540633e521f73a6ccb35a88ad4","codex","dc5388fe7c894ec2e635dfb149a76b7e87a3907b73d1a55565dd913bd695217d","c966c02b7a70d16e72effb8dbcd57597c453f9875e613bf11d693ec66719aff3","continuation","False","108","71","37","0.343","4","4","16","12"
"2026-04-12T18:07:14.901002Z","stability-tenant","7e915de8c02ff5f900b33e2b9a64938387ea98540633e521f73a6ccb35a88ad4","codex","460304e0043d497a7a26500b07b4297f1ad3880feafed511849c68507187b8d5","551e74427af0a75f4996e1beb07b062bf7b59e6419381f12dfd861c6e9958223","continuation","False","108","71","37","0.343","4","4","16","12"
"2026-04-12T18:07:44.984162Z","stability-tenant","7e915de8c02ff5f900b33e2b9a64938387ea98540633e521f73a6ccb35a88ad4","codex","f4a3451214fe3f81c6dded6737ce56654f7265c7709b2507d588b35dc404d483","21403e2e23db6507da436eb903659281c100c5a4f32efc2275e06f296ee7f97e","continuation","False","108","71","37","0.343","4","4","16","12"
"2026-04-12T18:08:15.074731Z","stability-tenant","7e915de8c02ff5f900b33e2b9a64938387ea98540633e521f73a6ccb35a88ad4","codex","a27cc3150a0fbb926a62260725b65b16db8e96349947178ee45901074be4ad10","021249464a9bcdc20fce06fe261d8f68f207d96d3dc67be7a2721536492c5a01","continuation","False","108","71","37","0.343","4","4","16","12"
"2026-04-12T18:08:45.153010Z","stability-tenant","7e915de8c02ff5f900b33e2b9a64938387ea98540633e521f73a6ccb35a88ad4","codex","3e05cd62a5a9aca66445e701eb814599c0cf3ed651beab8e0c605f17cc5f045b","2c6bf71cfb72f8bfe0a12ca64a0776ceba22fc226bfa9a311bf3116c798fcf33","continuation","False","108","71","37","0.343","4","4","16","12"
"2026-04-12T18:09:15.234063Z","stability-tenant","7e915de8c02ff5f900b33e2b9a64938387ea98540633e521f73a6ccb35a88ad4","codex","144229cea8f3991c7552b458675e6a26e0ac08a79169d9636d5028a12d0daee3","68c508569f636ed293a7082869f0d3a93464b9bfa63a277c7ae86a3197229078","continuation","False","108","71","37","0.343","4","4","16","12"
"2026-04-12T18:09:45.324236Z","stability-tenant","7e915de8c02ff5f900b33e2b9a64938387ea98540633e521f73a6ccb35a88ad4","codex","57a8ad09cc9dcbf8c9e6fa1c6e1cdfb92bca1e48c47a7cddb990ce9ab724922b","72e07f192f96f0f749b58bfe5a477e91fa5083fd30d95d29575a94bbc847ceb7","continuation","False","108","71","37","0.343","4","4","16","12"
"2026-04-12T18:10:15.415537Z","stability-tenant","7e915de8c02ff5f900b33e2b9a64938387ea98540633e521f73a6ccb35a88ad4","codex","9f250fc6cae3fd61ae7a7e525ab4aa00a810b7a1846a376c3547d577f72e27b0","2c3efa61f31e271985609693a0da766abeb6e8e43b3f0e29f3903f2d2088cb70","continuation","False","108","71","37","0.343","4","4","16","12"
"2026-04-12T18:10:45.491321Z","stability-tenant","7e915de8c02ff5f900b33e2b9a64938387ea98540633e521f73a6ccb35a88ad4","codex","ee520cfc98b27f1deac15f5ab5e9e30c1d9659b8645871334b3c26991b6f3ee6","ed6a41948fd34679d66b19c90c94d6c431be421beee6e0e8f90090f5d7436a4d","continuation","False","108","71","37","0.343","4","4","16","12"
"2026-04-12T18:11:15.571125Z","stability-tenant","7e915de8c02ff5f900b33e2b9a64938387ea98540633e521f73a6ccb35a88ad4","codex","5710d4c84a7e7e276b810a2eb7bbbe215ebf9454b2351984e07704e7836fd9ad","45727df987db65aeadd7c308528414db331fd6e0d72e8a68167d84e15153608f","continuation","False","108","71","37","0.343","4","4","16","12"
"2026-04-12T18:11:45.654030Z","stability-tenant","7e915de8c02ff5f900b33e2b9a64938387ea98540633e521f73a6ccb35a88ad4","codex","aaa803762dcae53768b30c925de87166da1205cdc60bd913ba45fd0b822fc309","c06337120c324bf6057fa90f7b51784673ad5143acc3cc39b9309a90b1319e87","continuation","False","108","71","37","0.343","4","4","16","12"
"2026-04-12T18:12:15.737276Z","stability-tenant","7e915de8c02ff5f900b33e2b9a64938387ea98540633e521f73a6ccb35a88ad4","codex","833e5bb704ca3e7f0cb5a9879ebcef8061d92b458bfdc91660b364ae37606096","607c06150daab0a5d621f16e069aaca9de084c43b9a4e4c79cd893449c1fe342","continuation","False","108","71","37","0.343","4","4","16","12"
"2026-04-12T18:12:45.803577Z","stability-tenant","7e915de8c02ff5f900b33e2b9a64938387ea98540633e521f73a6ccb35a88ad4","codex","1feed13643b824d6a7df370ffe891d8045b8d42caaa3444b24f2ebb8e134497c","c69ac3ffb8b7f5087d3f22fd525299116964025dd893026951a06a1b5ecd748f","continuation","False","108","71","37","0.343","4","4","16","12"
"2026-04-12T18:13:15.877763Z","stability-tenant","7e915de8c02ff5f900b33e2b9a64938387ea98540633e521f73a6ccb35a88ad4","codex","d94df4787f0acf8f46c309f800e48189c6ce7ad308454de68be3b8f66d92b314","80b86b9dfb57807834a0a79d17cedb01421684565a8d8b94e5361883e5c4f956","continuation","False","108","71","37","0.343","4","4","16","12"
"2026-04-12T18:13:45.945790Z","stability-tenant","7e915de8c02ff5f900b33e2b9a64938387ea98540633e521f73a6ccb35a88ad4","codex","ab642754d27011ffc74203a3a1a831e72f38b178e8e0875cfdbfa26adf7896ce","d7cc4cc3c7ff2000d588b2ae8ca2f08d1be10cdca24f032edf12c3b921f543f1","continuation","False","108","71","37","0.343","4","4","16","12"
"2026-04-12T18:14:16.029643Z","stability-tenant","7e915de8c02ff5f900b33e2b9a64938387ea98540633e521f73a6ccb35a88ad4","codex","421ad0253633b6327db2b60eeec87a2b7d5faa23a1cec5239125c66ac64ee5fe","0212f443fde217e045df3d831b7e9f42ae71dcb406c940376875695cdd59f0c5","continuation","False","108","71","37","0.343","4","4","16","12"
"2026-04-12T18:14:46.101114Z","stability-tenant","7e915de8c02ff5f900b33e2b9a64938387ea98540633e521f73a6ccb35a88ad4","codex","ae890943cbe5626e756c6fe88f300fd1240d14d4dd989cfc2e46c7389ec84c96","cc942e6a32d7c1ee93557a8bc53b9bf99543d15980937a833cc6515b9a990ebd","continuation","False","108","71","37","0.343","4","4","16","12"
"2026-04-12T18:15:16.192890Z","stability-tenant","7e915de8c02ff5f900b33e2b9a64938387ea98540633e521f73a6ccb35a88ad4","codex","34815f85ece299994e599acbcf8f34440d76d5383271bd625948d08581cea5f2","b2405a156af785fb6bfb5e6661a1c3d09bbb183fa3d6b1deb0232a0571f93d94","continuation","False","108","71","37","0.343","4","4","16","12"
"2026-04-12T18:15:46.275018Z","stability-tenant","7e915de8c02ff5f900b33e2b9a64938387ea98540633e521f73a6ccb35a88ad4","codex","629acb690ee484ba99e0d86fa0f27c9968b2dd2f238120649a85dbf21a01da3c","9c08042ee9671ed2fbcddc789307c17e3c41e4760856e49b50da39f299598f6e","continuation","False","108","71","37","0.343","4","4","16","12"
"2026-04-12T18:16:16.368650Z","stability-tenant","7e915de8c02ff5f900b33e2b9a64938387ea98540633e521f73a6ccb35a88ad4","codex","cb041277fc692ce89320823b3a46fa4a7151b20e68ea75df6c0ebf9169beda1c","7cf728fba95b163d10217e977444e145d22febf11b90270b793285d05f5f8460","continuation","False","108","71","37","0.343","4","4","16","12"
"2026-04-12T18:16:46.433315Z","stability-tenant","7e915de8c02ff5f900b33e2b9a64938387ea98540633e521f73a6ccb35a88ad4","codex","427f3679725c354c41e2823e056c346a02860da760c6b548e3110f57d1fc4789","4e547e52aac27f46092836ee01c8cc86b575f752e19e4fb05646b51bfb5757b0","continuation","False","108","71","37","0.343","4","4","16","12"
"2026-04-12T18:17:16.519470Z","stability-tenant","7e915de8c02ff5f900b33e2b9a64938387ea98540633e521f73a6ccb35a88ad4","codex","051b7b98920b33e35c4c073ff0db5847543b3b404384fc4feaf07ad966588218","0b3cfaaabf06989749972d55c2c257debba6d7f63d685d27bc0cff06902960e9","continuation","False","108","71","37","0.343","4","4","16","12"
"2026-04-12T18:17:46.593487Z","stability-tenant","7e915de8c02ff5f900b33e2b9a64938387ea98540633e521f73a6ccb35a88ad4","codex","86dea5112547a8a276d279ea5d640691361b95e01246cdff8fdd67138b87c59e","21ae75e2747aa1fc3377f829f5ca3b1a9dbda21b415ebfe96ffec4430247b7e5","continuation","False","108","71","37","0.343","4","4","16","12"
"2026-04-12T18:18:16.700668Z","stability-tenant","7e915de8c02ff5f900b33e2b9a64938387ea98540633e521f73a6ccb35a88ad4","codex","d10559359ffacaa4fbd40f8f37bb2775fd5ea0c5ff1de61e3728b42f15f67f69","069a50b7ea6263a242a8350b9d5179c1b19789bbdc493af6989e11ce80036b53","continuation","False","108","71","37","0.343","4","4","16","12"
"2026-04-12T18:18:46.775957Z","stability-tenant","7e915de8c02ff5f900b33e2b9a64938387ea98540633e521f73a6ccb35a88ad4","codex","3137b08238bf301095874767116ba8d9fb384ba121b07b5ffa022076c0e9b422","76159f1b03d055f1d769496a8645a656ae006f8606f691c0edd2d09bfe4a75ea","continuation","False","108","71","37","0.343","4","4","16","12"
"2026-04-12T18:19:16.862778Z","stability-tenant","7e915de8c02ff5f900b33e2b9a64938387ea98540633e521f73a6ccb35a88ad4","codex","c66a0cb470411a5f1b88711f7251475ffbb856ae2e695ec2b895e3a395da48f9","02cbd7ecc922de883419530ed287df006dc795eba2a26cdb546fd2908229d67d","continuation","False","108","71","37","0.343","4","4","16","12"
"2026-04-12T18:19:46.917717Z","stability-tenant","7e915de8c02ff5f900b33e2b9a64938387ea98540633e521f73a6ccb35a88ad4","codex","3f303485feee301d1d976b8d94d7a68e7deb75420ab7276fbbb6bd7e5c6d2093","9d2fd3cc437c1a1f82effd3d61f3cf71dfc5fb443000c5e086c1f92216bbf6ea","continuation","False","108","71","37","0.343","4","4","16","12"
"2026-04-12T18:20:17.001192Z","stability-tenant","7e915de8c02ff5f900b33e2b9a64938387ea98540633e521f73a6ccb35a88ad4","codex","04cfaf12b59f545fd6ab485b0201f64f0ec058ef75700f43494ab7b3b1fbcfd3","540eaaa6b2bbef462d0e5e3550c3016ed5085bcfe63d25032bb1a25a28de0abc","continuation","False","108","71","37","0.343","4","4","16","12"
"2026-04-12T18:20:47.106707Z","stability-tenant","7e915de8c02ff5f900b33e2b9a64938387ea98540633e521f73a6ccb35a88ad4","codex","d890c6d281f701ebb0f6658479c9d92e2377f82a5dc47958caae03ca55eedf06","292bea40f78d16eb61b70f895c5d987896f820881c4845b3b9564ec5aeb0830c","continuation","False","108","71","37","0.343","4","4","16","12"
"2026-04-12T18:21:17.185582Z","stability-tenant","7e915de8c02ff5f900b33e2b9a64938387ea98540633e521f73a6ccb35a88ad4","codex","e3ea241c9f74376e7c341801c8db18b189cfdaa03ecb3e61f90206020f25b9f4","2c9d7d2dfd19400f4e8e4ae02ce21bc10a50434ca0c4ab9a95237dd4c2587e7b","continuation","False","108","71","37","0.343","4","4","16","12"
"2026-04-12T18:21:47.247901Z","stability-tenant","7e915de8c02ff5f900b33e2b9a64938387ea98540633e521f73a6ccb35a88ad4","codex","d3705cfb5f50daa605b68b30f9f0072c3b73722223d44de5ee0d51afc2ff8b9a","6071fc6299bd21b6fd1831b13cb88387df234dfc64d4784160315ae8e19c6426","continuation","False","108","71","37","0.343","4","4","16","12"
"2026-04-12T18:22:17.348971Z","stability-tenant","7e915de8c02ff5f900b33e2b9a64938387ea98540633e521f73a6ccb35a88ad4","codex","5dcc70090d59013a0fef1ebea5b61c924b558c5e9f5acd1f53c58edfd789f4ce","6394b8d5caa10a762794ef40b2dd77bd892e1aa3d4572e9cc94787d880244142","continuation","False","108","71","37","0.343","4","4","16","12"
"2026-04-12T18:22:47.435774Z","stability-tenant","7e915de8c02ff5f900b33e2b9a64938387ea98540633e521f73a6ccb35a88ad4","codex","616ce4b604f2d75a2566db646cf1a2a809cef26c76d9f72a039da07f021220d7","19443aaffeec93b67272c31d8fec04bad647769f4955dd24a148f07792fc8541","continuation","False","108","71","37","0.343","4","4","16","12"
"2026-04-12T18:23:17.531858Z","stability-tenant","7e915de8c02ff5f900b33e2b9a64938387ea98540633e521f73a6ccb35a88ad4","codex","1e26c3abcfbd7bf6b2ea6b80809db0732777eb3ca78aa0259553aff6c5526787","b62f1c10d3c5bd8620756f0f082594d42bb2da68942c47afe4e6effcfa099941","continuation","False","108","71","37","0.343","4","4","16","12"
"2026-04-12T18:23:47.601604Z","stability-tenant","7e915de8c02ff5f900b33e2b9a64938387ea98540633e521f73a6ccb35a88ad4","codex","9c45496c737d9c43e9e386bc8f01c60eed6b85411250adc17f0aaa2337d6a870","4441fa5934e40cbef7aa72609ff5184a32f9a9df146a8b5f471154f74a73a485","continuation","False","108","71","37","0.343","4","4","16","12"
"2026-04-12T18:24:17.694594Z","stability-tenant","7e915de8c02ff5f900b33e2b9a64938387ea98540633e521f73a6ccb35a88ad4","codex","63678e6adb808bbf11907228c90aac5294b0265a75e76c38f36ee230181b7b80","d89e6e9aa1b2901cd24a994b5f241bae6cc7241786262a1a977175343c8054e4","continuation","False","108","71","37","0.343","4","4","16","12"
"2026-04-12T19:01:31.544490Z","phase1-step2","7e915de8c02ff5f900b33e2b9a64938387ea98540633e521f73a6ccb35a88ad4","codex","a66341bf78ca5a6b5123dd84ed225fa6f185de950ce4aefb6bfcfbae9cadecba","213ea8ec6a3fe3746835e085561583311f9a22a8011f54bb6168f406e4995831","implementation","True","200","0","200","1","0","0","0","0"
"2026-04-12T19:01:37.497488Z","phase1-step3","7e915de8c02ff5f900b33e2b9a64938387ea98540633e521f73a6ccb35a88ad4","codex","8350d086febd14ef179a46a98c0eb7c14a2d2bc8a7cb3782b21bf817e1a25cc0","762a6e4a3b5c5cf1cdc07b79885b368325a9df9788fa730f5b347516bdcd093f","decision","False","108","71","37","0.343","4","4","16","12"
"2026-04-12T19:01:37.531334Z","phase1-step3","7e915de8c02ff5f900b33e2b9a64938387ea98540633e521f73a6ccb35a88ad4","codex","1217d01da072f84199043c847365b72de4e969470eee5312381b61ac8284366c","916b5be64bbc38c467b9bb6400c1562c1553ff2dfd4e12b866415a75cbd98f35","implementation","True","200","0","200","1","0","0","0","0"
"2026-04-12T19:37:11.724277Z","phase2-meter-test","7e915de8c02ff5f900b33e2b9a64938387ea98540633e521f73a6ccb35a88ad4","codex","cd0f4418a674f8a27567fdb32037fcaadb85636773a10d12afa35af105847f9b","74a9791fe2751c434934b3778337594e2b6d82ce3a4ed186a162429263e9ed82","continuation","False","108","71","37","0.343","4","4","16","12"
"2026-04-12T19:37:51.085673Z","phase2-meter-test","7e915de8c02ff5f900b33e2b9a64938387ea98540633e521f73a6ccb35a88ad4","codex","8aad5d65ab0641f8a94f4a11bb891fcfc3bb1e07c039639e93a1581b725519cb","74a9791fe2751c434934b3778337594e2b6d82ce3a4ed186a162429263e9ed82","continuation","False","108","71","37","0.343","4","4","16","12"
"2026-04-12T19:38:57.484499Z","phase2-meter-dir","7e915de8c02ff5f900b33e2b9a64938387ea98540633e521f73a6ccb35a88ad4","codex","6d1d3ba70c066337e1092a7ee103163057e39e9df533a4ecf848eaa12c3db411","a0110952bea040ae4442a8fbcf1f34b1f76e5598b25275f8d7be8b48cce28bbe","continuation","False","108","71","37","0.343","4","4","16","12"
"2026-04-13T02:51:42.937680Z","migration-tenant","7e915de8c02ff5f900b33e2b9a64938387ea98540633e521f73a6ccb35a88ad4","codex","cef0a75126216039ec028d6cd99f6508ea58dcb09a40cdeb39d9a63b0b36d873","1f9939fbe89d4fd5ed1406909f5af9057773076fc6abb0b74f90c1a059ba1795","decision","False","108","71","37","0.343","4","4","16","12"
"2026-04-13T02:52:14.494733Z","migration-tenant","7e915de8c02ff5f900b33e2b9a64938387ea98540633e521f73a6ccb35a88ad4","codex","ef5f42a975621ed6eb9ed97cae244b4d9043e27ebf5ff417e183c9007483dfc0","1f9939fbe89d4fd5ed1406909f5af9057773076fc6abb0b74f90c1a059ba1795","decision","False","108","71","37","0.343","4","4","16","12"
"2026-04-13T02:52:34.544407Z","migration-tenant","7e915de8c02ff5f900b33e2b9a64938387ea98540633e521f73a6ccb35a88ad4","codex","fed8c1094167aa5f7d2fea96438df0a9c3a4320a26fac970b312fc08e2f959af","1f9939fbe89d4fd5ed1406909f5af9057773076fc6abb0b74f90c1a059ba1795","decision","False","108","71","37","0.343","4","4","16","12"
"2026-04-13T02:53:03.338793Z","migration-tenant","7e915de8c02ff5f900b33e2b9a64938387ea98540633e521f73a6ccb35a88ad4","codex","30274a3e012ca9758221924ffcf17b5b3bba76d2666cb6010fa1550af496db97","1f9939fbe89d4fd5ed1406909f5af9057773076fc6abb0b74f90c1a059ba1795","decision","False","108","71","37","0.343","4","4","16","12"
"2026-04-13T02:59:36.708506Z","phase3-perf","7e915de8c02ff5f900b33e2b9a64938387ea98540633e521f73a6ccb35a88ad4","codex","8a6b7f58208d3e8efad9e3d6cd1a072939ee36222bb11f29fa000ebfda3b2d3e","2030460fe4d701f5dbaefc31c5d2f913ec90a43993d89f0497c4813bf1b50d2b","continuation","False","108","71","37","0.343","4","4","16","12"
"2026-04-13T02:59:36.747352Z","phase3-perf","7e915de8c02ff5f900b33e2b9a64938387ea98540633e521f73a6ccb35a88ad4","codex","24dd677ce988e68e51c87df89d8481328de37579ae0cda48c4cefcde11e76039","52b5a5f461fc0df410425ee5a6e932868f00399b642b8432a5c9feb0e9eeff4d","continuation","False","108","71","37","0.343","4","4","16","12"
"2026-04-13T02:59:36.781198Z","phase3-perf","7e915de8c02ff5f900b33e2b9a64938387ea98540633e521f73a6ccb35a88ad4","codex","0181326cff13fb4a42e74d4a19e635489d624cb0b1ea869dded35533b097abe7","ae9cf5d92aca8dba633c2c5a697b37b44e7c4b7b2a6e28f818c393e0e3d91f6f","continuation","False","108","71","37","0.343","4","4","16","12"
"2026-04-13T02:59:36.812258Z","phase3-perf","7e915de8c02ff5f900b33e2b9a64938387ea98540633e521f73a6ccb35a88ad4","codex","ae7fd06dbbe49a5939cea2e140fcd05a767a7ef984ff3db201b4249b77f15b2c","3623ca63cb33ca678855f241a5cd3217717395cfe6a53994b78706ef75632f3b","continuation","False","108","71","37","0.343","4","4","16","12"
"2026-04-13T02:59:36.846351Z","phase3-perf","7e915de8c02ff5f900b33e2b9a64938387ea98540633e521f73a6ccb35a88ad4","codex","86d1236446b9c28900b59d395f8a839dcab99bc84a14e261bba78d15a38ea872","71273c7971d22d3263080864e4036444f4550c3f6b96ff01e47c8fd023306c1a","continuation","False","108","71","37","0.343","4","4","16","12"
"2026-04-13T02:59:36.883414Z","phase3-perf","7e915de8c02ff5f900b33e2b9a64938387ea98540633e521f73a6ccb35a88ad4","codex","55585f1e5acb8dbdefa7623a4442753b41082a02ee5ba913a59d0cef8b62dcd7","3827b10da5a0fb5d514a7b3d59d69870d61db3cc1f98a7965288159f530495f4","continuation","False","108","71","37","0.343","4","4","16","12"
"2026-04-13T02:59:36.927695Z","phase3-perf","7e915de8c02ff5f900b33e2b9a64938387ea98540633e521f73a6ccb35a88ad4","codex","f271585b7faf5968d7de70b7fbfec54d6c8dc95130da87e3eebdf5bdf6b55ea2","00c3c24084ee844abb723249cabb912e35d6780ec16e7046bf7bde82b47c235e","continuation","False","108","71","37","0.343","4","4","16","12"
"2026-04-13T02:59:36.962140Z","phase3-perf","7e915de8c02ff5f900b33e2b9a64938387ea98540633e521f73a6ccb35a88ad4","codex","b8848ef7d14e208a9497203ff065a63509cecd6d21a8f98f7c686ce8f7efb46e","e0caf4fb0cc5f7130c5530b3b68179d462ad02521bd4954e1e1b5f46e9d88098","continuation","False","108","71","37","0.343","4","4","16","12"
"2026-04-13T02:59:36.997166Z","phase3-perf","7e915de8c02ff5f900b33e2b9a64938387ea98540633e521f73a6ccb35a88ad4","codex","3661b2894c87605cfef683e42b31e0c5ddf54606433b4fc1eb681aecc2095b37","cae81f32e74caccc4b434fe08a12570500ed21ece53ede381453f9c0e48fd07a","continuation","False","108","71","37","0.343","4","4","16","12"
"2026-04-13T02:59:37.032208Z","phase3-perf","7e915de8c02ff5f900b33e2b9a64938387ea98540633e521f73a6ccb35a88ad4","codex","02746886a5f8cd54bf1488665e577eea6ec430d337f2c9feae8e532cd297711f","303e3d04c94409d567bd611971ac32e8c1027fc5be8d01997a804f836b8c2caa","continuation","False","108","71","37","0.343","4","4","16","12"
"2026-04-13T02:59:37.065308Z","phase3-perf","7e915de8c02ff5f900b33e2b9a64938387ea98540633e521f73a6ccb35a88ad4","codex","cec3417ff6c941c87162272a642b2735de655116cf869405c27ce3cf8d4a87cc","4ea65d96139b0024b024fe55c5fb07fbcb36014e4ca26553419c3ec57b900335","continuation","False","108","71","37","0.343","4","4","16","12"
"2026-04-13T02:59:37.098158Z","phase3-perf","7e915de8c02ff5f900b33e2b9a64938387ea98540633e521f73a6ccb35a88ad4","codex","aa80c944218839dc65e8ebeba2876dd81dac523080c0ad2c89bae0ee339f7758","b87a52b4f0bffbb51b0fb1c23b9d9a8a96ccf1672aa31c1b91f8a58ca3933f74","continuation","False","108","71","37","0.343","4","4","16","12"
"2026-04-13T02:59:37.130184Z","phase3-perf","7e915de8c02ff5f900b33e2b9a64938387ea98540633e521f73a6ccb35a88ad4","codex","1ea18b6aa041ae1b2ae3f6d5540bfcb2d4bc482f83500c8556d1543f32c1d836","73601a637a7b31be402dd6205d5d0e5e9795d23d3fec13221b45201dea66d1e1","continuation","False","108","71","37","0.343","4","4","16","12"
"2026-04-13T02:59:37.162327Z","phase3-perf","7e915de8c02ff5f900b33e2b9a64938387ea98540633e521f73a6ccb35a88ad4","codex","b0c904c63400e7d43224785313c018970ace094147ffc9236fe94fee760f1492","40a6586b02050101fdc22b2ab87386a6d0a8e39c69b3350f5fb9509dd1f1c512","continuation","False","108","71","37","0.343","4","4","16","12"
"2026-04-13T02:59:37.198251Z","phase3-perf","7e915de8c02ff5f900b33e2b9a64938387ea98540633e521f73a6ccb35a88ad4","codex","ece84e5472484f1fa104be4d3a0034ccfb0c3f5cee3d437de9afb99ee81fda87","c921fbaaa5910d841e74b59faa9bad40c3e732479ca9ee6cfe133c9cc751d976","continuation","False","108","71","37","0.343","4","4","16","12"
"2026-04-13T02:59:37.232307Z","phase3-perf","7e915de8c02ff5f900b33e2b9a64938387ea98540633e521f73a6ccb35a88ad4","codex","ff1f03c4fc90e348e7374997644fe7e812ef749cbd57a46ee308641c971826f2","def58c6fac203ba2c677b4bc67cdf20fef9bc75513d9f958400f820d561494d4","continuation","False","108","71","37","0.343","4","4","16","12"
"2026-04-13T02:59:37.268446Z","phase3-perf","7e915de8c02ff5f900b33e2b9a64938387ea98540633e521f73a6ccb35a88ad4","codex","13eca79b2a8a115ff90dd141e609cee2b6c5616ee2132486e02f6d0afc5f6879","c7812d60bc9f2ea2660cf172ddad910eb5588ad96f2521339c226230ca9b6e15","continuation","False","108","71","37","0.343","4","4","16","12"
"2026-04-13T02:59:37.305487Z","phase3-perf","7e915de8c02ff5f900b33e2b9a64938387ea98540633e521f73a6ccb35a88ad4","codex","19c878083a458360c7f1b323940d49b1ba4f0e3dfb764db379f3cbfeb0f2ebef","384847e08671b0e522e2164e3b50f9a067cbb39c4a10a6e68a1ff4e7e1faf0b5","continuation","False","108","71","37","0.343","4","4","16","12"
"2026-04-13T02:59:37.339220Z","phase3-perf","7e915de8c02ff5f900b33e2b9a64938387ea98540633e521f73a6ccb35a88ad4","codex","a5cb81c309343650b9a1c44ea1107b5ae8f8ab7285f7e449bfa45bda0bf86c37","67185fd4dc5e0c1f18a7955280090bcfadca011a604ee9e2caaaefb17f568e73","continuation","False","108","71","37","0.343","4","4","16","12"
"2026-04-13T02:59:37.375122Z","phase3-perf","7e915de8c02ff5f900b33e2b9a64938387ea98540633e521f73a6ccb35a88ad4","codex","577628ea1b51817163ad68330f9b92d19538df416c310470993ddd5fa5e9851c","343c5b9fd4174e0fb94b343e91ddaf335478dbcbb6eebc86513926a250ec4a39","continuation","False","108","71","37","0.343","4","4","16","12"
"2026-04-13T02:59:37.409327Z","phase3-perf","7e915de8c02ff5f900b33e2b9a64938387ea98540633e521f73a6ccb35a88ad4","codex","33e27d6d1788626d607035912bf4a4120ef1cfcb35b659c97bf59fd5813475ac","4f3e831438f0c9876c0d447b11c9c666029c63f89f0fdd49c6d86968869bc0cc","continuation","False","108","71","37","0.343","4","4","16","12"
"2026-04-13T02:59:37.444286Z","phase3-perf","7e915de8c02ff5f900b33e2b9a64938387ea98540633e521f73a6ccb35a88ad4","codex","966b983f8e899060c7e362b5271123c80203d4085d89f49e36d27b6b20fa11bb","a8114830ffdd057d1bc39ac1531666eb78258fb77d46e48307951e31d11afd2e","continuation","False","108","71","37","0.343","4","4","16","12"
"2026-04-13T02:59:37.478149Z","phase3-perf","7e915de8c02ff5f900b33e2b9a64938387ea98540633e521f73a6ccb35a88ad4","codex","b2dd6cd93781d42aa6010b98374f40d2b6937a36c6cc3b6d084bede5414940d4","248eea36ecf45aed54928c7f723fa033dee362d928697792460c06ad1594a246","continuation","False","108","71","37","0.343","4","4","16","12"
"2026-04-13T02:59:37.511202Z","phase3-perf","7e915de8c02ff5f900b33e2b9a64938387ea98540633e521f73a6ccb35a88ad4","codex","c4b9ee9e114168bc8de210b49eef5b9226af1b339b421c31a21a6f5d6845f8b0","4303daab585f3114ca9dad453bdd0a63059cf1391a57fa1857d09f5731d37d7c","continuation","False","108","71","37","0.343","4","4","16","12"
"2026-04-13T02:59:37.546319Z","phase3-perf","7e915de8c02ff5f900b33e2b9a64938387ea98540633e521f73a6ccb35a88ad4","codex","59079d62ec6478c4f0fc5001674103350466285d39d9d418ebdd3296971855f1","228a8a78c51da49702637435e8f1705e86124febe2d2f7a62e1d34650f127dc2","continuation","False","108","71","37","0.343","4","4","16","12"
"2026-04-13T02:59:37.580353Z","phase3-perf","7e915de8c02ff5f900b33e2b9a64938387ea98540633e521f73a6ccb35a88ad4","codex","518709c38b4bbc8f665b7b4f7feefe782b67526c9075437f0f891d1ba244a581","d2f4c76738a73509e7147a29be9140b68ed91e84d73e46911ce604c3337bf853","continuation","False","108","71","37","0.343","4","4","16","12"
"2026-04-13T02:59:37.615292Z","phase3-perf","7e915de8c02ff5f900b33e2b9a64938387ea98540633e521f73a6ccb35a88ad4","codex","454e9ddd30bfa3532e52e0aff7c1a98c6c7cb3ad0e1bbd1cd6c49d9bab12c5e2","3ae15f6bafa0efe6d9388416f5524551ea3323ee620b1ce6ba9228d6b3795af5","continuation","False","108","71","37","0.343","4","4","16","12"
"2026-04-13T02:59:37.649097Z","phase3-perf","7e915de8c02ff5f900b33e2b9a64938387ea98540633e521f73a6ccb35a88ad4","codex","05dcc951881017612ff102b62a34ed2b2993ad63e818bc7376a3c9ecb265be89","1507ac095f5c9ff6dedc223a38f376ef402135478e3add954b081b4518d2e916","continuation","False","108","71","37","0.343","4","4","16","12"
"2026-04-13T02:59:37.684239Z","phase3-perf","7e915de8c02ff5f900b33e2b9a64938387ea98540633e521f73a6ccb35a88ad4","codex","0ade616095e5e3e33c47732e9485fc445b23386ba3ecfadd6903519287187b4c","5a129bbe56dafc3ee1e20ade59311c5c1c94d5c7600bef9bd9187ffdd295f7ed","continuation","False","108","71","37","0.343","4","4","16","12"
"2026-04-13T02:59:37.718120Z","phase3-perf","7e915de8c02ff5f900b33e2b9a64938387ea98540633e521f73a6ccb35a88ad4","codex","45d63f2dea2b5facc2d7e5ac30a28af790c9d5b425d000222569d9dbf356323c","44cc234cd15f32fa5dd777aa7be984bd06f7a18879ad1498a6ba04ff1c4f9c7f","continuation","False","108","71","37","0.343","4","4","16","12"
"2026-04-13T02:59:37.756211Z","phase3-perf","7e915de8c02ff5f900b33e2b9a64938387ea98540633e521f73a6ccb35a88ad4","codex","e0c223321e7119c8b0c66c6ab8fc5f0977df84ee432faac39f996436079a4945","9f6ecac365c7f170dcfc96affc7d393fecfcaca56a17575a090c7c433147a15b","continuation","False","108","71","37","0.343","4","4","16","12"
"2026-04-13T02:59:37.792317Z","phase3-perf","7e915de8c02ff5f900b33e2b9a64938387ea98540633e521f73a6ccb35a88ad4","codex","e990f1b36e8fbf0cc63c8fabdd2a54d63c25ec964f11358a9a99bb5fb74c9460","d9f1d000645ea867bbeba8cb4d5677e7ef035d385e41e42ab95b2179ea8374ce","continuation","False","108","71","37","0.343","4","4","16","12"
"2026-04-13T02:59:37.829300Z","phase3-perf","7e915de8c02ff5f900b33e2b9a64938387ea98540633e521f73a6ccb35a88ad4","codex","e49392eaeb7bb093a4f2af9d1a9009fc76d98607edd8808737291dd202ec50ed","8f60b5733d6200bf9c6075aed086d6d11c540d97e32d88ab77b7b1751a95e2ac","continuation","False","108","71","37","0.343","4","4","16","12"
"2026-04-13T02:59:37.865228Z","phase3-perf","7e915de8c02ff5f900b33e2b9a64938387ea98540633e521f73a6ccb35a88ad4","codex","28def94befc3912e4ee2c474b14349722d5821a8db25076f804a25c5b7183cbc","8f3093914ba3278ecd9650f0fb997323c8ca633e8ed074b9e85f99fb4953a57f","continuation","False","108","71","37","0.343","4","4","16","12"
"2026-04-13T02:59:37.898204Z","phase3-perf","7e915de8c02ff5f900b33e2b9a64938387ea98540633e521f73a6ccb35a88ad4","codex","607c1f5a25f381542dadb478072de7b212ff0fa5c9cd75ec3c04b7b8de116f8e","348bd9f9b76a9337ab0b93d869ea1fcae06177fc4c4a80e4bb16a67972bafd4d","continuation","False","108","71","37","0.343","4","4","16","12"
"2026-04-13T02:59:37.930111Z","phase3-perf","7e915de8c02ff5f900b33e2b9a64938387ea98540633e521f73a6ccb35a88ad4","codex","4aa3a746f0eff6bea302a24adf3701969533829ec458a6a7ed408f8bb26bf960","fbfa62b8256b49170c6bb556ab90905ad679f0037c38b666f389e4dd3144c65b","continuation","False","108","71","37","0.343","4","4","16","12"
"2026-04-13T02:59:37.964127Z","phase3-perf","7e915de8c02ff5f900b33e2b9a64938387ea98540633e521f73a6ccb35a88ad4","codex","ea9bc3d748d4f439599207770aefa1423fb1911f2f988b128aa92bd7a1a5e887","f08c5e97ffe0bf7904373d0cfd3d6ca0753c7c68c76844b77b6f9fb2fd52b226","continuation","False","108","71","37","0.343","4","4","16","12"
"2026-04-13T02:59:38.000223Z","phase3-perf","7e915de8c02ff5f900b33e2b9a64938387ea98540633e521f73a6ccb35a88ad4","codex","5f8cb558c393ef96171967f3707684e8ab0f56ba821e640fbb5e8208c11a8c9d","bae5624803248e9e2abd6a820fd393d800a147723752107aeafcc97fc0181c6b","continuation","False","108","71","37","0.343","4","4","16","12"
"2026-04-13T02:59:38.035357Z","phase3-perf","7e915de8c02ff5f900b33e2b9a64938387ea98540633e521f73a6ccb35a88ad4","codex","461ede1f0330497d2ce5231227e5d4af45cfa4903a26b561ce0f47a6a064164f","c8b5db9441c530dd0ab6743fd6a2fd3ea45448f53b31a99c1d6435de63f20894","continuation","False","108","71","37","0.343","4","4","16","12"
"2026-04-13T02:59:38.073272Z","phase3-perf","7e915de8c02ff5f900b33e2b9a64938387ea98540633e521f73a6ccb35a88ad4","codex","c7cbeec59e0792137eca44812c053ab1fd9ba598c9db8c5d2d630bd89c16255b","8b774b322ce4de7d3b6a9e445b2efbbd0bc316546af02f5400a234db68317230","continuation","False","108","71","37","0.343","4","4","16","12"
"2026-04-13T02:59:38.108224Z","phase3-perf","7e915de8c02ff5f900b33e2b9a64938387ea98540633e521f73a6ccb35a88ad4","codex","3ea235559e52ae4d939d7eedce585a2b6d40433df407fe1285d1e55c8ded0b16","78e9b68b5ad54cda5cda4ff39985f75e4e391b04993607970de69c5a7fca57dc","continuation","False","108","71","37","0.343","4","4","16","12"
"2026-04-13T02:59:38.141250Z","phase3-perf","7e915de8c02ff5f900b33e2b9a64938387ea98540633e521f73a6ccb35a88ad4","codex","07fbe25accfd772792afa5008e66aa29b499a257bece95a1ff26fbf63f63722b","eeb9f427420deb4a492b75931414b00b5911708a091b56a3a8cc2800e91d19bf","continuation","False","108","71","37","0.343","4","4","16","12"
"2026-04-13T02:59:38.175212Z","phase3-perf","7e915de8c02ff5f900b33e2b9a64938387ea98540633e521f73a6ccb35a88ad4","codex","c41106cb1b49568af294009a6d33b11eeb489a4e1a8e3739223cd0d809edaa96","47f8a0dc41cf4a53f292619b64bdb059845f0946c0860c3bf16e7c1040e8a843","continuation","False","108","71","37","0.343","4","4","16","12"
"2026-04-13T02:59:38.210186Z","phase3-perf","7e915de8c02ff5f900b33e2b9a64938387ea98540633e521f73a6ccb35a88ad4","codex","494b597357af03f14947ec93e59764b20abaa5e3083a477ff4db9ff708e5524d","dd90e53158a4bfbccb1c249807886386e007e1e72d0a7a697922fc4ad41e0a22","continuation","False","108","71","37","0.343","4","4","16","12"
"2026-04-13T02:59:38.244315Z","phase3-perf","7e915de8c02ff5f900b33e2b9a64938387ea98540633e521f73a6ccb35a88ad4","codex","98b482055851fa8e420d105bca7f360baccd484e2883a12686ecdcbe59fc1018","e24c8a2aeb27884e8a952e77677bac152d81032ed1e75db468bbd7746504504b","continuation","False","108","71","37","0.343","4","4","16","12"
"2026-04-13T02:59:38.287230Z","phase3-perf","7e915de8c02ff5f900b33e2b9a64938387ea98540633e521f73a6ccb35a88ad4","codex","417288ec10a4ca66f73c874fca38846581ce9d648acdf830d267b442fdbdaa4d","3d1d7bd6f7dbb457f2f9440bc8565c788d942aa3dd7537eea7880663a2e087f4","continuation","False","108","71","37","0.343","4","4","16","12"
"2026-04-13T02:59:38.326009Z","phase3-perf","7e915de8c02ff5f900b33e2b9a64938387ea98540633e521f73a6ccb35a88ad4","codex","b790729fa64ce67db758688168fdee39dd71d9ece9bad285536d83574413902d","3025c02e17371b7e36a4c9eac8156a3da4c4d63ab3247ab12a5b250aa0fa594e","continuation","False","108","71","37","0.343","4","4","16","12"
"2026-04-13T02:59:38.372857Z","phase3-perf","7e915de8c02ff5f900b33e2b9a64938387ea98540633e521f73a6ccb35a88ad4","codex","7f3fc5d02ff277c0c1ccb54c942b1ab4a91b79a7f196382710cf2144c1547fd6","565b360e304f64ac52330e0baf1981fa43c56781f9f556bcf630901217303253","continuation","False","108","71","37","0.343","4","4","16","12"
"2026-04-13T02:59:38.427923Z","phase3-perf","7e915de8c02ff5f900b33e2b9a64938387ea98540633e521f73a6ccb35a88ad4","codex","10586b3d9909f4900d77207ef555ce70e5c54c57d291bf3df1547309ee8bf919","34a68f9850fdb91e47dd09696f8eb7b386743309b95148b00f5f748c03f555f2","continuation","False","108","71","37","0.343","4","4","16","12"
"2026-04-13T02:59:38.484516Z","phase3-perf","7e915de8c02ff5f900b33e2b9a64938387ea98540633e521f73a6ccb35a88ad4","codex","e2712cee212d9f261e987ed7ac8699fe1d5f923a1e4d6365246a367e58567707","f185b01c0533e05040948775bda6af0ae0bedda2e866d3a534f4b3977390fef9","continuation","False","108","71","37","0.343","4","4","16","12"
"2026-04-13T02:59:38.543027Z","phase3-perf","7e915de8c02ff5f900b33e2b9a64938387ea98540633e521f73a6ccb35a88ad4","codex","c2014b8dcf1c89629a2f03d23bcb21edf9d35bd20e1246d563c707e5a200b777","03bdccb94c880f4dbfbef6b0214d0c8f25b8999665d3da2333980cbe1966d7b3","continuation","False","108","71","37","0.343","4","4","16","12"
"2026-04-13T02:59:38.599140Z","phase3-perf","7e915de8c02ff5f900b33e2b9a64938387ea98540633e521f73a6ccb35a88ad4","codex","efacc375452920d15a0fac62c7e28831613d7a32c273e758127ce3ff26a020c4","555c59ad31f98a5a2288946469c5a5cb28c083d3c6463625f4fe74423f88eaaa","continuation","False","108","71","37","0.343","4","4","16","12"
"2026-04-13T02:59:38.654067Z","phase3-perf","7e915de8c02ff5f900b33e2b9a64938387ea98540633e521f73a6ccb35a88ad4","codex","07b441b0d5d914adfd10a80cdf70c572a4aa4e0b63fc9ed6dc460ebb9c437177","283a5f09cf91ce6a77572e2323405fb5a7283299c9fb498bda68753e21d995ad","continuation","False","108","71","37","0.343","4","4","16","12"
"2026-04-13T02:59:38.710529Z","phase3-perf","7e915de8c02ff5f900b33e2b9a64938387ea98540633e521f73a6ccb35a88ad4","codex","1a0c7bac69b2f76f20ec8c013493ba7ed4bbb51e26b360fccc61f3c7390dc2f3","0cab48a8535be79ed28f1f5f9ddbbd3cca8eb2ca878ef1a630e7603d05c88c5b","continuation","False","108","71","37","0.343","4","4","16","12"
"2026-04-13T02:59:38.792172Z","phase3-perf","7e915de8c02ff5f900b33e2b9a64938387ea98540633e521f73a6ccb35a88ad4","codex","2cece5dab62849535bc7c65ffbf67549d721396c905d785dd62640009c624315","aac1f20d660e6658f8cac784860d604f256e16760efaaad2d98355d641d7d33b","continuation","False","108","71","37","0.343","4","4","16","12"
"2026-04-13T02:59:38.856169Z","phase3-perf","7e915de8c02ff5f900b33e2b9a64938387ea98540633e521f73a6ccb35a88ad4","codex","a9dbec900a834eea4dabd15b567f65ebe235bedac7cb06a5a93107d19452306c","8ab4dbee7b490d70ea964141b941ff968a9be029fe618978431c6cbca2ff8780","continuation","False","108","71","37","0.343","4","4","16","12"
"2026-04-13T02:59:38.926421Z","phase3-perf","7e915de8c02ff5f900b33e2b9a64938387ea98540633e521f73a6ccb35a88ad4","codex","d0c0ea5b413ce0923b6e8595689c45f956eb11353053f4eb0d1003d005b4b873","30774230498135952eb478951f0a5655641d60db0bd85f05ed884a02ebfe9ec3","continuation","False","108","71","37","0.343","4","4","16","12"
"2026-04-13T02:59:38.997607Z","phase3-perf","7e915de8c02ff5f900b33e2b9a64938387ea98540633e521f73a6ccb35a88ad4","codex","aff3f0ca368ccf7361a866d623172826d1400b80771dfeb0ff053ae907eaceb3","616419017adc3d8fa17d86c76800b0cafb36e850547cf10812b9f04b677af90f","continuation","False","108","71","37","0.343","4","4","16","12"
"2026-04-13T02:59:39.064835Z","phase3-perf","7e915de8c02ff5f900b33e2b9a64938387ea98540633e521f73a6ccb35a88ad4","codex","72105c25a2b0f7ae6003a97ca09bc537a04591e00283a22267d50c9105665aee","9bfc094d1c4d0f4a20838e738be94b309ccee5a97e8b4b9e419586b63c0a059d","continuation","False","108","71","37","0.343","4","4","16","12"
"2026-04-13T02:59:39.135817Z","phase3-perf","7e915de8c02ff5f900b33e2b9a64938387ea98540633e521f73a6ccb35a88ad4","codex","f455df3a3b9f84b355fc0dd0078be289c987bfd35a087ca2a46d2d12770abf41","b88e56e9f7305caffd5a8067f720ebb270fcd6a6db0dd274992510ec175f7d59","continuation","False","108","71","37","0.343","4","4","16","12"
"2026-04-13T02:59:39.190161Z","phase3-perf","7e915de8c02ff5f900b33e2b9a64938387ea98540633e521f73a6ccb35a88ad4","codex","09be7ca0afbd3cdf6602d14052678ca2d1333d46feaa5e1c2108bd9a8726f2e8","32ce6c30b4978bfa11a9def0966116fd7d7bd74c2f3549f0920226da185eacae","continuation","False","108","71","37","0.343","4","4","16","12"
"2026-04-13T02:59:39.254998Z","phase3-perf","7e915de8c02ff5f900b33e2b9a64938387ea98540633e521f73a6ccb35a88ad4","codex","be65f4e8afe09f486d54c363583ef5e85e9f1a72f5267da1ffb9c9b91534a249","cc28f09bec2ab5dc297fa0c1bc999629dff8fd640569fcada723bee18627eef4","continuation","False","108","71","37","0.343","4","4","16","12"
"2026-04-13T02:59:39.316327Z","phase3-perf","7e915de8c02ff5f900b33e2b9a64938387ea98540633e521f73a6ccb35a88ad4","codex","2d8f89c17b1230e2ad07f2e4692bdf3a9d9186170c572089b3c82a91ccd8f3d0","3c487899667210008f2a2853b7f21bb5a957e0d08efd9504aecab4af49b24bd0","continuation","False","108","71","37","0.343","4","4","16","12"
"2026-04-13T02:59:39.372372Z","phase3-perf","7e915de8c02ff5f900b33e2b9a64938387ea98540633e521f73a6ccb35a88ad4","codex","72436f0dfed39175f4a7372bf86db5f797d2204fd900d9f645245d992969705a","7a6e23b2f6425460a982e0b2152d621bf8145ae09c9670e2a85668e8eddf67f3","continuation","False","108","71","37","0.343","4","4","16","12"
"2026-04-13T02:59:39.429504Z","phase3-perf","7e915de8c02ff5f900b33e2b9a64938387ea98540633e521f73a6ccb35a88ad4","codex","e51ea6efdf545fbc785f113b22454a72a53baa49a60be1986cbb3a9fe7b7f5a5","a5197061d67dc8718f85d1b8c0cdb77413926e5ae6bb75f2ad2afd3e22216d66","continuation","False","108","71","37","0.343","4","4","16","12"
"2026-04-13T02:59:39.487610Z","phase3-perf","7e915de8c02ff5f900b33e2b9a64938387ea98540633e521f73a6ccb35a88ad4","codex","2c06261f943874a232e63afc0d035d04b473897f16e5abd5ba49c9d4e1233c93","ecffcb10ea48d1e80e6e238bf8531fb72304ca224135c0989d556ba984a98f2e","continuation","False","108","71","37","0.343","4","4","16","12"
"2026-04-13T02:59:39.543186Z","phase3-perf","7e915de8c02ff5f900b33e2b9a64938387ea98540633e521f73a6ccb35a88ad4","codex","f5b4ba10834cac78979c958968ade0b3deef48ef082df7cec8b7a1474e30f4bc","fcf6d006307063a710f1dac6c9360874daa26c017bfc12ac545968c7e0484711","continuation","False","108","71","37","0.343","4","4","16","12"
"2026-04-13T02:59:39.635967Z","phase3-perf","7e915de8c02ff5f900b33e2b9a64938387ea98540633e521f73a6ccb35a88ad4","codex","66b731ec1e8bc4b86f6a2726e27e75c5a2dd2d267dce0a282eafbf61f1a48d5f","2c4238d72208026b304f1549871ec5f25bbf44e87957535065940e31052165a6","continuation","False","108","71","37","0.343","4","4","16","12"
"2026-04-13T02:59:39.712470Z","phase3-perf","7e915de8c02ff5f900b33e2b9a64938387ea98540633e521f73a6ccb35a88ad4","codex","6195adcde5a6196f537bd416f076cae20137992fd65c864945200b5068295567","2a2d5f80f1ef5a51a82d1f96edce068060c9854890d37b33e02e743bfbce6e9b","continuation","False","108","71","37","0.343","4","4","16","12"
"2026-04-13T02:59:39.795168Z","phase3-perf","7e915de8c02ff5f900b33e2b9a64938387ea98540633e521f73a6ccb35a88ad4","codex","07160ce5d9c5bc2ca3fe8edfad45985c741b0e8a0d1beaeb335fabf3d56c4874","5d606b73f53fe9d4f5470c50ad0f12042c22aa8e6cfc78424f45117eab3c8d32","continuation","False","108","71","37","0.343","4","4","16","12"
"2026-04-13T02:59:39.853873Z","phase3-perf","7e915de8c02ff5f900b33e2b9a64938387ea98540633e521f73a6ccb35a88ad4","codex","a400d73e1306249aae281cb5f35819e1c9135d2bbe69be072b5841cf4ffbc0f5","712d7e7cbc5f233a8f63a3caef4675660e1415d2d646691907d71f352d5cf7d0","continuation","False","108","71","37","0.343","4","4","16","12"
"2026-04-13T02:59:39.916348Z","phase3-perf","7e915de8c02ff5f900b33e2b9a64938387ea98540633e521f73a6ccb35a88ad4","codex","92a54cd9cbd8402b8ce59ca5a65cc0f3f1379100191c7fff35ec53b8f47380ca","bb5f751ad67937e2b09c02d38fb85f1df65ba4b0561f82c0695eaf71d559a355","continuation","False","108","71","37","0.343","4","4","16","12"
"2026-04-13T02:59:39.983892Z","phase3-perf","7e915de8c02ff5f900b33e2b9a64938387ea98540633e521f73a6ccb35a88ad4","codex","59ad05d0d655f60e20316be7b00c97a9f6154e4f60006928bd3c72b895d2822d","a87f48586e54bcb64b88aec759f5148bb093435f07d0e5d63542d920007cf7b3","continuation","False","108","71","37","0.343","4","4","16","12"
"2026-04-13T02:59:40.058295Z","phase3-perf","7e915de8c02ff5f900b33e2b9a64938387ea98540633e521f73a6ccb35a88ad4","codex","ad2f32936d34284f65b1be138b61c02ebf791d4fc94c839dc984e5af253306d7","0e8bc0b6d6cdeaf7ba93a91b88e5079e333c3791d1c2822f26133002a246951c","continuation","False","108","71","37","0.343","4","4","16","12"
"2026-04-13T02:59:40.117239Z","phase3-perf","7e915de8c02ff5f900b33e2b9a64938387ea98540633e521f73a6ccb35a88ad4","codex","eb239270cb2be53020fb132800e54751c87f69d7e03acf77ffccd10feb00adb6","eeb865c03b4daf6d8ab937d62bbc9f6e5d3c329de3825b78fba257163916550b","continuation","False","108","71","37","0.343","4","4","16","12"
"2026-04-13T02:59:40.186120Z","phase3-perf","7e915de8c02ff5f900b33e2b9a64938387ea98540633e521f73a6ccb35a88ad4","codex","ab8cc55c28e323438cb3bc2f7a68fc0fefa02f270cf7651020759e1f57909908","79562357dc118faf4eafb084daba26e3ebb96e1ceb121fb767dda2ac17bae980","continuation","False","108","71","37","0.343","4","4","16","12"
"2026-04-13T02:59:40.274420Z","phase3-perf","7e915de8c02ff5f900b33e2b9a64938387ea98540633e521f73a6ccb35a88ad4","codex","ca23367f7245c4f15635285929b97f7bddadbf712cd1518a9a262b2b58579381","cd2e324284dc585a5e15d9568bf2826e558bff4a1f29905cf81b8e1b7ddfddd6","continuation","False","108","71","37","0.343","4","4","16","12"
"2026-04-13T02:59:40.353449Z","phase3-perf","7e915de8c02ff5f900b33e2b9a64938387ea98540633e521f73a6ccb35a88ad4","codex","982019f6cac3601c56b9114ef4c9376d1836d9a3a25c0252653bad3a138d7197","911abf06b8906f9298840eb829abb428898136c321edb3ee7bc8f21283a92249","continuation","False","108","71","37","0.343","4","4","16","12"
"2026-04-13T02:59:40.411400Z","phase3-perf","7e915de8c02ff5f900b33e2b9a64938387ea98540633e521f73a6ccb35a88ad4","codex","4f4fd5ada90e99ea184f61bd91dbe7e11c49cb80860da5fbf83c067443da3b51","2492fafd00f40cd76eca561d2d750d35ba0825c5055052e0bbbfceb935bf2a49","continuation","False","108","71","37","0.343","4","4","16","12"
"2026-04-13T02:59:40.469244Z","phase3-perf","7e915de8c02ff5f900b33e2b9a64938387ea98540633e521f73a6ccb35a88ad4","codex","6527b9ed9aefa5f9444ca4122904a6592204de5847dc5858c21e506c8bb2581e","c56a9c75e08d7f02fc02797f55a3a9774a6621561e397c6a63776b6ea9c7c422","continuation","False","108","71","37","0.343","4","4","16","12"
"2026-04-13T02:59:40.529543Z","phase3-perf","7e915de8c02ff5f900b33e2b9a64938387ea98540633e521f73a6ccb35a88ad4","codex","67459748f6029f04ead78e6865b4b76645b30481cc13add0dde832756d21d4a7","9534490037f7235c41fe8575cddf3223bb2b5a1dbfee9805a2441f72939707ca","continuation","False","108","71","37","0.343","4","4","16","12"
"2026-04-13T02:59:40.589125Z","phase3-perf","7e915de8c02ff5f900b33e2b9a64938387ea98540633e521f73a6ccb35a88ad4","codex","d57995c769f60febb3762d52df753793130cf6b33884fac210517e22f20df70c","acde928be0b3d1a0c2d45ed3ad9ea7e1773fadb4383aff9017ece30e5d8fc31e","continuation","False","108","71","37","0.343","4","4","16","12"
"2026-04-13T02:59:40.664780Z","phase3-perf","7e915de8c02ff5f900b33e2b9a64938387ea98540633e521f73a6ccb35a88ad4","codex","67a8bf96add9b05ce208ae6652fb113bda9785bdb743cb6ac5bc78760d117379","25b05e893e49b79a60b9402c63b77c4add8ac2cfafe5e525367e119699b5d153","continuation","False","108","71","37","0.343","4","4","16","12"
"2026-04-13T02:59:40.756685Z","phase3-perf","7e915de8c02ff5f900b33e2b9a64938387ea98540633e521f73a6ccb35a88ad4","codex","d882e5e44c70d9eac36042fbc8ad68794d095293a532047dc06f574e387f679e","cb36f06ffe6ef7019771d1402eb7c290babe59cb75d1cc0e6429576a766025b7","continuation","False","108","71","37","0.343","4","4","16","12"
"2026-04-13T02:59:40.833942Z","phase3-perf","7e915de8c02ff5f900b33e2b9a64938387ea98540633e521f73a6ccb35a88ad4","codex","7c8c980a57685cabbc2b7f3baf3a2d31506edefb46230d28889dfceb0c6dfdb6","7f8cf5c5b77948e5262518472b470756d8a6930583b6df1eacd7d163608ce517","continuation","False","108","71","37","0.343","4","4","16","12"
"2026-04-13T02:59:40.917839Z","phase3-perf","7e915de8c02ff5f900b33e2b9a64938387ea98540633e521f73a6ccb35a88ad4","codex","7fd996d77a66495a19cedb0040c213b84e3314552a1755d949f0f4c1c516c5af","3d072aa79ec97d131d9270a4bf23f5b0510df0a43c7e038b0bfcc2c4716b0103","continuation","False","108","71","37","0.343","4","4","16","12"
"2026-04-13T02:59:40.984926Z","phase3-perf","7e915de8c02ff5f900b33e2b9a64938387ea98540633e521f73a6ccb35a88ad4","codex","ab29a7e3874864eab8a719305bfa5296c7c3f8d33a8b53d1b916cef48f20bf56","a8a2202626f50075b94c8778e2c0e506bdc611f5a3e8394abc8c85a89c620436","continuation","False","108","71","37","0.343","4","4","16","12"
"2026-04-13T02:59:41.062463Z","phase3-perf","7e915de8c02ff5f900b33e2b9a64938387ea98540633e521f73a6ccb35a88ad4","codex","bcd43928ca8b8280a970df8fe601eeb742b69564160ee681ae84e3a93145f7f2","024d2a1e2dfe53e06784044ed9e7cf77a8a83c992fee69aa43613d34dae296ac","continuation","False","108","71","37","0.343","4","4","16","12"
"2026-04-13T02:59:41.125630Z","phase3-perf","7e915de8c02ff5f900b33e2b9a64938387ea98540633e521f73a6ccb35a88ad4","codex","036088267d89a6ac31f6f5c2297183ebf192c3fd739a142bfcc6192be32c79d8","cbb09d1fed81a0f82d8aa93f35c81a445c4fbbd4cd8b04d3dbb5480ebe9c8e74","continuation","False","108","71","37","0.343","4","4","16","12"
"2026-04-13T02:59:41.195736Z","phase3-perf","7e915de8c02ff5f900b33e2b9a64938387ea98540633e521f73a6ccb35a88ad4","codex","34f20b447c468b2ef56a72cd7654d737939733f8951d7d8866f4171a62c9ed20","fbe095e806f511db0c3b3807e7a14d9205f5768937b6aa567fada4745a955204","continuation","False","108","71","37","0.343","4","4","16","12"
"2026-04-13T02:59:41.260287Z","phase3-perf","7e915de8c02ff5f900b33e2b9a64938387ea98540633e521f73a6ccb35a88ad4","codex","33603a521f02ed1af7fdad7ebbeaca3ab887f5ff85d3269ca673526b0419467d","42c9f4655668664d850d9be7e5f5acf4b3953c79a90c298b5380e1f4e349170f","continuation","False","108","71","37","0.343","4","4","16","12"
"2026-04-13T02:59:41.320616Z","phase3-perf","7e915de8c02ff5f900b33e2b9a64938387ea98540633e521f73a6ccb35a88ad4","codex","152d15bfda77c1529ef2e92cdf61ba114369f0e75bd4328c328dccadffb20fb3","ed758258f00a078c8aedbaa2754f7c61726d00d95860d912914f2bcf8a84f86b","continuation","False","108","71","37","0.343","4","4","16","12"
"2026-04-13T02:59:41.381933Z","phase3-perf","7e915de8c02ff5f900b33e2b9a64938387ea98540633e521f73a6ccb35a88ad4","codex","34e1f1e3df73594cd9ea9a9cd77d23adc41d35477df13410ea5d5ae51946b133","d2ccecc8d9dc9a2b917a723da0ec466af34669de331fd289e11f8aa96d9100b6","continuation","False","108","71","37","0.343","4","4","16","12"
"2026-04-13T02:59:41.441854Z","phase3-perf","7e915de8c02ff5f900b33e2b9a64938387ea98540633e521f73a6ccb35a88ad4","codex","2836c58477d11b8a860c93f26c6da51273cf37fc9b734113000d2fc2e6a7b2f7","979ff6caf76422e1d494dc4248f7d6e095860383bf48022f66d2e90d246d1851","continuation","False","108","71","37","0.343","4","4","16","12"
"2026-04-13T02:59:41.500678Z","phase3-perf","7e915de8c02ff5f900b33e2b9a64938387ea98540633e521f73a6ccb35a88ad4","codex","89bd00b176f353d04fe13236be458e1c1c3cebdf46aa135ed181dafd1c1d3956","433bc6cde32869a571c8b18304ec69ad0c342257df2b07ab377abc05da20233c","continuation","False","108","71","37","0.343","4","4","16","12"
"2026-04-13T02:59:41.554633Z","phase3-perf","7e915de8c02ff5f900b33e2b9a64938387ea98540633e521f73a6ccb35a88ad4","codex","0b77198bc20d1174cff87165bf185236f67c52bcdd06dfd599c82dc4d8da01b2","da5df249d29b07cd29329408e3af201d61ff2c10e2c54c4e0acd819e338541b8","continuation","False","108","71","37","0.343","4","4","16","12"
"2026-04-13T02:59:41.635428Z","phase3-perf","7e915de8c02ff5f900b33e2b9a64938387ea98540633e521f73a6ccb35a88ad4","codex","9f5bd103793a5ba8db5c0f047e815167679ce725e2a9b70bcd54bd45b4d5dd87","3cb72eee011bb75bf8044b11cf0ce9be3e28cbb90e2aa1475d1b59c0f78ebec3","continuation","False","108","71","37","0.343","4","4","16","12"
"2026-04-13T02:59:41.702050Z","phase3-perf","7e915de8c02ff5f900b33e2b9a64938387ea98540633e521f73a6ccb35a88ad4","codex","2a31ab5032b62b258af7a93cdc8c14aa2bf1ae851d950f4559f71654e1b5e515","8c8e38770d31f051850db400ac2e3dae3a6361f155aba20e515016d43c2d6258","continuation","False","108","71","37","0.343","4","4","16","12"
"2026-04-13T02:59:41.762548Z","phase3-perf","7e915de8c02ff5f900b33e2b9a64938387ea98540633e521f73a6ccb35a88ad4","codex","be049d26a5c886d6c18206a0fcd28be8f0b92e54175a0e8b912baf91bef7f007","9da3dd532b6300e95e0e97de501ed1e3d7c286c33e6ed209706db50765293aa8","continuation","False","108","71","37","0.343","4","4","16","12"
"2026-04-13T02:59:41.824307Z","phase3-perf","7e915de8c02ff5f900b33e2b9a64938387ea98540633e521f73a6ccb35a88ad4","codex","ec91932371e73d303d799cdac5b90a6466154975c58f9af9947528ae0972fd47","96f8cba891338817582187dd1bbfd3a230ee1618499b7cf54c0c00f45b4b97be","continuation","False","108","71","37","0.343","4","4","16","12"
"2026-04-13T03:00:06.350446Z","phase3-perf","7e915de8c02ff5f900b33e2b9a64938387ea98540633e521f73a6ccb35a88ad4","codex","35c0b3ea1b48f4ed88c67a281dbd3e5c3c2e83a62a3deb91de63aac19e6b2868","2030460fe4d701f5dbaefc31c5d2f913ec90a43993d89f0497c4813bf1b50d2b","continuation","False","108","71","37","0.343","4","4","16","12"
"2026-04-13T03:00:06.395495Z","phase3-perf","7e915de8c02ff5f900b33e2b9a64938387ea98540633e521f73a6ccb35a88ad4","codex","291c5ee788444197eacb2d3be5ad586fc6253bbe73cb83132ea9eed03d0cc9de","52b5a5f461fc0df410425ee5a6e932868f00399b642b8432a5c9feb0e9eeff4d","continuation","False","108","71","37","0.343","4","4","16","12"
"2026-04-13T03:00:06.439433Z","phase3-perf","7e915de8c02ff5f900b33e2b9a64938387ea98540633e521f73a6ccb35a88ad4","codex","9410691e636efc54940567a93fa9b10ffa310689a560c0556a2a3160eb28b0cb","ae9cf5d92aca8dba633c2c5a697b37b44e7c4b7b2a6e28f818c393e0e3d91f6f","continuation","False","108","71","37","0.343","4","4","16","12"
"2026-04-13T03:00:06.479623Z","phase3-perf","7e915de8c02ff5f900b33e2b9a64938387ea98540633e521f73a6ccb35a88ad4","codex","3ee0a5b2b36f9ea183e80d153b6eb863d4341a837aa6a710c3ad4378043ad2ce","3623ca63cb33ca678855f241a5cd3217717395cfe6a53994b78706ef75632f3b","continuation","False","108","71","37","0.343","4","4","16","12"
"2026-04-13T03:00:06.519650Z","phase3-perf","7e915de8c02ff5f900b33e2b9a64938387ea98540633e521f73a6ccb35a88ad4","codex","16062ff69e41e939819a621d208cb4ac16b753dc13182c7227934e59a87348f7","71273c7971d22d3263080864e4036444f4550c3f6b96ff01e47c8fd023306c1a","continuation","False","108","71","37","0.343","4","4","16","12"
"2026-04-13T03:00:06.559213Z","phase3-perf","7e915de8c02ff5f900b33e2b9a64938387ea98540633e521f73a6ccb35a88ad4","codex","324503d9dbdd2c8a50b21fabe05e7396af04b6cfc34c82231274d45db221edff","3827b10da5a0fb5d514a7b3d59d69870d61db3cc1f98a7965288159f530495f4","continuation","False","108","71","37","0.343","4","4","16","12"
"2026-04-13T03:00:06.599495Z","phase3-perf","7e915de8c02ff5f900b33e2b9a64938387ea98540633e521f73a6ccb35a88ad4","codex","c478554c8968953b45a0edd377d890e9a11362af2bfaa94681da37144d3a44f6","00c3c24084ee844abb723249cabb912e35d6780ec16e7046bf7bde82b47c235e","continuation","False","108","71","37","0.343","4","4","16","12"
"2026-04-13T03:00:06.638482Z","phase3-perf","7e915de8c02ff5f900b33e2b9a64938387ea98540633e521f73a6ccb35a88ad4","codex","97c29339ac4aa56dd551902f04b31f72bcc5e3199114e61f1ae1b3739db24a86","e0caf4fb0cc5f7130c5530b3b68179d462ad02521bd4954e1e1b5f46e9d88098","continuation","False","108","71","37","0.343","4","4","16","12"
"2026-04-13T03:00:06.676296Z","phase3-perf","7e915de8c02ff5f900b33e2b9a64938387ea98540633e521f73a6ccb35a88ad4","codex","cebddd5f0bf2109b52b3a89129f3f5b9097d0a14470699efebe5af9a9e0144d3","cae81f32e74caccc4b434fe08a12570500ed21ece53ede381453f9c0e48fd07a","continuation","False","108","71","37","0.343","4","4","16","12"
"2026-04-13T03:00:06.714209Z","phase3-perf","7e915de8c02ff5f900b33e2b9a64938387ea98540633e521f73a6ccb35a88ad4","codex","e9ed3f3638e03057b8e43958cea9dcd3622c035c243ccdbe639d04e2a1a8dcdd","303e3d04c94409d567bd611971ac32e8c1027fc5be8d01997a804f836b8c2caa","continuation","False","108","71","37","0.343","4","4","16","12"
"2026-04-13T03:00:06.753273Z","phase3-perf","7e915de8c02ff5f900b33e2b9a64938387ea98540633e521f73a6ccb35a88ad4","codex","ffcf14055dc389827938b562300303715dfc68932e97e16bc3e0b0e885e5d171","4ea65d96139b0024b024fe55c5fb07fbcb36014e4ca26553419c3ec57b900335","continuation","False","108","71","37","0.343","4","4","16","12"
"2026-04-13T03:00:06.791367Z","phase3-perf","7e915de8c02ff5f900b33e2b9a64938387ea98540633e521f73a6ccb35a88ad4","codex","0cfccd310e92753bb1e148000124b474364435d80129b7888830c2175d59391b","b87a52b4f0bffbb51b0fb1c23b9d9a8a96ccf1672aa31c1b91f8a58ca3933f74","continuation","False","108","71","37","0.343","4","4","16","12"
"2026-04-13T03:00:06.831300Z","phase3-perf","7e915de8c02ff5f900b33e2b9a64938387ea98540633e521f73a6ccb35a88ad4","codex","d43948a07ba2737b085617e0434ba781a69bd70f54eb63c4f9115f688c646ef5","73601a637a7b31be402dd6205d5d0e5e9795d23d3fec13221b45201dea66d1e1","continuation","False","108","71","37","0.343","4","4","16","12"
"2026-04-13T03:00:06.870212Z","phase3-perf","7e915de8c02ff5f900b33e2b9a64938387ea98540633e521f73a6ccb35a88ad4","codex","ccbaf06e808dd0fcc72fa88c5505a1ab8dac3eb33c921f1ee830a4ea4cc0d48c","40a6586b02050101fdc22b2ab87386a6d0a8e39c69b3350f5fb9509dd1f1c512","continuation","False","108","71","37","0.343","4","4","16","12"
"2026-04-13T03:00:06.909245Z","phase3-perf","7e915de8c02ff5f900b33e2b9a64938387ea98540633e521f73a6ccb35a88ad4","codex","9a71bd8299336ff8d5619dee3a90115ca721b0ee5369dea177a1d444c1194af2","c921fbaaa5910d841e74b59faa9bad40c3e732479ca9ee6cfe133c9cc751d976","continuation","False","108","71","37","0.343","4","4","16","12"
"2026-04-13T03:00:06.957500Z","phase3-perf","7e915de8c02ff5f900b33e2b9a64938387ea98540633e521f73a6ccb35a88ad4","codex","f45ed844e27f1c4c71a24b427dc6b948008b2c2e5fa0c625f9396f2a3ac3c2b3","def58c6fac203ba2c677b4bc67cdf20fef9bc75513d9f958400f820d561494d4","continuation","False","108","71","37","0.343","4","4","16","12"
"2026-04-13T03:00:07.002477Z","phase3-perf","7e915de8c02ff5f900b33e2b9a64938387ea98540633e521f73a6ccb35a88ad4","codex","4303180a70d28c9a765d09ba3c07f1b93cc8c81a70f73f2af85044733cf8e1b7","c7812d60bc9f2ea2660cf172ddad910eb5588ad96f2521339c226230ca9b6e15","continuation","False","108","71","37","0.343","4","4","16","12"
"2026-04-13T03:00:07.041457Z","phase3-perf","7e915de8c02ff5f900b33e2b9a64938387ea98540633e521f73a6ccb35a88ad4","codex","3170c16d657894539bf1d4cfd91e7c626aaa6fc359fa4c5cf147e669fc497530","384847e08671b0e522e2164e3b50f9a067cbb39c4a10a6e68a1ff4e7e1faf0b5","continuation","False","108","71","37","0.343","4","4","16","12"
"2026-04-13T03:00:07.080527Z","phase3-perf","7e915de8c02ff5f900b33e2b9a64938387ea98540633e521f73a6ccb35a88ad4","codex","d7f861414fcfd9a75a8a0688006c7dfd099f055263c4d6a7d0f1a21f6ea2913d","67185fd4dc5e0c1f18a7955280090bcfadca011a604ee9e2caaaefb17f568e73","continuation","False","108","71","37","0.343","4","4","16","12"
"2026-04-13T03:00:07.118286Z","phase3-perf","7e915de8c02ff5f900b33e2b9a64938387ea98540633e521f73a6ccb35a88ad4","codex","088086e43b18615be979ed54b42ba373fb29575fe3e7b934d21bff148dc17579","343c5b9fd4174e0fb94b343e91ddaf335478dbcbb6eebc86513926a250ec4a39","continuation","False","108","71","37","0.343","4","4","16","12"
"2026-04-13T03:00:07.155176Z","phase3-perf","7e915de8c02ff5f900b33e2b9a64938387ea98540633e521f73a6ccb35a88ad4","codex","6e1ba11f9a07c78893d373e8f888c2bb2e2cd9390093b96e2ef48b816336ee51","4f3e831438f0c9876c0d447b11c9c666029c63f89f0fdd49c6d86968869bc0cc","continuation","False","108","71","37","0.343","4","4","16","12"
"2026-04-13T03:00:07.192277Z","phase3-perf","7e915de8c02ff5f900b33e2b9a64938387ea98540633e521f73a6ccb35a88ad4","codex","9aa0a03793251c9acff6368a2d8a1fbc891c50b5f042df76a9dbd1b7bef1ae88","a8114830ffdd057d1bc39ac1531666eb78258fb77d46e48307951e31d11afd2e","continuation","False","108","71","37","0.343","4","4","16","12"
"2026-04-13T03:00:07.231186Z","phase3-perf","7e915de8c02ff5f900b33e2b9a64938387ea98540633e521f73a6ccb35a88ad4","codex","c7c5009278bbb7ee785a7c1b58240ae195236ecf29d6500278d06906ecd54891","248eea36ecf45aed54928c7f723fa033dee362d928697792460c06ad1594a246","continuation","False","108","71","37","0.343","4","4","16","12"
"2026-04-13T03:00:07.270414Z","phase3-perf","7e915de8c02ff5f900b33e2b9a64938387ea98540633e521f73a6ccb35a88ad4","codex","29d1952c19a679bae377d16d05d3f44dc6b825325acdc9965dbe4dc263bf081d","4303daab585f3114ca9dad453bdd0a63059cf1391a57fa1857d09f5731d37d7c","continuation","False","108","71","37","0.343","4","4","16","12"
"2026-04-13T03:00:07.311183Z","phase3-perf","7e915de8c02ff5f900b33e2b9a64938387ea98540633e521f73a6ccb35a88ad4","codex","8b49e782d559bdc38be1e02d37481e96f6895614b7e9fcc5495529d58187fa04","228a8a78c51da49702637435e8f1705e86124febe2d2f7a62e1d34650f127dc2","continuation","False","108","71","37","0.343","4","4","16","12"
"2026-04-13T03:00:07.350228Z","phase3-perf","7e915de8c02ff5f900b33e2b9a64938387ea98540633e521f73a6ccb35a88ad4","codex","4be4d6f01a1153ab3eadcdb0b9c7cff80bc2bec7142e310ced11ab28f2fcfb67","d2f4c76738a73509e7147a29be9140b68ed91e84d73e46911ce604c3337bf853","continuation","False","108","71","37","0.343","4","4","16","12"
"2026-04-13T03:00:07.388526Z","phase3-perf","7e915de8c02ff5f900b33e2b9a64938387ea98540633e521f73a6ccb35a88ad4","codex","73905c78bcc2d253cb12355328af79b6bd95101fd12a5b234dc87b0bea4a10c6","3ae15f6bafa0efe6d9388416f5524551ea3323ee620b1ce6ba9228d6b3795af5","continuation","False","108","71","37","0.343","4","4","16","12"
"2026-04-13T03:00:07.426349Z","phase3-perf","7e915de8c02ff5f900b33e2b9a64938387ea98540633e521f73a6ccb35a88ad4","codex","0bb6a33603c4bd721b6d27f9553b6d2462156b5371ac9f8e98f8a9a2d44203ce","1507ac095f5c9ff6dedc223a38f376ef402135478e3add954b081b4518d2e916","continuation","False","108","71","37","0.343","4","4","16","12"
"2026-04-13T03:00:07.465201Z","phase3-perf","7e915de8c02ff5f900b33e2b9a64938387ea98540633e521f73a6ccb35a88ad4","codex","07d8deb223f1419fa006fe81e9f94c7456318ed7cb1ca84713c1fc4bc610558f","5a129bbe56dafc3ee1e20ade59311c5c1c94d5c7600bef9bd9187ffdd295f7ed","continuation","False","108","71","37","0.343","4","4","16","12"
"2026-04-13T03:00:07.504317Z","phase3-perf","7e915de8c02ff5f900b33e2b9a64938387ea98540633e521f73a6ccb35a88ad4","codex","f990ac620505f6bc94891045baad7721a4594aefefc9fb8a538295e3d8788735","44cc234cd15f32fa5dd777aa7be984bd06f7a18879ad1498a6ba04ff1c4f9c7f","continuation","False","108","71","37","0.343","4","4","16","12"
"2026-04-13T03:00:07.543270Z","phase3-perf","7e915de8c02ff5f900b33e2b9a64938387ea98540633e521f73a6ccb35a88ad4","codex","12c5ee3e51d81fe7f99eeae8d8d80567a12848de8e193b1a2b67b1900fb44a32","9f6ecac365c7f170dcfc96affc7d393fecfcaca56a17575a090c7c433147a15b","continuation","False","108","71","37","0.343","4","4","16","12"
"2026-04-13T03:00:07.580246Z","phase3-perf","7e915de8c02ff5f900b33e2b9a64938387ea98540633e521f73a6ccb35a88ad4","codex","987a878972c89b4f2d253c20262febd7f8b68f9f0dbfe5dc58c1fcc0f6cf8027","d9f1d000645ea867bbeba8cb4d5677e7ef035d385e41e42ab95b2179ea8374ce","continuation","False","108","71","37","0.343","4","4","16","12"
"2026-04-13T03:00:07.619257Z","phase3-perf","7e915de8c02ff5f900b33e2b9a64938387ea98540633e521f73a6ccb35a88ad4","codex","c06668193413d07459995891ca502a172cd379df2df54eed464df703c470a40a","8f60b5733d6200bf9c6075aed086d6d11c540d97e32d88ab77b7b1751a95e2ac","continuation","False","108","71","37","0.343","4","4","16","12"
"2026-04-13T03:00:07.659336Z","phase3-perf","7e915de8c02ff5f900b33e2b9a64938387ea98540633e521f73a6ccb35a88ad4","codex","b04e64248a960f15dd7294aa246a4ed8dad4d9974b4c38e6ff674329939e4d28","8f3093914ba3278ecd9650f0fb997323c8ca633e8ed074b9e85f99fb4953a57f","continuation","False","108","71","37","0.343","4","4","16","12"
"2026-04-13T03:00:07.697177Z","phase3-perf","7e915de8c02ff5f900b33e2b9a64938387ea98540633e521f73a6ccb35a88ad4","codex","6f716d30207772ce233686327b2632fe77f1793f43a89a1b6f2c9c4c1448dc96","348bd9f9b76a9337ab0b93d869ea1fcae06177fc4c4a80e4bb16a67972bafd4d","continuation","False","108","71","37","0.343","4","4","16","12"
"2026-04-13T03:00:07.736297Z","phase3-perf","7e915de8c02ff5f900b33e2b9a64938387ea98540633e521f73a6ccb35a88ad4","codex","bc08defa3ddf35f17518c3776dbc952ce6fa4642500b88c66fc9aea845232a2f","fbfa62b8256b49170c6bb556ab90905ad679f0037c38b666f389e4dd3144c65b","continuation","False","108","71","37","0.343","4","4","16","12"
"2026-04-13T03:00:07.774182Z","phase3-perf","7e915de8c02ff5f900b33e2b9a64938387ea98540633e521f73a6ccb35a88ad4","codex","a8c8823215fb8a6972b38ca9dac669387b1be764e34fbbee4941ef72f021fbd8","f08c5e97ffe0bf7904373d0cfd3d6ca0753c7c68c76844b77b6f9fb2fd52b226","continuation","False","108","71","37","0.343","4","4","16","12"
"2026-04-13T03:00:07.812693Z","phase3-perf","7e915de8c02ff5f900b33e2b9a64938387ea98540633e521f73a6ccb35a88ad4","codex","197d4a3adc194561811f6b977b2783ab8f1924ca3f1fc0f73acf691639f48dc4","bae5624803248e9e2abd6a820fd393d800a147723752107aeafcc97fc0181c6b","continuation","False","108","71","37","0.343","4","4","16","12"
"2026-04-13T03:00:07.852642Z","phase3-perf","7e915de8c02ff5f900b33e2b9a64938387ea98540633e521f73a6ccb35a88ad4","codex","d967b9b0f5ca252fd4e446eff5b77c71ef2f96380cd115282d4cd3743241bc8b","c8b5db9441c530dd0ab6743fd6a2fd3ea45448f53b31a99c1d6435de63f20894","continuation","False","108","71","37","0.343","4","4","16","12"
"2026-04-13T03:00:07.893619Z","phase3-perf","7e915de8c02ff5f900b33e2b9a64938387ea98540633e521f73a6ccb35a88ad4","codex","e014220f51e7c0eb8b78db4c7d866718184dd64c1fb31b6e08c10fc3388a9c71","8b774b322ce4de7d3b6a9e445b2efbbd0bc316546af02f5400a234db68317230","continuation","False","108","71","37","0.343","4","4","16","12"
"2026-04-13T03:00:07.931397Z","phase3-perf","7e915de8c02ff5f900b33e2b9a64938387ea98540633e521f73a6ccb35a88ad4","codex","b243f7b415a3b303cb0e06dfb9b45aec88f3a001fb5dbde5b4d97e5271296334","78e9b68b5ad54cda5cda4ff39985f75e4e391b04993607970de69c5a7fca57dc","continuation","False","108","71","37","0.343","4","4","16","12"
"2026-04-13T03:00:07.971393Z","phase3-perf","7e915de8c02ff5f900b33e2b9a64938387ea98540633e521f73a6ccb35a88ad4","codex","877e3c7fa9c6e237959e421c7ae6a9be09c71f930d3deb286a632941c4224143","eeb9f427420deb4a492b75931414b00b5911708a091b56a3a8cc2800e91d19bf","continuation","False","108","71","37","0.343","4","4","16","12"
"2026-04-13T03:00:08.027432Z","phase3-perf","7e915de8c02ff5f900b33e2b9a64938387ea98540633e521f73a6ccb35a88ad4","codex","9f0a1be4e93a0919caad51e28ab842ae666c6e1b52d707165560f9aab23fede0","47f8a0dc41cf4a53f292619b64bdb059845f0946c0860c3bf16e7c1040e8a843","continuation","False","108","71","37","0.343","4","4","16","12"
"2026-04-13T03:00:08.099422Z","phase3-perf","7e915de8c02ff5f900b33e2b9a64938387ea98540633e521f73a6ccb35a88ad4","codex","0927847dc04d50830c59580cc51cde96077a9506a8d5885329043e48ca03f498","dd90e53158a4bfbccb1c249807886386e007e1e72d0a7a697922fc4ad41e0a22","continuation","False","108","71","37","0.343","4","4","16","12"
"2026-04-13T03:00:08.162235Z","phase3-perf","7e915de8c02ff5f900b33e2b9a64938387ea98540633e521f73a6ccb35a88ad4","codex","427314e18fcd4fba7e9c947838151745eb99d9d48c92a486b0884ef9abd44fe9","e24c8a2aeb27884e8a952e77677bac152d81032ed1e75db468bbd7746504504b","continuation","False","108","71","37","0.343","4","4","16","12"
"2026-04-13T03:00:08.224321Z","phase3-perf","7e915de8c02ff5f900b33e2b9a64938387ea98540633e521f73a6ccb35a88ad4","codex","796148256cd050f2f44509086d381c4e98be4a0a6192690368428728bd0c6492","3d1d7bd6f7dbb457f2f9440bc8565c788d942aa3dd7537eea7880663a2e087f4","continuation","False","108","71","37","0.343","4","4","16","12"
"2026-04-13T03:00:08.288575Z","phase3-perf","7e915de8c02ff5f900b33e2b9a64938387ea98540633e521f73a6ccb35a88ad4","codex","0535b337a59047606a938c253186f13d47c052588b49b78dd1fad469d4b26fdc","3025c02e17371b7e36a4c9eac8156a3da4c4d63ab3247ab12a5b250aa0fa594e","continuation","False","108","71","37","0.343","4","4","16","12"
"2026-04-13T03:00:08.356977Z","phase3-perf","7e915de8c02ff5f900b33e2b9a64938387ea98540633e521f73a6ccb35a88ad4","codex","aec21d728daebfb166a5069ba194844ca276311f6800fab11ea6bd5318b99b39","565b360e304f64ac52330e0baf1981fa43c56781f9f556bcf630901217303253","continuation","False","108","71","37","0.343","4","4","16","12"
"2026-04-13T03:00:08.421037Z","phase3-perf","7e915de8c02ff5f900b33e2b9a64938387ea98540633e521f73a6ccb35a88ad4","codex","52090a9b9ec7ae5188a9fd3095b922fc02e677bc969d8f41e034070cf9e5cb31","34a68f9850fdb91e47dd09696f8eb7b386743309b95148b00f5f748c03f555f2","continuation","False","108","71","37","0.343","4","4","16","12"
"2026-04-13T03:00:08.483424Z","phase3-perf","7e915de8c02ff5f900b33e2b9a64938387ea98540633e521f73a6ccb35a88ad4","codex","5c876d2b047b49a9b37ecf89d6923ddf1d59edbfa1606ab60a2e2562663907eb","f185b01c0533e05040948775bda6af0ae0bedda2e866d3a534f4b3977390fef9","continuation","False","108","71","37","0.343","4","4","16","12"
"2026-04-13T03:00:08.545563Z","phase3-perf","7e915de8c02ff5f900b33e2b9a64938387ea98540633e521f73a6ccb35a88ad4","codex","b78120331f39e12decd0348f4f3440b40c52b2061239b8689edd86f4c2faca7f","03bdccb94c880f4dbfbef6b0214d0c8f25b8999665d3da2333980cbe1966d7b3","continuation","False","108","71","37","0.343","4","4","16","12"
"2026-04-13T03:00:08.609006Z","phase3-perf","7e915de8c02ff5f900b33e2b9a64938387ea98540633e521f73a6ccb35a88ad4","codex","992ca726630599a28a7c684c63e03745d2461dc68512d8dd8690d5ff34e01ec7","555c59ad31f98a5a2288946469c5a5cb28c083d3c6463625f4fe74423f88eaaa","continuation","False","108","71","37","0.343","4","4","16","12"
"2026-04-13T03:00:08.670438Z","phase3-perf","7e915de8c02ff5f900b33e2b9a64938387ea98540633e521f73a6ccb35a88ad4","codex","aa7face5392bd690afc25059acf5efb5855bb32d5f961a997d6c4361583a7e72","283a5f09cf91ce6a77572e2323405fb5a7283299c9fb498bda68753e21d995ad","continuation","False","108","71","37","0.343","4","4","16","12"
"2026-04-13T03:00:08.733522Z","phase3-perf","7e915de8c02ff5f900b33e2b9a64938387ea98540633e521f73a6ccb35a88ad4","codex","226315ec4d6c596801718c819bc1168fdd5412e03937a0a450cfcb1412827a3d","0cab48a8535be79ed28f1f5f9ddbbd3cca8eb2ca878ef1a630e7603d05c88c5b","continuation","False","108","71","37","0.343","4","4","16","12"
"2026-04-13T03:00:08.799056Z","phase3-perf","7e915de8c02ff5f900b33e2b9a64938387ea98540633e521f73a6ccb35a88ad4","codex","5002fa3e4a7c1526fcea3e4c1edd62c231cd4fe4f15d75a2e4336ecd73a6750a","aac1f20d660e6658f8cac784860d604f256e16760efaaad2d98355d641d7d33b","continuation","False","108","71","37","0.343","4","4","16","12"
"2026-04-13T03:00:08.866646Z","phase3-perf","7e915de8c02ff5f900b33e2b9a64938387ea98540633e521f73a6ccb35a88ad4","codex","6a7c749911c65bd2be186babe65abef3dca58fde131b4a222e3cfdff5c0b5f02","8ab4dbee7b490d70ea964141b941ff968a9be029fe618978431c6cbca2ff8780","continuation","False","108","71","37","0.343","4","4","16","12"
"2026-04-13T03:00:08.932482Z","phase3-perf","7e915de8c02ff5f900b33e2b9a64938387ea98540633e521f73a6ccb35a88ad4","codex","455ea6eefd99bdd67f9b885ce7b0592a6c4f671544807db3af325d5c14c714da","30774230498135952eb478951f0a5655641d60db0bd85f05ed884a02ebfe9ec3","continuation","False","108","71","37","0.343","4","4","16","12"
"2026-04-13T03:00:08.996371Z","phase3-perf","7e915de8c02ff5f900b33e2b9a64938387ea98540633e521f73a6ccb35a88ad4","codex","cc175879032b0ebe6d6f3d1c005c40aa0185a2ba6ad5ebab6869f1521356a931","616419017adc3d8fa17d86c76800b0cafb36e850547cf10812b9f04b677af90f","continuation","False","108","71","37","0.343","4","4","16","12"
"2026-04-13T03:00:09.056887Z","phase3-perf","7e915de8c02ff5f900b33e2b9a64938387ea98540633e521f73a6ccb35a88ad4","codex","41491b0073663a5afcd0b70270061d9e8c1b5de6b9cf25ec937508bba363cbea","9bfc094d1c4d0f4a20838e738be94b309ccee5a97e8b4b9e419586b63c0a059d","continuation","False","108","71","37","0.343","4","4","16","12"
"2026-04-13T03:00:09.122370Z","phase3-perf","7e915de8c02ff5f900b33e2b9a64938387ea98540633e521f73a6ccb35a88ad4","codex","d466cff69f5b9510d4f63c3385cc9c35a9f70233328481fe0f2b5afd6d529cdb","b88e56e9f7305caffd5a8067f720ebb270fcd6a6db0dd274992510ec175f7d59","continuation","False","108","71","37","0.343","4","4","16","12"
"2026-04-13T03:00:09.199441Z","phase3-perf","7e915de8c02ff5f900b33e2b9a64938387ea98540633e521f73a6ccb35a88ad4","codex","c9a067a47800b6509f6743b8cec9375d74e365d25df37f9086803a6f9a599184","32ce6c30b4978bfa11a9def0966116fd7d7bd74c2f3549f0920226da185eacae","continuation","False","108","71","37","0.343","4","4","16","12"
"2026-04-13T03:00:09.267159Z","phase3-perf","7e915de8c02ff5f900b33e2b9a64938387ea98540633e521f73a6ccb35a88ad4","codex","5456664f684d2dfcae83c9a0e8796dc06b606ed137ffb1d8c7a65c170b51edeb","cc28f09bec2ab5dc297fa0c1bc999629dff8fd640569fcada723bee18627eef4","continuation","False","108","71","37","0.343","4","4","16","12"
"2026-04-13T03:00:09.329705Z","phase3-perf","7e915de8c02ff5f900b33e2b9a64938387ea98540633e521f73a6ccb35a88ad4","codex","81901565dbd3ccca502adb965b5d311f870e59596f0d6908453fb9ed3f12493d","3c487899667210008f2a2853b7f21bb5a957e0d08efd9504aecab4af49b24bd0","continuation","False","108","71","37","0.343","4","4","16","12"
"2026-04-13T03:00:09.395784Z","phase3-perf","7e915de8c02ff5f900b33e2b9a64938387ea98540633e521f73a6ccb35a88ad4","codex","503025865ecae7e930fe4254243ffc24b9a0c0df3cffb53acad62e1f674bdeb1","7a6e23b2f6425460a982e0b2152d621bf8145ae09c9670e2a85668e8eddf67f3","continuation","False","108","71","37","0.343","4","4","16","12"
"2026-04-13T03:00:09.462036Z","phase3-perf","7e915de8c02ff5f900b33e2b9a64938387ea98540633e521f73a6ccb35a88ad4","codex","3b03a6dbfd7f8f699879bd8733e36e8ec89aa1ecf1606978e49ca3efeabb3299","a5197061d67dc8718f85d1b8c0cdb77413926e5ae6bb75f2ad2afd3e22216d66","continuation","False","108","71","37","0.343","4","4","16","12"
"2026-04-13T03:00:09.527336Z","phase3-perf","7e915de8c02ff5f900b33e2b9a64938387ea98540633e521f73a6ccb35a88ad4","codex","c788acb3e1e379a956bff19092fcce603fdf6d9f3e2a73f34a8ebb5033451f5b","ecffcb10ea48d1e80e6e238bf8531fb72304ca224135c0989d556ba984a98f2e","continuation","False","108","71","37","0.343","4","4","16","12"
"2026-04-13T03:00:09.595110Z","phase3-perf","7e915de8c02ff5f900b33e2b9a64938387ea98540633e521f73a6ccb35a88ad4","codex","2814bc60832c8e3aa187706f2aacec09e187979824f5b5f891ecd65c70b2cba6","fcf6d006307063a710f1dac6c9360874daa26c017bfc12ac545968c7e0484711","continuation","False","108","71","37","0.343","4","4","16","12"
"2026-04-13T03:00:09.663085Z","phase3-perf","7e915de8c02ff5f900b33e2b9a64938387ea98540633e521f73a6ccb35a88ad4","codex","59ea82dea66a81adf71724f1df7fa753615f4d945884341f9750eb261b4600e4","2c4238d72208026b304f1549871ec5f25bbf44e87957535065940e31052165a6","continuation","False","108","71","37","0.343","4","4","16","12"
"2026-04-13T03:00:09.733255Z","phase3-perf","7e915de8c02ff5f900b33e2b9a64938387ea98540633e521f73a6ccb35a88ad4","codex","21056ca19db946a8eed060d0973ddc6483a1ca4ea60d8e8c8b0bae08c29295d5","2a2d5f80f1ef5a51a82d1f96edce068060c9854890d37b33e02e743bfbce6e9b","continuation","False","108","71","37","0.343","4","4","16","12"
"2026-04-13T03:00:09.797045Z","phase3-perf","7e915de8c02ff5f900b33e2b9a64938387ea98540633e521f73a6ccb35a88ad4","codex","07c7136596d94b6de8dae9e3408cd6e173d4166383cc37936c9e7cca92608317","5d606b73f53fe9d4f5470c50ad0f12042c22aa8e6cfc78424f45117eab3c8d32","continuation","False","108","71","37","0.343","4","4","16","12"
"2026-04-13T03:00:09.862291Z","phase3-perf","7e915de8c02ff5f900b33e2b9a64938387ea98540633e521f73a6ccb35a88ad4","codex","88a637ab83e29cf3428a07061bf624e462b42d6d5096778a4eeffa231c5e70de","712d7e7cbc5f233a8f63a3caef4675660e1415d2d646691907d71f352d5cf7d0","continuation","False","108","71","37","0.343","4","4","16","12"
"2026-04-13T03:00:09.922112Z","phase3-perf","7e915de8c02ff5f900b33e2b9a64938387ea98540633e521f73a6ccb35a88ad4","codex","8bad69b1266fe8da4997d638f460e3ae1bf132931b5804116f929b8ae21c7845","bb5f751ad67937e2b09c02d38fb85f1df65ba4b0561f82c0695eaf71d559a355","continuation","False","108","71","37","0.343","4","4","16","12"
"2026-04-13T03:00:09.985328Z","phase3-perf","7e915de8c02ff5f900b33e2b9a64938387ea98540633e521f73a6ccb35a88ad4","codex","a2a2f3fb93d55b9d991bdf771f1d59af275bff13c052400cd22f5b9f73b177db","a87f48586e54bcb64b88aec759f5148bb093435f07d0e5d63542d920007cf7b3","continuation","False","108","71","37","0.343","4","4","16","12"
"2026-04-13T03:00:10.048009Z","phase3-perf","7e915de8c02ff5f900b33e2b9a64938387ea98540633e521f73a6ccb35a88ad4","codex","00875cb7f1003f0ec9c4aa93b48f5effef9de5ea78258495b30281207f6cca16","0e8bc0b6d6cdeaf7ba93a91b88e5079e333c3791d1c2822f26133002a246951c","continuation","False","108","71","37","0.343","4","4","16","12"
"2026-04-13T03:00:10.110435Z","phase3-perf","7e915de8c02ff5f900b33e2b9a64938387ea98540633e521f73a6ccb35a88ad4","codex","9740f2f6b78b3a7c182f46f7677bfdbfbda534bd1cb0063eea07b34d1032ea82","eeb865c03b4daf6d8ab937d62bbc9f6e5d3c329de3825b78fba257163916550b","continuation","False","108","71","37","0.343","4","4","16","12"
"2026-04-13T03:00:10.176105Z","phase3-perf","7e915de8c02ff5f900b33e2b9a64938387ea98540633e521f73a6ccb35a88ad4","codex","cd62c6c4526b4475189aef20ef0914f9abfecb492b029b69c9c26ef60dc7ac22","79562357dc118faf4eafb084daba26e3ebb96e1ceb121fb767dda2ac17bae980","continuation","False","108","71","37","0.343","4","4","16","12"
"2026-04-13T03:00:10.238190Z","phase3-perf","7e915de8c02ff5f900b33e2b9a64938387ea98540633e521f73a6ccb35a88ad4","codex","d2075744f18580c9f6605987142363b48e75fc1d9a4675e7ca42d7c307968e57","cd2e324284dc585a5e15d9568bf2826e558bff4a1f29905cf81b8e1b7ddfddd6","continuation","False","108","71","37","0.343","4","4","16","12"
"2026-04-13T03:00:10.301610Z","phase3-perf","7e915de8c02ff5f900b33e2b9a64938387ea98540633e521f73a6ccb35a88ad4","codex","4f27eebc66344fa30d494285d3d08dfdc25368d986682e1e1565f7727677d3b8","911abf06b8906f9298840eb829abb428898136c321edb3ee7bc8f21283a92249","continuation","False","108","71","37","0.343","4","4","16","12"
"2026-04-13T03:00:10.367553Z","phase3-perf","7e915de8c02ff5f900b33e2b9a64938387ea98540633e521f73a6ccb35a88ad4","codex","03b9c223c19d799570436fa86754944dcd49d4dbcfd1040a26b945a13e277f65","2492fafd00f40cd76eca561d2d750d35ba0825c5055052e0bbbfceb935bf2a49","continuation","False","108","71","37","0.343","4","4","16","12"
"2026-04-13T03:00:10.432565Z","phase3-perf","7e915de8c02ff5f900b33e2b9a64938387ea98540633e521f73a6ccb35a88ad4","codex","d393c6e34c668f7c439665a4dddc74876b6ccbaa186a9e2da2e5fb30d36e1e3c","c56a9c75e08d7f02fc02797f55a3a9774a6621561e397c6a63776b6ea9c7c422","continuation","False","108","71","37","0.343","4","4","16","12"
"2026-04-13T03:00:10.500290Z","phase3-perf","7e915de8c02ff5f900b33e2b9a64938387ea98540633e521f73a6ccb35a88ad4","codex","a28d8eda1d96546fdd31acd7751bd27a4c0a34afcc194067d657fa580ac50a52","9534490037f7235c41fe8575cddf3223bb2b5a1dbfee9805a2441f72939707ca","continuation","False","108","71","37","0.343","4","4","16","12"
"2026-04-13T03:00:10.572311Z","phase3-perf","7e915de8c02ff5f900b33e2b9a64938387ea98540633e521f73a6ccb35a88ad4","codex","53053647119198fcc5ae3b589fbcba711a5b5be2c8249c9b4150fb414a023d79","acde928be0b3d1a0c2d45ed3ad9ea7e1773fadb4383aff9017ece30e5d8fc31e","continuation","False","108","71","37","0.343","4","4","16","12"
"2026-04-13T03:00:10.639683Z","phase3-perf","7e915de8c02ff5f900b33e2b9a64938387ea98540633e521f73a6ccb35a88ad4","codex","59dac248a3a2f44d5b13855461b4cfc941c668d9a82663dd579f59f3167d9c7e","25b05e893e49b79a60b9402c63b77c4add8ac2cfafe5e525367e119699b5d153","continuation","False","108","71","37","0.343","4","4","16","12"
"2026-04-13T03:00:10.704152Z","phase3-perf","7e915de8c02ff5f900b33e2b9a64938387ea98540633e521f73a6ccb35a88ad4","codex","09cf04f063ac974ab8fb7f6717929a4f35eab46f6abb363489ca996345330ef0","cb36f06ffe6ef7019771d1402eb7c290babe59cb75d1cc0e6429576a766025b7","continuation","False","108","71","37","0.343","4","4","16","12"
"2026-04-13T03:00:10.775151Z","phase3-perf","7e915de8c02ff5f900b33e2b9a64938387ea98540633e521f73a6ccb35a88ad4","codex","c49883bb75376d0c6021422b78e00e7079cabcc5d508247c2525e2be0571e3f4","7f8cf5c5b77948e5262518472b470756d8a6930583b6df1eacd7d163608ce517","continuation","False","108","71","37","0.343","4","4","16","12"
"2026-04-13T03:00:10.843562Z","phase3-perf","7e915de8c02ff5f900b33e2b9a64938387ea98540633e521f73a6ccb35a88ad4","codex","84805c197dd24516e262f4a359921b3c3ee12bf508d724f3c90a6b27d6b9afe6","3d072aa79ec97d131d9270a4bf23f5b0510df0a43c7e038b0bfcc2c4716b0103","continuation","False","108","71","37","0.343","4","4","16","12"
"2026-04-13T03:00:10.910183Z","phase3-perf","7e915de8c02ff5f900b33e2b9a64938387ea98540633e521f73a6ccb35a88ad4","codex","aaed2b707810ae801b5b4e60cd5fba3ecf498eff65563def92546a054b2ca906","a8a2202626f50075b94c8778e2c0e506bdc611f5a3e8394abc8c85a89c620436","continuation","False","108","71","37","0.343","4","4","16","12"
"2026-04-13T03:00:10.976438Z","phase3-perf","7e915de8c02ff5f900b33e2b9a64938387ea98540633e521f73a6ccb35a88ad4","codex","9384bd3b82f80afa389da73fea74e6f62fe342c7edff874d66ec26061bb3c778","024d2a1e2dfe53e06784044ed9e7cf77a8a83c992fee69aa43613d34dae296ac","continuation","False","108","71","37","0.343","4","4","16","12"
"2026-04-13T03:00:11.044749Z","phase3-perf","7e915de8c02ff5f900b33e2b9a64938387ea98540633e521f73a6ccb35a88ad4","codex","f6beb102e95034a8b5dddae80dc85aeb19f80362398d49f7367648e256e3002e","cbb09d1fed81a0f82d8aa93f35c81a445c4fbbd4cd8b04d3dbb5480ebe9c8e74","continuation","False","108","71","37","0.343","4","4","16","12"
"2026-04-13T03:00:11.110238Z","phase3-perf","7e915de8c02ff5f900b33e2b9a64938387ea98540633e521f73a6ccb35a88ad4","codex","fc68f4958ea1b0f627ff580041a8ee31817c92253463f9191e75396ee551db19","fbe095e806f511db0c3b3807e7a14d9205f5768937b6aa567fada4745a955204","continuation","False","108","71","37","0.343","4","4","16","12"
"2026-04-13T03:00:11.172077Z","phase3-perf","7e915de8c02ff5f900b33e2b9a64938387ea98540633e521f73a6ccb35a88ad4","codex","2ef7123089585efbd7cb0228b8e09e5e58c33b18aa26e7fa7fe0ec8dc0a373e3","42c9f4655668664d850d9be7e5f5acf4b3953c79a90c298b5380e1f4e349170f","continuation","False","108","71","37","0.343","4","4","16","12"
"2026-04-13T03:00:11.237055Z","phase3-perf","7e915de8c02ff5f900b33e2b9a64938387ea98540633e521f73a6ccb35a88ad4","codex","c9d5f7c02a3b03b66815a02713d9798a5ef62507013bd1f64d7371feef324812","ed758258f00a078c8aedbaa2754f7c61726d00d95860d912914f2bcf8a84f86b","continuation","False","108","71","37","0.343","4","4","16","12"
"2026-04-13T03:00:11.308420Z","phase3-perf","7e915de8c02ff5f900b33e2b9a64938387ea98540633e521f73a6ccb35a88ad4","codex","13ed279c26689cbb3b53abbf1a706174833448e4127660cb20bd547ccf1e0b60","d2ccecc8d9dc9a2b917a723da0ec466af34669de331fd289e11f8aa96d9100b6","continuation","False","108","71","37","0.343","4","4","16","12"
"2026-04-13T03:00:11.377564Z","phase3-perf","7e915de8c02ff5f900b33e2b9a64938387ea98540633e521f73a6ccb35a88ad4","codex","e059ecb7b6dfccff65ecce62503b9de1b10e3706c25fbc6ecfa12921d170fb19","979ff6caf76422e1d494dc4248f7d6e095860383bf48022f66d2e90d246d1851","continuation","False","108","71","37","0.343","4","4","16","12"
"2026-04-13T03:00:11.447052Z","phase3-perf","7e915de8c02ff5f900b33e2b9a64938387ea98540633e521f73a6ccb35a88ad4","codex","475c4f9a5ef2dff39c192431feadb315517a6d1edbdc2404d36511757bc0f4f5","433bc6cde32869a571c8b18304ec69ad0c342257df2b07ab377abc05da20233c","continuation","False","108","71","37","0.343","4","4","16","12"
"2026-04-13T03:00:11.513323Z","phase3-perf","7e915de8c02ff5f900b33e2b9a64938387ea98540633e521f73a6ccb35a88ad4","codex","a41b1a1208b9d0d1d528735523f99b7160f6bcaf0dc5005a415132a5e65cf936","da5df249d29b07cd29329408e3af201d61ff2c10e2c54c4e0acd819e338541b8","continuation","False","108","71","37","0.343","4","4","16","12"
"2026-04-13T03:00:11.587083Z","phase3-perf","7e915de8c02ff5f900b33e2b9a64938387ea98540633e521f73a6ccb35a88ad4","codex","ca03fadf9a5a1216718d4d26064792bec641f359e334fb1ca0ddc7500f3d6589","3cb72eee011bb75bf8044b11cf0ce9be3e28cbb90e2aa1475d1b59c0f78ebec3","continuation","False","108","71","37","0.343","4","4","16","12"
"2026-04-13T03:00:11.656143Z","phase3-perf","7e915de8c02ff5f900b33e2b9a64938387ea98540633e521f73a6ccb35a88ad4","codex","7c3061d1a155f1f98ece2b29c0a69458508957dd4e703b0e6e7bd7830693eee4","8c8e38770d31f051850db400ac2e3dae3a6361f155aba20e515016d43c2d6258","continuation","False","108","71","37","0.343","4","4","16","12"
"2026-04-13T03:00:11.724453Z","phase3-perf","7e915de8c02ff5f900b33e2b9a64938387ea98540633e521f73a6ccb35a88ad4","codex","c16e1c84ac17eff3fbfc8b03c57b067894edfebceee0b2090fc6c610c1b19e8c","9da3dd532b6300e95e0e97de501ed1e3d7c286c33e6ed209706db50765293aa8","continuation","False","108","71","37","0.343","4","4","16","12"
"2026-04-13T03:00:11.798198Z","phase3-perf","7e915de8c02ff5f900b33e2b9a64938387ea98540633e521f73a6ccb35a88ad4","codex","f0fccf44dae9af8e50f4a315bd966f9eaebf37fee774c2e8b4bdfaaa239c4a32","96f8cba891338817582187dd1bbfd3a230ee1618499b7cf54c0c00f45b4b97be","continuation","False","108","71","37","0.343","4","4","16","12"
"2026-04-13T03:01:19.506645Z","phase3-perf","7e915de8c02ff5f900b33e2b9a64938387ea98540633e521f73a6ccb35a88ad4","codex","9a0eb815ff0d923485a7781a9d63b1e07731f1c21c5bd5cdb1d496c33778bb47","2030460fe4d701f5dbaefc31c5d2f913ec90a43993d89f0497c4813bf1b50d2b","continuation","False","108","71","37","0.343","4","4","16","12"
"2026-04-13T03:01:19.554451Z","phase3-perf","7e915de8c02ff5f900b33e2b9a64938387ea98540633e521f73a6ccb35a88ad4","codex","4b47a1a4aa7a72581c4ebbdd41fabc6b0ec18cfae70d77e94931fc201bfade0d","52b5a5f461fc0df410425ee5a6e932868f00399b642b8432a5c9feb0e9eeff4d","continuation","False","108","71","37","0.343","4","4","16","12"
"2026-04-13T03:01:19.598477Z","phase3-perf","7e915de8c02ff5f900b33e2b9a64938387ea98540633e521f73a6ccb35a88ad4","codex","1a24aaa0089d147b99c52f4e9b30fab0fd160746b7e38b9eb7d56f2360288d05","ae9cf5d92aca8dba633c2c5a697b37b44e7c4b7b2a6e28f818c393e0e3d91f6f","continuation","False","108","71","37","0.343","4","4","16","12"
"2026-04-13T03:01:19.640502Z","phase3-perf","7e915de8c02ff5f900b33e2b9a64938387ea98540633e521f73a6ccb35a88ad4","codex","2e20a07fff138574c5a7478f8385b2ea8143c60353f07e1d9d9952d980fa7cfc","3623ca63cb33ca678855f241a5cd3217717395cfe6a53994b78706ef75632f3b","continuation","False","108","71","37","0.343","4","4","16","12"
"2026-04-13T03:01:19.682413Z","phase3-perf","7e915de8c02ff5f900b33e2b9a64938387ea98540633e521f73a6ccb35a88ad4","codex","e4182bc4b5f4584f3dfd9772c60972d42c91d2452d5a3af375fea9fd9f78631d","71273c7971d22d3263080864e4036444f4550c3f6b96ff01e47c8fd023306c1a","continuation","False","108","71","37","0.343","4","4","16","12"
"2026-04-13T03:01:19.725508Z","phase3-perf","7e915de8c02ff5f900b33e2b9a64938387ea98540633e521f73a6ccb35a88ad4","codex","13e296083eed4e2c709439180ed7bbfc41a193c6b55b3ed162bcad11defd1b6b","3827b10da5a0fb5d514a7b3d59d69870d61db3cc1f98a7965288159f530495f4","continuation","False","108","71","37","0.343","4","4","16","12"
"2026-04-13T03:01:19.768471Z","phase3-perf","7e915de8c02ff5f900b33e2b9a64938387ea98540633e521f73a6ccb35a88ad4","codex","adc7063a04927e36fe1060784cabc9d2e5f6676d2e5036a4e1db519864d31c79","00c3c24084ee844abb723249cabb912e35d6780ec16e7046bf7bde82b47c235e","continuation","False","108","71","37","0.343","4","4","16","12"
"2026-04-13T03:01:19.811460Z","phase3-perf","7e915de8c02ff5f900b33e2b9a64938387ea98540633e521f73a6ccb35a88ad4","codex","246b42bda9bccd8d2dbe54ddedd2c6997db160282d32e55baf510017c52ef06d","e0caf4fb0cc5f7130c5530b3b68179d462ad02521bd4954e1e1b5f46e9d88098","continuation","False","108","71","37","0.343","4","4","16","12"
"2026-04-13T03:01:19.854400Z","phase3-perf","7e915de8c02ff5f900b33e2b9a64938387ea98540633e521f73a6ccb35a88ad4","codex","8041ad94ba32654ccacc7604588a9d143c53152aff87e3bd185d5c255f9bad24","cae81f32e74caccc4b434fe08a12570500ed21ece53ede381453f9c0e48fd07a","continuation","False","108","71","37","0.343","4","4","16","12"
"2026-04-13T03:01:19.896471Z","phase3-perf","7e915de8c02ff5f900b33e2b9a64938387ea98540633e521f73a6ccb35a88ad4","codex","5b2e55a87ac0145fb09beaec6a7cd414b0099ddc547318b9ea3ace33268af604","303e3d04c94409d567bd611971ac32e8c1027fc5be8d01997a804f836b8c2caa","continuation","False","108","71","37","0.343","4","4","16","12"
"2026-04-13T03:01:19.937411Z","phase3-perf","7e915de8c02ff5f900b33e2b9a64938387ea98540633e521f73a6ccb35a88ad4","codex","d453a7126e73262e3c5c4380faa2f95a20fbe4dd8f3b85621a80922c6924635b","4ea65d96139b0024b024fe55c5fb07fbcb36014e4ca26553419c3ec57b900335","continuation","False","108","71","37","0.343","4","4","16","12"
"2026-04-13T03:01:19.980314Z","phase3-perf","7e915de8c02ff5f900b33e2b9a64938387ea98540633e521f73a6ccb35a88ad4","codex","dc95c53f1ee8953d3625c481751e58a6dd8515a4046998b328fcbbecb64da999","b87a52b4f0bffbb51b0fb1c23b9d9a8a96ccf1672aa31c1b91f8a58ca3933f74","continuation","False","108","71","37","0.343","4","4","16","12"
"2026-04-13T03:01:20.024399Z","phase3-perf","7e915de8c02ff5f900b33e2b9a64938387ea98540633e521f73a6ccb35a88ad4","codex","6ec5c11d08a469fbb2240e70230d2fcd369d2766518bc467b7de82ba3a6b9cc5","73601a637a7b31be402dd6205d5d0e5e9795d23d3fec13221b45201dea66d1e1","continuation","False","108","71","37","0.343","4","4","16","12"
"2026-04-13T03:01:20.067505Z","phase3-perf","7e915de8c02ff5f900b33e2b9a64938387ea98540633e521f73a6ccb35a88ad4","codex","fb56d3d95151fbae110d3fa68a07acf80be19fe84d5028c033835ee9769f1fb4","40a6586b02050101fdc22b2ab87386a6d0a8e39c69b3350f5fb9509dd1f1c512","continuation","False","108","71","37","0.343","4","4","16","12"
"2026-04-13T03:01:20.110390Z","phase3-perf","7e915de8c02ff5f900b33e2b9a64938387ea98540633e521f73a6ccb35a88ad4","codex","2215c707f7ebac3cdd182b31b4e86762573af88c061a4f25dc1d9062e54cd083","c921fbaaa5910d841e74b59faa9bad40c3e732479ca9ee6cfe133c9cc751d976","continuation","False","108","71","37","0.343","4","4","16","12"
"2026-04-13T03:01:20.153449Z","phase3-perf","7e915de8c02ff5f900b33e2b9a64938387ea98540633e521f73a6ccb35a88ad4","codex","34644d2935dff794a23504cf778bcb60c6c609f39b85da65c2e624eb7a6f32a5","def58c6fac203ba2c677b4bc67cdf20fef9bc75513d9f958400f820d561494d4","continuation","False","108","71","37","0.343","4","4","16","12"
"2026-04-13T03:01:20.195359Z","phase3-perf","7e915de8c02ff5f900b33e2b9a64938387ea98540633e521f73a6ccb35a88ad4","codex","9a64b95ef74a58374bb547607b74dd4a985376be63c9f6fcb2da6fe4ffdd23c8","c7812d60bc9f2ea2660cf172ddad910eb5588ad96f2521339c226230ca9b6e15","continuation","False","108","71","37","0.343","4","4","16","12"
"2026-04-13T03:01:20.237439Z","phase3-perf","7e915de8c02ff5f900b33e2b9a64938387ea98540633e521f73a6ccb35a88ad4","codex","0032d9c2624bf83cf550c2c85799a3d7af53ad9a2509c93e5a9d494d616a07ac","384847e08671b0e522e2164e3b50f9a067cbb39c4a10a6e68a1ff4e7e1faf0b5","continuation","False","108","71","37","0.343","4","4","16","12"
"2026-04-13T03:01:20.279390Z","phase3-perf","7e915de8c02ff5f900b33e2b9a64938387ea98540633e521f73a6ccb35a88ad4","codex","0c991e0cb72165afb36c40214871df8d2365b7564bf53213b723dd8bf469d5d9","67185fd4dc5e0c1f18a7955280090bcfadca011a604ee9e2caaaefb17f568e73","continuation","False","108","71","37","0.343","4","4","16","12"
"2026-04-13T03:01:20.321323Z","phase3-perf","7e915de8c02ff5f900b33e2b9a64938387ea98540633e521f73a6ccb35a88ad4","codex","521a04972a900ba0f291b34add6fbe273ce359e92d975c23009b068b1b98cc01","343c5b9fd4174e0fb94b343e91ddaf335478dbcbb6eebc86513926a250ec4a39","continuation","False","108","71","37","0.343","4","4","16","12"
"2026-04-13T03:01:20.364606Z","phase3-perf","7e915de8c02ff5f900b33e2b9a64938387ea98540633e521f73a6ccb35a88ad4","codex","d152115e8a5b8752e40142d1b633303a1f23d9cd5159239098a4ee19eedde335","4f3e831438f0c9876c0d447b11c9c666029c63f89f0fdd49c6d86968869bc0cc","continuation","False","108","71","37","0.343","4","4","16","12"
"2026-04-13T03:01:20.407391Z","phase3-perf","7e915de8c02ff5f900b33e2b9a64938387ea98540633e521f73a6ccb35a88ad4","codex","245c61c6236d7c00f89b4ccbad518187d833494a943e790776a3f600659c1d2f","a8114830ffdd057d1bc39ac1531666eb78258fb77d46e48307951e31d11afd2e","continuation","False","108","71","37","0.343","4","4","16","12"
"2026-04-13T03:01:20.450581Z","phase3-perf","7e915de8c02ff5f900b33e2b9a64938387ea98540633e521f73a6ccb35a88ad4","codex","7b4d8f92f386553cdcd623eeab3e73e5adc9f24a9533ac2882d2dc61953c3595","248eea36ecf45aed54928c7f723fa033dee362d928697792460c06ad1594a246","continuation","False","108","71","37","0.343","4","4","16","12"
"2026-04-13T03:01:20.500749Z","phase3-perf","7e915de8c02ff5f900b33e2b9a64938387ea98540633e521f73a6ccb35a88ad4","codex","d29729b2af8e1902c13eddf854a97ce89af04bc35c558de6a42a1e0e6090f201","4303daab585f3114ca9dad453bdd0a63059cf1391a57fa1857d09f5731d37d7c","continuation","False","108","71","37","0.343","4","4","16","12"
"2026-04-13T03:01:20.550865Z","phase3-perf","7e915de8c02ff5f900b33e2b9a64938387ea98540633e521f73a6ccb35a88ad4","codex","f48473acee6b2aef4caea0d7039c6001d96cb29ec2ade6b84d7967a45ab2fb15","228a8a78c51da49702637435e8f1705e86124febe2d2f7a62e1d34650f127dc2","continuation","False","108","71","37","0.343","4","4","16","12"
"2026-04-13T03:01:20.595699Z","phase3-perf","7e915de8c02ff5f900b33e2b9a64938387ea98540633e521f73a6ccb35a88ad4","codex","1a91376d5edb5632b57291807924839662c4cc33ea777e646850207498880510","d2f4c76738a73509e7147a29be9140b68ed91e84d73e46911ce604c3337bf853","continuation","False","108","71","37","0.343","4","4","16","12"
"2026-04-13T03:01:20.639607Z","phase3-perf","7e915de8c02ff5f900b33e2b9a64938387ea98540633e521f73a6ccb35a88ad4","codex","42f611e0d4246323d7bf7fc22b3d58a343d6ef21b1930c44e1b886f34341c39e","3ae15f6bafa0efe6d9388416f5524551ea3323ee620b1ce6ba9228d6b3795af5","continuation","False","108","71","37","0.343","4","4","16","12"
"2026-04-13T03:01:20.682526Z","phase3-perf","7e915de8c02ff5f900b33e2b9a64938387ea98540633e521f73a6ccb35a88ad4","codex","6613c09beff90f84b9ec79aeb71bd7f5575e13d0d1dbeb52a79cdce9deb6ada2","1507ac095f5c9ff6dedc223a38f376ef402135478e3add954b081b4518d2e916","continuation","False","108","71","37","0.343","4","4","16","12"
"2026-04-13T03:01:20.726591Z","phase3-perf","7e915de8c02ff5f900b33e2b9a64938387ea98540633e521f73a6ccb35a88ad4","codex","1bdd50b4b5061bd52d8e77084f250d4edee7650791601e48938bdbde4b715135","5a129bbe56dafc3ee1e20ade59311c5c1c94d5c7600bef9bd9187ffdd295f7ed","continuation","False","108","71","37","0.343","4","4","16","12"
"2026-04-13T03:01:20.769619Z","phase3-perf","7e915de8c02ff5f900b33e2b9a64938387ea98540633e521f73a6ccb35a88ad4","codex","a229dfccfda76ebb836e4c7e74fde568e5bc1bf1f386b35cdd29eaa7873faefa","44cc234cd15f32fa5dd777aa7be984bd06f7a18879ad1498a6ba04ff1c4f9c7f","continuation","False","108","71","37","0.343","4","4","16","12"
"2026-04-13T03:01:20.814477Z","phase3-perf","7e915de8c02ff5f900b33e2b9a64938387ea98540633e521f73a6ccb35a88ad4","codex","0d52dba98954b1a1609f134f58e06c4f745fffa4bffe524ce75a4aeba7591cee","9f6ecac365c7f170dcfc96affc7d393fecfcaca56a17575a090c7c433147a15b","continuation","False","108","71","37","0.343","4","4","16","12"
"2026-04-13T03:01:20.858403Z","phase3-perf","7e915de8c02ff5f900b33e2b9a64938387ea98540633e521f73a6ccb35a88ad4","codex","590d3cff62b15c558bc0a0fe47d9da207b9dee4395f8017e5cc1af9dec7fe74e","d9f1d000645ea867bbeba8cb4d5677e7ef035d385e41e42ab95b2179ea8374ce","continuation","False","108","71","37","0.343","4","4","16","12"
"2026-04-13T03:01:20.901397Z","phase3-perf","7e915de8c02ff5f900b33e2b9a64938387ea98540633e521f73a6ccb35a88ad4","codex","af26aa834492ccd4878c9eb92e21448024aa7a93703496190fb78bf8054f3868","8f60b5733d6200bf9c6075aed086d6d11c540d97e32d88ab77b7b1751a95e2ac","continuation","False","108","71","37","0.343","4","4","16","12"
"2026-04-13T03:01:20.945344Z","phase3-perf","7e915de8c02ff5f900b33e2b9a64938387ea98540633e521f73a6ccb35a88ad4","codex","d170ac1b35d47a500818c60a80e8ccaa78b1ce0b9d1728c61d9f9d5bd4379e84","8f3093914ba3278ecd9650f0fb997323c8ca633e8ed074b9e85f99fb4953a57f","continuation","False","108","71","37","0.343","4","4","16","12"
"2026-04-13T03:01:20.988375Z","phase3-perf","7e915de8c02ff5f900b33e2b9a64938387ea98540633e521f73a6ccb35a88ad4","codex","b9184f89a4076993d6c8a725aeea1f2674c2905646470b93b363b3f1bee2442e","348bd9f9b76a9337ab0b93d869ea1fcae06177fc4c4a80e4bb16a67972bafd4d","continuation","False","108","71","37","0.343","4","4","16","12"
"2026-04-13T03:01:21.033370Z","phase3-perf","7e915de8c02ff5f900b33e2b9a64938387ea98540633e521f73a6ccb35a88ad4","codex","3ce721e5b165a52ac1273d311bf806841f403dea9d0f00ed355defa82f83a747","fbfa62b8256b49170c6bb556ab90905ad679f0037c38b666f389e4dd3144c65b","continuation","False","108","71","37","0.343","4","4","16","12"
"2026-04-13T03:01:21.078650Z","phase3-perf","7e915de8c02ff5f900b33e2b9a64938387ea98540633e521f73a6ccb35a88ad4","codex","d28ef8c38b46bf0152c0dd3bc318101b6a09b8945334a5f362169bc9a905b87a","f08c5e97ffe0bf7904373d0cfd3d6ca0753c7c68c76844b77b6f9fb2fd52b226","continuation","False","108","71","37","0.343","4","4","16","12"
"2026-04-13T03:01:21.122545Z","phase3-perf","7e915de8c02ff5f900b33e2b9a64938387ea98540633e521f73a6ccb35a88ad4","codex","d99f893543f6dd00d71b15c7c281dd89a95318522467d42adefeeacaf1df206d","bae5624803248e9e2abd6a820fd393d800a147723752107aeafcc97fc0181c6b","continuation","False","108","71","37","0.343","4","4","16","12"
"2026-04-13T03:01:21.291491Z","phase3-perf","7e915de8c02ff5f900b33e2b9a64938387ea98540633e521f73a6ccb35a88ad4","codex","663a820e8719112f27b7c0c2f16a2f713c34d0e4a1384102dcd31da87020433d","c8b5db9441c530dd0ab6743fd6a2fd3ea45448f53b31a99c1d6435de63f20894","continuation","False","108","71","37","0.343","4","4","16","12"
"2026-04-13T03:01:21.364261Z","phase3-perf","7e915de8c02ff5f900b33e2b9a64938387ea98540633e521f73a6ccb35a88ad4","codex","889221f87eb322f168bd11578a04db8e10130ae4c0012e78ac5e9185a04d70e0","8b774b322ce4de7d3b6a9e445b2efbbd0bc316546af02f5400a234db68317230","continuation","False","108","71","37","0.343","4","4","16","12"
"2026-04-13T03:01:21.441527Z","phase3-perf","7e915de8c02ff5f900b33e2b9a64938387ea98540633e521f73a6ccb35a88ad4","codex","4c781d7bd4ba593146616e8945dfe54b9aaeb8582a8d454b3f30a10df289f5d1","78e9b68b5ad54cda5cda4ff39985f75e4e391b04993607970de69c5a7fca57dc","continuation","False","108","71","37","0.343","4","4","16","12"
"2026-04-13T03:01:21.518145Z","phase3-perf","7e915de8c02ff5f900b33e2b9a64938387ea98540633e521f73a6ccb35a88ad4","codex","847cdd0603b2d759978888aa9bd10a50fbb8c1f911554a4a1b6f5803080e88bf","eeb9f427420deb4a492b75931414b00b5911708a091b56a3a8cc2800e91d19bf","continuation","False","108","71","37","0.343","4","4","16","12"
"2026-04-13T03:01:21.588264Z","phase3-perf","7e915de8c02ff5f900b33e2b9a64938387ea98540633e521f73a6ccb35a88ad4","codex","8c26a5972549a5c4631f6541ec00198f7f139d317ae122de1af37ec8a70527bc","47f8a0dc41cf4a53f292619b64bdb059845f0946c0860c3bf16e7c1040e8a843","continuation","False","108","71","37","0.343","4","4","16","12"
"2026-04-13T03:01:21.671907Z","phase3-perf","7e915de8c02ff5f900b33e2b9a64938387ea98540633e521f73a6ccb35a88ad4","codex","9afcfa065eb67588c0ff8133768037fc77ef68b2803b2e79d15b54c315dbe298","dd90e53158a4bfbccb1c249807886386e007e1e72d0a7a697922fc4ad41e0a22","continuation","False","108","71","37","0.343","4","4","16","12"
"2026-04-13T03:01:21.751293Z","phase3-perf","7e915de8c02ff5f900b33e2b9a64938387ea98540633e521f73a6ccb35a88ad4","codex","20b2c564db614aa9a0eba35b1a0737021c68707ea0fb91ac622a75b15c072e29","e24c8a2aeb27884e8a952e77677bac152d81032ed1e75db468bbd7746504504b","continuation","False","108","71","37","0.343","4","4","16","12"
"2026-04-13T03:01:21.830531Z","phase3-perf","7e915de8c02ff5f900b33e2b9a64938387ea98540633e521f73a6ccb35a88ad4","codex","422911682cf0877300dee9b39d1b1fc89ef62198f39eb16b07a096736726c7a2","3d1d7bd6f7dbb457f2f9440bc8565c788d942aa3dd7537eea7880663a2e087f4","continuation","False","108","71","37","0.343","4","4","16","12"
"2026-04-13T03:01:21.924249Z","phase3-perf","7e915de8c02ff5f900b33e2b9a64938387ea98540633e521f73a6ccb35a88ad4","codex","ca9eb80f1b66c62744972f324b8ab3878760ae89a785237f6ccac8329954969f","3025c02e17371b7e36a4c9eac8156a3da4c4d63ab3247ab12a5b250aa0fa594e","continuation","False","108","71","37","0.343","4","4","16","12"
"2026-04-13T03:01:21.988421Z","phase3-perf","7e915de8c02ff5f900b33e2b9a64938387ea98540633e521f73a6ccb35a88ad4","codex","c4920a18c0b64f39e6c0169ec579a8ebfb3ffb7e28b84bda03680915be014f9c","565b360e304f64ac52330e0baf1981fa43c56781f9f556bcf630901217303253","continuation","False","108","71","37","0.343","4","4","16","12"
"2026-04-13T03:01:22.062259Z","phase3-perf","7e915de8c02ff5f900b33e2b9a64938387ea98540633e521f73a6ccb35a88ad4","codex","16f34201da273a75dc5db7eadd1ec20fad81d1e8172913f57f8184e29bd475c0","34a68f9850fdb91e47dd09696f8eb7b386743309b95148b00f5f748c03f555f2","continuation","False","108","71","37","0.343","4","4","16","12"
"2026-04-13T03:01:22.135227Z","phase3-perf","7e915de8c02ff5f900b33e2b9a64938387ea98540633e521f73a6ccb35a88ad4","codex","2a9ae3cdb65106e503f7fd4ac079c6e41d893f64b3935df762c338d6fe9ab647","f185b01c0533e05040948775bda6af0ae0bedda2e866d3a534f4b3977390fef9","continuation","False","108","71","37","0.343","4","4","16","12"
"2026-04-13T03:01:22.215069Z","phase3-perf","7e915de8c02ff5f900b33e2b9a64938387ea98540633e521f73a6ccb35a88ad4","codex","9fa8b2bf34d981da9c4cf81ce05f4cdb192105afe3b186c2816cacede14bf4e7","03bdccb94c880f4dbfbef6b0214d0c8f25b8999665d3da2333980cbe1966d7b3","continuation","False","108","71","37","0.343","4","4","16","12"
"2026-04-13T03:01:22.308926Z","phase3-perf","7e915de8c02ff5f900b33e2b9a64938387ea98540633e521f73a6ccb35a88ad4","codex","436e5f71e5ed2ae9b194794e6ff1e78c297225547e7cfc271f6cd76f45ab1626","555c59ad31f98a5a2288946469c5a5cb28c083d3c6463625f4fe74423f88eaaa","continuation","False","108","71","37","0.343","4","4","16","12"
"2026-04-13T03:01:22.380322Z","phase3-perf","7e915de8c02ff5f900b33e2b9a64938387ea98540633e521f73a6ccb35a88ad4","codex","8fafec08f07bbb6e40323854f8a3e553e18b8b59e9416dfa599659707b0e1847","283a5f09cf91ce6a77572e2323405fb5a7283299c9fb498bda68753e21d995ad","continuation","False","108","71","37","0.343","4","4","16","12"
"2026-04-13T03:01:22.458303Z","phase3-perf","7e915de8c02ff5f900b33e2b9a64938387ea98540633e521f73a6ccb35a88ad4","codex","1f7cf4844cf143bb08477568846d30e6d1d685f4dddf17c5cd76dd15f94a0b4b","0cab48a8535be79ed28f1f5f9ddbbd3cca8eb2ca878ef1a630e7603d05c88c5b","continuation","False","108","71","37","0.343","4","4","16","12"
"2026-04-13T03:01:22.532677Z","phase3-perf","7e915de8c02ff5f900b33e2b9a64938387ea98540633e521f73a6ccb35a88ad4","codex","00fcd6488c3e6c02dd87131da29b257cbc675bc0312e4a6bba8cef85e851fc9b","aac1f20d660e6658f8cac784860d604f256e16760efaaad2d98355d641d7d33b","continuation","False","108","71","37","0.343","4","4","16","12"
"2026-04-13T03:01:22.611259Z","phase3-perf","7e915de8c02ff5f900b33e2b9a64938387ea98540633e521f73a6ccb35a88ad4","codex","17ca9a0964d63358d862b93132a57256209b09ac0bcea88236a5d7ca6fe4f229","8ab4dbee7b490d70ea964141b941ff968a9be029fe618978431c6cbca2ff8780","continuation","False","108","71","37","0.343","4","4","16","12"
"2026-04-13T03:01:22.686884Z","phase3-perf","7e915de8c02ff5f900b33e2b9a64938387ea98540633e521f73a6ccb35a88ad4","codex","ee4648c6bcc20a3e2fa3cca880a66f72099e051c3945356d6c1973f6925147fc","30774230498135952eb478951f0a5655641d60db0bd85f05ed884a02ebfe9ec3","continuation","False","108","71","37","0.343","4","4","16","12"
"2026-04-13T03:01:22.765936Z","phase3-perf","7e915de8c02ff5f900b33e2b9a64938387ea98540633e521f73a6ccb35a88ad4","codex","fe60a6faebd2994c568f7ad8f06b5a171633ed281693ff9bef9f814dca0647d6","616419017adc3d8fa17d86c76800b0cafb36e850547cf10812b9f04b677af90f","continuation","False","108","71","37","0.343","4","4","16","12"
"2026-04-13T03:01:22.849400Z","phase3-perf","7e915de8c02ff5f900b33e2b9a64938387ea98540633e521f73a6ccb35a88ad4","codex","a87652caf1d7ac7a4ccc8070009a72ddb4568578d3a1f27771ad2be72fe2fefa","9bfc094d1c4d0f4a20838e738be94b309ccee5a97e8b4b9e419586b63c0a059d","continuation","False","108","71","37","0.343","4","4","16","12"
"2026-04-13T03:01:22.927075Z","phase3-perf","7e915de8c02ff5f900b33e2b9a64938387ea98540633e521f73a6ccb35a88ad4","codex","3e635482c231b38a2b9d632b03ebef9e1504cede702fced11901a56aac318ce5","b88e56e9f7305caffd5a8067f720ebb270fcd6a6db0dd274992510ec175f7d59","continuation","False","108","71","37","0.343","4","4","16","12"
"2026-04-13T03:01:23.014569Z","phase3-perf","7e915de8c02ff5f900b33e2b9a64938387ea98540633e521f73a6ccb35a88ad4","codex","c70b2421a8665e23b51329d2d721ec803dfb61d76c7abd533fae7f1aa4d4c424","32ce6c30b4978bfa11a9def0966116fd7d7bd74c2f3549f0920226da185eacae","continuation","False","108","71","37","0.343","4","4","16","12"
"2026-04-13T03:01:23.112103Z","phase3-perf","7e915de8c02ff5f900b33e2b9a64938387ea98540633e521f73a6ccb35a88ad4","codex","a76f078e4cfcc4d1dd42f9942e7f0fe40cddc7e8471d4919b9e62c0f89a589c1","cc28f09bec2ab5dc297fa0c1bc999629dff8fd640569fcada723bee18627eef4","continuation","False","108","71","37","0.343","4","4","16","12"
"2026-04-13T03:01:23.181785Z","phase3-perf","7e915de8c02ff5f900b33e2b9a64938387ea98540633e521f73a6ccb35a88ad4","codex","d4ef368cfed6d75f6be9eb3a5336d0428157b2030a4b7123287323bd9749ea27","3c487899667210008f2a2853b7f21bb5a957e0d08efd9504aecab4af49b24bd0","continuation","False","108","71","37","0.343","4","4","16","12"
"2026-04-13T03:01:23.260542Z","phase3-perf","7e915de8c02ff5f900b33e2b9a64938387ea98540633e521f73a6ccb35a88ad4","codex","fe26ab308fb15bcc7d5f54dc1ae1f10f5ced09ad105aedc480a75b0537fba5f1","7a6e23b2f6425460a982e0b2152d621bf8145ae09c9670e2a85668e8eddf67f3","continuation","False","108","71","37","0.343","4","4","16","12"
"2026-04-13T03:01:23.352470Z","phase3-perf","7e915de8c02ff5f900b33e2b9a64938387ea98540633e521f73a6ccb35a88ad4","codex","d828dade11d96b4057ecd67f3ae01d6283986f4f5b139328971718cf7de6976e","a5197061d67dc8718f85d1b8c0cdb77413926e5ae6bb75f2ad2afd3e22216d66","continuation","False","108","71","37","0.343","4","4","16","12"
"2026-04-13T03:01:23.425586Z","phase3-perf","7e915de8c02ff5f900b33e2b9a64938387ea98540633e521f73a6ccb35a88ad4","codex","86bff1d3756c9a644111aa275bd002f085290a2fd27321ef2ee62fe9a00d636a","ecffcb10ea48d1e80e6e238bf8531fb72304ca224135c0989d556ba984a98f2e","continuation","False","108","71","37","0.343","4","4","16","12"
"2026-04-13T03:01:23.501813Z","phase3-perf","7e915de8c02ff5f900b33e2b9a64938387ea98540633e521f73a6ccb35a88ad4","codex","0d0e5b9751bf65670e55f978220f79edb689bafb03ae5299b49ce3602f94990c","fcf6d006307063a710f1dac6c9360874daa26c017bfc12ac545968c7e0484711","continuation","False","108","71","37","0.343","4","4","16","12"
"2026-04-13T03:01:23.645460Z","phase3-perf","7e915de8c02ff5f900b33e2b9a64938387ea98540633e521f73a6ccb35a88ad4","codex","1bc7f861ad4bc9e3d38bf6672dd5fd759580a6883209f77e7e78ddb87216dc15","2a2d5f80f1ef5a51a82d1f96edce068060c9854890d37b33e02e743bfbce6e9b","continuation","False","108","71","37","0.343","4","4","16","12"
"2026-04-13T03:01:23.727178Z","phase3-perf","7e915de8c02ff5f900b33e2b9a64938387ea98540633e521f73a6ccb35a88ad4","codex","aa3ec65b80ed36e2eb08a99e0d557188fa9815553004f3d22037862996642967","5d606b73f53fe9d4f5470c50ad0f12042c22aa8e6cfc78424f45117eab3c8d32","continuation","False","108","71","37","0.343","4","4","16","12"
"2026-04-13T03:01:23.826262Z","phase3-perf","7e915de8c02ff5f900b33e2b9a64938387ea98540633e521f73a6ccb35a88ad4","codex","dbe7f32cf761f9e7513e4b485e71f6b76915f84877785a841a1702159811d60f","712d7e7cbc5f233a8f63a3caef4675660e1415d2d646691907d71f352d5cf7d0","continuation","False","108","71","37","0.343","4","4","16","12"
"2026-04-13T03:01:23.921596Z","phase3-perf","7e915de8c02ff5f900b33e2b9a64938387ea98540633e521f73a6ccb35a88ad4","codex","3167f287e5681f8823e814cedb52e36337326dea7fb16222205d14edd57ac120","bb5f751ad67937e2b09c02d38fb85f1df65ba4b0561f82c0695eaf71d559a355","continuation","False","108","71","37","0.343","4","4","16","12"
"2026-04-13T03:01:24.041623Z","phase3-perf","7e915de8c02ff5f900b33e2b9a64938387ea98540633e521f73a6ccb35a88ad4","codex","f46d69fe881936eba16a97a7a34026e6721ec584e2be95d38daee9f4d424bb89","a87f48586e54bcb64b88aec759f5148bb093435f07d0e5d63542d920007cf7b3","continuation","False","108","71","37","0.343","4","4","16","12"
"2026-04-13T03:01:24.124463Z","phase3-perf","7e915de8c02ff5f900b33e2b9a64938387ea98540633e521f73a6ccb35a88ad4","codex","a2be8b7f1597306733428d4e6397f316e706a1c5d8983810d7db2c3da1adfc52","0e8bc0b6d6cdeaf7ba93a91b88e5079e333c3791d1c2822f26133002a246951c","continuation","False","108","71","37","0.343","4","4","16","12"
"2026-04-13T03:01:24.205218Z","phase3-perf","7e915de8c02ff5f900b33e2b9a64938387ea98540633e521f73a6ccb35a88ad4","codex","402725891a2778a662ffd13d1034b72e1b45bc77db0753f98d69d3dc6a42fc2c","eeb865c03b4daf6d8ab937d62bbc9f6e5d3c329de3825b78fba257163916550b","continuation","False","108","71","37","0.343","4","4","16","12"
"2026-04-13T03:01:24.286302Z","phase3-perf","7e915de8c02ff5f900b33e2b9a64938387ea98540633e521f73a6ccb35a88ad4","codex","9d6b26225a687d0ed420079c56cb5673d292e3e9dff8b663ce8cc31063958d89","79562357dc118faf4eafb084daba26e3ebb96e1ceb121fb767dda2ac17bae980","continuation","False","108","71","37","0.343","4","4","16","12"
"2026-04-13T03:01:24.367210Z","phase3-perf","7e915de8c02ff5f900b33e2b9a64938387ea98540633e521f73a6ccb35a88ad4","codex","a1ab148fce94195abb84ed90945bf9bc319fb7c544fc6d58e55c83f15232f6d6","cd2e324284dc585a5e15d9568bf2826e558bff4a1f29905cf81b8e1b7ddfddd6","continuation","False","108","71","37","0.343","4","4","16","12"
"2026-04-13T03:01:24.443410Z","phase3-perf","7e915de8c02ff5f900b33e2b9a64938387ea98540633e521f73a6ccb35a88ad4","codex","ebd45fac56fb6d44ac284099c246a309f0fbca59234b8f10d54c6593711357ef","911abf06b8906f9298840eb829abb428898136c321edb3ee7bc8f21283a92249","continuation","False","108","71","37","0.343","4","4","16","12"
"2026-04-13T03:01:24.521851Z","phase3-perf","7e915de8c02ff5f900b33e2b9a64938387ea98540633e521f73a6ccb35a88ad4","codex","203933547785231d0e04a45efd6ff7e59a2a2fe7efe65490843528348d9a755d","2492fafd00f40cd76eca561d2d750d35ba0825c5055052e0bbbfceb935bf2a49","continuation","False","108","71","37","0.343","4","4","16","12"
"2026-04-13T03:01:24.596457Z","phase3-perf","7e915de8c02ff5f900b33e2b9a64938387ea98540633e521f73a6ccb35a88ad4","codex","b59a446bac37c0706d17a796e40dcb8f05c841e06e37729967e636e495321af7","c56a9c75e08d7f02fc02797f55a3a9774a6621561e397c6a63776b6ea9c7c422","continuation","False","108","71","37","0.343","4","4","16","12"
"2026-04-13T03:01:24.667005Z","phase3-perf","7e915de8c02ff5f900b33e2b9a64938387ea98540633e521f73a6ccb35a88ad4","codex","5b0e79f82b341fcaf94f4edf91d72e81ee4b3234d4e6eb6c7b428e131749b0b5","9534490037f7235c41fe8575cddf3223bb2b5a1dbfee9805a2441f72939707ca","continuation","False","108","71","37","0.343","4","4","16","12"
"2026-04-13T03:01:24.773138Z","phase3-perf","7e915de8c02ff5f900b33e2b9a64938387ea98540633e521f73a6ccb35a88ad4","codex","c8e5147fafb665ab2a62f58d0c5ed7161a7cf02a420cd21134397703af8aa4db","acde928be0b3d1a0c2d45ed3ad9ea7e1773fadb4383aff9017ece30e5d8fc31e","continuation","False","108","71","37","0.343","4","4","16","12"
"2026-04-13T03:01:24.847090Z","phase3-perf","7e915de8c02ff5f900b33e2b9a64938387ea98540633e521f73a6ccb35a88ad4","codex","f5186d1510b154d5d302b03720167e42786c880d7264db715d88da6f028eedb9","25b05e893e49b79a60b9402c63b77c4add8ac2cfafe5e525367e119699b5d153","continuation","False","108","71","37","0.343","4","4","16","12"
"2026-04-13T03:01:24.921640Z","phase3-perf","7e915de8c02ff5f900b33e2b9a64938387ea98540633e521f73a6ccb35a88ad4","codex","f07400ff6e865a6d27f738440ae76e7f49cb2b6f2da1a4bd035f3eff0dcc6d9a","cb36f06ffe6ef7019771d1402eb7c290babe59cb75d1cc0e6429576a766025b7","continuation","False","108","71","37","0.343","4","4","16","12"
"2026-04-13T03:01:25.033110Z","phase3-perf","7e915de8c02ff5f900b33e2b9a64938387ea98540633e521f73a6ccb35a88ad4","codex","713fdb407a91a62e10f7edf9496869d68606ef731c1a1f18f7ac2bb8041a3c9b","7f8cf5c5b77948e5262518472b470756d8a6930583b6df1eacd7d163608ce517","continuation","False","108","71","37","0.343","4","4","16","12"
"2026-04-13T03:01:25.125243Z","phase3-perf","7e915de8c02ff5f900b33e2b9a64938387ea98540633e521f73a6ccb35a88ad4","codex","d57544de8bf6254be93042c3ec0a351aa286bfaca2dabb0708fd96a11f140b94","3d072aa79ec97d131d9270a4bf23f5b0510df0a43c7e038b0bfcc2c4716b0103","continuation","False","108","71","37","0.343","4","4","16","12"
"2026-04-13T03:01:25.237997Z","phase3-perf","7e915de8c02ff5f900b33e2b9a64938387ea98540633e521f73a6ccb35a88ad4","codex","45c917a0a23f8e2b2576839c254b42aa5c9aa1b34bd91e43ac5846d2bef7867c","a8a2202626f50075b94c8778e2c0e506bdc611f5a3e8394abc8c85a89c620436","continuation","False","108","71","37","0.343","4","4","16","12"
"2026-04-13T03:01:25.313938Z","phase3-perf","7e915de8c02ff5f900b33e2b9a64938387ea98540633e521f73a6ccb35a88ad4","codex","1406c58697c79a831bd230636757c7e4d118d04e860f6996f81a7797c676011f","024d2a1e2dfe53e06784044ed9e7cf77a8a83c992fee69aa43613d34dae296ac","continuation","False","108","71","37","0.343","4","4","16","12"
"2026-04-13T03:01:25.389727Z","phase3-perf","7e915de8c02ff5f900b33e2b9a64938387ea98540633e521f73a6ccb35a88ad4","codex","d9bbab9f7661aa9bfe4ee61c4363a564e2d2c08b29aa48bcc8ab71cdd6d80f7b","cbb09d1fed81a0f82d8aa93f35c81a445c4fbbd4cd8b04d3dbb5480ebe9c8e74","continuation","False","108","71","37","0.343","4","4","16","12"
"2026-04-13T03:01:25.460721Z","phase3-perf","7e915de8c02ff5f900b33e2b9a64938387ea98540633e521f73a6ccb35a88ad4","codex","47e3d0ae4921cd52ee90b2c341a7f69be7c127e3aeca769d025edee4cb8a11c3","fbe095e806f511db0c3b3807e7a14d9205f5768937b6aa567fada4745a955204","continuation","False","108","71","37","0.343","4","4","16","12"
"2026-04-13T03:01:25.541513Z","phase3-perf","7e915de8c02ff5f900b33e2b9a64938387ea98540633e521f73a6ccb35a88ad4","codex","3582b1dba85c846a45e7326a8170ac86cd448e7183ffac72e1a1bee7a7b1da10","42c9f4655668664d850d9be7e5f5acf4b3953c79a90c298b5380e1f4e349170f","continuation","False","108","71","37","0.343","4","4","16","12"
"2026-04-13T03:01:25.638560Z","phase3-perf","7e915de8c02ff5f900b33e2b9a64938387ea98540633e521f73a6ccb35a88ad4","codex","7edb788d4c6dc7e41c9d29421f6fc4b641d7982520900a3118e2daff6e8f2b4c","ed758258f00a078c8aedbaa2754f7c61726d00d95860d912914f2bcf8a84f86b","continuation","False","108","71","37","0.343","4","4","16","12"
"2026-04-13T03:01:25.714257Z","phase3-perf","7e915de8c02ff5f900b33e2b9a64938387ea98540633e521f73a6ccb35a88ad4","codex","123316fad3d878e0684f67f2f1c752bd36628f10e425155151fca234ff0ae323","d2ccecc8d9dc9a2b917a723da0ec466af34669de331fd289e11f8aa96d9100b6","continuation","False","108","71","37","0.343","4","4","16","12"
"2026-04-13T03:01:25.800719Z","phase3-perf","7e915de8c02ff5f900b33e2b9a64938387ea98540633e521f73a6ccb35a88ad4","codex","d265306f24421eb717d1665a98095c8b54a49529fcb4e6764f4bbc8b65002d62","979ff6caf76422e1d494dc4248f7d6e095860383bf48022f66d2e90d246d1851","continuation","False","108","71","37","0.343","4","4","16","12"
"2026-04-13T03:01:25.903952Z","phase3-perf","7e915de8c02ff5f900b33e2b9a64938387ea98540633e521f73a6ccb35a88ad4","codex","d0d1d259567f1bdc6d16810354fdefc075be03ab7cd43178d246592023586951","433bc6cde32869a571c8b18304ec69ad0c342257df2b07ab377abc05da20233c","continuation","False","108","71","37","0.343","4","4","16","12"
"2026-04-13T03:01:25.988096Z","phase3-perf","7e915de8c02ff5f900b33e2b9a64938387ea98540633e521f73a6ccb35a88ad4","codex","4866790bc9188694b6a24e0f15171f34ece40b3ec37fdf8747987c1c57f1c959","da5df249d29b07cd29329408e3af201d61ff2c10e2c54c4e0acd819e338541b8","continuation","False","108","71","37","0.343","4","4","16","12"
"2026-04-13T03:01:26.066511Z","phase3-perf","7e915de8c02ff5f900b33e2b9a64938387ea98540633e521f73a6ccb35a88ad4","codex","9119641bf73afbeeb04df9cffe0467808f5df93c05378b4a04b458476bf01627","3cb72eee011bb75bf8044b11cf0ce9be3e28cbb90e2aa1475d1b59c0f78ebec3","continuation","False","108","71","37","0.343","4","4","16","12"
"2026-04-13T03:01:26.142971Z","phase3-perf","7e915de8c02ff5f900b33e2b9a64938387ea98540633e521f73a6ccb35a88ad4","codex","409052ba7d9dc95fbb791dd0a77e31b8918c699ee12355e8b9331a0df3486ac8","8c8e38770d31f051850db400ac2e3dae3a6361f155aba20e515016d43c2d6258","continuation","False","108","71","37","0.343","4","4","16","12"
"2026-04-13T03:01:26.238955Z","phase3-perf","7e915de8c02ff5f900b33e2b9a64938387ea98540633e521f73a6ccb35a88ad4","codex","9e935fab50ed6738d9832776427d21b05f987b8e0a1810e1afa731ee61990dbb","9da3dd532b6300e95e0e97de501ed1e3d7c286c33e6ed209706db50765293aa8","continuation","False","108","71","37","0.343","4","4","16","12"
"2026-04-13T03:01:26.335007Z","phase3-perf","7e915de8c02ff5f900b33e2b9a64938387ea98540633e521f73a6ccb35a88ad4","codex","974f350df920bcabd82b6909aeae0c0989b9ab29cf9bd3710819c40d07ae173b","96f8cba891338817582187dd1bbfd3a230ee1618499b7cf54c0c00f45b4b97be","continuation","False","108","71","37","0.343","4","4","16","12"
"2026-04-13T03:03:16.287033Z","phase3-perf","7e915de8c02ff5f900b33e2b9a64938387ea98540633e521f73a6ccb35a88ad4","codex","ce678c0a17bfb6d813b8b36c697b1ca9db2b8c0dff8d2f315de2c045c65b4b89","2030460fe4d701f5dbaefc31c5d2f913ec90a43993d89f0497c4813bf1b50d2b","continuation","False","108","71","37","0.343","4","4","16","12"
"2026-04-13T03:03:16.344554Z","phase3-perf","7e915de8c02ff5f900b33e2b9a64938387ea98540633e521f73a6ccb35a88ad4","codex","b498463a03e62635fd9776e37fb70755d0d41d29ea994d5320731cc92606dc61","52b5a5f461fc0df410425ee5a6e932868f00399b642b8432a5c9feb0e9eeff4d","continuation","False","108","71","37","0.343","4","4","16","12"
"2026-04-13T03:03:16.393834Z","phase3-perf","7e915de8c02ff5f900b33e2b9a64938387ea98540633e521f73a6ccb35a88ad4","codex","60d827cbc1e03f966bf733473fd47356190165f5e1f80ecdbf1dfae7a693a809","ae9cf5d92aca8dba633c2c5a697b37b44e7c4b7b2a6e28f818c393e0e3d91f6f","continuation","False","108","71","37","0.343","4","4","16","12"
"2026-04-13T03:03:16.440607Z","phase3-perf","7e915de8c02ff5f900b33e2b9a64938387ea98540633e521f73a6ccb35a88ad4","codex","1778fbb50e96afce18e24584970828e20cad25aaf6c10039aa205e0374d4a202","3623ca63cb33ca678855f241a5cd3217717395cfe6a53994b78706ef75632f3b","continuation","False","108","71","37","0.343","4","4","16","12"
"2026-04-13T03:03:16.485473Z","phase3-perf","7e915de8c02ff5f900b33e2b9a64938387ea98540633e521f73a6ccb35a88ad4","codex","e51bdcd8ad51c2505a320886712a04591005116c785ef5441d0d548107a1d1b4","71273c7971d22d3263080864e4036444f4550c3f6b96ff01e47c8fd023306c1a","continuation","False","108","71","37","0.343","4","4","16","12"
"2026-04-13T03:03:16.531528Z","phase3-perf","7e915de8c02ff5f900b33e2b9a64938387ea98540633e521f73a6ccb35a88ad4","codex","37a027fbffcd897ad1a628fc9f823cc6236851469370f963e4a6949f77896c87","3827b10da5a0fb5d514a7b3d59d69870d61db3cc1f98a7965288159f530495f4","continuation","False","108","71","37","0.343","4","4","16","12"
"2026-04-13T03:03:16.577689Z","phase3-perf","7e915de8c02ff5f900b33e2b9a64938387ea98540633e521f73a6ccb35a88ad4","codex","d586dff963d6b1dfa02492acbc78637d22366ce3f8123d779d5cf25b3ec20056","00c3c24084ee844abb723249cabb912e35d6780ec16e7046bf7bde82b47c235e","continuation","False","108","71","37","0.343","4","4","16","12"
"2026-04-13T03:03:16.625622Z","phase3-perf","7e915de8c02ff5f900b33e2b9a64938387ea98540633e521f73a6ccb35a88ad4","codex","17ab28d3254662fee0d699e8ae10fad4005f8133314d136af8a1b43215641590","e0caf4fb0cc5f7130c5530b3b68179d462ad02521bd4954e1e1b5f46e9d88098","continuation","False","108","71","37","0.343","4","4","16","12"
"2026-04-13T03:03:16.672769Z","phase3-perf","7e915de8c02ff5f900b33e2b9a64938387ea98540633e521f73a6ccb35a88ad4","codex","ab6f2c0746945eeea936c0caf1acbaee6160a8480b7a5a503254f9f7bf57d0f5","cae81f32e74caccc4b434fe08a12570500ed21ece53ede381453f9c0e48fd07a","continuation","False","108","71","37","0.343","4","4","16","12"
"2026-04-13T03:03:16.719560Z","phase3-perf","7e915de8c02ff5f900b33e2b9a64938387ea98540633e521f73a6ccb35a88ad4","codex","efe68459472d222ee9ee48b9816a8eec14e99acf0f5de6c6085a3bb1d892755a","303e3d04c94409d567bd611971ac32e8c1027fc5be8d01997a804f836b8c2caa","continuation","False","108","71","37","0.343","4","4","16","12"
"2026-04-13T03:03:16.764098Z","phase3-perf","7e915de8c02ff5f900b33e2b9a64938387ea98540633e521f73a6ccb35a88ad4","codex","e42b2f365f7f10e6c8839bb3f966220336a9c41f4037a4d10cc909b0f7ff4fbc","4ea65d96139b0024b024fe55c5fb07fbcb36014e4ca26553419c3ec57b900335","continuation","False","108","71","37","0.343","4","4","16","12"
"2026-04-13T03:03:16.809698Z","phase3-perf","7e915de8c02ff5f900b33e2b9a64938387ea98540633e521f73a6ccb35a88ad4","codex","002adff001afff7e3d8e7f5745b1edfe8c6232038118fd1a6ed3bc017b45affc","b87a52b4f0bffbb51b0fb1c23b9d9a8a96ccf1672aa31c1b91f8a58ca3933f74","continuation","False","108","71","37","0.343","4","4","16","12"
"2026-04-13T03:03:16.855426Z","phase3-perf","7e915de8c02ff5f900b33e2b9a64938387ea98540633e521f73a6ccb35a88ad4","codex","251be887d5f9bc2dd1f499f5ed142943c6ba6a3a7f4adb3768f54d15159617e5","73601a637a7b31be402dd6205d5d0e5e9795d23d3fec13221b45201dea66d1e1","continuation","False","108","71","37","0.343","4","4","16","12"
"2026-04-13T03:03:16.901664Z","phase3-perf","7e915de8c02ff5f900b33e2b9a64938387ea98540633e521f73a6ccb35a88ad4","codex","f9406b7b65bef550db7a90954aeadb493fb2556c279e59af98fefa83f0016691","40a6586b02050101fdc22b2ab87386a6d0a8e39c69b3350f5fb9509dd1f1c512","continuation","False","108","71","37","0.343","4","4","16","12"
"2026-04-13T03:03:16.948671Z","phase3-perf","7e915de8c02ff5f900b33e2b9a64938387ea98540633e521f73a6ccb35a88ad4","codex","7b43e524fa9d4c0834412d5bb7f93fc53e96e1bdfe31cf530a79f9e7ae797e85","c921fbaaa5910d841e74b59faa9bad40c3e732479ca9ee6cfe133c9cc751d976","continuation","False","108","71","37","0.343","4","4","16","12"
"2026-04-13T03:03:16.994574Z","phase3-perf","7e915de8c02ff5f900b33e2b9a64938387ea98540633e521f73a6ccb35a88ad4","codex","982181928817b814f843c0cb0b05b2b309f300da2c6c097660f9a68c7c924616","def58c6fac203ba2c677b4bc67cdf20fef9bc75513d9f958400f820d561494d4","continuation","False","108","71","37","0.343","4","4","16","12"
"2026-04-13T03:03:17.042521Z","phase3-perf","7e915de8c02ff5f900b33e2b9a64938387ea98540633e521f73a6ccb35a88ad4","codex","4f4d84d0961f28ebb330bc8f31a01f8dc01f294db7de32e9eac3f326958ae25f","c7812d60bc9f2ea2660cf172ddad910eb5588ad96f2521339c226230ca9b6e15","continuation","False","108","71","37","0.343","4","4","16","12"
"2026-04-13T03:03:17.088593Z","phase3-perf","7e915de8c02ff5f900b33e2b9a64938387ea98540633e521f73a6ccb35a88ad4","codex","bebd215225ed464c0f8b92a256ac9af5fbcbacdee9e95497ed010eb61fd34083","384847e08671b0e522e2164e3b50f9a067cbb39c4a10a6e68a1ff4e7e1faf0b5","continuation","False","108","71","37","0.343","4","4","16","12"
"2026-04-13T03:03:17.135598Z","phase3-perf","7e915de8c02ff5f900b33e2b9a64938387ea98540633e521f73a6ccb35a88ad4","codex","989b027ee8adaeb2ce94e9c783e2a25aff65402a7b89f5a8e07736464151436a","67185fd4dc5e0c1f18a7955280090bcfadca011a604ee9e2caaaefb17f568e73","continuation","False","108","71","37","0.343","4","4","16","12"
"2026-04-13T03:03:17.181658Z","phase3-perf","7e915de8c02ff5f900b33e2b9a64938387ea98540633e521f73a6ccb35a88ad4","codex","013a45682ed32d429ac9a575097eece93f870553180cf27715efbf60e089ba62","343c5b9fd4174e0fb94b343e91ddaf335478dbcbb6eebc86513926a250ec4a39","continuation","False","108","71","37","0.343","4","4","16","12"
"2026-04-13T03:03:17.227481Z","phase3-perf","7e915de8c02ff5f900b33e2b9a64938387ea98540633e521f73a6ccb35a88ad4","codex","fa75192595c47dbc94d42e056534abcbb7c6113700e82ccbc1874788523ca318","4f3e831438f0c9876c0d447b11c9c666029c63f89f0fdd49c6d86968869bc0cc","continuation","False","108","71","37","0.343","4","4","16","12"
"2026-04-13T03:03:17.274220Z","phase3-perf","7e915de8c02ff5f900b33e2b9a64938387ea98540633e521f73a6ccb35a88ad4","codex","21ee48b8ed994f331d2ec82228a93cb3b7b527247f27a80f0dde5a8da076213c","a8114830ffdd057d1bc39ac1531666eb78258fb77d46e48307951e31d11afd2e","continuation","False","108","71","37","0.343","4","4","16","12"
"2026-04-13T03:03:17.320460Z","phase3-perf","7e915de8c02ff5f900b33e2b9a64938387ea98540633e521f73a6ccb35a88ad4","codex","20a6a6e570f7d7a40d4579cf14535be0e1f7dd635220f1ec9033e6e6a93d2ea9","248eea36ecf45aed54928c7f723fa033dee362d928697792460c06ad1594a246","continuation","False","108","71","37","0.343","4","4","16","12"
"2026-04-13T03:03:17.368067Z","phase3-perf","7e915de8c02ff5f900b33e2b9a64938387ea98540633e521f73a6ccb35a88ad4","codex","0655e47fdbdfce558df51f7776c9c64a27e57f361cff5f5c0580f276e68e3e2f","4303daab585f3114ca9dad453bdd0a63059cf1391a57fa1857d09f5731d37d7c","continuation","False","108","71","37","0.343","4","4","16","12"
"2026-04-13T03:03:17.414628Z","phase3-perf","7e915de8c02ff5f900b33e2b9a64938387ea98540633e521f73a6ccb35a88ad4","codex","7f1c76bb29d03c882428137ec0ea577c4580628250001753f40d8000f395186b","228a8a78c51da49702637435e8f1705e86124febe2d2f7a62e1d34650f127dc2","continuation","False","108","71","37","0.343","4","4","16","12"
"2026-04-13T03:03:17.463469Z","phase3-perf","7e915de8c02ff5f900b33e2b9a64938387ea98540633e521f73a6ccb35a88ad4","codex","66d0dbc16a6bf2f20a8388e3ad32eb04a1c664cd5ccc66e927e92caf453f1a7e","d2f4c76738a73509e7147a29be9140b68ed91e84d73e46911ce604c3337bf853","continuation","False","108","71","37","0.343","4","4","16","12"
"2026-04-13T03:03:17.509836Z","phase3-perf","7e915de8c02ff5f900b33e2b9a64938387ea98540633e521f73a6ccb35a88ad4","codex","c515b13f2dd96a79d3ab6e3afd91849ab91f82859868375108c2ed5218076a6f","3ae15f6bafa0efe6d9388416f5524551ea3323ee620b1ce6ba9228d6b3795af5","continuation","False","108","71","37","0.343","4","4","16","12"
"2026-04-13T03:03:17.556529Z","phase3-perf","7e915de8c02ff5f900b33e2b9a64938387ea98540633e521f73a6ccb35a88ad4","codex","41336ae7d36386bf7dbfeedca3f8ef3a4ac2d42c1164537e0790dc7ee21ebbb2","1507ac095f5c9ff6dedc223a38f376ef402135478e3add954b081b4518d2e916","continuation","False","108","71","37","0.343","4","4","16","12"
"2026-04-13T03:03:17.619517Z","phase3-perf","7e915de8c02ff5f900b33e2b9a64938387ea98540633e521f73a6ccb35a88ad4","codex","1960c609bdf89e5d25ec3c05b71a550a96ee82062173be098719e8f8662ff7d1","5a129bbe56dafc3ee1e20ade59311c5c1c94d5c7600bef9bd9187ffdd295f7ed","continuation","False","108","71","37","0.343","4","4","16","12"
"2026-04-13T03:03:17.666773Z","phase3-perf","7e915de8c02ff5f900b33e2b9a64938387ea98540633e521f73a6ccb35a88ad4","codex","6beaa9c99cb34459d18dc55af2c0f68c135d8667f8a74b7697a51ae947baa92d","44cc234cd15f32fa5dd777aa7be984bd06f7a18879ad1498a6ba04ff1c4f9c7f","continuation","False","108","71","37","0.343","4","4","16","12"
"2026-04-13T03:03:17.713511Z","phase3-perf","7e915de8c02ff5f900b33e2b9a64938387ea98540633e521f73a6ccb35a88ad4","codex","345cff062c358e0e44a0840e55ec265b55e705424c125308e540aa4643a4c7bc","9f6ecac365c7f170dcfc96affc7d393fecfcaca56a17575a090c7c433147a15b","continuation","False","108","71","37","0.343","4","4","16","12"
"2026-04-13T03:03:17.759963Z","phase3-perf","7e915de8c02ff5f900b33e2b9a64938387ea98540633e521f73a6ccb35a88ad4","codex","faf0545154bbbe9697e4cfa3ab93cfeab22e68bdba0f2c8d8333846969259484","d9f1d000645ea867bbeba8cb4d5677e7ef035d385e41e42ab95b2179ea8374ce","continuation","False","108","71","37","0.343","4","4","16","12"
"2026-04-13T03:03:17.810401Z","phase3-perf","7e915de8c02ff5f900b33e2b9a64938387ea98540633e521f73a6ccb35a88ad4","codex","05f8b4d42ba77953c59437c1355ec9c9ed57358fea901c83ef03f1859b41c871","8f60b5733d6200bf9c6075aed086d6d11c540d97e32d88ab77b7b1751a95e2ac","continuation","False","108","71","37","0.343","4","4","16","12"
"2026-04-13T03:03:17.859741Z","phase3-perf","7e915de8c02ff5f900b33e2b9a64938387ea98540633e521f73a6ccb35a88ad4","codex","de2e6efe0bebf4841e282a00cc605e79a86f6ad8f4c2b8b1a186080ba67bf3f5","8f3093914ba3278ecd9650f0fb997323c8ca633e8ed074b9e85f99fb4953a57f","continuation","False","108","71","37","0.343","4","4","16","12"
"2026-04-13T03:03:17.932682Z","phase3-perf","7e915de8c02ff5f900b33e2b9a64938387ea98540633e521f73a6ccb35a88ad4","codex","36fd2d5a94c4efdd12851f19a9418f915714d367d88dfdc0066170f756dba4a2","348bd9f9b76a9337ab0b93d869ea1fcae06177fc4c4a80e4bb16a67972bafd4d","continuation","False","108","71","37","0.343","4","4","16","12"
"2026-04-13T03:03:18.007389Z","phase3-perf","7e915de8c02ff5f900b33e2b9a64938387ea98540633e521f73a6ccb35a88ad4","codex","ef66620234ebeca81ecea4593b0be34324e1a326340d112a6adc68b6b4ba4754","fbfa62b8256b49170c6bb556ab90905ad679f0037c38b666f389e4dd3144c65b","continuation","False","108","71","37","0.343","4","4","16","12"
"2026-04-13T03:03:18.083356Z","phase3-perf","7e915de8c02ff5f900b33e2b9a64938387ea98540633e521f73a6ccb35a88ad4","codex","01851b7902726ee6e273735714441881695c63b6f003b4449ba3eed4ef4866c4","f08c5e97ffe0bf7904373d0cfd3d6ca0753c7c68c76844b77b6f9fb2fd52b226","continuation","False","108","71","37","0.343","4","4","16","12"
"2026-04-13T03:03:18.170372Z","phase3-perf","7e915de8c02ff5f900b33e2b9a64938387ea98540633e521f73a6ccb35a88ad4","codex","37b6858d9d9ee4c133ac0e85e969d5c473da6fa6aaccb849554c96b7b390be53","bae5624803248e9e2abd6a820fd393d800a147723752107aeafcc97fc0181c6b","continuation","False","108","71","37","0.343","4","4","16","12"
"2026-04-13T03:03:18.271561Z","phase3-perf","7e915de8c02ff5f900b33e2b9a64938387ea98540633e521f73a6ccb35a88ad4","codex","8ebcc4f869bd3294fc2e766056c1ebcccb6785ad2db1400034c26256eeb477c3","c8b5db9441c530dd0ab6743fd6a2fd3ea45448f53b31a99c1d6435de63f20894","continuation","False","108","71","37","0.343","4","4","16","12"
"2026-04-13T03:03:18.362823Z","phase3-perf","7e915de8c02ff5f900b33e2b9a64938387ea98540633e521f73a6ccb35a88ad4","codex","02d0d473cdd9215b6cc5e84d246f83b0cb5d0035af552499d91f876e168331d5","8b774b322ce4de7d3b6a9e445b2efbbd0bc316546af02f5400a234db68317230","continuation","False","108","71","37","0.343","4","4","16","12"
"2026-04-13T03:03:18.443502Z","phase3-perf","7e915de8c02ff5f900b33e2b9a64938387ea98540633e521f73a6ccb35a88ad4","codex","7bab7135e230079db262618f39a3dc277f018dacae57adf7b77e46fa8c9d6aaa","78e9b68b5ad54cda5cda4ff39985f75e4e391b04993607970de69c5a7fca57dc","continuation","False","108","71","37","0.343","4","4","16","12"
"2026-04-13T03:03:18.529441Z","phase3-perf","7e915de8c02ff5f900b33e2b9a64938387ea98540633e521f73a6ccb35a88ad4","codex","3b030afe26b93a55ad1fbc5f477fda8f8bb9a42bcf393c9de0b1f95b581f5b04","eeb9f427420deb4a492b75931414b00b5911708a091b56a3a8cc2800e91d19bf","continuation","False","108","71","37","0.343","4","4","16","12"
"2026-04-13T03:03:18.644714Z","phase3-perf","7e915de8c02ff5f900b33e2b9a64938387ea98540633e521f73a6ccb35a88ad4","codex","f180ff3b0a47b8557aa007cda1a7a7502244a949006c95ee1701937f5ab89d28","47f8a0dc41cf4a53f292619b64bdb059845f0946c0860c3bf16e7c1040e8a843","continuation","False","108","71","37","0.343","4","4","16","12"
"2026-04-13T03:03:18.743757Z","phase3-perf","7e915de8c02ff5f900b33e2b9a64938387ea98540633e521f73a6ccb35a88ad4","codex","1e2562d2958a8fa1dab24cf8b4e11253aba8fd3af7f73e1ad3f3e9ffcdd18830","dd90e53158a4bfbccb1c249807886386e007e1e72d0a7a697922fc4ad41e0a22","continuation","False","108","71","37","0.343","4","4","16","12"
"2026-04-13T03:03:18.849576Z","phase3-perf","7e915de8c02ff5f900b33e2b9a64938387ea98540633e521f73a6ccb35a88ad4","codex","030d49bedb52717426d792877a3213d2e1400c48dc5743a4a4527f7499e6f4ae","e24c8a2aeb27884e8a952e77677bac152d81032ed1e75db468bbd7746504504b","continuation","False","108","71","37","0.343","4","4","16","12"
"2026-04-13T03:03:18.936666Z","phase3-perf","7e915de8c02ff5f900b33e2b9a64938387ea98540633e521f73a6ccb35a88ad4","codex","5e723ac194a88ce7bda15189734de84ab4227eb22c3d74bfd684ec35788fea8e","3d1d7bd6f7dbb457f2f9440bc8565c788d942aa3dd7537eea7880663a2e087f4","continuation","False","108","71","37","0.343","4","4","16","12"
"2026-04-13T03:03:19.013130Z","phase3-perf","7e915de8c02ff5f900b33e2b9a64938387ea98540633e521f73a6ccb35a88ad4","codex","44bd6e1c68627d1a7bbe5b89b9e101aedb8725ac99bf27744d18dd1f46fe58b6","3025c02e17371b7e36a4c9eac8156a3da4c4d63ab3247ab12a5b250aa0fa594e","continuation","False","108","71","37","0.343","4","4","16","12"
"2026-04-13T03:03:19.083050Z","phase3-perf","7e915de8c02ff5f900b33e2b9a64938387ea98540633e521f73a6ccb35a88ad4","codex","ff983e4331d4d189a16ffa17bf1c553673aadeae19f89557b32f4350db0c3c48","565b360e304f64ac52330e0baf1981fa43c56781f9f556bcf630901217303253","continuation","False","108","71","37","0.343","4","4","16","12"
"2026-04-13T03:03:19.181357Z","phase3-perf","7e915de8c02ff5f900b33e2b9a64938387ea98540633e521f73a6ccb35a88ad4","codex","7024f32ee5cb704d7c42c51160e316fdd911ef3152ebad07371c31ad6b5fc7d2","34a68f9850fdb91e47dd09696f8eb7b386743309b95148b00f5f748c03f555f2","continuation","False","108","71","37","0.343","4","4","16","12"
"2026-04-13T03:03:19.284781Z","phase3-perf","7e915de8c02ff5f900b33e2b9a64938387ea98540633e521f73a6ccb35a88ad4","codex","a2ad9fbbd0af21837dfe074934720fe7b3f06663fdf029902543e914507ada0f","f185b01c0533e05040948775bda6af0ae0bedda2e866d3a534f4b3977390fef9","continuation","False","108","71","37","0.343","4","4","16","12"
"2026-04-13T03:03:19.377225Z","phase3-perf","7e915de8c02ff5f900b33e2b9a64938387ea98540633e521f73a6ccb35a88ad4","codex","15213b765722cd9ba8f4d9c869442533fcd6814f221ba2ce8eeced102f3ded42","03bdccb94c880f4dbfbef6b0214d0c8f25b8999665d3da2333980cbe1966d7b3","continuation","False","108","71","37","0.343","4","4","16","12"
"2026-04-13T03:03:19.458378Z","phase3-perf","7e915de8c02ff5f900b33e2b9a64938387ea98540633e521f73a6ccb35a88ad4","codex","df50e8dd96da83c8819dac4087e0716a7a31012cb73a61de66f9f51cec89f314","555c59ad31f98a5a2288946469c5a5cb28c083d3c6463625f4fe74423f88eaaa","continuation","False","108","71","37","0.343","4","4","16","12"
"2026-04-13T03:03:19.541774Z","phase3-perf","7e915de8c02ff5f900b33e2b9a64938387ea98540633e521f73a6ccb35a88ad4","codex","fe499c7feb2949e8095277e2912dc35cea651ecca8f56c10b9d10e2b8f76f97b","283a5f09cf91ce6a77572e2323405fb5a7283299c9fb498bda68753e21d995ad","continuation","False","108","71","37","0.343","4","4","16","12"
"2026-04-13T03:03:19.648013Z","phase3-perf","7e915de8c02ff5f900b33e2b9a64938387ea98540633e521f73a6ccb35a88ad4","codex","010e68eb16f55be26daedc74b4a1d9dad19d1ac5601448034bf6ada828c3fa87","0cab48a8535be79ed28f1f5f9ddbbd3cca8eb2ca878ef1a630e7603d05c88c5b","continuation","False","108","71","37","0.343","4","4","16","12"
"2026-04-13T03:03:19.731274Z","phase3-perf","7e915de8c02ff5f900b33e2b9a64938387ea98540633e521f73a6ccb35a88ad4","codex","b5ddedee497b8ef779a06fa7bcc8839758d02efadf3c9c16989850e3c80fedfb","aac1f20d660e6658f8cac784860d604f256e16760efaaad2d98355d641d7d33b","continuation","False","108","71","37","0.343","4","4","16","12"
"2026-04-13T03:03:19.807679Z","phase3-perf","7e915de8c02ff5f900b33e2b9a64938387ea98540633e521f73a6ccb35a88ad4","codex","29884a11a06d8b73b10742f44a0fbfa92e357393572c992d0292b8c497575176","8ab4dbee7b490d70ea964141b941ff968a9be029fe618978431c6cbca2ff8780","continuation","False","108","71","37","0.343","4","4","16","12"
"2026-04-13T03:03:19.888310Z","phase3-perf","7e915de8c02ff5f900b33e2b9a64938387ea98540633e521f73a6ccb35a88ad4","codex","da29c030868fadaab8d7940d04519fa455509c40a2c1568fcc2e77c3064e077a","30774230498135952eb478951f0a5655641d60db0bd85f05ed884a02ebfe9ec3","continuation","False","108","71","37","0.343","4","4","16","12"
"2026-04-13T03:03:19.972350Z","phase3-perf","7e915de8c02ff5f900b33e2b9a64938387ea98540633e521f73a6ccb35a88ad4","codex","1049c1a02215f65c4f4d88e8ec937921e7ac61e3bcb56272875f2d8397d6f31a","616419017adc3d8fa17d86c76800b0cafb36e850547cf10812b9f04b677af90f","continuation","False","108","71","37","0.343","4","4","16","12"
"2026-04-13T03:03:20.056951Z","phase3-perf","7e915de8c02ff5f900b33e2b9a64938387ea98540633e521f73a6ccb35a88ad4","codex","74e7c65150e430ab89920013b41efbbd677da98c1cbaf225fc162d46021624fb","9bfc094d1c4d0f4a20838e738be94b309ccee5a97e8b4b9e419586b63c0a059d","continuation","False","108","71","37","0.343","4","4","16","12"
"2026-04-13T03:03:20.149610Z","phase3-perf","7e915de8c02ff5f900b33e2b9a64938387ea98540633e521f73a6ccb35a88ad4","codex","fc4b448572559251b4c26b72da00ee94d6945e84032e7c1228183e7edf70c013","b88e56e9f7305caffd5a8067f720ebb270fcd6a6db0dd274992510ec175f7d59","continuation","False","108","71","37","0.343","4","4","16","12"
"2026-04-13T03:03:20.226543Z","phase3-perf","7e915de8c02ff5f900b33e2b9a64938387ea98540633e521f73a6ccb35a88ad4","codex","95b3a6cc5e40e760c2398954fe595e8c98f2001a8f48da593d080dac8c22f076","32ce6c30b4978bfa11a9def0966116fd7d7bd74c2f3549f0920226da185eacae","continuation","False","108","71","37","0.343","4","4","16","12"
"2026-04-13T03:03:20.306974Z","phase3-perf","7e915de8c02ff5f900b33e2b9a64938387ea98540633e521f73a6ccb35a88ad4","codex","bcc1c157340630ac8bbb862d4cc1d43dac0997474d34b3f724943e4e9e5223f8","cc28f09bec2ab5dc297fa0c1bc999629dff8fd640569fcada723bee18627eef4","continuation","False","108","71","37","0.343","4","4","16","12"
"2026-04-13T03:03:20.388306Z","phase3-perf","7e915de8c02ff5f900b33e2b9a64938387ea98540633e521f73a6ccb35a88ad4","codex","5eb9a67060a764b016e05c2114441044e152c5ee6cf89cc2b2993ced98845d6f","3c487899667210008f2a2853b7f21bb5a957e0d08efd9504aecab4af49b24bd0","continuation","False","108","71","37","0.343","4","4","16","12"
"2026-04-13T03:03:20.468152Z","phase3-perf","7e915de8c02ff5f900b33e2b9a64938387ea98540633e521f73a6ccb35a88ad4","codex","a3745be8a4f949a93aae5a4e8fb1e0dbdbc5b4d3b632c08c8bb7eee4f08184bb","7a6e23b2f6425460a982e0b2152d621bf8145ae09c9670e2a85668e8eddf67f3","continuation","False","108","71","37","0.343","4","4","16","12"
"2026-04-13T03:03:20.547688Z","phase3-perf","7e915de8c02ff5f900b33e2b9a64938387ea98540633e521f73a6ccb35a88ad4","codex","c32518a857504c2c3739cad63e76e4bd389bbe24167c8f210e76bbb7932d8bd8","a5197061d67dc8718f85d1b8c0cdb77413926e5ae6bb75f2ad2afd3e22216d66","continuation","False","108","71","37","0.343","4","4","16","12"
"2026-04-13T03:03:20.634212Z","phase3-perf","7e915de8c02ff5f900b33e2b9a64938387ea98540633e521f73a6ccb35a88ad4","codex","68ece493501cc39438e23513ff3fb0d9ea98035659913fe0b42ae0b54a8710e6","ecffcb10ea48d1e80e6e238bf8531fb72304ca224135c0989d556ba984a98f2e","continuation","False","108","71","37","0.343","4","4","16","12"
"2026-04-13T03:03:20.730972Z","phase3-perf","7e915de8c02ff5f900b33e2b9a64938387ea98540633e521f73a6ccb35a88ad4","codex","c4a425e75d00f9ecfb1f80989313e5505034d79385148c0557a1bf0e5906d139","fcf6d006307063a710f1dac6c9360874daa26c017bfc12ac545968c7e0484711","continuation","False","108","71","37","0.343","4","4","16","12"
"2026-04-13T03:03:20.822894Z","phase3-perf","7e915de8c02ff5f900b33e2b9a64938387ea98540633e521f73a6ccb35a88ad4","codex","fdc929780e590d9871de0595fddc63968b6763620da3e51983dcbd1218bff73f","2c4238d72208026b304f1549871ec5f25bbf44e87957535065940e31052165a6","continuation","False","108","71","37","0.343","4","4","16","12"
"2026-04-13T03:03:20.949705Z","phase3-perf","7e915de8c02ff5f900b33e2b9a64938387ea98540633e521f73a6ccb35a88ad4","codex","4e00588e2585e32de3fcee6eabc26e0d5e87c7270f33dd0e29ec03bc8b513ae2","2a2d5f80f1ef5a51a82d1f96edce068060c9854890d37b33e02e743bfbce6e9b","continuation","False","108","71","37","0.343","4","4","16","12"
"2026-04-13T03:03:21.036559Z","phase3-perf","7e915de8c02ff5f900b33e2b9a64938387ea98540633e521f73a6ccb35a88ad4","codex","98c8004ae57a1a7356df5eaa7d09f168a6e12a2c8e8ef552a282a83672e9322b","5d606b73f53fe9d4f5470c50ad0f12042c22aa8e6cfc78424f45117eab3c8d32","continuation","False","108","71","37","0.343","4","4","16","12"
"2026-04-13T03:03:21.129014Z","phase3-perf","7e915de8c02ff5f900b33e2b9a64938387ea98540633e521f73a6ccb35a88ad4","codex","2f073662ffa8ac7b0c71a225ad803f3e5d473860328ad4884876f12f7409bdf6","712d7e7cbc5f233a8f63a3caef4675660e1415d2d646691907d71f352d5cf7d0","continuation","False","108","71","37","0.343","4","4","16","12"
"2026-04-13T03:03:21.208306Z","phase3-perf","7e915de8c02ff5f900b33e2b9a64938387ea98540633e521f73a6ccb35a88ad4","codex","7f8066a8f88c8287f13b6c429ddfa36facc3769b5e7ea7087f1bab88b80c1e9b","bb5f751ad67937e2b09c02d38fb85f1df65ba4b0561f82c0695eaf71d559a355","continuation","False","108","71","37","0.343","4","4","16","12"
"2026-04-13T03:03:21.301263Z","phase3-perf","7e915de8c02ff5f900b33e2b9a64938387ea98540633e521f73a6ccb35a88ad4","codex","cc3d57dafe34d4a7a2e98282155d8c014f7c2d39ee08493973f1645a961a01e1","a87f48586e54bcb64b88aec759f5148bb093435f07d0e5d63542d920007cf7b3","continuation","False","108","71","37","0.343","4","4","16","12"
"2026-04-13T03:03:21.380640Z","phase3-perf","7e915de8c02ff5f900b33e2b9a64938387ea98540633e521f73a6ccb35a88ad4","codex","43879240263eb77233e06abfc620b96fcaf5d52a0bfd547e7f5a831fe786a061","0e8bc0b6d6cdeaf7ba93a91b88e5079e333c3791d1c2822f26133002a246951c","continuation","False","108","71","37","0.343","4","4","16","12"
"2026-04-13T03:03:21.461179Z","phase3-perf","7e915de8c02ff5f900b33e2b9a64938387ea98540633e521f73a6ccb35a88ad4","codex","12e3b85694f7086b39b7a365d56f8edc328ba4e2de02b6d64734ee555f4f6738","eeb865c03b4daf6d8ab937d62bbc9f6e5d3c329de3825b78fba257163916550b","continuation","False","108","71","37","0.343","4","4","16","12"
"2026-04-13T03:03:21.544843Z","phase3-perf","7e915de8c02ff5f900b33e2b9a64938387ea98540633e521f73a6ccb35a88ad4","codex","8a77bb01d5e44c22e50daa2f05d3db466dfc460a27a41498711dc26d620d50b4","79562357dc118faf4eafb084daba26e3ebb96e1ceb121fb767dda2ac17bae980","continuation","False","108","71","37","0.343","4","4","16","12"
"2026-04-13T03:03:21.646061Z","phase3-perf","7e915de8c02ff5f900b33e2b9a64938387ea98540633e521f73a6ccb35a88ad4","codex","757a6e92434640ee4f4eb5dc89e13deef56453665dc356ecdde7b81e37b5aa5e","cd2e324284dc585a5e15d9568bf2826e558bff4a1f29905cf81b8e1b7ddfddd6","continuation","False","108","71","37","0.343","4","4","16","12"
"2026-04-13T03:03:21.741705Z","phase3-perf","7e915de8c02ff5f900b33e2b9a64938387ea98540633e521f73a6ccb35a88ad4","codex","cbe859341ab4178ff8459b92dafd16d1263ea3ec00cb48f675b2a3887a2f4b40","911abf06b8906f9298840eb829abb428898136c321edb3ee7bc8f21283a92249","continuation","False","108","71","37","0.343","4","4","16","12"
"2026-04-13T03:03:21.829179Z","phase3-perf","7e915de8c02ff5f900b33e2b9a64938387ea98540633e521f73a6ccb35a88ad4","codex","7c4b4ed981985562e1e33d42c15bceb1c0fd38a29ed1c8245e66ea95b2f7e8c8","2492fafd00f40cd76eca561d2d750d35ba0825c5055052e0bbbfceb935bf2a49","continuation","False","108","71","37","0.343","4","4","16","12"
"2026-04-13T03:03:21.930554Z","phase3-perf","7e915de8c02ff5f900b33e2b9a64938387ea98540633e521f73a6ccb35a88ad4","codex","4f5a6295f553829cfa8f4c496946e115f5db9390364111992b2373d737eadbd2","c56a9c75e08d7f02fc02797f55a3a9774a6621561e397c6a63776b6ea9c7c422","continuation","False","108","71","37","0.343","4","4","16","12"
"2026-04-13T03:03:22.034576Z","phase3-perf","7e915de8c02ff5f900b33e2b9a64938387ea98540633e521f73a6ccb35a88ad4","codex","8c5d1772b3304188601bbbfb5eb86fe383c0fd96806b232ec7faa96379ad98da","9534490037f7235c41fe8575cddf3223bb2b5a1dbfee9805a2441f72939707ca","continuation","False","108","71","37","0.343","4","4","16","12"
"2026-04-13T03:03:22.137881Z","phase3-perf","7e915de8c02ff5f900b33e2b9a64938387ea98540633e521f73a6ccb35a88ad4","codex","2b5c04dc195b3edf5756e015f2d8c21e60463b12736972e98fcb08271f035dae","acde928be0b3d1a0c2d45ed3ad9ea7e1773fadb4383aff9017ece30e5d8fc31e","continuation","False","108","71","37","0.343","4","4","16","12"
"2026-04-13T03:03:22.229674Z","phase3-perf","7e915de8c02ff5f900b33e2b9a64938387ea98540633e521f73a6ccb35a88ad4","codex","8f019ec0ca169044dd6df55467166e726f51cb8f8d4166e0151e16edc233cad0","25b05e893e49b79a60b9402c63b77c4add8ac2cfafe5e525367e119699b5d153","continuation","False","108","71","37","0.343","4","4","16","12"
"2026-04-13T03:03:22.319714Z","phase3-perf","7e915de8c02ff5f900b33e2b9a64938387ea98540633e521f73a6ccb35a88ad4","codex","2a22a9238246af4d6f97e83dbf06c5deb9ea5ad4a156c1025948416a09036c9c","cb36f06ffe6ef7019771d1402eb7c290babe59cb75d1cc0e6429576a766025b7","continuation","False","108","71","37","0.343","4","4","16","12"
"2026-04-13T03:03:22.401088Z","phase3-perf","7e915de8c02ff5f900b33e2b9a64938387ea98540633e521f73a6ccb35a88ad4","codex","85f7e8ac7b6769dadb01fd8d4c94f486ba1de428dc1790eaa84dd021206f916e","7f8cf5c5b77948e5262518472b470756d8a6930583b6df1eacd7d163608ce517","continuation","False","108","71","37","0.343","4","4","16","12"
"2026-04-13T03:03:22.482624Z","phase3-perf","7e915de8c02ff5f900b33e2b9a64938387ea98540633e521f73a6ccb35a88ad4","codex","dfbea09c3c43f1206fbfb7f785a39bb5b26e6492a9a797c726c4e53f7639cb7f","3d072aa79ec97d131d9270a4bf23f5b0510df0a43c7e038b0bfcc2c4716b0103","continuation","False","108","71","37","0.343","4","4","16","12"
"2026-04-13T03:03:22.563648Z","phase3-perf","7e915de8c02ff5f900b33e2b9a64938387ea98540633e521f73a6ccb35a88ad4","codex","ff500c23fc07f48572386a05f60b38c2ddbf95580873464399908b8a678df873","a8a2202626f50075b94c8778e2c0e506bdc611f5a3e8394abc8c85a89c620436","continuation","False","108","71","37","0.343","4","4","16","12"
"2026-04-13T03:03:22.649349Z","phase3-perf","7e915de8c02ff5f900b33e2b9a64938387ea98540633e521f73a6ccb35a88ad4","codex","c68335d20da76aab67e0a2743c5cd0cc8b2931be8724ac23c492d1e903640e1a","024d2a1e2dfe53e06784044ed9e7cf77a8a83c992fee69aa43613d34dae296ac","continuation","False","108","71","37","0.343","4","4","16","12"
"2026-04-13T03:03:22.758418Z","phase3-perf","7e915de8c02ff5f900b33e2b9a64938387ea98540633e521f73a6ccb35a88ad4","codex","29144408dcea44a16e3f52fa3d06f12ce8dd5e9868da9f1daba933726c9a8cb2","cbb09d1fed81a0f82d8aa93f35c81a445c4fbbd4cd8b04d3dbb5480ebe9c8e74","continuation","False","108","71","37","0.343","4","4","16","12"
"2026-04-13T03:03:22.886398Z","phase3-perf","7e915de8c02ff5f900b33e2b9a64938387ea98540633e521f73a6ccb35a88ad4","codex","98417e4f5eb1f605ec7dc3f0db5609f2e2f080537e659c48ef84b676970295f9","fbe095e806f511db0c3b3807e7a14d9205f5768937b6aa567fada4745a955204","continuation","False","108","71","37","0.343","4","4","16","12"
"2026-04-13T03:03:22.984367Z","phase3-perf","7e915de8c02ff5f900b33e2b9a64938387ea98540633e521f73a6ccb35a88ad4","codex","8b38cb837671cad261d708c877b123d8c628d532fe7df8a914c87bc2ba6992a5","42c9f4655668664d850d9be7e5f5acf4b3953c79a90c298b5380e1f4e349170f","continuation","False","108","71","37","0.343","4","4","16","12"
"2026-04-13T03:03:23.062189Z","phase3-perf","7e915de8c02ff5f900b33e2b9a64938387ea98540633e521f73a6ccb35a88ad4","codex","df3301c3b60f472c9c626c90ba5dd7af4d18647922e039ee08880a785ed925d7","ed758258f00a078c8aedbaa2754f7c61726d00d95860d912914f2bcf8a84f86b","continuation","False","108","71","37","0.343","4","4","16","12"
"2026-04-13T03:03:23.144263Z","phase3-perf","7e915de8c02ff5f900b33e2b9a64938387ea98540633e521f73a6ccb35a88ad4","codex","cb4cf468212829785419cdb66cde20920eecf93221341d90f1f3a693c9f1b6d5","d2ccecc8d9dc9a2b917a723da0ec466af34669de331fd289e11f8aa96d9100b6","continuation","False","108","71","37","0.343","4","4","16","12"
"2026-04-13T03:03:23.241162Z","phase3-perf","7e915de8c02ff5f900b33e2b9a64938387ea98540633e521f73a6ccb35a88ad4","codex","673797eb02d41020d6d81ab5a300fa6fb579bbd7d0778c7a15bb9b505256145e","979ff6caf76422e1d494dc4248f7d6e095860383bf48022f66d2e90d246d1851","continuation","False","108","71","37","0.343","4","4","16","12"
"2026-04-13T03:03:23.345377Z","phase3-perf","7e915de8c02ff5f900b33e2b9a64938387ea98540633e521f73a6ccb35a88ad4","codex","d56d452680cac1680a715996ae585c4697357729113450795d460acb78a2a01e","433bc6cde32869a571c8b18304ec69ad0c342257df2b07ab377abc05da20233c","continuation","False","108","71","37","0.343","4","4","16","12"
"2026-04-13T03:03:23.428388Z","phase3-perf","7e915de8c02ff5f900b33e2b9a64938387ea98540633e521f73a6ccb35a88ad4","codex","50f5fd6fb698d1a9babfac9bb21904f8878aef133b631b5e6ef5f137abc579ed","da5df249d29b07cd29329408e3af201d61ff2c10e2c54c4e0acd819e338541b8","continuation","False","108","71","37","0.343","4","4","16","12"
"2026-04-13T03:03:23.514876Z","phase3-perf","7e915de8c02ff5f900b33e2b9a64938387ea98540633e521f73a6ccb35a88ad4","codex","962f66593c46ff3a980e2586a7eea183999e4882079eacbe3ff49a993dfec168","3cb72eee011bb75bf8044b11cf0ce9be3e28cbb90e2aa1475d1b59c0f78ebec3","continuation","False","108","71","37","0.343","4","4","16","12"
"2026-04-13T03:03:23.601253Z","phase3-perf","7e915de8c02ff5f900b33e2b9a64938387ea98540633e521f73a6ccb35a88ad4","codex","9df724421641f7926870dd88437dbb8a7434a03168d2805bd949f6f430f064fc","8c8e38770d31f051850db400ac2e3dae3a6361f155aba20e515016d43c2d6258","continuation","False","108","71","37","0.343","4","4","16","12"
"2026-04-13T03:03:23.685284Z","phase3-perf","7e915de8c02ff5f900b33e2b9a64938387ea98540633e521f73a6ccb35a88ad4","codex","ccd5e377c81be28ded21e0aa0d2d4b80931902c05afdf3c50140e4eb3f3af2b1","9da3dd532b6300e95e0e97de501ed1e3d7c286c33e6ed209706db50765293aa8","continuation","False","108","71","37","0.343","4","4","16","12"
"2026-04-13T03:03:23.782330Z","phase3-perf","7e915de8c02ff5f900b33e2b9a64938387ea98540633e521f73a6ccb35a88ad4","codex","aaab2f82c6cb67da92170205226849e13837fce1338c625e164538c8bacb4e7b","96f8cba891338817582187dd1bbfd3a230ee1618499b7cf54c0c00f45b4b97be","continuation","False","108","71","37","0.343","4","4","16","12"
"2026-04-13T04:09:58.130290Z","phase3-integration","7e915de8c02ff5f900b33e2b9a64938387ea98540633e521f73a6ccb35a88ad4","codex","ac2c3bf929e88898c233fefa3d831503ff427f03dc72e18b4128c29995f71418","595c736c07b3263b7849d1ab2cb5f787904974360a19972d80bde3333c465c5e","continuation","False","108","71","37","0.343","4","4","16","12"
"2026-04-13T04:09:58.292309Z","phase3-regression","7e915de8c02ff5f900b33e2b9a64938387ea98540633e521f73a6ccb35a88ad4","codex","640d2fcaa53f78675bcb1fa29c1b3b60d7c8bf5bb82f37eab12256f5a05e9690","e66bb021b034e949a8a55f7b17f46e91a9a94c827a98fd782a3fc23ba708b73f","continuation","False","108","71","37","0.343","4","4","16","12"
"2026-04-13T04:10:43.194926Z","phase3-memleak","7e915de8c02ff5f900b33e2b9a64938387ea98540633e521f73a6ccb35a88ad4","codex","74d9bf11969c70ebb19536c6b96e61da06ca143d0df80cc119df2cbbd0f4a8ce","9ff1f0e53bd712bcd04af05b185b534e04c0841a30981673b5c7ff02da2c30f3","continuation","False","108","71","37","0.343","4","4","16","12"
"2026-04-13T04:10:45.360613Z","phase3-memleak","7e915de8c02ff5f900b33e2b9a64938387ea98540633e521f73a6ccb35a88ad4","codex","f7e3e499612106e20c99ded1027a1aabd7464e489e6368889e5f89a2ff801c33","a27a1c1ba4e6e0d0257feb0f75ab608b73bbe3a1a9c652363fa3db4a51a6dad1","continuation","False","108","71","37","0.343","4","4","16","12"
"2026-04-13T04:10:47.468932Z","phase3-memleak","7e915de8c02ff5f900b33e2b9a64938387ea98540633e521f73a6ccb35a88ad4","codex","6f6795c56d07290b65abdb5360c5d1d75d6defceb7a4ef934a38c877dfa2d2d9","5cba2667cd882072e61c9c54c460660a84c32828085e2e219642cddd25f6211c","continuation","False","108","71","37","0.343","4","4","16","12"
"2026-04-13T04:10:49.598969Z","phase3-memleak","7e915de8c02ff5f900b33e2b9a64938387ea98540633e521f73a6ccb35a88ad4","codex","4f9f1739d2986b010a0c1f9811ada9327296af1322f3ee2f6a6976fde26e5ff6","4a7459ecdc0ff48662adedafb642df68f9d0563c8d7cd8c522df06fe273214bc","continuation","False","108","71","37","0.343","4","4","16","12"
"2026-04-13T04:10:51.695584Z","phase3-memleak","7e915de8c02ff5f900b33e2b9a64938387ea98540633e521f73a6ccb35a88ad4","codex","39b0705043365177abd423ee8cfac30205c718351a63602836ef7f7cca784898","edcefe5aafcb03667b293fb83bfb1386e6ee28d9342737cf310e4dda1f9f9bcc","continuation","False","108","71","37","0.343","4","4","16","12"
"2026-04-13T04:10:53.818385Z","phase3-memleak","7e915de8c02ff5f900b33e2b9a64938387ea98540633e521f73a6ccb35a88ad4","codex","49a483fd1dbecf24e82170ead5ad07693974240881ea908c9a94ebfe6a8b4ca6","269aee90b8e36736ceffb10a78ee071b82282e12f3318de1140bfc4815592f0a","continuation","False","108","71","37","0.343","4","4","16","12"
"2026-04-13T04:10:55.963425Z","phase3-memleak","7e915de8c02ff5f900b33e2b9a64938387ea98540633e521f73a6ccb35a88ad4","codex","6b7f6afc78406c8cce553465f0ffa47c89b746ada863e778b751ff1ea8292413","d535b4853335e6659b69f539dd2aa126c80ee5d985619253c73e0a21ec808a56","continuation","False","108","71","37","0.343","4","4","16","12"
"2026-04-13T04:10:58.072836Z","phase3-memleak","7e915de8c02ff5f900b33e2b9a64938387ea98540633e521f73a6ccb35a88ad4","codex","80f63dd04a58bb9eb4434129f6495af0ea2fa66f339860d061594c8d56a9a821","8c81a9146517a1f6afd5c8ec9c2131a2d656715fc9083c2a5ac0ba78f2520ab7","continuation","False","108","71","37","0.343","4","4","16","12"
"2026-04-13T04:11:00.176010Z","phase3-memleak","7e915de8c02ff5f900b33e2b9a64938387ea98540633e521f73a6ccb35a88ad4","codex","86eec27e81b2112ab06367dbd00fd7e5786c8d836d22c9901c23044937237636","c142b99cc995b982487a264c7fe007227e93bbf8e54b783f472ec96f947d914b","continuation","False","108","71","37","0.343","4","4","16","12"
"2026-04-13T04:11:02.291767Z","phase3-memleak","7e915de8c02ff5f900b33e2b9a64938387ea98540633e521f73a6ccb35a88ad4","codex","25ecc3968cdc6c30e237123f101bc9c3c6351cac6fede9ff2dd21fdd71568877","8d03f82236808c5affc46851dc0619a9417a54edd007b20cc69a61f3cf28cbb4","continuation","False","108","71","37","0.343","4","4","16","12"
"2026-04-13T04:11:04.406226Z","phase3-memleak","7e915de8c02ff5f900b33e2b9a64938387ea98540633e521f73a6ccb35a88ad4","codex","e1a6f3a93a890a8c96aa305289c99efee0a7fdbe39049b23143d54bf80f08985","1da8e1e95d59bb78e681892bdbc64012c11d4e26f839a39d671229e06020d445","continuation","False","108","71","37","0.343","4","4","16","12"
"2026-04-13T04:11:06.539198Z","phase3-memleak","7e915de8c02ff5f900b33e2b9a64938387ea98540633e521f73a6ccb35a88ad4","codex","bb67c8b2764d7113cbaf4ac482cabddee19e439dac381f09e7feb17cd9fdaab8","675e38765b36e747087f537e99acb44290a51c7c770c2497334aea753c3ad0ff","continuation","False","108","71","37","0.343","4","4","16","12"
"2026-04-13T04:11:08.657590Z","phase3-memleak","7e915de8c02ff5f900b33e2b9a64938387ea98540633e521f73a6ccb35a88ad4","codex","c3a1844b3b5eab450673d3cc74a40a09e6dea4961574c494f0662aeef13af4e2","32efc53abbfcc6eca8858e61544c9c74e0ebd71831ab0843ab9632c99f5d265c","continuation","False","108","71","37","0.343","4","4","16","12"
"2026-04-13T04:11:10.776454Z","phase3-memleak","7e915de8c02ff5f900b33e2b9a64938387ea98540633e521f73a6ccb35a88ad4","codex","742c0cb4036e4f369d5d71d50631aa5a3bcae049c050c66ce42a9d7e6e1fc40e","162c023fc40783be3afb27c3690cfe0e706da2d29f2ba5f9805ff1da6e2359f5","continuation","False","108","71","37","0.343","4","4","16","12"
"2026-04-13T04:11:12.897169Z","phase3-memleak","7e915de8c02ff5f900b33e2b9a64938387ea98540633e521f73a6ccb35a88ad4","codex","242658d4c15f2ab7aa61432142c9ccbb25f6b1ed774c5f6fd7f57025e4093dd7","3e63f674b74e33becac2bd797ab405d9351e0cbacd613b813820b45331121667","continuation","False","108","71","37","0.343","4","4","16","12"
"2026-04-13T04:11:15.026545Z","phase3-memleak","7e915de8c02ff5f900b33e2b9a64938387ea98540633e521f73a6ccb35a88ad4","codex","67d45f424cc395e4e17c911941c8e6f00c30af20e88c3c06b4931c53aafe5ba5","c01dad42bf22e07afd6a20861c1337aaf9fa2ab65dc04b529798470798d8caa7","continuation","False","108","71","37","0.343","4","4","16","12"
"2026-04-13T04:11:17.155570Z","phase3-memleak","7e915de8c02ff5f900b33e2b9a64938387ea98540633e521f73a6ccb35a88ad4","codex","8f8e9fea06d7a81e43c403496c45ff60138b8164465c3ebab36f0443976b63b8","1edb860b969b19d4e292c55b136b69c6e29583f56ee78fd3b0d194d565c9776c","continuation","False","108","71","37","0.343","4","4","16","12"
"2026-04-13T04:11:19.251251Z","phase3-memleak","7e915de8c02ff5f900b33e2b9a64938387ea98540633e521f73a6ccb35a88ad4","codex","3971da2517ff53db00476eacb3516f139e581b2ede94799934318196a0542da8","6d0f72bead63f949ed110239b3e1a4a5699c94031b65edba19c103b759c034a3","continuation","False","108","71","37","0.343","4","4","16","12"
"2026-04-13T04:11:21.361787Z","phase3-memleak","7e915de8c02ff5f900b33e2b9a64938387ea98540633e521f73a6ccb35a88ad4","codex","ea0dd6c1973dcf0af56313d9f10ac79a19da7edde03df71e616310ed54334d9f","efaabdbc22cabb4c520586f485de37b175107a78d0acd54e1ca67b293afe2c8a","continuation","False","108","71","37","0.343","4","4","16","12"
"2026-04-13T04:11:23.510652Z","phase3-memleak","7e915de8c02ff5f900b33e2b9a64938387ea98540633e521f73a6ccb35a88ad4","codex","cb331f610a59addbc91d0e6f9092ab32c21f86f1fcdc52ec8ffc1d27614def9d","7caa3d236ba84a54cb4335856b798ed8f2a91a1905f668d33be5e8c33bed1521","continuation","False","108","71","37","0.343","4","4","16","12"
"2026-04-13T04:11:25.622298Z","phase3-memleak","7e915de8c02ff5f900b33e2b9a64938387ea98540633e521f73a6ccb35a88ad4","codex","52eb973619791c500241e50b276da99e1cb63982ece4b63e85d6adfd97cad602","d247bc61d2d0a5585be5ae88b63f42ddd94af5cb7d11c7519e8ad90324fde417","continuation","False","108","71","37","0.343","4","4","16","12"
"2026-04-13T04:11:27.719096Z","phase3-memleak","7e915de8c02ff5f900b33e2b9a64938387ea98540633e521f73a6ccb35a88ad4","codex","839f8e13148af5b9cbe238a755d762c7d05020a5fa4e5690f5049a9975fb12f4","8ea94aab4d6a01a04c4c7978059d7d4c0c05650445406e7e1a6f0d743d1c1a3e","continuation","False","108","71","37","0.343","4","4","16","12"
"2026-04-13T04:11:29.842333Z","phase3-memleak","7e915de8c02ff5f900b33e2b9a64938387ea98540633e521f73a6ccb35a88ad4","codex","eebc2a4b2163f028cd0c1abb576859907cfc9de21d25f1a93fd421e8b5e97abb","65da86e7ca6bb35978998fbfdc7878737e16eaac0644ed19649481670cf4eb16","continuation","False","108","71","37","0.343","4","4","16","12"
"2026-04-13T04:11:31.974241Z","phase3-memleak","7e915de8c02ff5f900b33e2b9a64938387ea98540633e521f73a6ccb35a88ad4","codex","a407a48611dcb726075c415df59a0840d1d25991fe8944023a11cb65c864c544","25b247cad6e5f140d925a2985c30d303ee990de32e907d043a1ee4c93ced4a31","continuation","False","108","71","37","0.343","4","4","16","12"
"2026-04-13T04:11:34.072650Z","phase3-memleak","7e915de8c02ff5f900b33e2b9a64938387ea98540633e521f73a6ccb35a88ad4","codex","4bf37a7b39aea9194c82e0b34ae5abc864b432d7f402385e70de065d98a4a031","16abb28c20f7b68c5b120c8ab89eb252db7d017152a62fcbbdd7a182ccef3a8f","continuation","False","108","71","37","0.343","4","4","16","12"
"2026-04-13T04:11:36.188540Z","phase3-memleak","7e915de8c02ff5f900b33e2b9a64938387ea98540633e521f73a6ccb35a88ad4","codex","5c98ea936bc27d7e281e905c48779ee5a299fcf7e45b2e570f06802eb8bca8a7","da93595f404588b4fdacebab82e1bff872766a16e34c59f24f9118433a5f1b27","continuation","False","108","71","37","0.343","4","4","16","12"
"2026-04-13T04:11:38.303642Z","phase3-memleak","7e915de8c02ff5f900b33e2b9a64938387ea98540633e521f73a6ccb35a88ad4","codex","effbff57ff14e04c064a568291f8784bd2352f65679c6cf09c8776c834771113","a42447b1ebd2f279648c2f9a0d777a0290b9c0ef3e86d8fd703206c695b33e7d","continuation","False","108","71","37","0.343","4","4","16","12"
"2026-04-13T04:11:40.414063Z","phase3-memleak","7e915de8c02ff5f900b33e2b9a64938387ea98540633e521f73a6ccb35a88ad4","codex","555b945b01078a9c068e32e76333e6040a5590c52138f8154d1a746861d6db7a","c50230dc6005fcccf39a573ac7286e43dabf25f158995d362040a1512c2ca55f","continuation","False","108","71","37","0.343","4","4","16","12"
"2026-04-13T04:11:42.503923Z","phase3-memleak","7e915de8c02ff5f900b33e2b9a64938387ea98540633e521f73a6ccb35a88ad4","codex","304102065bbbcfdb0c7bac459c0d4116e9f05286a0785495d8958482586e5f13","b1c08f839c68c03df5afae7712a88240670c0514069a3b7ba79dcd084636dd1f","continuation","False","108","71","37","0.343","4","4","16","12"
"2026-04-13T04:11:44.656351Z","phase3-memleak","7e915de8c02ff5f900b33e2b9a64938387ea98540633e521f73a6ccb35a88ad4","codex","593abdd04225ed115cc91b5b62c6a7ff93a01c1ea0189a812cca45c65cbb95af","52b23841cf72bc43a8d8323760f0732d247b2b26d18243195b34d0632227a79c","continuation","False","108","71","37","0.343","4","4","16","12"
"2026-04-13T04:11:46.777477Z","phase3-memleak","7e915de8c02ff5f900b33e2b9a64938387ea98540633e521f73a6ccb35a88ad4","codex","0e56f49fafdfebcd564820b46acb5e5862a72f1eb236125e50eb1e2cf6f78cbf","4b731f80ef69f8ca49a23b69a50f9b1fd516f796a5725985af49ef3cecdaadce","continuation","False","108","71","37","0.343","4","4","16","12"
"2026-04-13T04:11:48.885612Z","phase3-memleak","7e915de8c02ff5f900b33e2b9a64938387ea98540633e521f73a6ccb35a88ad4","codex","ec11629fba7a0df24f3b7a02e75942b1190538b99f64bfb166ceaa5cc406ba05","6b92051425bc181e9c7217bb7879b27ce0e09f50f1356a24ae0770378ce20564","continuation","False","108","71","37","0.343","4","4","16","12"
"2026-04-13T04:11:51.004000Z","phase3-memleak","7e915de8c02ff5f900b33e2b9a64938387ea98540633e521f73a6ccb35a88ad4","codex","5aa20ea7bc77289f157a7f9792d79f4690cde0be224822d879d87a4e0a9e29ca","d1e8b8a8763d278529e6033360298e2d25b3c6a499cd6d64ef851d70bbc462b2","continuation","False","108","71","37","0.343","4","4","16","12"
"2026-04-13T04:11:53.101420Z","phase3-memleak","7e915de8c02ff5f900b33e2b9a64938387ea98540633e521f73a6ccb35a88ad4","codex","43313fb0ff3107bd710497d8c312d0b93afe262f3aea3ba8f13d0da1a0098246","6cbdace50aacfd31bc117dfd24ff2080d5e183cdd7d46c7c2b374bb45cd44dba","continuation","False","108","71","37","0.343","4","4","16","12"
"2026-04-13T04:11:55.216172Z","phase3-memleak","7e915de8c02ff5f900b33e2b9a64938387ea98540633e521f73a6ccb35a88ad4","codex","bfc68d1521396c774384b42e96b2c650409c4eee7f8656e7ade2dd8ffcb5a55b","742b07e30477a2621c68f6ecb3ed7f0640baea4adc6ba92e3e4c3f05e742c25d","continuation","False","108","71","37","0.343","4","4","16","12"
"2026-04-13T04:11:57.359131Z","phase3-memleak","7e915de8c02ff5f900b33e2b9a64938387ea98540633e521f73a6ccb35a88ad4","codex","dd22649adb0fed7c9c5d80494bc88ae6512df22ba1c25e17a89b0a0db70826f8","73d52faf2f5a87b2aab15d33323ffe779bcc37f2740bfd4aae6f85f39fb3245b","continuation","False","108","71","37","0.343","4","4","16","12"
"2026-04-13T04:11:59.478149Z","phase3-memleak","7e915de8c02ff5f900b33e2b9a64938387ea98540633e521f73a6ccb35a88ad4","codex","49ea75691160a65b2b5f7c54ea86a0c549f5ecc083e431bc8661b5007e5de50c","744e3ef253f4e3c07102f54c478f348c945708786f5838eb4bf8855da17f3148","continuation","False","108","71","37","0.343","4","4","16","12"
"2026-04-13T04:12:01.613498Z","phase3-memleak","7e915de8c02ff5f900b33e2b9a64938387ea98540633e521f73a6ccb35a88ad4","codex","e2a28e5a2b186bdc8ec7cee88be565652ae73e37e7a5fc55c6c208424c636918","88800f7e0e6d4fd9756f9e4523e7516dc0b60d3d14019ac6d0e9f49d169a0234","continuation","False","108","71","37","0.343","4","4","16","12"
"2026-04-13T04:12:03.740473Z","phase3-memleak","7e915de8c02ff5f900b33e2b9a64938387ea98540633e521f73a6ccb35a88ad4","codex","2e26242dc81994e33456fe19ef53b655213fd86acc95d16426679a304b12e6fa","9f77e614634c0198b15a0af34e2f0abd53262d448cf415cd93ef07085e3a5c2c","continuation","False","108","71","37","0.343","4","4","16","12"
"2026-04-13T04:12:05.880395Z","phase3-memleak","7e915de8c02ff5f900b33e2b9a64938387ea98540633e521f73a6ccb35a88ad4","codex","01928dd2596d6c2d104a9eb3477a6f94731fd67a11a103c41c93b30486df5998","46347bf02a16e4e145e8f6588d01ccb4561b2f0e0e24b3c800ef4e3db6cac936","continuation","False","108","71","37","0.343","4","4","16","12"
"2026-04-13T04:12:07.984222Z","phase3-memleak","7e915de8c02ff5f900b33e2b9a64938387ea98540633e521f73a6ccb35a88ad4","codex","8a681f6f52f87002e4d56ee8a2e26dea3984139627ef0cbeb37af95ec5b43318","c707009079dc3d66e978c43d8b733f859f1bd42b4ea4c34e38bc3f28ab7d5bb4","continuation","False","108","71","37","0.343","4","4","16","12"
"2026-04-13T04:12:10.095959Z","phase3-memleak","7e915de8c02ff5f900b33e2b9a64938387ea98540633e521f73a6ccb35a88ad4","codex","7ba99a1133f8b22a1dabad3d5294a066c07a1ca6fe4ced0c3b43db6dc062546a","b8dde8e6471881c377abec29d7a40ee91c3323b88118efc099b69a8e3fe23d9d","continuation","False","108","71","37","0.343","4","4","16","12"
"2026-04-13T04:12:12.204885Z","phase3-memleak","7e915de8c02ff5f900b33e2b9a64938387ea98540633e521f73a6ccb35a88ad4","codex","1a5590c70d5b6078afd614f350e22bd66444acf814130cdb3251132513021d16","71a885e01810765667a05caa924105d438d4d08035d184e125e87e426f86ee50","continuation","False","108","71","37","0.343","4","4","16","12"
"2026-04-13T04:12:14.338634Z","phase3-memleak","7e915de8c02ff5f900b33e2b9a64938387ea98540633e521f73a6ccb35a88ad4","codex","d1a90abc6ce01ee3dbe2c720531ef909fac30bc10f5921fadb78de55684a65ec","0b801ba8d9fde7f2265fabbe2e39bde1b40d65a4df7fa9ade59a9cb725363e92","continuation","False","108","71","37","0.343","4","4","16","12"
"2026-04-13T04:12:16.457858Z","phase3-memleak","7e915de8c02ff5f900b33e2b9a64938387ea98540633e521f73a6ccb35a88ad4","codex","99f8955c8b227469329dcefd741c14cb6bea1ada9c9905bc6102137124af95fe","6f3bf70d6c49c9dfb15bde7fe6065606893be536483de1f75724ba83a714f1b7","continuation","False","108","71","37","0.343","4","4","16","12"
"2026-04-13T04:12:18.575952Z","phase3-memleak","7e915de8c02ff5f900b33e2b9a64938387ea98540633e521f73a6ccb35a88ad4","codex","e1727fe915a6046fa3c33aad0d3885b775ffe53e912e9b71be46d0bb9dc9de50","384f70b29daa6d4e2efee89ae8c0ceef51ac74dac4d256b2d61b2b72a7b4e6c6","continuation","False","108","71","37","0.343","4","4","16","12"
"2026-04-13T04:12:20.675431Z","phase3-memleak","7e915de8c02ff5f900b33e2b9a64938387ea98540633e521f73a6ccb35a88ad4","codex","247e058068905fe14a161a919e36c4828c94d225e8dedf10aa2a50d6718ebda6","30bb1bf0232d69ddcb08b70b861a350805673c612a24683ac99a6fe5ceb8950e","continuation","False","108","71","37","0.343","4","4","16","12"
"2026-04-13T04:12:22.810253Z","phase3-memleak","7e915de8c02ff5f900b33e2b9a64938387ea98540633e521f73a6ccb35a88ad4","codex","ca3d79912db825621b8b471ccb125b81a609d3dab537a802e523ba1924b8cd10","663124856bf30b93a7449b6662e76d167888b7e19f93f9e93accabc7f18401dc","continuation","False","108","71","37","0.343","4","4","16","12"
"2026-04-13T04:12:24.918619Z","phase3-memleak","7e915de8c02ff5f900b33e2b9a64938387ea98540633e521f73a6ccb35a88ad4","codex","f846165dda7de37ecfbcbdf889fe9e92f2e58d3900012bb2071bef23a69e1180","046a1414645d930353fc79ad02ff1a9374a02ee9153dad8042a0c7b9fe394fad","continuation","False","108","71","37","0.343","4","4","16","12"
"2026-04-13T04:12:27.031988Z","phase3-memleak","7e915de8c02ff5f900b33e2b9a64938387ea98540633e521f73a6ccb35a88ad4","codex","7eb94b98cd4a9817489b70348c8f8de496e16df975b0079d2f00b4d78fbdb278","b3f33f1acf1e4cabdc2e18765d0a57e819116794c515481e8d875f1a032bf503","continuation","False","108","71","37","0.343","4","4","16","12"
"2026-04-13T04:12:29.138966Z","phase3-memleak","7e915de8c02ff5f900b33e2b9a64938387ea98540633e521f73a6ccb35a88ad4","codex","ebd6569ff58af8e9a36596ce61cf7450b35dbdacdcb871f4dd02193939def76c","7dfbfa1a4c3606a24a10bddc919d933c054d4be8821cbfe157b54790304b9f03","continuation","False","108","71","37","0.343","4","4","16","12"
"2026-04-13T04:12:31.246568Z","phase3-memleak","7e915de8c02ff5f900b33e2b9a64938387ea98540633e521f73a6ccb35a88ad4","codex","03c5eb83c8bdbca90fd0a48d4a0c2138bec05aff305f3ec044ca57ab4c079e2a","47117a89041b0439982e838346d8b81cf91c205896262ea30839ee18128ae16a","continuation","False","108","71","37","0.343","4","4","16","12"
"2026-04-13T04:12:33.356481Z","phase3-memleak","7e915de8c02ff5f900b33e2b9a64938387ea98540633e521f73a6ccb35a88ad4","codex","76de225011c04b32acef73abb57b5e377fef69fae01e364feb2cbf1dae7df73f","674c2fdbc02796af93996bdf455f7eb0c6e75e108c444654bcbf8845564bf6c9","continuation","False","108","71","37","0.343","4","4","16","12"
"2026-04-13T04:12:35.464805Z","phase3-memleak","7e915de8c02ff5f900b33e2b9a64938387ea98540633e521f73a6ccb35a88ad4","codex","658412e9ca2d978f6e2bfad09696203d9964973fe3a357e21734b207c235a627","2f75286f34894dfa4403d8224e48d67ef2800aa51b772df030d18880bb217fd1","continuation","False","108","71","37","0.343","4","4","16","12"
"2026-04-13T04:12:37.575611Z","phase3-memleak","7e915de8c02ff5f900b33e2b9a64938387ea98540633e521f73a6ccb35a88ad4","codex","337bceedf778532a91078c56f9536a556ccfd89f36cb1c97a97a8ce46e874663","2676d857ab6e321ef2c7eb7f74041e85eeb370318feb2bc6006db0f9793e23f3","continuation","False","108","71","37","0.343","4","4","16","12"
"2026-04-13T04:12:39.670458Z","phase3-memleak","7e915de8c02ff5f900b33e2b9a64938387ea98540633e521f73a6ccb35a88ad4","codex","409135e047b8c48bf5a1722b7d081883285c158fd0044b8b3ea698a248d606ef","091470739ef1ac3510fee672acc5b2d71636d51a57528f125e7acc3a152fd29e","continuation","False","108","71","37","0.343","4","4","16","12"
"2026-04-13T04:12:41.777270Z","phase3-memleak","7e915de8c02ff5f900b33e2b9a64938387ea98540633e521f73a6ccb35a88ad4","codex","cc77dca532f5d7bd8c53604f0df89a7214c5aac2360ae9829e863a409998e55e","efa609b35e16b1da4413116ae51ae4204a0c7be2c820bb4b61ba40c0a5d66924","continuation","False","108","71","37","0.343","4","4","16","12"
"2026-04-13T04:12:43.864901Z","phase3-memleak","7e915de8c02ff5f900b33e2b9a64938387ea98540633e521f73a6ccb35a88ad4","codex","ff68ac4fa0a214a54c6c7333d9da386e1999ca46e1414bce3de7c4689b229da4","4cd3cd5b9dd5756f0a9af1e7a3abc981a40be3cca85bdd35d7e54f48ff04a3b7","continuation","False","108","71","37","0.343","4","4","16","12"
"2026-04-13T04:12:45.948345Z","phase3-memleak","7e915de8c02ff5f900b33e2b9a64938387ea98540633e521f73a6ccb35a88ad4","codex","5700a22b72ed258084d606cf240143ed6b68bb132c84a409a6073c8baf31e141","69249869106242fd882e3f2b1e7f6c1dddd6a7211460bb7369ce5cfba1b28774","continuation","False","108","71","37","0.343","4","4","16","12"
"2026-04-13T04:12:48.065232Z","phase3-memleak","7e915de8c02ff5f900b33e2b9a64938387ea98540633e521f73a6ccb35a88ad4","codex","ac340b2647b7335de6798d3411c9a95eb89a34e99a08e2446596849c2018eb03","d9d079a30c2541a2086af290bae60304cad7f0eb20f2666a24fc5a405a6818ba","continuation","False","108","71","37","0.343","4","4","16","12"
"2026-04-13T04:12:50.177688Z","phase3-memleak","7e915de8c02ff5f900b33e2b9a64938387ea98540633e521f73a6ccb35a88ad4","codex","44d1d375ef3f00fee4d4620fa6d0e3c6889a1688f62e8c8958f90a8711a32d24","5e9694a6c158549df7c28ee3087b7b2e82f83933dacef0902a84898142cced8c","continuation","False","108","71","37","0.343","4","4","16","12"
"2026-04-13T04:12:52.271521Z","phase3-memleak","7e915de8c02ff5f900b33e2b9a64938387ea98540633e521f73a6ccb35a88ad4","codex","cd900dd8cd1ad72c99f067e33ff2c0776747306a22f9a44b2c380de50817011c","5185d8919b9ec80df114ebb612db6a6567cf3fc7b501c824b505e4d459bdceb5","continuation","False","108","71","37","0.343","4","4","16","12"
"2026-04-13T04:12:54.371088Z","phase3-memleak","7e915de8c02ff5f900b33e2b9a64938387ea98540633e521f73a6ccb35a88ad4","codex","efa0df59623fcacf41654395bbe9c6342bd38161f528213cf5d0021c9de9b0d7","effc3c7410b79ef7d9cac34b2af899cab3e2d3a330d8d63edf8a707ee9e105f6","continuation","False","108","71","37","0.343","4","4","16","12"
"2026-04-13T04:12:56.484362Z","phase3-memleak","7e915de8c02ff5f900b33e2b9a64938387ea98540633e521f73a6ccb35a88ad4","codex","b0ac5822a1b75373d16b84162dea533f30b5cbcb42bb1e8dd7967da27139be1c","160de61d045b748145d3c1e979b4beeb3bdc7afcb1cf45fb4abbc66e50f5b097","continuation","False","108","71","37","0.343","4","4","16","12"
"2026-04-13T04:12:58.610034Z","phase3-memleak","7e915de8c02ff5f900b33e2b9a64938387ea98540633e521f73a6ccb35a88ad4","codex","2c093628764686e9d93df0fec071c7c6c3509ba428e655d19def3b36b3597309","21a45f3cba0a085d81fb0de1848626cfb5c6953d77f8ff8bf2e51a821d337b29","continuation","False","108","71","37","0.343","4","4","16","12"
"2026-04-13T04:13:00.736104Z","phase3-memleak","7e915de8c02ff5f900b33e2b9a64938387ea98540633e521f73a6ccb35a88ad4","codex","758a6a66c640e07dcba26281c84b340a6935f8bfb941fc216df8aa324d4d8067","394ac5fe4bfa9ac14e6a2fa950448201d7b5ecfb34a500e7a929f3c3145e4f95","continuation","False","108","71","37","0.343","4","4","16","12"
"2026-04-13T04:13:02.872491Z","phase3-memleak","7e915de8c02ff5f900b33e2b9a64938387ea98540633e521f73a6ccb35a88ad4","codex","47746a7fd00f256f009b5be0388b01fdf25a0bbca4c7035e6dd26257a22b91fa","2dccab64976e790f16c91db75794d36ee41e4150f6f0da08c27ff88b5aa2617b","continuation","False","108","71","37","0.343","4","4","16","12"
"2026-04-13T04:13:04.986408Z","phase3-memleak","7e915de8c02ff5f900b33e2b9a64938387ea98540633e521f73a6ccb35a88ad4","codex","0722b289c44f46a42e4aad0033ef569251fc06e02cb7d663d488858df4e8b150","555de2554e06fc771ec523f951067fb73eb042d8f2e5de2feb9099748f45d945","continuation","False","108","71","37","0.343","4","4","16","12"
"2026-04-13T04:13:07.140643Z","phase3-memleak","7e915de8c02ff5f900b33e2b9a64938387ea98540633e521f73a6ccb35a88ad4","codex","9314f2899d6e3e18a6f3562f7d6a2dc8e1d995fa7bef43ec1aafee6bc340823b","1036a4317ba511f03ce1f2a74f0558a1a4b0d2ca3502cacbf7fe419beb173da0","continuation","False","108","71","37","0.343","4","4","16","12"
"2026-04-13T04:13:09.275277Z","phase3-memleak","7e915de8c02ff5f900b33e2b9a64938387ea98540633e521f73a6ccb35a88ad4","codex","433eae17350b6ac68a35d56980afff7b73ac86163095e95b40e60786e797d1aa","de585700b2877f4d7eb4f15ce4ebc459b08119907a2a85473e21c0a2a0c9848f","continuation","False","108","71","37","0.343","4","4","16","12"
"2026-04-13T04:13:11.377842Z","phase3-memleak","7e915de8c02ff5f900b33e2b9a64938387ea98540633e521f73a6ccb35a88ad4","codex","96221abd1b87bf079202ab2f89ede807a2fd0775589f1ab6dc855b8a1de3be21","9b5effd5e36bb80ffe53a5d21986811c1ad75afff360e8fa3fede4d150ed2ae2","continuation","False","108","71","37","0.343","4","4","16","12"
"2026-04-13T04:13:13.485541Z","phase3-memleak","7e915de8c02ff5f900b33e2b9a64938387ea98540633e521f73a6ccb35a88ad4","codex","148381e98488b61dcad5237dd8c130a0ffba9a2a79f63db8f1d23afb40a4329c","700958f257710fbe7d6af431dbdde8f51b05ace62171b6b56df24b043f3baa5c","continuation","False","108","71","37","0.343","4","4","16","12"
"2026-04-13T04:13:15.639608Z","phase3-memleak","7e915de8c02ff5f900b33e2b9a64938387ea98540633e521f73a6ccb35a88ad4","codex","1e3a65713ddcb2baa110502a6092a1e8624293841e5f1ba7e64e701e9c2e0506","f1c1b35afd7f94e5628ec128e2e5b05f70c29617cfd6a29264fb43664e769e24","continuation","False","108","71","37","0.343","4","4","16","12"
"2026-04-13T04:13:17.767540Z","phase3-memleak","7e915de8c02ff5f900b33e2b9a64938387ea98540633e521f73a6ccb35a88ad4","codex","fb12e9a18a1c0a4b8cc48803814550ad1e11554c9ab2b0e4a09bf6eb61e183ef","4f843601a34b38478b57217ae7b6b4ad3ad3b33980192037eb42654808ffcc3e","continuation","False","108","71","37","0.343","4","4","16","12"
"2026-04-13T04:13:19.895363Z","phase3-memleak","7e915de8c02ff5f900b33e2b9a64938387ea98540633e521f73a6ccb35a88ad4","codex","5924c36eee1f05da3e1001fc5312e15207c69d485f896bcf1ff7216891a7dce3","2da5277b626dc3f5a6c12a7ca351ad1ab39da82208d6daeb7787e9a86387648a","continuation","False","108","71","37","0.343","4","4","16","12"
"2026-04-13T04:13:22.012440Z","phase3-memleak","7e915de8c02ff5f900b33e2b9a64938387ea98540633e521f73a6ccb35a88ad4","codex","65190da65e14738ff959bb983f9b98e84b9c1f3a6272e4f6440ef61dcb3ecd4e","0138bf5971afd7e48efbe2edc0b5745c98319d84488a666895480dd5b5e95dd2","continuation","False","108","71","37","0.343","4","4","16","12"
"2026-04-13T04:13:24.131767Z","phase3-memleak","7e915de8c02ff5f900b33e2b9a64938387ea98540633e521f73a6ccb35a88ad4","codex","fd8d183b3bdb0469c33b2e7eecef84cebf85099a647d3a8a08fa90714d51d9dd","ba04e74344a03afb5cb4f4578a1dd2ba614b0b52cf8bade75893f752b0892f08","continuation","False","108","71","37","0.343","4","4","16","12"
"2026-04-13T04:13:26.275728Z","phase3-memleak","7e915de8c02ff5f900b33e2b9a64938387ea98540633e521f73a6ccb35a88ad4","codex","290921cd3db12c20a057f126b3877d478a4d2c1e1e52f2cd69f4e46f0ed53c8e","b33dd770c66728b292843c1044363714fc2fab7ab758156f28f727e92e1bb628","continuation","False","108","71","37","0.343","4","4","16","12"
"2026-04-13T04:13:28.375766Z","phase3-memleak","7e915de8c02ff5f900b33e2b9a64938387ea98540633e521f73a6ccb35a88ad4","codex","92948c82233544bed1df460b4dee22500b8927903c1aec285e3874ba65ae53c2","406a3e5713a3ea38b8fd0f4df766f5fd16cba4ab2a73f2a1b71f91efd4e10077","continuation","False","108","71","37","0.343","4","4","16","12"
"2026-04-13T04:13:30.498984Z","phase3-memleak","7e915de8c02ff5f900b33e2b9a64938387ea98540633e521f73a6ccb35a88ad4","codex","dc3b9c1fe1f2f3826073af96f7f98dfbd93cb71ca481f6b845c9a03d144e7205","561e32f931f6d43855a640b37387e949eb3ce4d532806691cb6b9a795d60388e","continuation","False","108","71","37","0.343","4","4","16","12"
"2026-04-13T04:13:32.623506Z","phase3-memleak","7e915de8c02ff5f900b33e2b9a64938387ea98540633e521f73a6ccb35a88ad4","codex","d5d5501aad1b2546d887bf2b7ab24aae63a1191a33526f9511d6bc60c03514a7","49facc16d4c115de6ebda789d6350f3866a694a1156aba05ec710d34c06b8f00","continuation","False","108","71","37","0.343","4","4","16","12"
"2026-04-13T04:13:34.756914Z","phase3-memleak","7e915de8c02ff5f900b33e2b9a64938387ea98540633e521f73a6ccb35a88ad4","codex","18ef0bdb25fec83b3fafa9e0c3ac765a8c0cb769fabc328c759e1b190125938f","cfbe5f1d0e72ab6c159ea61c5fcbce0bab8eb60385dd48d5d4aa6ff6867796cb","continuation","False","108","71","37","0.343","4","4","16","12"
"2026-04-13T04:13:36.897015Z","phase3-memleak","7e915de8c02ff5f900b33e2b9a64938387ea98540633e521f73a6ccb35a88ad4","codex","08fdc442b1dab1ce7599ac96c9115475a7036c0c432e0020823e0195c97107b1","06fa0c487ab2534814d0a13432c2547f5f397b72ff3b858f6f40dee13233a3c6","continuation","False","108","71","37","0.343","4","4","16","12"
"2026-04-13T04:13:39.039961Z","phase3-memleak","7e915de8c02ff5f900b33e2b9a64938387ea98540633e521f73a6ccb35a88ad4","codex","c933efed9225378b10de9365132984b97dbd2a859c6162905024a0dcae36f721","4f7a6d611be93d0ef47ba006cda55048f54e4dd13f8797056f51f5d0e56747cd","continuation","False","108","71","37","0.343","4","4","16","12"
"2026-04-13T04:13:41.133567Z","phase3-memleak","7e915de8c02ff5f900b33e2b9a64938387ea98540633e521f73a6ccb35a88ad4","codex","db3f1607768407f60c5844e90e2b08e74227c63dd68b9ebdc64cce84f57159c2","940edb05c3388fb298e310b64e402c10c5edcc8e98470c6c88710f30ec27317f","continuation","False","108","71","37","0.343","4","4","16","12"
"2026-04-13T04:13:43.272588Z","phase3-memleak","7e915de8c02ff5f900b33e2b9a64938387ea98540633e521f73a6ccb35a88ad4","codex","0ab6ffa405546ec1c8e95dd42bdfa79fb6bd9da602f05ae09c31dd0aa017dc3d","8407601fcae5ea15dec6b215c037200160782decbfc3f62bce33b45e674550d6","continuation","False","108","71","37","0.343","4","4","16","12"
"2026-04-13T04:13:45.417532Z","phase3-memleak","7e915de8c02ff5f900b33e2b9a64938387ea98540633e521f73a6ccb35a88ad4","codex","756872b60292704306c95257e5c5075bfd11685d96218c572946cb898bec0cee","b0e3b05204137f52f7b47acc49dee07fd620d6babf2bd4507a63248094121a49","continuation","False","108","71","37","0.343","4","4","16","12"
"2026-04-13T04:13:47.528892Z","phase3-memleak","7e915de8c02ff5f900b33e2b9a64938387ea98540633e521f73a6ccb35a88ad4","codex","d43794e3895c2fa2aabe98b0a6928d110ea968e9ab21d9af9311f6692862e891","8e4fd143ebfd1e60cfb03a652a35b8f3b30c0a59b30d1a004d4a30acb913ea41","continuation","False","108","71","37","0.343","4","4","16","12"
"2026-04-13T04:13:49.657158Z","phase3-memleak","7e915de8c02ff5f900b33e2b9a64938387ea98540633e521f73a6ccb35a88ad4","codex","94c861e29643b96b1caaa564ea12ce5b0c566a2750885f338eac539b688adcb9","fb35113b99d1be4404122231e69df26b96bf8e2f5ccc52255685bdab36b60e46","continuation","False","108","71","37","0.343","4","4","16","12"
"2026-04-13T04:13:51.802655Z","phase3-memleak","7e915de8c02ff5f900b33e2b9a64938387ea98540633e521f73a6ccb35a88ad4","codex","81fcd7d14e0fdfcde4cbef9b3075614c49c6e55b51f213889e6af64684fd9755","b12325a7c61198d03b886810026b31ef743ff7439d5081a237a5897193b5def5","continuation","False","108","71","37","0.343","4","4","16","12"
"2026-04-13T04:13:53.889796Z","phase3-memleak","7e915de8c02ff5f900b33e2b9a64938387ea98540633e521f73a6ccb35a88ad4","codex","3a2e5e900e9fff380673ad80b48d852c73217b15fc2790c1e40016bd3ce04130","b7a0063ba9be8a766a3f680a7fb960e955f793f4e7130997ea84e46e3d5e3fdb","continuation","False","108","71","37","0.343","4","4","16","12"
"2026-04-13T04:13:55.993678Z","phase3-memleak","7e915de8c02ff5f900b33e2b9a64938387ea98540633e521f73a6ccb35a88ad4","codex","58eb9c2aaf9aac8d81ee2e332f44da3d9c2013b40e749dc2afcdde54c0c97ca0","1b7e26cd219d8fb6b75beb308e78ff399fc891d33bf983527115429519065af8","continuation","False","108","71","37","0.343","4","4","16","12"
"2026-04-13T04:13:58.103540Z","phase3-memleak","7e915de8c02ff5f900b33e2b9a64938387ea98540633e521f73a6ccb35a88ad4","codex","55c82484ccb14d1f6e15d5595d52eea4f7ea38a5e88cfc10467ef00537944a75","c4c53eaee51c0d629e544691ba913c7f786ea93c0b483325e05e9eee4fe797c4","continuation","False","108","71","37","0.343","4","4","16","12"
"2026-04-13T04:14:00.210513Z","phase3-memleak","7e915de8c02ff5f900b33e2b9a64938387ea98540633e521f73a6ccb35a88ad4","codex","19e768919a3c396e8e56002d891805cb52c292e4c65dd9d74ffd10b192ff6b3b","73a67028f7842f78cd6ddc52c830fda81a4250d166d8c37896438553c90597cf","continuation","False","108","71","37","0.343","4","4","16","12"
"2026-04-13T04:14:02.338439Z","phase3-memleak","7e915de8c02ff5f900b33e2b9a64938387ea98540633e521f73a6ccb35a88ad4","codex","1d7a68308464ab0958b5fac32d94ca27f6b12c5fca5e1283a882e092fdd8ffe6","788972d9de4f86f86ee0ff608db4c22be9c9921c3607bafd9b0fec56d283e8fd","continuation","False","108","71","37","0.343","4","4","16","12"
"2026-04-13T04:14:04.488007Z","phase3-memleak","7e915de8c02ff5f900b33e2b9a64938387ea98540633e521f73a6ccb35a88ad4","codex","4dd8394e5cb6e340597769637fadf29df791734a4a744424db16bf328bf19e67","13a2a1aea6612ea6db8a19fc2220687bbca90fb16a2c003afcdff4d725d7d0e0","continuation","False","108","71","37","0.343","4","4","16","12"
"2026-04-13T04:14:06.605418Z","phase3-memleak","7e915de8c02ff5f900b33e2b9a64938387ea98540633e521f73a6ccb35a88ad4","codex","d76d0885f2c1ec2532a32933979e016378e09f110712192d358d34a54e98148c","d1f18211333150c712be76b93dc3addb70a822dd969f90c405871ee41c7760ba","continuation","False","108","71","37","0.343","4","4","16","12"
"2026-04-13T04:14:08.721176Z","phase3-memleak","7e915de8c02ff5f900b33e2b9a64938387ea98540633e521f73a6ccb35a88ad4","codex","a156a83cc73137036c2c33e5b52d4c832b6f327847a86babc7373ab075ec2d44","dee5035cf26f553cb6ba0dc970e8f0826c1aacd7c2b2ee8ca1565d0be40fa61f","continuation","False","108","71","37","0.343","4","4","16","12"
"2026-04-13T04:14:10.825574Z","phase3-memleak","7e915de8c02ff5f900b33e2b9a64938387ea98540633e521f73a6ccb35a88ad4","codex","3ad9c3e4837d6e618528307da3d437b699da59c7a5764ac3e6adb8ac1734d012","b6744abb2df9819f9f78c5009456f06134a3f2987afd7aed903e2349db9aafb3","continuation","False","108","71","37","0.343","4","4","16","12"
"2026-04-13T04:14:12.933423Z","phase3-memleak","7e915de8c02ff5f900b33e2b9a64938387ea98540633e521f73a6ccb35a88ad4","codex","6dd8b841fe4ee17c171117359e00f7956af4c6c81de6739155a56f1d970bb8ac","912311f571c3d3d57bac8fb5e8509227824b248457ec2eb33ba742d925097626","continuation","False","108","71","37","0.343","4","4","16","12"
"2026-04-13T04:14:15.002366Z","phase3-memleak","7e915de8c02ff5f900b33e2b9a64938387ea98540633e521f73a6ccb35a88ad4","codex","1414d5c7fb4889ee0dceb8a9f25b3de8cd60662d8ab58427fc65880452b1d8d4","db7b8ca2339f50681774cf3fd3f2cb9dce8ddd8f7d64b92647bb702b0d16ed82","continuation","False","108","71","37","0.343","4","4","16","12"
"2026-04-13T04:14:17.132154Z","phase3-memleak","7e915de8c02ff5f900b33e2b9a64938387ea98540633e521f73a6ccb35a88ad4","codex","926430c1c31ee87cf60a5fe4e11ffb58668a123f3fb6b6c0028076427dd85339","0aba1ad7dbb9f3ba95abe0c0c8a96488ae9b81d2e3861156475e401464832622","continuation","False","108","71","37","0.343","4","4","16","12"
"2026-04-13T04:14:19.258561Z","phase3-memleak","7e915de8c02ff5f900b33e2b9a64938387ea98540633e521f73a6ccb35a88ad4","codex","89e7d70162cd0afedf5bea777484dbd1db4e864596ee44bcadb2f8d7e0462069","abc6c766dfb26c36432cd89e507c1b78d4c9c9e4d8acb72a50a1ced16708812e","continuation","False","108","71","37","0.343","4","4","16","12"
"2026-04-13T04:14:21.369267Z","phase3-memleak","7e915de8c02ff5f900b33e2b9a64938387ea98540633e521f73a6ccb35a88ad4","codex","0fffbb9e386f020775d20d85142ad70a9e9b736c4f9734ebe4d4aa687643f763","5c93941795faddf0624c39ef816ee2b023a9c7a03f81d87e1228231dbb77909f","continuation","False","108","71","37","0.343","4","4","16","12"
"2026-04-13T04:14:23.501506Z","phase3-memleak","7e915de8c02ff5f900b33e2b9a64938387ea98540633e521f73a6ccb35a88ad4","codex","2618d1069eb423efcaacf7d6c814b69b4287a59c5291a76184380907f3f9b2dd","dcd87d64edb6bd33202018e8038c6902fa07d2b6467a6f0aa49d9267b43f521c","continuation","False","108","71","37","0.343","4","4","16","12"
"2026-04-13T04:14:25.649492Z","phase3-memleak","7e915de8c02ff5f900b33e2b9a64938387ea98540633e521f73a6ccb35a88ad4","codex","f40d674a8506b0a454f21b749e68e534417d1d979532a1d6e519c451cb75fcbc","4e4d5751aeb460cf3c4704f7b53b55cce20cf754d8fc3ddeb4bbedfefb8edfdc","continuation","False","108","71","37","0.343","4","4","16","12"
"2026-04-13T04:14:27.796577Z","phase3-memleak","7e915de8c02ff5f900b33e2b9a64938387ea98540633e521f73a6ccb35a88ad4","codex","7262f18b0ed49033d455271b5038bd0764f66831ecb0703ccdd4b1caa1ed5d46","830175f14611700e583e4c1e6abe237e454903c80c12f55c42ca5a53450cfdb3","continuation","False","108","71","37","0.343","4","4","16","12"
"2026-04-13T04:14:29.895007Z","phase3-memleak","7e915de8c02ff5f900b33e2b9a64938387ea98540633e521f73a6ccb35a88ad4","codex","08a6f9372ccbedbd0adda1410bdafc765d83b9f10727202893bd578d862019a2","042f9a607a13e0e25ff7a0371b388e1283dd3201bd3c08698f8ab1323b55de78","continuation","False","108","71","37","0.343","4","4","16","12"
"2026-04-13T04:14:32.012744Z","phase3-memleak","7e915de8c02ff5f900b33e2b9a64938387ea98540633e521f73a6ccb35a88ad4","codex","c4e82b4e57968752adc613d87168be0eaa685c3a3be08d52fa572247906908f9","a4220ef9b7e698cea123146afba7679f8986f1bdb5bb9e3c578b134501fcf7f1","continuation","False","108","71","37","0.343","4","4","16","12"
"2026-04-13T04:14:34.142798Z","phase3-memleak","7e915de8c02ff5f900b33e2b9a64938387ea98540633e521f73a6ccb35a88ad4","codex","39635902b850571892847ece27c5b324f877aace017cb8a8bfe43a840522f498","fd608c96d534ac5ca860c770840b65024b218b16aca1eda6c51dfe484e6e1b6d","continuation","False","108","71","37","0.343","4","4","16","12"
"2026-04-13T04:14:36.240917Z","phase3-memleak","7e915de8c02ff5f900b33e2b9a64938387ea98540633e521f73a6ccb35a88ad4","codex","8f83b52bf40569098c9b59b7e459856bdc0a73b0c2579f642029e23eabd3eec0","a1b474a1cfd9614f71eac299286adae1576a4ac31b7a206b2fa50540d0d6c216","continuation","False","108","71","37","0.343","4","4","16","12"
"2026-04-13T04:14:38.330038Z","phase3-memleak","7e915de8c02ff5f900b33e2b9a64938387ea98540633e521f73a6ccb35a88ad4","codex","b4c978d406684d0be3ede546a32f4fdc927c69ef4a085f81c9186f4ab945ab12","46e4834870811ca28615375e46af28b6003aeb8ac77b9d02decbe41f52a44037","continuation","False","108","71","37","0.343","4","4","16","12"
"2026-04-13T04:14:40.452266Z","phase3-memleak","7e915de8c02ff5f900b33e2b9a64938387ea98540633e521f73a6ccb35a88ad4","codex","22e6834fe727fca9884d8f5f140f20450b10fb288f8e0494024bcaab358a0c73","b5a7979de79410524077b5c55efbe507366f8adb33a578c6c72a5d226b1b1730","continuation","False","108","71","37","0.343","4","4","16","12"
"2026-04-13T04:14:42.591379Z","phase3-memleak","7e915de8c02ff5f900b33e2b9a64938387ea98540633e521f73a6ccb35a88ad4","codex","496a5103243905c4214b875c6d1b77bcdc929196d948a1411a998a95744fb48c","cdef8317fb41d5db95ed1ca81cb3f6ba03354158a396365014dd8ad5d35a0869","continuation","False","108","71","37","0.343","4","4","16","12"
"2026-04-13T04:14:44.737778Z","phase3-memleak","7e915de8c02ff5f900b33e2b9a64938387ea98540633e521f73a6ccb35a88ad4","codex","8c9d066994cec798ba053d934c4484ccee7f89b140981114e4f60562608ba4fe","41e4c8872f441b80c509facff166d68815c34d8e34f11226438634930ee2f940","continuation","False","108","71","37","0.343","4","4","16","12"
"2026-04-13T04:14:46.902696Z","phase3-memleak","7e915de8c02ff5f900b33e2b9a64938387ea98540633e521f73a6ccb35a88ad4","codex","a23271abe2ee9a7342e6b59f1389eb538250ecdd7e9533b3b1d7692707323e03","9476eb982843b2429ce1fe1430174d1ce180bc53ebf8cfa7df57d5d325bec314","continuation","False","108","71","37","0.343","4","4","16","12"
"2026-04-13T04:14:49.028123Z","phase3-memleak","7e915de8c02ff5f900b33e2b9a64938387ea98540633e521f73a6ccb35a88ad4","codex","12d38b0971fc09ffb85c4a62746c21ce5696bcbaaed7a71d746bf9c623416033","6e09b541734b8e8925045d8f93e1ca82e85eb391960146ba1c1e7c766e17acae","continuation","False","108","71","37","0.343","4","4","16","12"
"2026-04-13T04:14:51.141354Z","phase3-memleak","7e915de8c02ff5f900b33e2b9a64938387ea98540633e521f73a6ccb35a88ad4","codex","88d0281801a578b564c6394558ddafdef6a68b5312fc225e3220dc17e27694ce","c4bc0824aaff4fe7b2533aafb3f43e808b26d234d82eeb02d9424588bc0f460d","continuation","False","108","71","37","0.343","4","4","16","12"
"2026-04-13T04:14:53.281177Z","phase3-memleak","7e915de8c02ff5f900b33e2b9a64938387ea98540633e521f73a6ccb35a88ad4","codex","7d9d716fee09ba1d23244ecdd55269b93fcb1f9ae60a66a7aaf58a2f52801cbe","490c5d10b529b1ff9e61fa3449d6058e1f97aa632f41409627a630491e26c316","continuation","False","108","71","37","0.343","4","4","16","12"
"2026-04-13T04:14:55.379253Z","phase3-memleak","7e915de8c02ff5f900b33e2b9a64938387ea98540633e521f73a6ccb35a88ad4","codex","e88c82905bc22b45fa3afd0bfb651687314b913240fd61920c7130dd5826fc52","369869ca30d6ab50d7f1726d7c457925fd5f77a5a9486bd319b25852d6cd06c8","continuation","False","108","71","37","0.343","4","4","16","12"
"2026-04-13T04:14:57.518095Z","phase3-memleak","7e915de8c02ff5f900b33e2b9a64938387ea98540633e521f73a6ccb35a88ad4","codex","6979a0162832e503338f300b918af89cbd6fe7c6f0e8bd940a4d23c31e1ac858","d10fdcfb1dbc8a1cd21fb1158ec64c3335d9a7183c188ea13d905f7cc13befa5","continuation","False","108","71","37","0.343","4","4","16","12"
"2026-04-13T04:14:59.668133Z","phase3-memleak","7e915de8c02ff5f900b33e2b9a64938387ea98540633e521f73a6ccb35a88ad4","codex","98d43c18b878ec350ea229667bf98a2cd7f839ca871fd2425d74501b398ecc11","fd965041a20ad4e9584c93addd79eafb8ea2baa110be0323a86bb65ad325a247","continuation","False","108","71","37","0.343","4","4","16","12"
"2026-04-13T04:15:01.792777Z","phase3-memleak","7e915de8c02ff5f900b33e2b9a64938387ea98540633e521f73a6ccb35a88ad4","codex","492efec74b457ddf515280922193df034454f36dc1a49cedbf7c0ca6840f38f9","7a959fd7ee899e3a9e3cc8e1e5d4af40a1693a774aa7016314d3bd43f3ee4ddc","continuation","False","108","71","37","0.343","4","4","16","12"
"2026-04-13T04:15:03.923942Z","phase3-memleak","7e915de8c02ff5f900b33e2b9a64938387ea98540633e521f73a6ccb35a88ad4","codex","0501f057077c5c1562da69fafd28ec8d1f491851b6bf35d2ea201dc324c9f519","a08abf6ff09952eb87200178297e450fd2863568fff6155d427f98c42e43ba44","continuation","False","108","71","37","0.343","4","4","16","12"
"2026-04-13T04:15:06.048135Z","phase3-memleak","7e915de8c02ff5f900b33e2b9a64938387ea98540633e521f73a6ccb35a88ad4","codex","de279b00ad3a21bed0161c893fe75e9b2deeaeb36145196e78d0b774c8972f89","109a85aeddaa351ca78fb1a8f4e9b2a56e7bcbfb769144eb8e6e1c818058fe1e","continuation","False","108","71","37","0.343","4","4","16","12"
"2026-04-13T04:15:08.142479Z","phase3-memleak","7e915de8c02ff5f900b33e2b9a64938387ea98540633e521f73a6ccb35a88ad4","codex","3c2f8c382f23850fb33c2dd7318571763472f6c1847f6f0145388417662ad9ad","f59cf0d70f54f5e0f60cb63a4c3d9c1a515204045f94b006028294ca81fe5de7","continuation","False","108","71","37","0.343","4","4","16","12"
"2026-04-13T04:15:10.278836Z","phase3-memleak","7e915de8c02ff5f900b33e2b9a64938387ea98540633e521f73a6ccb35a88ad4","codex","83f4471fc31f73450f537fe7a294c0b1766b16aad6efb2a693568b92f41ca634","ce547578ffb2889e782b9ae9ad295a6bcf14e5ff70ffb1658951aab32e84e3e5","continuation","False","108","71","37","0.343","4","4","16","12"
"2026-04-13T04:15:12.412151Z","phase3-memleak","7e915de8c02ff5f900b33e2b9a64938387ea98540633e521f73a6ccb35a88ad4","codex","cfd2dce0b5a4c28d179f89ef8dab6ba58f8b83f07d66ca02762a7aebed49dbd8","35318f40bbb81267f79e08adcf1e132a77c07803367b5e26ef363c2b08312c42","continuation","False","108","71","37","0.343","4","4","16","12"
"2026-04-13T04:15:14.510959Z","phase3-memleak","7e915de8c02ff5f900b33e2b9a64938387ea98540633e521f73a6ccb35a88ad4","codex","308f0ff25fd3533574089b354de689cb485bc997f46d67db6d03a7bf80af60a9","4c30c4a9da74dc5b8fb725b48a47beb364a826dd4661f025dcf6707995b92a9d","continuation","False","108","71","37","0.343","4","4","16","12"
"2026-04-13T04:15:16.677520Z","phase3-memleak","7e915de8c02ff5f900b33e2b9a64938387ea98540633e521f73a6ccb35a88ad4","codex","c2ac79c209c569a86dbf0661830e84c5554cbde8e2d9462aa3a7ddda4d20a909","fc61688e06c8f8e294128c71f0dbbd3cb81e0b09df9f36ae812d27d7f0432006","continuation","False","108","71","37","0.343","4","4","16","12"
"2026-04-13T04:15:18.809824Z","phase3-memleak","7e915de8c02ff5f900b33e2b9a64938387ea98540633e521f73a6ccb35a88ad4","codex","5c17ed7bffb6ac3f1a0cec20e9b45de8b34baea360b718239d9d6d7506370dc5","86703d14f83777d70bb974181698d085313a2bbe1df11ced10aea28e83b1d36b","continuation","False","108","71","37","0.343","4","4","16","12"
"2026-04-13T04:15:20.940388Z","phase3-memleak","7e915de8c02ff5f900b33e2b9a64938387ea98540633e521f73a6ccb35a88ad4","codex","0a49f88e90e0b9cdb590c11a21c22ff6a1d5b8528d56e3204639188dc465c98a","b5163b2845e9a6d1b4e84e5e07f14c61745b6e0b50e9660b1a0de088636625e5","continuation","False","108","71","37","0.343","4","4","16","12"
"2026-04-13T04:15:23.073237Z","phase3-memleak","7e915de8c02ff5f900b33e2b9a64938387ea98540633e521f73a6ccb35a88ad4","codex","20af8dbffbf49a66ed90cdebfe275ca563ce3f8d586fe312db3e266842bb874b","287b355a5ed17c04f1523b56cfecdb45f6dfc281c12ce5e2ff5e9b9f0a78879c","continuation","False","108","71","37","0.343","4","4","16","12"
"2026-04-13T04:15:25.193612Z","phase3-memleak","7e915de8c02ff5f900b33e2b9a64938387ea98540633e521f73a6ccb35a88ad4","codex","653029f340ed3ea446314bfeac8cb6b948e0237c7e7f068d58a6f017450479b7","927b368733082de601062fc61d332bc33a34a3a0bf59e2c9334081c08749d447","continuation","False","108","71","37","0.343","4","4","16","12"
"2026-04-13T04:15:27.341913Z","phase3-memleak","7e915de8c02ff5f900b33e2b9a64938387ea98540633e521f73a6ccb35a88ad4","codex","b5bc7f48ca1f5171648fc0c03aca5c5bd9fcb4e626110e988f24d2783d0b214a","d6cbc04d618e07b4343d5b1e9b91becb0a3f2fa6fbce16642afea128230a4658","continuation","False","108","71","37","0.343","4","4","16","12"
"2026-04-13T04:15:29.473324Z","phase3-memleak","7e915de8c02ff5f900b33e2b9a64938387ea98540633e521f73a6ccb35a88ad4","codex","c294ef5538def6691fba255d375189f3168dd06f634cb2d42d9cdd0b0fe628e8","e7b6495a2d04ee2718a779b997a556df294573693229fe5247ab6a0a665d8731","continuation","False","108","71","37","0.343","4","4","16","12"
"2026-04-13T04:15:31.616246Z","phase3-memleak","7e915de8c02ff5f900b33e2b9a64938387ea98540633e521f73a6ccb35a88ad4","codex","1acb39f16781dd2ee75b39886157beee0a17fcc6efc1f31c46f3592660cbbb5d","f9c929ecb2c89b5df622e426604ed94e155182d6a2458b251a88dc21a437e625","continuation","False","108","71","37","0.343","4","4","16","12"
"2026-04-13T04:15:33.741076Z","phase3-memleak","7e915de8c02ff5f900b33e2b9a64938387ea98540633e521f73a6ccb35a88ad4","codex","ba608523a6185a09172fe8fa106ff6344517bcd307615fa6e0883a3d55c78fa9","99ec353366db7b806a7d1c68f5ee93561416da586f0b24af434c311041cbd28d","continuation","False","108","71","37","0.343","4","4","16","12"
"2026-04-13T04:15:35.845799Z","phase3-memleak","7e915de8c02ff5f900b33e2b9a64938387ea98540633e521f73a6ccb35a88ad4","codex","4d092916b04595a955d11ba9252a617ba3cae8764b8b303ca9f1982df7ff038a","e745f90dd61023d0b0b7db9c9a8fe43f611537d842452fc690a22e3e3080a9aa","continuation","False","108","71","37","0.343","4","4","16","12"
"2026-04-13T04:15:37.954374Z","phase3-memleak","7e915de8c02ff5f900b33e2b9a64938387ea98540633e521f73a6ccb35a88ad4","codex","f8d6fc38f72723f13735c385e00cf44532e601ade70cd20e7da09ba436148582","f86da464630e14c5b84e4e880be43fa00546d38fd01b339d11db8dd72cc66179","continuation","False","108","71","37","0.343","4","4","16","12"
"2026-04-13T04:15:40.081510Z","phase3-memleak","7e915de8c02ff5f900b33e2b9a64938387ea98540633e521f73a6ccb35a88ad4","codex","aa0267f289f4750f5fc57ae530a1335860c48b7bb50946260be2ef37a14e9bd0","69d4d2ad8a8947f9502c20e2e0a2a72b7ca09a335ab0312cb29877f2899327c5","continuation","False","108","71","37","0.343","4","4","16","12"
"2026-04-13T04:15:42.193388Z","phase3-memleak","7e915de8c02ff5f900b33e2b9a64938387ea98540633e521f73a6ccb35a88ad4","codex","df5209f7c3fad77c0ad8442da2d1bcf74039f3ae77fda5b32595540126591521","c1e87b5a424bd3556ae0731c5048d70e8a16b22691aa6b5a430ee2ac42565ef9","continuation","False","108","71","37","0.343","4","4","16","12"
"2026-04-13T04:15:44.326220Z","phase3-memleak","7e915de8c02ff5f900b33e2b9a64938387ea98540633e521f73a6ccb35a88ad4","codex","f5e5ac039c8249494b43e67468317e4b4168a8dc0794d782a59c0082ffc0fab6","3530463fee6828b9e47ab7c5babb0b52e0054154e3152c6e92de900b45921990","continuation","False","108","71","37","0.343","4","4","16","12"
"2026-04-13T04:15:46.449445Z","phase3-memleak","7e915de8c02ff5f900b33e2b9a64938387ea98540633e521f73a6ccb35a88ad4","codex","360a2bb5020910cc5a8a8e2bd3547c105399325acca28a1d9f817f577011a2ba","22b347cee15e9e795ca5eb0aa3c11c16b742993a4f21b24a8b9d33f707a233cd","continuation","False","108","71","37","0.343","4","4","16","12"
"2026-04-13T04:15:48.589129Z","phase3-memleak","7e915de8c02ff5f900b33e2b9a64938387ea98540633e521f73a6ccb35a88ad4","codex","4f25c54f696858c5aa400a3c64324cd582020addb2e8587c2b9d5dc7ce138716","a89e8e15956a8bfbff6fc7a110a1af01cceeeaa2d41d502198f28338d833ecb9","continuation","False","108","71","37","0.343","4","4","16","12"
"2026-04-13T04:15:50.771033Z","phase3-memleak","7e915de8c02ff5f900b33e2b9a64938387ea98540633e521f73a6ccb35a88ad4","codex","70e80e41c1d47f79b4aae76d9c719f64ba7af7476d228eeb2a05cec061d31fb3","7f2df27cac780abc7db2c371cec1a1e812340cfceb50907d596216939f0c72e2","continuation","False","108","71","37","0.343","4","4","16","12"
"2026-04-13T04:15:52.919777Z","phase3-memleak","7e915de8c02ff5f900b33e2b9a64938387ea98540633e521f73a6ccb35a88ad4","codex","e4303d17588e2c9e576fbb4fbb628e987b1c07864cfc628b44b8aecfee584f64","f3c53531a5a9b26f8ecd395afafe92a15f68ab3f2e2061c730e16094d88606e5","continuation","False","108","71","37","0.343","4","4","16","12"
"2026-04-13T04:15:55.053030Z","phase3-memleak","7e915de8c02ff5f900b33e2b9a64938387ea98540633e521f73a6ccb35a88ad4","codex","8b670d5c81c096fc290b5618d71436e6141df93bf53661e1a9c205bc34b48c3d","8b22fd119dcda2b0c4e3a33b7f4ce9f00c3e10ce0ddbc3be05a4115ec633a232","continuation","False","108","71","37","0.343","4","4","16","12"
"2026-04-13T04:15:57.194164Z","phase3-memleak","7e915de8c02ff5f900b33e2b9a64938387ea98540633e521f73a6ccb35a88ad4","codex","6c473d46a2fb3a712b52aa9e4be05e06789fadb6d114fef2506a1ad3c37ce80a","e1f9822d14a5cf6858bf78e8792388b6f0d41f0875c0a539a2f6752a3c4326de","continuation","False","108","71","37","0.343","4","4","16","12"
"2026-04-13T04:15:59.327013Z","phase3-memleak","7e915de8c02ff5f900b33e2b9a64938387ea98540633e521f73a6ccb35a88ad4","codex","de864b2233d7cd48075d5ad1f826c476f96eb2a88d0945de9a31c70334e75c63","64b9a210f8a309d94b138483f2c435f1266b08e3b7347ec8aa185dca875e3946","continuation","False","108","71","37","0.343","4","4","16","12"
"2026-04-13T04:16:01.457510Z","phase3-memleak","7e915de8c02ff5f900b33e2b9a64938387ea98540633e521f73a6ccb35a88ad4","codex","d51e5963bfd4a41e646230f84b3eb112021c6f9154a79bcf28aa1dc2e57b5635","af9e2068eba49638152d8fbf83e82cb3dd027e92d88b2fab285ef42ee1525409","continuation","False","108","71","37","0.343","4","4","16","12"
"2026-04-13T04:16:03.616224Z","phase3-memleak","7e915de8c02ff5f900b33e2b9a64938387ea98540633e521f73a6ccb35a88ad4","codex","ebc4aff3d3a1e1e6acdf4b941f1eb81fa78e1e71ac42065309e1058e7a569370","0efa5e20278d711ea9cc03ebfc32e00cbce31e52ea76d454e3bd5945f9bcf38f","continuation","False","108","71","37","0.343","4","4","16","12"
"2026-04-13T04:16:05.773060Z","phase3-memleak","7e915de8c02ff5f900b33e2b9a64938387ea98540633e521f73a6ccb35a88ad4","codex","2b3e75b26ef92b45f5b4887b73409494b63001fbcdd84b4f2e4dab5420481292","0f92e409d3d72393e33c93adc5b4bcb2d0977ae0c78fd0b0f764f247594f2125","continuation","False","108","71","37","0.343","4","4","16","12"
"2026-04-13T04:16:07.925365Z","phase3-memleak","7e915de8c02ff5f900b33e2b9a64938387ea98540633e521f73a6ccb35a88ad4","codex","cf48dbbe03e3a187566e5789e6c736c07e3fa8cffa2ead7c9efd4b759d4a1212","81d60c5a1d5b280064168e25002a816c441e3afc10d4e1f9492d4b1c6cf3c2ca","continuation","False","108","71","37","0.343","4","4","16","12"
"2026-04-13T04:16:10.023883Z","phase3-memleak","7e915de8c02ff5f900b33e2b9a64938387ea98540633e521f73a6ccb35a88ad4","codex","28442f823b5a519ccfeb4f761d61a1395f6b9a7ec130355aec5fab92097ff348","fccf2fe77bf9a5f2ca1566e6dafe015f1ac8bea6af23083badc9f851114ca446","continuation","False","108","71","37","0.343","4","4","16","12"
"2026-04-13T04:16:12.146670Z","phase3-memleak","7e915de8c02ff5f900b33e2b9a64938387ea98540633e521f73a6ccb35a88ad4","codex","aa040688a6760fe74b6b57cbd6f06c6183e797c254d59a7599c3393a6af46bc9","0e180a29ed0c5f7d329e53e618f64d56731b16dc193a80211ec03a401090a9ee","continuation","False","108","71","37","0.343","4","4","16","12"
"2026-04-13T04:16:14.265883Z","phase3-memleak","7e915de8c02ff5f900b33e2b9a64938387ea98540633e521f73a6ccb35a88ad4","codex","61741c7c9d7a78d9deb661a14ccdc2a3af684d228147df957d9e3094737efd9e","f8cbae72ffdfe51bef8501c73e46d4b92156df5b81fb48bf140f083f6a76341f","continuation","False","108","71","37","0.343","4","4","16","12"
"2026-04-13T04:16:16.396226Z","phase3-memleak","7e915de8c02ff5f900b33e2b9a64938387ea98540633e521f73a6ccb35a88ad4","codex","4babca98e842b3e206e0be7accd4b6854c771c506458575c5ebc3af12d3c57d3","b599bdac0182b6cd3e2ab6153922702d6b0c0f1f9040c3a7df11a652b8a45216","continuation","False","108","71","37","0.343","4","4","16","12"
"2026-04-13T04:16:18.545455Z","phase3-memleak","7e915de8c02ff5f900b33e2b9a64938387ea98540633e521f73a6ccb35a88ad4","codex","af56085ba44024dea7ccd3d3a334cb6a31f3565295e277d65fe09311423ef956","ea54dc3b7703db973c76c2b1f464f1e3f4a85a26008281470d95fd1c9780deb3","continuation","False","108","71","37","0.343","4","4","16","12"
"2026-04-13T04:16:20.697672Z","phase3-memleak","7e915de8c02ff5f900b33e2b9a64938387ea98540633e521f73a6ccb35a88ad4","codex","f21384c50f9831d9e93efe8334a7ce84f7535fa7f62d72e1c0c5c950c40d7e6c","834ad56a1baa9c226e69da3778c1dffbb266055a1e004b27d39b0191d3750dee","continuation","False","108","71","37","0.343","4","4","16","12"
"2026-04-13T04:16:22.888310Z","phase3-memleak","7e915de8c02ff5f900b33e2b9a64938387ea98540633e521f73a6ccb35a88ad4","codex","a653cfc026ed2f5b8f2dcee01f25d18377fbb15e52486a8210b9cb0128df84e4","c8fe1c7e1038485263a140cb6f30a32c4c7af7e493d4d617239ad2630bcec61b","continuation","False","108","71","37","0.343","4","4","16","12"
"2026-04-13T04:16:25.010294Z","phase3-memleak","7e915de8c02ff5f900b33e2b9a64938387ea98540633e521f73a6ccb35a88ad4","codex","ee2b4c7112e1cb51f9258c4a639e354b2f9b35afaae15af86b7a51de550120ac","e5d2c61524425ef244ca808e27cad258fb859a377911e2f447f63d1c171d4736","continuation","False","108","71","37","0.343","4","4","16","12"
"2026-04-13T04:16:27.134383Z","phase3-memleak","7e915de8c02ff5f900b33e2b9a64938387ea98540633e521f73a6ccb35a88ad4","codex","0040767f4632beb7908c56e34d4dddf7dd2b0b4b017946b8d0d8b94de8e748bf","4d0b90805c424255cc5454c369840576b67db94fb573dcf7592cc11fb15c0bd3","continuation","False","108","71","37","0.343","4","4","16","12"
"2026-04-13T04:16:29.264119Z","phase3-memleak","7e915de8c02ff5f900b33e2b9a64938387ea98540633e521f73a6ccb35a88ad4","codex","63f0f67916d8abce3a4c9fc7a560f56754e1684e64e535c5fd0933dec105437b","38d36f8816d88a7777547f1b1c6b949c82e1f53f25d62ab70d6305436cadba9d","continuation","False","108","71","37","0.343","4","4","16","12"
"2026-04-13T04:16:31.379920Z","phase3-memleak","7e915de8c02ff5f900b33e2b9a64938387ea98540633e521f73a6ccb35a88ad4","codex","52bbb4afe104a24d2b46e9411ddf3cbf16be5c14516aa6a5535ce67d29718d41","f0dd94f229ecc94ba4c673f2d45126688adf55021b3826244fe0a61ce0394866","continuation","False","108","71","37","0.343","4","4","16","12"
"2026-04-13T04:16:33.549975Z","phase3-memleak","7e915de8c02ff5f900b33e2b9a64938387ea98540633e521f73a6ccb35a88ad4","codex","a042c63e9728c4224d0a2ab7b478cfb288ba8d81e6ce46f6fe63f2dd51a48652","da08bcf8848337199ffaad464663fdcc7225818f2cb8d5e17d97b4154bd3e9bf","continuation","False","108","71","37","0.343","4","4","16","12"
"2026-04-13T04:16:35.707812Z","phase3-memleak","7e915de8c02ff5f900b33e2b9a64938387ea98540633e521f73a6ccb35a88ad4","codex","ea0203c004774a6bda753813e34ef0110e8efb8e9324c0859509bb4ae3ba016e","44c3f8722c941f1e2b8666068e31595fa46a66e6a14c7cea1ecd775ac57416ff","continuation","False","108","71","37","0.343","4","4","16","12"
"2026-04-13T04:16:37.842379Z","phase3-memleak","7e915de8c02ff5f900b33e2b9a64938387ea98540633e521f73a6ccb35a88ad4","codex","f23d9d77a17a20f957cabd167444afb5bdc8f24ab232fbf2c414550efaebae26","a6944febe845ed0cb6e7dc5ec1c7d2860344cf48add6390dd52dd2a7493d1dc0","continuation","False","108","71","37","0.343","4","4","16","12"
"2026-04-13T04:16:39.944468Z","phase3-memleak","7e915de8c02ff5f900b33e2b9a64938387ea98540633e521f73a6ccb35a88ad4","codex","ea15212ae16ee1528dc07b3fa8432de5a383fce5deb87ea94b121f87ffb46905","c33b565bbb5cf9dd2a46a31abfe8cafedc49ad1cb88ba631a0fa6b9b4f73c9e4","continuation","False","108","71","37","0.343","4","4","16","12"
"2026-04-13T04:16:42.100475Z","phase3-memleak","7e915de8c02ff5f900b33e2b9a64938387ea98540633e521f73a6ccb35a88ad4","codex","aad54f40291ebd66a16007eef84fbc224b58e24b0d360d46a4dd502a195e590c","3f14d73ac0df1a571b8b06af6d20c629af34814b27bd1b6f1ab0441f15a2edf1","continuation","False","108","71","37","0.343","4","4","16","12"
"2026-04-13T04:16:44.207838Z","phase3-memleak","7e915de8c02ff5f900b33e2b9a64938387ea98540633e521f73a6ccb35a88ad4","codex","b14a6eb9541724ed57c5e9d99a189ef034662e356a5d041e78b686bc7efc8224","56e4c81da70c36f0f6122a41bdfca3c425979ab107ce13e5126652c911bd93f9","continuation","False","108","71","37","0.343","4","4","16","12"
"2026-04-13T04:16:46.335783Z","phase3-memleak","7e915de8c02ff5f900b33e2b9a64938387ea98540633e521f73a6ccb35a88ad4","codex","79538660c391b6c50d73cd330d1071a7c67be3e0f926ccecd8700f44b949d8a0","dac8eb7c21aefbbbe359733d72ff62a4ddc39a3f34c61a66d756f760b577fc43","continuation","False","108","71","37","0.343","4","4","16","12"
"2026-04-13T04:16:48.477637Z","phase3-memleak","7e915de8c02ff5f900b33e2b9a64938387ea98540633e521f73a6ccb35a88ad4","codex","d08627098b1812fb03025db26540c852d78e7a2ceb939229a8939f71422f7b48","987ae4e6b43ecf05a8e596fe80e00885ef21d4e8593f5b2d74d12e97eab5881f","continuation","False","108","71","37","0.343","4","4","16","12"
"2026-04-13T04:16:50.613774Z","phase3-memleak","7e915de8c02ff5f900b33e2b9a64938387ea98540633e521f73a6ccb35a88ad4","codex","b7cfa1816a118a7ab1a5dacc6131aa77bd1c1e0a7b27c93e67c726c29baf165d","3c9dafb9878118d18f3fd54169d9d7dfad26ec86de5dd94d04ded87a0e83c1dd","continuation","False","108","71","37","0.343","4","4","16","12"
"2026-04-13T04:16:52.765944Z","phase3-memleak","7e915de8c02ff5f900b33e2b9a64938387ea98540633e521f73a6ccb35a88ad4","codex","49bbaf1b42696e6f69f3041cb5865db1e3f4d7cfd1dacddc953bcf8b69355052","368acbabb96e3dc23d34f1eeafe0e3230d16558171d40d4a5596bea0986f18f7","continuation","False","108","71","37","0.343","4","4","16","12"
"2026-04-13T04:16:54.886627Z","phase3-memleak","7e915de8c02ff5f900b33e2b9a64938387ea98540633e521f73a6ccb35a88ad4","codex","ea1154d5c966478f4e8777a4c4a742f364ba810dd3920d46a2c2b2964ff889fd","ab587198f743a71a02fef67f5107d4aa2f06fe15921e2a398001016eb3a3901b","continuation","False","108","71","37","0.343","4","4","16","12"
"2026-04-13T04:16:56.993306Z","phase3-memleak","7e915de8c02ff5f900b33e2b9a64938387ea98540633e521f73a6ccb35a88ad4","codex","e04c159e0f58aa3f9b6295cf3f8b935e853577af548f0a2a8f8cc7be7eac523e","42378c75e4d0a7b20903bc64c9bca5a119a7ede09a5448c6cb0af74bbd2bd599","continuation","False","108","71","37","0.343","4","4","16","12"
"2026-04-13T04:16:59.093577Z","phase3-memleak","7e915de8c02ff5f900b33e2b9a64938387ea98540633e521f73a6ccb35a88ad4","codex","113e005e2d26dd141bcc1f6325c480d01cc24e6b28ce6b080717115920dfa829","9b47c212c0a088d4636b5358eb130daf1ec669e01a196f19093ca7c719863a29","continuation","False","108","71","37","0.343","4","4","16","12"
"2026-04-13T04:17:01.211815Z","phase3-memleak","7e915de8c02ff5f900b33e2b9a64938387ea98540633e521f73a6ccb35a88ad4","codex","0b29ecfe50282b1fdab0da03e16a87ee25132d918770554236c7f9241b0dd1c6","d6e616921c48d11393fddf9d12d61410a210329630969f8cda25834c4cf33eee","continuation","False","108","71","37","0.343","4","4","16","12"
"2026-04-13T04:17:03.353906Z","phase3-memleak","7e915de8c02ff5f900b33e2b9a64938387ea98540633e521f73a6ccb35a88ad4","codex","286cc93a05ae05e06ac9605bc9071e9a1d1ab1ff7b12495f90806e92c71e6775","cdcdcc7aa9cb1a0e44b21422e8edc9499177de7db98d0418571a319070992377","continuation","False","108","71","37","0.343","4","4","16","12"
"2026-04-13T04:17:05.461671Z","phase3-memleak","7e915de8c02ff5f900b33e2b9a64938387ea98540633e521f73a6ccb35a88ad4","codex","be2678cec499e3393963ecea74a5842db91693c2da0cf070012e9b737de9dbbc","442be1fb3aa7156c109e3af5c85cee99f30a872b29c72880c90a3eae640ce788","continuation","False","108","71","37","0.343","4","4","16","12"
"2026-04-13T04:17:07.620067Z","phase3-memleak","7e915de8c02ff5f900b33e2b9a64938387ea98540633e521f73a6ccb35a88ad4","codex","65015d7c6d6fe1a3706bacc1609c7809c47de39e90a5aaa70912b7cd807fbcc9","e44017b35f9c63a6e02780cccd5b8b464e3ba424092ec078fe0c1818470a3bcd","continuation","False","108","71","37","0.343","4","4","16","12"
"2026-04-13T04:17:09.741563Z","phase3-memleak","7e915de8c02ff5f900b33e2b9a64938387ea98540633e521f73a6ccb35a88ad4","codex","c921cf8d9a1bd914b1f35528c16fa8f3bd90dc09032bffb750a5c62acc042f7b","cbc41faf1ecd28e7eefe6e56f5c92dc8fa17a1adf1b9c5aeee648f49b61577ea","continuation","False","108","71","37","0.343","4","4","16","12"
"2026-04-13T04:17:11.832534Z","phase3-memleak","7e915de8c02ff5f900b33e2b9a64938387ea98540633e521f73a6ccb35a88ad4","codex","6688fa6c0020e6521f6de012c1e68d285de43a3e5fd77cda005e54371e83db6b","05a2dcbaea8bb62cb5626f8c96fa1ee1467396e15c3657b646094b9af2e70707","continuation","False","108","71","37","0.343","4","4","16","12"
"2026-04-13T04:17:13.981643Z","phase3-memleak","7e915de8c02ff5f900b33e2b9a64938387ea98540633e521f73a6ccb35a88ad4","codex","484d59913aae766e2aa2d576b72b1c8f7485f14537858f8a170643ab8c72d75e","53f9be2374b6c56bcc1f07a6c3ac9f0cd2446916b83626359e92288bea33ad9a","continuation","False","108","71","37","0.343","4","4","16","12"
"2026-04-13T04:17:16.116407Z","phase3-memleak","7e915de8c02ff5f900b33e2b9a64938387ea98540633e521f73a6ccb35a88ad4","codex","af46c5806878ed6054dd7bd0337524b5ce892d0e474f0aa6b85b1b29e62f343d","27308c5e9aa048a12dcf3a465488cd0e72ff2be7c7c7b76a698ecb558abd2600","continuation","False","108","71","37","0.343","4","4","16","12"
"2026-04-13T04:17:18.241132Z","phase3-memleak","7e915de8c02ff5f900b33e2b9a64938387ea98540633e521f73a6ccb35a88ad4","codex","2c1b2fa3858a91d9fd982758fe6f6a7e8684cba7d4127c556d3844b01fe1b3a0","9c1f72b643cca7cf352e169ba1382a7bdcc48a6f52ade1370c9bc35f6bde55b4","continuation","False","108","71","37","0.343","4","4","16","12"
"2026-04-13T04:17:20.390645Z","phase3-memleak","7e915de8c02ff5f900b33e2b9a64938387ea98540633e521f73a6ccb35a88ad4","codex","87a8b7b37da7f876a7ff5639be417d8864ad248616498bc7030f204d4f985360","2474ec081bd4ffd2de643da74d3e5830278ab6a8f5f8af68012bddc744a58229","continuation","False","108","71","37","0.343","4","4","16","12"
"2026-04-13T04:17:22.527594Z","phase3-memleak","7e915de8c02ff5f900b33e2b9a64938387ea98540633e521f73a6ccb35a88ad4","codex","a2155106f9a072498fcdfe6cd2bb436037f8f7cfc10ff000e508d3bc6f4ffc8a","5e11f0a27e75b10d0e49df6eddd7e2225cea3a1e9ae23877b23738fdccd90204","continuation","False","108","71","37","0.343","4","4","16","12"
"2026-04-13T04:17:24.668395Z","phase3-memleak","7e915de8c02ff5f900b33e2b9a64938387ea98540633e521f73a6ccb35a88ad4","codex","32d02d1968a89aaad1f82f648dfc06f4ff4d0cf7ee4183e23f84f8078b136725","f76c2f51051310b6ca25387ae6108e532d7422f0808ffe5954b2f1b223973c38","continuation","False","108","71","37","0.343","4","4","16","12"
"2026-04-13T04:17:26.800750Z","phase3-memleak","7e915de8c02ff5f900b33e2b9a64938387ea98540633e521f73a6ccb35a88ad4","codex","9be2baf6dfb09e02142a019812d842852938e5c78cea52a52f135b9c47db4724","ef60502f89c6805098ef6ef1893e915bf29a6fd3e7f2716c8324b23c562fa0a1","continuation","False","108","71","37","0.343","4","4","16","12"
"2026-04-13T04:17:28.926322Z","phase3-memleak","7e915de8c02ff5f900b33e2b9a64938387ea98540633e521f73a6ccb35a88ad4","codex","80509e5a5dfec225a4d79f3fc1210bc3f98e27063bacefdfca6fc0b91599f07c","05673140159cff81bba2a9853cbd66ebd2721e700eb575f628f934216588b576","continuation","False","108","71","37","0.343","4","4","16","12"
"2026-04-13T04:17:31.032008Z","phase3-memleak","7e915de8c02ff5f900b33e2b9a64938387ea98540633e521f73a6ccb35a88ad4","codex","875eb86912223074666a20652c756f12ba998c544fcf679a20a7d84a392c7df9","5fa5db29169dc608f4bf831779066a556b3333201c0d7042152feaf0e6b16b63","continuation","False","108","71","37","0.343","4","4","16","12"
"2026-04-13T04:17:33.140287Z","phase3-memleak","7e915de8c02ff5f900b33e2b9a64938387ea98540633e521f73a6ccb35a88ad4","codex","5f838dab314649af9555b2332a6e90204d9cf2823d07469dec44e8377c176027","181f169cf6dc6c36322459fd2445c5a75180d848325cf26fa55f4a9ab1c557ce","continuation","False","108","71","37","0.343","4","4","16","12"
"2026-04-13T04:17:35.303662Z","phase3-memleak","7e915de8c02ff5f900b33e2b9a64938387ea98540633e521f73a6ccb35a88ad4","codex","c323eeb676b52dfb3df1c5fe84b45888803d8d9a5fc91317bbafe11ee8a64029","1a6169eed685f65c2b166f4846673ef0f648c45a9b35d175c9ea1ab497bc0341","continuation","False","108","71","37","0.343","4","4","16","12"
"2026-04-13T04:17:37.493796Z","phase3-memleak","7e915de8c02ff5f900b33e2b9a64938387ea98540633e521f73a6ccb35a88ad4","codex","d454d64efe7abc1b707168d1326d08f6c05ba20c038ad46f7af4225e75d59c4b","88a411d3c8f6c733bff88eb4c0fccb03bdfe79b6c0d69bf205672416d31ce28c","continuation","False","108","71","37","0.343","4","4","16","12"
"2026-04-13T04:17:39.677333Z","phase3-memleak","7e915de8c02ff5f900b33e2b9a64938387ea98540633e521f73a6ccb35a88ad4","codex","c6bf30e93da947f25e4de38c59c5df39a3c37b24da037fed346b5fc77c2b55b9","6a6c4df02a0e8ff226cfefade5ab84391385044b7553756d7088c2ded0f9a3b1","continuation","False","108","71","37","0.343","4","4","16","12"
"2026-04-13T04:17:41.834585Z","phase3-memleak","7e915de8c02ff5f900b33e2b9a64938387ea98540633e521f73a6ccb35a88ad4","codex","0dac1956ae78f6d2cdd093a21bd059c0759799dc039dcaf61b69e41504723d06","26d354f56f2d00380bb69d7e961805ab3b77517dd722f06236ee8a6a496a5351","continuation","False","108","71","37","0.343","4","4","16","12"
"2026-04-13T04:17:44.011191Z","phase3-memleak","7e915de8c02ff5f900b33e2b9a64938387ea98540633e521f73a6ccb35a88ad4","codex","9095dd285ac65b2bb58ef4825fc6f2f15b264cd42c30cdd6fa4cbf4dbf69f47c","c5dcd2d622d0af65a63d804468e174e5ad0443492c385de2e3f0dac296e15015","continuation","False","108","71","37","0.343","4","4","16","12"
"2026-04-13T04:17:46.157521Z","phase3-memleak","7e915de8c02ff5f900b33e2b9a64938387ea98540633e521f73a6ccb35a88ad4","codex","e7faa2d09c4265fa436742ce31060cabc026735f5ca79d0167a57c7db25ba4ce","8ebb3a1d1e016f22980b48b201558cad786fe4f70eba4e781c2eecae71b8ee4b","continuation","False","108","71","37","0.343","4","4","16","12"
"2026-04-13T04:17:48.295597Z","phase3-memleak","7e915de8c02ff5f900b33e2b9a64938387ea98540633e521f73a6ccb35a88ad4","codex","5ab9491fb8c7f483e75c531c6976763a9305ebce4f2f9173943f5b64420286de","bb9a9b89f76a37e10df0720da1e4c70d38a3ef0671aa1a4ed3d20faf482b1d3e","continuation","False","108","71","37","0.343","4","4","16","12"
"2026-04-13T04:17:50.457427Z","phase3-memleak","7e915de8c02ff5f900b33e2b9a64938387ea98540633e521f73a6ccb35a88ad4","codex","88a329d49740a893c2776bd6c767b7d190ccc8290621734c80bd1d641e8bee62","b6ab08652b51260a04cb0f762dc03a219637dba9bfd7747edbac73c167e97d4a","continuation","False","108","71","37","0.343","4","4","16","12"
"2026-04-13T04:17:52.563806Z","phase3-memleak","7e915de8c02ff5f900b33e2b9a64938387ea98540633e521f73a6ccb35a88ad4","codex","8f3f7c78d968c08d762f535cc17fff3a4a27d26419f37d85c5726671142ec4eb","78eed492840c6ad7741dbd4e7dbd19c7e8a3297a241a63dd7e2d651a958ce874","continuation","False","108","71","37","0.343","4","4","16","12"
"2026-04-13T04:17:54.685004Z","phase3-memleak","7e915de8c02ff5f900b33e2b9a64938387ea98540633e521f73a6ccb35a88ad4","codex","f93b569b963d6a723bc21bb47bd74fd61d5bf869e8900f397245e299020d94e7","337bf393af9c305d943b274bc92ba17f219f6a018a0a70397eaaf0baaf28ada1","continuation","False","108","71","37","0.343","4","4","16","12"
"2026-04-13T04:17:56.805508Z","phase3-memleak","7e915de8c02ff5f900b33e2b9a64938387ea98540633e521f73a6ccb35a88ad4","codex","9d6a6ff92fd3b9a7cc3aeb0ef6d87a5fd70ee5e6e189434193f4bba90eddcc47","d82fa738f4b2f3e2f5e34df5226531939272ac1e29e1fcafcadef0fdb1d5aff5","continuation","False","108","71","37","0.343","4","4","16","12"
"2026-04-13T04:17:58.923886Z","phase3-memleak","7e915de8c02ff5f900b33e2b9a64938387ea98540633e521f73a6ccb35a88ad4","codex","a0dea2120a61f9b2536e25ab578bb9d5e0c5a9562a57b539c79e4faaaa9184b3","2c6376242a34a81ecac9e82936d480e9ff51c1e6029cfa62e68d9e639d2650b6","continuation","False","108","71","37","0.343","4","4","16","12"
"2026-04-13T04:18:01.071906Z","phase3-memleak","7e915de8c02ff5f900b33e2b9a64938387ea98540633e521f73a6ccb35a88ad4","codex","9557882251f0ba03bee3d957501580c33a042b8a61d405a55dd10c6e3d792322","337a6f7016b22a55f329609f594820d67c287f97222f6f3108ad5c95eb5387b5","continuation","False","108","71","37","0.343","4","4","16","12"
"2026-04-13T04:18:03.190549Z","phase3-memleak","7e915de8c02ff5f900b33e2b9a64938387ea98540633e521f73a6ccb35a88ad4","codex","c74e122e8cffa9e5c69bd5c17cdceb358a8ff42faa2cfde2739c79073457ef13","985011bd841bc242a67c61270b689b259bddb241eaec2aad194a1358ac51ca8b","continuation","False","108","71","37","0.343","4","4","16","12"
"2026-04-13T04:18:05.313376Z","phase3-memleak","7e915de8c02ff5f900b33e2b9a64938387ea98540633e521f73a6ccb35a88ad4","codex","e88d2b71560a7b72686b575f156f6f2fe7b58bdb25fd1ea7aa0c0e0ae66cd957","ca4bacae80b5e6295da5a58186e9de624cab9ce43ab70f5cb379ada902239b6b","continuation","False","108","71","37","0.343","4","4","16","12"
"2026-04-13T04:18:07.461794Z","phase3-memleak","7e915de8c02ff5f900b33e2b9a64938387ea98540633e521f73a6ccb35a88ad4","codex","b6f5e39e8ceca857bcb6f318e7e952290aa6ee8c23a7bfb8062843017db54993","6cf3d3485b8407cfca6fc64cb8d37e6fd2bf246792772493e0527ef1dafee15f","continuation","False","108","71","37","0.343","4","4","16","12"
"2026-04-13T04:18:09.591907Z","phase3-memleak","7e915de8c02ff5f900b33e2b9a64938387ea98540633e521f73a6ccb35a88ad4","codex","bef6d3582e00b68b1ebfda3c09fb8fcef7671671f3efb43d3905eac3721f8886","b28a9e01822c70498c41a86f15270dcab79ea4884333089b66403873d6687be9","continuation","False","108","71","37","0.343","4","4","16","12"
"2026-04-13T04:18:11.751425Z","phase3-memleak","7e915de8c02ff5f900b33e2b9a64938387ea98540633e521f73a6ccb35a88ad4","codex","40bbd6a6b07744d256f7a8fbcd1a28b5a733fb1152b1c524ba1d19120df0e101","5d8da585dd5aa1bfda7521837c58033608c9362ea9a733841e82c26b46e0e2d3","continuation","False","108","71","37","0.343","4","4","16","12"
"2026-04-13T04:18:13.907171Z","phase3-memleak","7e915de8c02ff5f900b33e2b9a64938387ea98540633e521f73a6ccb35a88ad4","codex","b04b1007fce08ce552988e29dc9c9f0b858c79d71552e55fbdc76adc26965d8a","0e39bb1332ebf8f9183bd62d6ddbc50b663198bee2e526127c706606a869c4ef","continuation","False","108","71","37","0.343","4","4","16","12"
"2026-04-13T04:18:16.028675Z","phase3-memleak","7e915de8c02ff5f900b33e2b9a64938387ea98540633e521f73a6ccb35a88ad4","codex","3ca4d517942d984c0f3427fcf1ae524d4743538f9c91e19bf1a12b4573da00ea","c8959d9759997d8fa1e633ac1cfb943e9e7868f1ad4b8ffab5288a4ccc714add","continuation","False","108","71","37","0.343","4","4","16","12"
"2026-04-13T04:18:18.125499Z","phase3-memleak","7e915de8c02ff5f900b33e2b9a64938387ea98540633e521f73a6ccb35a88ad4","codex","e38d95f87b9871d04e350acc0efe5e6a8b2be4ad24dc74801fbb6b962ecd6ef3","99cfafd3faac6823344766fdccd1b8ea5d4bf31ac9806be616e378ab4bfd02d3","continuation","False","108","71","37","0.343","4","4","16","12"
"2026-04-13T04:18:20.248765Z","phase3-memleak","7e915de8c02ff5f900b33e2b9a64938387ea98540633e521f73a6ccb35a88ad4","codex","fdfa54ca29f609f3f2519230ef8c622696d6d6ded64489a70db1d523b54cbb03","d1018ce840607d6a89252bd0efa0dc86dab8b461fd102072fda0ad4129a132f6","continuation","False","108","71","37","0.343","4","4","16","12"
"2026-04-13T04:18:22.400378Z","phase3-memleak","7e915de8c02ff5f900b33e2b9a64938387ea98540633e521f73a6ccb35a88ad4","codex","f0290db5a2ac304892f949a49cf708052229c595f1e22b56b61e0ba73164c044","9c55c045d25f2cb3dfc0d4fb96cfadc5c909dec8ab2b131ba65bb198e933b567","continuation","False","108","71","37","0.343","4","4","16","12"
"2026-04-13T04:18:24.523354Z","phase3-memleak","7e915de8c02ff5f900b33e2b9a64938387ea98540633e521f73a6ccb35a88ad4","codex","d5083f8344142c8a8b4dc5d732031c0bc605187b707cf3c52fd03ea21b94b2b6","a5d018f6ba591b2b86dff7055aa80c17a5e40621af9a948c5ff622379534893e","continuation","False","108","71","37","0.343","4","4","16","12"
"2026-04-13T04:18:26.678713Z","phase3-memleak","7e915de8c02ff5f900b33e2b9a64938387ea98540633e521f73a6ccb35a88ad4","codex","213ce1a1593811c908c9909681d7009143e859ed7e714997c366745d6c756ea4","7f681bb8fac76746ad86a8b585d3e36c3a56694648d071df75326e4c7f3f3762","continuation","False","108","71","37","0.343","4","4","16","12"
"2026-04-13T04:18:28.839556Z","phase3-memleak","7e915de8c02ff5f900b33e2b9a64938387ea98540633e521f73a6ccb35a88ad4","codex","2fccdcfebece25d25cbf6e2d4994b3ded11e35cdb2b382f78bc054d213ed85f3","a4fa14fe30eb281ee0d45979fd78a83c14a6fd373336bc91777ff59f54e51387","continuation","False","108","71","37","0.343","4","4","16","12"
"2026-04-13T04:18:30.991224Z","phase3-memleak","7e915de8c02ff5f900b33e2b9a64938387ea98540633e521f73a6ccb35a88ad4","codex","833f0796b232b8ebcde3dfcb1115f87d852f2ab61672f6c625cf8f6deabc5486","70cd61b212abb1cb06d061dbe056b2007a6c5305e4638ab97d49359f31b506eb","continuation","False","108","71","37","0.343","4","4","16","12"
"2026-04-13T04:18:33.123213Z","phase3-memleak","7e915de8c02ff5f900b33e2b9a64938387ea98540633e521f73a6ccb35a88ad4","codex","67c009002a3a6ccf6231d5df437e653c89afed32f290e7ceb1cec0f207c732dc","e155ba93a4a1576aa38db198c190be4d9d5362bb8c11014033b393c3b6d4de62","continuation","False","108","71","37","0.343","4","4","16","12"
"2026-04-13T04:18:35.299142Z","phase3-memleak","7e915de8c02ff5f900b33e2b9a64938387ea98540633e521f73a6ccb35a88ad4","codex","baa13c20a97f7665bbef84051ae3083151e3874e75f234d7e26c59313796e6c4","08bdd0c95ade6fd7feb36b9e09632453f2ce943fb946cfd3d17302c83320a306","continuation","False","108","71","37","0.343","4","4","16","12"
"2026-04-13T04:18:37.423436Z","phase3-memleak","7e915de8c02ff5f900b33e2b9a64938387ea98540633e521f73a6ccb35a88ad4","codex","5e89646c7177af46f69ee413366f00fe265cccd9753499e7a1608876fb2596d6","e3685eef4f2c40593c2470bf2738b0ed60812b251a6189658575889cecabb0d3","continuation","False","108","71","37","0.343","4","4","16","12"
"2026-04-13T04:18:39.545259Z","phase3-memleak","7e915de8c02ff5f900b33e2b9a64938387ea98540633e521f73a6ccb35a88ad4","codex","b7601a7b3a6b7a90da9b7a5efd4c38f99a67de15df98eb399973820b908958d6","7b448bb78b0523dc439805feb8b1b02a81cc5a9db72dfc3aa44bf64b5652bc4e","continuation","False","108","71","37","0.343","4","4","16","12"
"2026-04-13T04:18:41.671825Z","phase3-memleak","7e915de8c02ff5f900b33e2b9a64938387ea98540633e521f73a6ccb35a88ad4","codex","fdd8e56ec8a549cedc8d7bc08a90d79619753c7dffa80ee6e00d39fdabea493c","5b6e0075b4986a3c48e2c1e293227aa6b8984a3e9e841119433ff805c4d1f1c0","continuation","False","108","71","37","0.343","4","4","16","12"
"2026-04-13T04:18:43.799405Z","phase3-memleak","7e915de8c02ff5f900b33e2b9a64938387ea98540633e521f73a6ccb35a88ad4","codex","f81fc54d97c24652c9ed3cdca7d174d6121ae9c1c091b100fdbdd1beb9d17ee0","7c55cf8f24eb0b60671fd2f00a731e8ed56c6287bcc382a00e81190bd33863b4","continuation","False","108","71","37","0.343","4","4","16","12"
"2026-04-13T04:18:45.929826Z","phase3-memleak","7e915de8c02ff5f900b33e2b9a64938387ea98540633e521f73a6ccb35a88ad4","codex","f72da1cc44521a8e71e5f49a88ae11ae34ba2a352f0989d11dcbb3e9c1c377b5","18ea2082dfb2707f5bb6f5da466263f77faf1b916454b3873a1f7f01eed0fe2e","continuation","False","108","71","37","0.343","4","4","16","12"
"2026-04-13T04:18:48.060924Z","phase3-memleak","7e915de8c02ff5f900b33e2b9a64938387ea98540633e521f73a6ccb35a88ad4","codex","af3f35632b8b05cefc366d395279afcb2ea1420b89677296c7731d3642bcbde5","b233a40b9ac04e2847b2188fc710b25ff856fdb3ae8f66c84352ce6ff7231aeb","continuation","False","108","71","37","0.343","4","4","16","12"
"2026-04-13T04:18:50.202724Z","phase3-memleak","7e915de8c02ff5f900b33e2b9a64938387ea98540633e521f73a6ccb35a88ad4","codex","541572938ea99af6e10d88000ff0aa723c3495e14b8363869c3cf2a3156718c7","8ef7f3bf3066130757158fe1977093190d7aa60d49bbd43d7a99cf7283dc0945","continuation","False","108","71","37","0.343","4","4","16","12"
"2026-04-13T04:18:52.333189Z","phase3-memleak","7e915de8c02ff5f900b33e2b9a64938387ea98540633e521f73a6ccb35a88ad4","codex","8b4e494a39e936cb40aa53c78e27fcbbaf3a576af85a2a894a0fe304c5bc468c","58fa17812cb53e61be9d5ef7b8e7760f9274c0469c48cb091c79badf5401790c","continuation","False","108","71","37","0.343","4","4","16","12"
"2026-04-13T04:18:54.465153Z","phase3-memleak","7e915de8c02ff5f900b33e2b9a64938387ea98540633e521f73a6ccb35a88ad4","codex","1ec66b10b2e36c6614015f8762fa46cc62c74606e24c91e55dac797985f3268e","4e6ded58839cc732cb435d6a3351e16329508b0d892d7fd747cee20e01245168","continuation","False","108","71","37","0.343","4","4","16","12"
"2026-04-13T04:18:56.618083Z","phase3-memleak","7e915de8c02ff5f900b33e2b9a64938387ea98540633e521f73a6ccb35a88ad4","codex","6bff4ad1098fba6ac2e6689c412b938f9dca63af78a591503dd866a49b6fd3a6","4d7a6da54d4014d859cf474015f17708f2fa391f386a60b9785a02c389d4fe7b","continuation","False","108","71","37","0.343","4","4","16","12"
"2026-04-13T04:18:58.763180Z","phase3-memleak","7e915de8c02ff5f900b33e2b9a64938387ea98540633e521f73a6ccb35a88ad4","codex","8a1a7df8e8dd41bc5c9774aa2fc755eea506afcdd4accc0cae9d06dcfd42b9f9","9abe5fe03557259800b5cc41c9a3bf7b55f789102201df76fc0ece253c587fca","continuation","False","108","71","37","0.343","4","4","16","12"
"2026-04-13T04:19:00.861180Z","phase3-memleak","7e915de8c02ff5f900b33e2b9a64938387ea98540633e521f73a6ccb35a88ad4","codex","ac5419b49f8783ff27290a58be52cc9eb955e1fe2da682b9588b1ca8dde8204e","3d158213b04b89a9cc2d8c4c1ec906714eb2aaf3933da149056460fe1e07069b","continuation","False","108","71","37","0.343","4","4","16","12"
"2026-04-13T04:19:02.965832Z","phase3-memleak","7e915de8c02ff5f900b33e2b9a64938387ea98540633e521f73a6ccb35a88ad4","codex","7503648d1b7e4e8fa00d7212715d5ef849838eefd062829f04d96d481d0afc1e","b8f425bfb3ffeb47d6a9961335e3df5004ee9cf781ca98502ea8a4865cad6746","continuation","False","108","71","37","0.343","4","4","16","12"
"2026-04-13T04:19:05.132838Z","phase3-memleak","7e915de8c02ff5f900b33e2b9a64938387ea98540633e521f73a6ccb35a88ad4","codex","e2185ae4beea7f91c75dd8de979f559ca258cc374cdb631f478b64c0087b0ede","1e2fa4db59da22b4084516f40d0399fc2316e24445530d66d17b88d48b7e31c3","continuation","False","108","71","37","0.343","4","4","16","12"
"2026-04-13T04:19:07.260665Z","phase3-memleak","7e915de8c02ff5f900b33e2b9a64938387ea98540633e521f73a6ccb35a88ad4","codex","00166d90f1b2be99ccfb5f40b974f659b226fdf2cbaafc068c1eb3a341c22ab6","2003d26dfd2cd5c0c1fcfaefeccb095fedbf11b1df272db0f4392d1389551ec3","continuation","False","108","71","37","0.343","4","4","16","12"
"2026-04-13T04:19:09.390988Z","phase3-memleak","7e915de8c02ff5f900b33e2b9a64938387ea98540633e521f73a6ccb35a88ad4","codex","d7415f57ef3c9888b260c366a708a5ed5939f475fe19c54cef736103aeb71a3a","1a7fe66876f2035db3e20130c3c6933e6702b3da1ed11bacd60900c70504b9ba","continuation","False","108","71","37","0.343","4","4","16","12"
"2026-04-13T04:19:11.519836Z","phase3-memleak","7e915de8c02ff5f900b33e2b9a64938387ea98540633e521f73a6ccb35a88ad4","codex","81ac4ec296135c7e5560c6f158531257cbc4aea2495ee256c93e77fc1a94aece","4e26f4d8bd0734613c35d7f52128cddfbc718403b78a85ac530918068ae4b2cd","continuation","False","108","71","37","0.343","4","4","16","12"
"2026-04-13T04:19:13.622606Z","phase3-memleak","7e915de8c02ff5f900b33e2b9a64938387ea98540633e521f73a6ccb35a88ad4","codex","db1c8d7d019e273e2c34e2215e13ddf1001db9666ac89f4394bda3a023513966","5afbca72eed55696cc116efb6433fa9fc420031d63583aec58bb196a208ad557","continuation","False","108","71","37","0.343","4","4","16","12"
"2026-04-13T04:19:15.758056Z","phase3-memleak","7e915de8c02ff5f900b33e2b9a64938387ea98540633e521f73a6ccb35a88ad4","codex","a03e4b690b7ba66f26f7b3898af6389b4c5d8bf8e1ed6d5601ac3f91efe262e5","3e521b7c2325597194b1aa545237a626cadb76e297f1b63f9995a134543bbb79","continuation","False","108","71","37","0.343","4","4","16","12"
"2026-04-13T04:19:17.903652Z","phase3-memleak","7e915de8c02ff5f900b33e2b9a64938387ea98540633e521f73a6ccb35a88ad4","codex","647f3c0d72910ad5c24e0ab13a0592a0dcf2a1a484350dbd7203c775c0e1e0ca","b288c68aeb6f1a0a337ae66c7ef7e120b136a73a6c2567577cc9b43ba68a0e59","continuation","False","108","71","37","0.343","4","4","16","12"
"2026-04-13T04:19:20.014806Z","phase3-memleak","7e915de8c02ff5f900b33e2b9a64938387ea98540633e521f73a6ccb35a88ad4","codex","1c45960584106b460f3415820fbcc694bbd222ec6011b85f24c1119c8739a399","fe56f4a05cc3c8f558841607f26502ed03cc14801d09eb19eec2adf583d9c741","continuation","False","108","71","37","0.343","4","4","16","12"
"2026-04-13T04:19:22.143130Z","phase3-memleak","7e915de8c02ff5f900b33e2b9a64938387ea98540633e521f73a6ccb35a88ad4","codex","73d6f7b30f495d12c003dcf86bd8e20faeeed5cce2bbe01ec275bde8efd310b3","abaaaabf23c2b93e2555638e416806f63560d0a99b27c88de350e676f94038cf","continuation","False","108","71","37","0.343","4","4","16","12"
"2026-04-13T04:19:24.307600Z","phase3-memleak","7e915de8c02ff5f900b33e2b9a64938387ea98540633e521f73a6ccb35a88ad4","codex","88ba7abc529fe390e0713b73d7a394d4d1489a7adbac2e9def3fb104223a7176","eba3cfeef56d9f79e1e9b14ea2251e786587acd1f69fa31a0e535f5b86fd7ebb","continuation","False","108","71","37","0.343","4","4","16","12"
"2026-04-13T04:19:26.438738Z","phase3-memleak","7e915de8c02ff5f900b33e2b9a64938387ea98540633e521f73a6ccb35a88ad4","codex","e2ce1eb5a4c53c1f3d0492fea12f8ab92a58a7abd1b1e576f0b57d06ea53bd05","4568d31dc0e3a6401754d0e6f8e014c47cf7e1af5de61312bf837e80e606ab41","continuation","False","108","71","37","0.343","4","4","16","12"
"2026-04-13T04:19:28.575382Z","phase3-memleak","7e915de8c02ff5f900b33e2b9a64938387ea98540633e521f73a6ccb35a88ad4","codex","495a885d9a48e1cb77cbe17632b765d1ea24e7ff4e515dc1a819587a13c4ea28","a816fb33905fcd8e522ec35fd494682f1c3cd284ea8ac465c512abdeb2a6fede","continuation","False","108","71","37","0.343","4","4","16","12"
"2026-04-13T04:19:30.677387Z","phase3-memleak","7e915de8c02ff5f900b33e2b9a64938387ea98540633e521f73a6ccb35a88ad4","codex","2d840d96fa39537fbca537f889ce2c133a4349b3193180a8c0fad79b921f1265","c5542fbe5a32991efa19a5c443bfa0c5435ed52d4ab8c894d3416707497e9bca","continuation","False","108","71","37","0.343","4","4","16","12"
"2026-04-13T04:19:32.832470Z","phase3-memleak","7e915de8c02ff5f900b33e2b9a64938387ea98540633e521f73a6ccb35a88ad4","codex","53b4d3ddf6308549422da2dbae4af763da8d52dadd4ed0f0e451664a38688aa5","2a0a2ef132d7731f8593082eed939222225a57f456031fad56e1d646bf7b6665","continuation","False","108","71","37","0.343","4","4","16","12"
"2026-04-13T04:19:34.957400Z","phase3-memleak","7e915de8c02ff5f900b33e2b9a64938387ea98540633e521f73a6ccb35a88ad4","codex","b2aba0f27f1d0c49afead79550c5f5657a7bdf0a1a25e8941e886c6d5c611b24","298356ef9c8759a434f3b8738836245e66192dacb94bc21913cc5f9bc1c14117","continuation","False","108","71","37","0.343","4","4","16","12"
"2026-04-13T04:19:37.064807Z","phase3-memleak","7e915de8c02ff5f900b33e2b9a64938387ea98540633e521f73a6ccb35a88ad4","codex","29a2180896adad076170782524dfa1efe3149687717510cc8981bd3d6d549a48","1cd0aae61d51791adefc548ce135fb397ab2b6e4522d86fae940b349efbb6078","continuation","False","108","71","37","0.343","4","4","16","12"
"2026-04-13T04:19:39.185186Z","phase3-memleak","7e915de8c02ff5f900b33e2b9a64938387ea98540633e521f73a6ccb35a88ad4","codex","ef6010a91337cb7e2d5e0baa9d9a57ba2018fc32fa1fd74cbe40f2c1c2cf7afc","5df0881ef6dad110594eacb2e66f178204273422840c754dd8a9789cf79547c1","continuation","False","108","71","37","0.343","4","4","16","12"
"2026-04-13T04:19:41.309593Z","phase3-memleak","7e915de8c02ff5f900b33e2b9a64938387ea98540633e521f73a6ccb35a88ad4","codex","664ddbe72d78031d4da1746040952948b466e783f299e4ba2adfaec643560145","6245955c2940116234cf673e17d1200ec4918a9954ed5fd5b00947f9da4ca05b","continuation","False","108","71","37","0.343","4","4","16","12"
"2026-04-13T04:19:43.414210Z","phase3-memleak","7e915de8c02ff5f900b33e2b9a64938387ea98540633e521f73a6ccb35a88ad4","codex","a234cc59cb234e8de70812cfd25436c887fba34c28f6aedfc2f6d62c6ca75907","64ba8879a1cb107aaf4253edc0fdd0205c5ccac08eccf3986e5e4890c7b3f0d2","continuation","False","108","71","37","0.343","4","4","16","12"
"2026-04-13T04:19:45.556464Z","phase3-memleak","7e915de8c02ff5f900b33e2b9a64938387ea98540633e521f73a6ccb35a88ad4","codex","479313e09fe0382615e010eecdeef77de2dce1f57b5fd729f603b93c0554f912","299b32542d8d2b1381de03bae4e4e4e4e773233865f06c0fb34b836db92e1466","continuation","False","108","71","37","0.343","4","4","16","12"
"2026-04-13T04:19:47.686612Z","phase3-memleak","7e915de8c02ff5f900b33e2b9a64938387ea98540633e521f73a6ccb35a88ad4","codex","70c1cc609fb1eccb3b71203864a16fe01697790899a9fc080fb7e03ddf64ef95","cdc3c464cbde272e7d0de4b430ad9d04d70b7d69bd519dbed17f92b649eec7ec","continuation","False","108","71","37","0.343","4","4","16","12"
"2026-04-13T04:19:49.828438Z","phase3-memleak","7e915de8c02ff5f900b33e2b9a64938387ea98540633e521f73a6ccb35a88ad4","codex","29f4bf68014ee88cb933741ad71b04c3f1a9e693bd3a4df02411084cb5060dce","b187d913e7322bef95b5f7adf6c13d331fe06380dae502e24ea9678c8195ce46","continuation","False","108","71","37","0.343","4","4","16","12"
"2026-04-13T04:19:51.961448Z","phase3-memleak","7e915de8c02ff5f900b33e2b9a64938387ea98540633e521f73a6ccb35a88ad4","codex","a49590b8c7dd39026e59cf1242a316e6f05c58d7a09a05225f2143e31c2df587","08d12936bbdfbae4119b1ea0510c6852ba56b0edc8fc77121003fbdbd725c4dd","continuation","False","108","71","37","0.343","4","4","16","12"
"2026-04-13T04:19:54.110826Z","phase3-memleak","7e915de8c02ff5f900b33e2b9a64938387ea98540633e521f73a6ccb35a88ad4","codex","df5567fc7cf000dff92bcce2eeaf1a71915ae635f6b6364b819576d478c4d77c","39aa570513ff337ca7191d511aa87e7e1807e69d4fb28629c1f1bd693c11c669","continuation","False","108","71","37","0.343","4","4","16","12"
"2026-04-13T04:19:56.235659Z","phase3-memleak","7e915de8c02ff5f900b33e2b9a64938387ea98540633e521f73a6ccb35a88ad4","codex","587ab666c55a186430d42166b099e945f746995b8f3eac2d63fb4a991a4ad277","a6d2792b47f041ee3308df9aeb2aa0fdd46ccabdedc8e8c8e05ba89ccf082415","continuation","False","108","71","37","0.343","4","4","16","12"
"2026-04-13T04:19:58.366838Z","phase3-memleak","7e915de8c02ff5f900b33e2b9a64938387ea98540633e521f73a6ccb35a88ad4","codex","950f41832a7105fe0b376517054b874a9a5526b0d8f5cf022fc085a0ea3dfb8b","b04d182abe45bbbc61b07c924a566acd8735239f245a5f8810d4bd16be2f3b8f","continuation","False","108","71","37","0.343","4","4","16","12"
"2026-04-13T04:20:00.523365Z","phase3-memleak","7e915de8c02ff5f900b33e2b9a64938387ea98540633e521f73a6ccb35a88ad4","codex","fa73d8b5277b36828f23c117ebdf65ddcea3bf83e16a1f5aee1c0e3fb075dd52","c47f59ac7a0e82e005fff9f1b91f40cd20139748201d111ed58f685bd0cc942d","continuation","False","108","71","37","0.343","4","4","16","12"
"2026-04-13T04:20:02.668952Z","phase3-memleak","7e915de8c02ff5f900b33e2b9a64938387ea98540633e521f73a6ccb35a88ad4","codex","28b70ac31537e3e27da4ec0f1cef24ae662f1d17bca350fd59a85e14af38d244","3f6a51c30ecc46e32728e8f149e7befdffbd5d6d28171509ad30edd0a7eb9c31","continuation","False","108","71","37","0.343","4","4","16","12"
"2026-04-13T04:20:04.805081Z","phase3-memleak","7e915de8c02ff5f900b33e2b9a64938387ea98540633e521f73a6ccb35a88ad4","codex","b651174f136d2bd82febbbec6d1bd285daa9a0daf7f10db141c2e08aaf9a39a6","cca067a312a87198bbe81699b77b9fbe5994badcbc2fd16ddb67f2e305219c00","continuation","False","108","71","37","0.343","4","4","16","12"
"2026-04-13T04:20:06.945586Z","phase3-memleak","7e915de8c02ff5f900b33e2b9a64938387ea98540633e521f73a6ccb35a88ad4","codex","a5126a67384b170fd65318d6bb2ac51df28fcfbf6d5adb93416c4895904bc993","e06440b85ca82b3aa16fb3323995a2c80360abe37ba8b4d59c6f33a224f2a7bf","continuation","False","108","71","37","0.343","4","4","16","12"
"2026-04-13T04:20:09.084896Z","phase3-memleak","7e915de8c02ff5f900b33e2b9a64938387ea98540633e521f73a6ccb35a88ad4","codex","bd753056a66f29ab1aacb8110b25894cbb3722566f02d4f8944fb952c17e2537","8571fd97616ff81f44457e8d7c113ec18cfd23045555e22d75403a24d8acd41e","continuation","False","108","71","37","0.343","4","4","16","12"
"2026-04-13T04:20:11.211343Z","phase3-memleak","7e915de8c02ff5f900b33e2b9a64938387ea98540633e521f73a6ccb35a88ad4","codex","5f5f08f9f2f3483422250ce041188edfe994d0e98b5b9e29c6b0c2c449f3da0a","e6386d28d379b0ee7d0f1f190d1f0903bc94cdce7e868fa5bea8fef475259ed3","continuation","False","108","71","37","0.343","4","4","16","12"
"2026-04-13T04:20:13.336936Z","phase3-memleak","7e915de8c02ff5f900b33e2b9a64938387ea98540633e521f73a6ccb35a88ad4","codex","125306c044685823a05956f6cae3324fd2b392087ee55987d3694be0ffb8e41c","072805d37578e82be4827d9c2f750c23262881643e1383e06766e8f27dd300a0","continuation","False","108","71","37","0.343","4","4","16","12"
"2026-04-13T04:20:15.467596Z","phase3-memleak","7e915de8c02ff5f900b33e2b9a64938387ea98540633e521f73a6ccb35a88ad4","codex","6ae4e924dcaa0de1d23c6cd461b8afb9ee313b3e1e9039e1b1f96fd7f9644de1","ad4fa0254eed3ab6f5dc1b9c4943791da7c4933c0831036936198651b41aa530","continuation","False","108","71","37","0.343","4","4","16","12"
"2026-04-13T04:20:17.595120Z","phase3-memleak","7e915de8c02ff5f900b33e2b9a64938387ea98540633e521f73a6ccb35a88ad4","codex","269730c7f3ba5e4bd8102706e932870fcc976d815c79beabddc33fea0dce7514","9e75b108ac5ad961453648bc07e2d10e27afd8c4601ec0da74f63a630ec4dd4b","continuation","False","108","71","37","0.343","4","4","16","12"
"2026-04-13T04:20:19.749943Z","phase3-memleak","7e915de8c02ff5f900b33e2b9a64938387ea98540633e521f73a6ccb35a88ad4","codex","2824e781b997eea00a0bbfcbf8d6517dcdd7342e625b99155278945f1aa0fe84","a192fb6789719f9ebbe02e5bc0ead242690e41fe04813fc7866ed4f8b2aef327","continuation","False","108","71","37","0.343","4","4","16","12"
"2026-04-13T04:20:21.875987Z","phase3-memleak","7e915de8c02ff5f900b33e2b9a64938387ea98540633e521f73a6ccb35a88ad4","codex","e471a5f555cc526a0a2399005ce5e7797995db1219796e6d19d5d32792c5a832","fe6d6ae06ed39d7aa0831bd664872919735a162dc48d36ca2f8841afdb90caa7","continuation","False","108","71","37","0.343","4","4","16","12"
"2026-04-13T04:20:24.015711Z","phase3-memleak","7e915de8c02ff5f900b33e2b9a64938387ea98540633e521f73a6ccb35a88ad4","codex","cea88ff6f381829c945ba02ce157efdf4a1318bddbdfbc2b0238a2f1a73dff90","1da3f1db7dc4439a9b93d31e027327c5c78a344b03e7af11abd7ffc64496cbe0","continuation","False","108","71","37","0.343","4","4","16","12"
"2026-04-13T04:20:26.212374Z","phase3-memleak","7e915de8c02ff5f900b33e2b9a64938387ea98540633e521f73a6ccb35a88ad4","codex","45273a81254fb1243fe33c1513302c60063c6c581c4d95d44fc2a3214463a3a5","97fe0039c004021ab888d58f60cf56e61966f148177bdcba06c91b291d3f1ed4","continuation","False","108","71","37","0.343","4","4","16","12"
"2026-04-13T04:20:28.343050Z","phase3-memleak","7e915de8c02ff5f900b33e2b9a64938387ea98540633e521f73a6ccb35a88ad4","codex","112036df4c8a32526b4b1ee9c53b76ce8b7b71ec3eba82955abf1aa3674e16ee","87c447053ceafc5cd9849f454fdb614dc7dbeff183e7cc298cc859a11d22a475","continuation","False","108","71","37","0.343","4","4","16","12"
"2026-04-13T04:20:30.546173Z","phase3-memleak","7e915de8c02ff5f900b33e2b9a64938387ea98540633e521f73a6ccb35a88ad4","codex","c6cfc3f18083d52b8026a8e8a212b19a32aa9a940d28c2231920535e9fd59242","98f331fa05fc12f08277d6a7d1fbc13d9b67f33ed72fe870c1bff1a6d77080c3","continuation","False","108","71","37","0.343","4","4","16","12"
"2026-04-13T04:20:32.705472Z","phase3-memleak","7e915de8c02ff5f900b33e2b9a64938387ea98540633e521f73a6ccb35a88ad4","codex","bcb419acef8036df4fedb1682bc3cf58c32d86703e05e4b8b7819a84595dcf6a","45ede5bdb07aa0141546b7b6919cab0818fa0d732444e0ef056d067fa5acd3f6","continuation","False","108","71","37","0.343","4","4","16","12"
"2026-04-13T04:20:34.825693Z","phase3-memleak","7e915de8c02ff5f900b33e2b9a64938387ea98540633e521f73a6ccb35a88ad4","codex","0e61ad367740ce3fb8acc4820c1b24ebb7660030532d30adcc47d0799860e87c","ca53e9768b659700c2f05dca257783d12db44ab5bb7e790fc78f94e0898220dc","continuation","False","108","71","37","0.343","4","4","16","12"
"2026-04-13T04:20:36.976127Z","phase3-memleak","7e915de8c02ff5f900b33e2b9a64938387ea98540633e521f73a6ccb35a88ad4","codex","7096193971113ee8d6925cad3f0d5735c8a397d5f28b82fdb4f21a00b6eb64bd","8bafeff895132f53652da93f95ab06215d4bca479df276ce31c2c445af522c70","continuation","False","108","71","37","0.343","4","4","16","12"
"2026-04-13T04:20:39.110499Z","phase3-memleak","7e915de8c02ff5f900b33e2b9a64938387ea98540633e521f73a6ccb35a88ad4","codex","86d20ab0a38d44c417804bdaa4fb1797e28697f52f703b5154d109ea999efdcc","8ce94cffcb31d6599666a2a0cc5ac40d1ced8b8e4fd448b05d7d48dcf847f7d6","continuation","False","108","71","37","0.343","4","4","16","12"
"2026-04-13T04:20:41.236480Z","phase3-memleak","7e915de8c02ff5f900b33e2b9a64938387ea98540633e521f73a6ccb35a88ad4","codex","8ddf5bd584b086f9d57450acca6ddc28a5ecd834923dae30e074de0710e561e3","281bc3afc4c06ee49be40f340feb694ac5f7ffaed44b930f5171eb292fc65a54","continuation","False","108","71","37","0.343","4","4","16","12"
"2026-04-13T04:21:44.635895Z","final-24h-tenant","7e915de8c02ff5f900b33e2b9a64938387ea98540633e521f73a6ccb35a88ad4","codex","71120366733d153998c9ec94084fe6ae525d1f5b1051e89da8475523f0995fb1","0c7d0a3c8cf0bd919a95da8d94becc3abe539ebbf9a33767c204086f13764bc6","continuation","False","108","71","37","0.343","4","4","16","12"
"2026-04-13T04:22:14.788761Z","final-24h-tenant","7e915de8c02ff5f900b33e2b9a64938387ea98540633e521f73a6ccb35a88ad4","codex","f3ea3a843e1689e08d0da649d3ca4e0126e19c8b0c5261ebe3851cef9e4a337a","5ccc1cf26a3d8c01e66fa24dc1cb167fffc74543da6dfe3be33f665e1b4eeb8d","continuation","False","108","71","37","0.343","4","4","16","12"
"2026-04-13T04:22:44.951172Z","final-24h-tenant","7e915de8c02ff5f900b33e2b9a64938387ea98540633e521f73a6ccb35a88ad4","codex","86928a3db57b30b6c0c5e439c8c547ef84aa623fc07a3d998ecceac8196e2535","45753869238b07e620bd2cd96f93e3a58d7c2a2c3c5c0849c6318f5589fd3eeb","continuation","False","108","71","37","0.343","4","4","16","12"
"2026-04-13T04:23:15.077758Z","final-24h-tenant","7e915de8c02ff5f900b33e2b9a64938387ea98540633e521f73a6ccb35a88ad4","codex","0b4619bb383b8c17bb7b34aa93c855c6f57d7530fd8e78cdcb266e5b42b3a9ab","8be14eac8c10fd4c0388fc319afe2c597be58880c50f91842bdd615ff4a85218","continuation","False","108","71","37","0.343","4","4","16","12"
"2026-04-13T04:23:45.161449Z","final-24h-tenant","7e915de8c02ff5f900b33e2b9a64938387ea98540633e521f73a6ccb35a88ad4","codex","2c315c34fb2123213cea6b92fcb1448039587a4a7b325c400c3b4d02df280821","d6fa1a2016d7ac8d08ba367c349cf17163df141ed1a980d90f57126125fa0a38","continuation","False","108","71","37","0.343","4","4","16","12"
"2026-04-13T04:24:15.245756Z","final-24h-tenant","7e915de8c02ff5f900b33e2b9a64938387ea98540633e521f73a6ccb35a88ad4","codex","a5b3cb8eacbbee09855297e5ed70044acfe140671bbf1fa087cc56cf8e46ea4f","f388be0264b035560e324914fdbcc33d8d95e7c6a080235e62a68427e77de2f6","continuation","False","108","71","37","0.343","4","4","16","12"
"2026-04-13T04:24:45.349681Z","final-24h-tenant","7e915de8c02ff5f900b33e2b9a64938387ea98540633e521f73a6ccb35a88ad4","codex","91df07609233e3e90fb8126a40a3a8727b385b087cd3bfdaed2ca55699479462","ad974d690bc57ab14414106a7922afc05259d02f6617a3034e5d9fb65d6640f1","continuation","False","108","71","37","0.343","4","4","16","12"
"2026-04-13T04:25:15.537537Z","final-24h-tenant","7e915de8c02ff5f900b33e2b9a64938387ea98540633e521f73a6ccb35a88ad4","codex","c7b25bccf4b6d70016e701699f63dca8a6c2dc34c087799177a021e957f96168","3e43b03bf3373495e66af4ba80f9e59fe9c68ba5cb03e73dced7faf3c23f19a8","continuation","False","108","71","37","0.343","4","4","16","12"
"2026-04-13T04:25:45.639771Z","final-24h-tenant","7e915de8c02ff5f900b33e2b9a64938387ea98540633e521f73a6ccb35a88ad4","codex","35ddadb614c55093675006cafa8ac5def1e0570f0c1c39e196988cc331c1eb0d","22b6c3e95477d694d01feebe95a1990f0443bee561d3721d96c23eba633fdeba","continuation","False","108","71","37","0.343","4","4","16","12"
"2026-04-13T04:26:15.759898Z","final-24h-tenant","7e915de8c02ff5f900b33e2b9a64938387ea98540633e521f73a6ccb35a88ad4","codex","4408218bf9982feb83291b4718d88f7aa65c122ab09de16d7875a946dd6adc63","d4113ec76a76c3ea87351953ea4bb55ce7089a32520fba6956affb8ed4f5a641","continuation","False","108","71","37","0.343","4","4","16","12"
"2026-04-13T04:26:45.878303Z","final-24h-tenant","7e915de8c02ff5f900b33e2b9a64938387ea98540633e521f73a6ccb35a88ad4","codex","cf2aebdb5cdd4b9c9b4966c4abeaf0222f4a39e08d87e9b8958d499fc37c2c6b","764a8d64d20735694ccf21bebd03532681cf5e26d1a126a17d11923d6fad5050","continuation","False","108","71","37","0.343","4","4","16","12"
"2026-04-13T04:27:15.968715Z","final-24h-tenant","7e915de8c02ff5f900b33e2b9a64938387ea98540633e521f73a6ccb35a88ad4","codex","fda82a018dd22e7ead097b4a09980a3e50843d2b213fb3c20ab772da5100b5c2","e7d405489415b75e048519a0da517581bf508db0f10b112fdaa3f789912c568d","continuation","False","108","71","37","0.343","4","4","16","12"
"2026-04-13T04:27:46.024562Z","final-24h-tenant","7e915de8c02ff5f900b33e2b9a64938387ea98540633e521f73a6ccb35a88ad4","codex","34f07df690f663c2ef153693e204aafad48efd18210a96488d66cd5690808dff","03f1bfe991c6966c31adc552b5c1c4ff13aff6d98bfd18a1a0e909c6aa16ef71","continuation","False","108","71","37","0.343","4","4","16","12"
"2026-04-13T04:28:16.097658Z","final-24h-tenant","7e915de8c02ff5f900b33e2b9a64938387ea98540633e521f73a6ccb35a88ad4","codex","1591ff9ec28b2576489a735d458ff0a9b961ff4aacca91c88ca58b664bb07441","cc76bcb0e7049ffd84c31f1114d4ddd0848d95f584d38dce9b0b930c18cafc55","continuation","False","108","71","37","0.343","4","4","16","12"
"2026-04-13T04:28:46.167946Z","final-24h-tenant","7e915de8c02ff5f900b33e2b9a64938387ea98540633e521f73a6ccb35a88ad4","codex","aeadf9f439ad240192b525c05b9ae965db794006f552893a7564809c50a31e36","30607e99121d9c17ab6eec5cd1d19cf6a3398606a60d9f22bc522fa31d8b3312","continuation","False","108","71","37","0.343","4","4","16","12"
"2026-04-13T04:29:16.253754Z","final-24h-tenant","7e915de8c02ff5f900b33e2b9a64938387ea98540633e521f73a6ccb35a88ad4","codex","2996d3aba0f7c9bcd24ab7c0a9a76e0ca60f5f30c6d962de61a66b17327afe74","d6cf70cea2f59205c8e5e2e70b8c56ffd11c304a7af23a16e2cca20f33ffc9dd","continuation","False","108","71","37","0.343","4","4","16","12"
"2026-04-13T04:29:46.332911Z","final-24h-tenant","7e915de8c02ff5f900b33e2b9a64938387ea98540633e521f73a6ccb35a88ad4","codex","e424d2e561d3ddd9863ecfc8470faf0c83a31f9a7f513a75cf752ea51a208815","f4e6aa30be5b933b4effe5bff0000e98cfd627bbcc79841504cb18cd477cf4c4","continuation","False","108","71","37","0.343","4","4","16","12"
"2026-04-13T04:30:16.405741Z","final-24h-tenant","7e915de8c02ff5f900b33e2b9a64938387ea98540633e521f73a6ccb35a88ad4","codex","69e9c3af9d034f37dda6a1aa888182dc97c3650c641017b1fe5336de89f30c23","415335376431e91cc6540208047219548a080f34f2f9d5eac56dcc48a46e14c3","continuation","False","108","71","37","0.343","4","4","16","12"
"2026-04-13T04:30:46.478140Z","final-24h-tenant","7e915de8c02ff5f900b33e2b9a64938387ea98540633e521f73a6ccb35a88ad4","codex","c749373debc455a500dad210b1d2fe71bc85f34eb1fa03908c6f67b6bab693b8","0aec5e9ed815fcc8ce76b17b1161af42a28d14fbe7b54cac8061a3566876cb43","continuation","False","108","71","37","0.343","4","4","16","12"
"2026-04-13T04:31:16.552902Z","final-24h-tenant","7e915de8c02ff5f900b33e2b9a64938387ea98540633e521f73a6ccb35a88ad4","codex","32bfffc9df7810ef1c099431fa9af490f919543385330d991814f006f152f564","f2adb2320438ed473442b90cb2c4d9315f04b8d70e13d2da1cca12d1705834d1","continuation","False","108","71","37","0.343","4","4","16","12"
"2026-04-13T04:31:46.634512Z","final-24h-tenant","7e915de8c02ff5f900b33e2b9a64938387ea98540633e521f73a6ccb35a88ad4","codex","f4309d0d5d562058f8b2422a6663ecb412ef75786ead478d9e208b8bb95e1228","309f3e9af34597f2272aeb6880f921b5e12aea7370ee4e4e08d9d15336fbc6d6","continuation","False","108","71","37","0.343","4","4","16","12"
"2026-04-13T04:32:16.701399Z","final-24h-tenant","7e915de8c02ff5f900b33e2b9a64938387ea98540633e521f73a6ccb35a88ad4","codex","a0684d4c886160db78f0958fe289f86bd45c5828d4e8ae7a435356125e8a4933","d0e7b7f54f7b51910567d05faceafcaa1406938e368b37c51123b6de86509469","continuation","False","108","71","37","0.343","4","4","16","12"
"2026-04-13T04:32:46.770236Z","final-24h-tenant","7e915de8c02ff5f900b33e2b9a64938387ea98540633e521f73a6ccb35a88ad4","codex","d316114dd45fd32764b5563e3c9255c4da88cdfdd9e9b4e8c7766e8135537c57","a26421ae620880a5ff3d2da93cd4245c708b86e241ab00be616ba5e6af9780de","continuation","False","108","71","37","0.343","4","4","16","12"
"2026-04-13T04:33:16.857099Z","final-24h-tenant","7e915de8c02ff5f900b33e2b9a64938387ea98540633e521f73a6ccb35a88ad4","codex","abc2d29533f149f052a5e61ff2ea2d3dc37e98ff09f66aff276264c718abab49","f01ee164cea8b29b9535c8452d4f0bffc45728fba829e7e6919d53be8876e7b1","continuation","False","108","71","37","0.343","4","4","16","12"
"2026-04-13T04:33:46.927986Z","final-24h-tenant","7e915de8c02ff5f900b33e2b9a64938387ea98540633e521f73a6ccb35a88ad4","codex","4f724325abb2f154e00229ee51192864b375a274dea71bbc73bdd9e041ddb48d","8a1ae48800d38259d3529a63eb799c3834d910a2c8a6c20e430883769e6d7b30","continuation","False","108","71","37","0.343","4","4","16","12"
"2026-04-13T04:34:16.997990Z","final-24h-tenant","7e915de8c02ff5f900b33e2b9a64938387ea98540633e521f73a6ccb35a88ad4","codex","6a8b74f89f0a0b0e71252d436bad1506f9ea0d2cd932f1f3a4f863e726eeaa9b","ff9b6d0c4139105c2def7319da2239355d93288e207d8744ff3bf8105739a8fd","continuation","False","108","71","37","0.343","4","4","16","12"
"2026-04-13T04:34:47.088329Z","final-24h-tenant","7e915de8c02ff5f900b33e2b9a64938387ea98540633e521f73a6ccb35a88ad4","codex","525fdfea776a7d15cf2be44f09cbaf640111763d33814f9dbaeac26efbe14373","49f2b633face1947f66a61dfed4541f96067f3da5bfaa5131b4c9958e7df2654","continuation","False","108","71","37","0.343","4","4","16","12"
"2026-04-13T04:35:17.170561Z","final-24h-tenant","7e915de8c02ff5f900b33e2b9a64938387ea98540633e521f73a6ccb35a88ad4","codex","aaf679058c9febd4ea7568c27d9eed7fb15493843cc7c04225ae4f75c7635ab7","44bbe6f741498e5311cd718c302fd409e3b45833ed129a813058847421997b86","continuation","False","108","71","37","0.343","4","4","16","12"
"2026-04-13T04:35:47.242753Z","final-24h-tenant","7e915de8c02ff5f900b33e2b9a64938387ea98540633e521f73a6ccb35a88ad4","codex","d1872df61e9bf2360251c099848d1cb6ba2e904b79a43bb14d105a3b26cea9a6","ea00a2b47c79a6d26a17d80290a99b66a8be620c7f05945d28a76cf485e0f06f","continuation","False","108","71","37","0.343","4","4","16","12"
"2026-04-13T04:36:17.333762Z","final-24h-tenant","7e915de8c02ff5f900b33e2b9a64938387ea98540633e521f73a6ccb35a88ad4","codex","be887dd802bfa6d2e9edbc45dfe251cc412932676cd26a63b379add0d1fdd49a","31b1bd46e4dada85f367ce922cb2b5c917ff8e910ae98a1eca2a2ea17c273827","continuation","False","108","71","37","0.343","4","4","16","12"
"2026-04-13T04:36:47.420404Z","final-24h-tenant","7e915de8c02ff5f900b33e2b9a64938387ea98540633e521f73a6ccb35a88ad4","codex","353d879254e079151353a06752304f84f78d9232390e2f62543ea34ec0f6f7aa","49813a1e094481ff476a5c0a05257984ecec77d6c250d869bc92fa20ee187d2f","continuation","False","108","71","37","0.343","4","4","16","12"
"2026-04-13T04:37:17.496121Z","final-24h-tenant","7e915de8c02ff5f900b33e2b9a64938387ea98540633e521f73a6ccb35a88ad4","codex","72c800525b4f82f94a7cbedb906f3e1d9fb957799654976770e0c984e811126b","533c85d60bba99abbda876609a5ff5a2e5be6b8e3ee3ad20a532b6de49f7735e","continuation","False","108","71","37","0.343","4","4","16","12"
"2026-04-13T04:37:47.586215Z","final-24h-tenant","7e915de8c02ff5f900b33e2b9a64938387ea98540633e521f73a6ccb35a88ad4","codex","f997b0b536f3a85a20e8e5d45500037bbb2a6f3a54c9fd524145f9273250a5c5","45162003fdffc71bbf59143b47b8a8c0bcba0acdae6a2aedf4c5372c289f264b","continuation","False","108","71","37","0.343","4","4","16","12"
"2026-04-13T04:38:17.678455Z","final-24h-tenant","7e915de8c02ff5f900b33e2b9a64938387ea98540633e521f73a6ccb35a88ad4","codex","b91ecf23afbc1bc718d1a7b76a46159f71917ed8de634bbb0cf88cd31f9d6bb1","7d1eb5490cd4b13db84ef00d3fc224ed0572255e49b4447cac4c90f50ebc257f","continuation","False","108","71","37","0.343","4","4","16","12"
"2026-04-13T04:38:47.763271Z","final-24h-tenant","7e915de8c02ff5f900b33e2b9a64938387ea98540633e521f73a6ccb35a88ad4","codex","a0ef1b1bea310a312743d20558eb6b09e3a25c4626237d1d911bd42b90a13419","5aae91b098918b8c212e7f9a58ba8eca83de35d3ba3902cc1c6b1423c2bab54e","continuation","False","108","71","37","0.343","4","4","16","12"
"2026-04-13T04:39:17.850590Z","final-24h-tenant","7e915de8c02ff5f900b33e2b9a64938387ea98540633e521f73a6ccb35a88ad4","codex","2febcaa27afb46ccc297f571f46ca99f68e79b17ed1e879fa9bf6d8843583eff","f25a0c81f7d93c35749e18ccc826236d8568c6db302109da365e1a76ce5a276b","continuation","False","108","71","37","0.343","4","4","16","12"
"2026-04-13T04:39:47.930254Z","final-24h-tenant","7e915de8c02ff5f900b33e2b9a64938387ea98540633e521f73a6ccb35a88ad4","codex","d5b449fdc8b4e91c43672019cd8c82d60d30b1d9460a06c1687637b91ecebcc2","9690da693cba3389a999357e039e999bcc2cd786ac1ed59961a50fa7a2a91f1e","continuation","False","108","71","37","0.343","4","4","16","12"
"2026-04-13T04:40:18.020298Z","final-24h-tenant","7e915de8c02ff5f900b33e2b9a64938387ea98540633e521f73a6ccb35a88ad4","codex","63db2c596c38719c410ca9fc36462aa006cf7fd46648dbe8fa50ec287c231e61","fa9c666cd7ffe0e24fb85c34b49ebf1b78d5834f6d65a6c1d8a0acec6afb5d9d","continuation","False","108","71","37","0.343","4","4","16","12"
"2026-04-13T04:40:48.093832Z","final-24h-tenant","7e915de8c02ff5f900b33e2b9a64938387ea98540633e521f73a6ccb35a88ad4","codex","465bd2065e3afdbc19eb3e88bc1184d1d9308ff224ef1eee2157d7cdfc247b71","72bcf3df44bac948da8364d3a3c51d824da3d6c1f3fbfdbf2f06a6f5948ca1b6","continuation","False","108","71","37","0.343","4","4","16","12"
"2026-04-13T04:41:18.151374Z","final-24h-tenant","7e915de8c02ff5f900b33e2b9a64938387ea98540633e521f73a6ccb35a88ad4","codex","051b985213e2cc099e4e4008a591b8dd05d5e22bc0ad4e72688462dea13951a7","40daa42875739b9f85f97bd460b6275c9707644ceb381dd5091a6518b953a346","continuation","False","108","71","37","0.343","4","4","16","12"
"2026-04-13T04:41:48.223406Z","final-24h-tenant","7e915de8c02ff5f900b33e2b9a64938387ea98540633e521f73a6ccb35a88ad4","codex","f5c7d252898c0bef2c9ff84d16576323d7a6cc5267225a024c20bbda59cce87c","7cc5a0669dd339db04a47e79ae01c77b69b88fc26a11300c2321b7b0aacc5de6","continuation","False","108","71","37","0.343","4","4","16","12"
"2026-04-13T04:42:18.293858Z","final-24h-tenant","7e915de8c02ff5f900b33e2b9a64938387ea98540633e521f73a6ccb35a88ad4","codex","18a828476f960d0653e2405be238c8b0a44481176e3814cef1f82f55d48c01f3","ce1214054d716f22b2f13ea3b696dd00c70305d7854a30959ae9c2ae013c5643","continuation","False","108","71","37","0.343","4","4","16","12"
"2026-04-13T04:42:48.373314Z","final-24h-tenant","7e915de8c02ff5f900b33e2b9a64938387ea98540633e521f73a6ccb35a88ad4","codex","39c5611a8bc14380cacc4013372899e055290130cf406bdf3055494de18cfe7e","c3c18f7d48174162e12b374388c88d8b9c08cc572b8fd2c50d0c448b3fea6849","continuation","False","108","71","37","0.343","4","4","16","12"
"2026-04-13T04:43:18.433613Z","final-24h-tenant","7e915de8c02ff5f900b33e2b9a64938387ea98540633e521f73a6ccb35a88ad4","codex","9deafa3cc36edd437247390aaf2f3ac54fd32fc996c5329f3bdb36129fa948f4","c0110ac87453230138523634e2f8271dab68ecd7647784d979884dcc6721d4b8","continuation","False","108","71","37","0.343","4","4","16","12"
"2026-04-13T04:43:48.520765Z","final-24h-tenant","7e915de8c02ff5f900b33e2b9a64938387ea98540633e521f73a6ccb35a88ad4","codex","e4cf30950dc6593a089bd17e5208b7d4f2f2f0a432232ea02dac7577339fd136","33b58b2a4d8cdca3c01b6f48b1f24d9685e1de5b5537c20989742e17db490b19","continuation","False","108","71","37","0.343","4","4","16","12"
"2026-04-13T04:44:18.600222Z","final-24h-tenant","7e915de8c02ff5f900b33e2b9a64938387ea98540633e521f73a6ccb35a88ad4","codex","ee07cab11a356adecb2807d39864c422594723d71af3535e5cd7398010184ace","5cfcc8d6e2c13508abb7bef601b25a07a3a6366ed61d3a3444c9371effeb669a","continuation","False","108","71","37","0.343","4","4","16","12"
"2026-04-13T04:44:48.681895Z","final-24h-tenant","7e915de8c02ff5f900b33e2b9a64938387ea98540633e521f73a6ccb35a88ad4","codex","b76c40815975e3e4c945a924381ca553517bc4831ed24596adbe134a66ecf5b7","0cf8515a15e402cfea7337bfe0ac37aa1fb9e7ba3000d277a70415d577dbb919","continuation","False","108","71","37","0.343","4","4","16","12"
"2026-04-13T04:45:18.762915Z","final-24h-tenant","7e915de8c02ff5f900b33e2b9a64938387ea98540633e521f73a6ccb35a88ad4","codex","73f3988bd7cba05dd2f2e902ccce96b34acaa641a5814033be1674a0ae2199ce","ba63a36d02174dfff64083ca38b1826a0ba51f8d50b90182bc2c3dadde687695","continuation","False","108","71","37","0.343","4","4","16","12"
"2026-04-13T04:45:48.837217Z","final-24h-tenant","7e915de8c02ff5f900b33e2b9a64938387ea98540633e521f73a6ccb35a88ad4","codex","bb5fef688e00f363f15f37188cef1cf285d44a10ad97bc9f32b7c56a4094ae5f","adf27180778aa9f100f596e284d506920d9d36037a9903ac92f3579df09bdcff","continuation","False","108","71","37","0.343","4","4","16","12"
"2026-04-13T04:46:18.915723Z","final-24h-tenant","7e915de8c02ff5f900b33e2b9a64938387ea98540633e521f73a6ccb35a88ad4","codex","70f7999a6409fa9985848dfb615cd8098e80023b483c5114fea5fa59928af7af","8e9b10daa770a7ba1515a30ec06c09a1b1e4b74e52dbefdb40d57b70ce647d43","continuation","False","108","71","37","0.343","4","4","16","12"
"2026-04-13T04:46:49.021640Z","final-24h-tenant","7e915de8c02ff5f900b33e2b9a64938387ea98540633e521f73a6ccb35a88ad4","codex","827b437dc1e06cf13a3e41ee6e98cbecf822bb0f4c9f1b8e47b411cdb9488696","ac9a6e14f4685c7082bcfffb7fa82646c31cf21c98ecf66e61acf08a3c81652e","continuation","False","108","71","37","0.343","4","4","16","12"
"2026-04-13T04:47:19.234396Z","final-24h-tenant","7e915de8c02ff5f900b33e2b9a64938387ea98540633e521f73a6ccb35a88ad4","codex","7c165a8ed975186edec9666883626f7bd3b8ba461e378ec767b2c9c55489135f","8b08c658e025077cb66cfb4de183cb2d87a4573aa0c29517c15e23bc7607fe9e","continuation","False","108","71","37","0.343","4","4","16","12"
"2026-04-13T04:47:49.416050Z","final-24h-tenant","7e915de8c02ff5f900b33e2b9a64938387ea98540633e521f73a6ccb35a88ad4","codex","fe133033e7d1ab2cc4cd4c2f0a2063f9486f201d3b59b36f919dcbe8fc0a1ebf","67051152521296f022781c844efef497ad40971c86125dd21cc3fc4e29c89e5f","continuation","False","108","71","37","0.343","4","4","16","12"
"2026-04-13T04:48:19.546000Z","final-24h-tenant","7e915de8c02ff5f900b33e2b9a64938387ea98540633e521f73a6ccb35a88ad4","codex","22d3313d0140999a832dd87a58e0c4e61bb3920230762964fee4d4164c0676fd","b5546ff5be5d207b5969cc2368685bb251dc890f1ff751ba72b55aaae7910867","continuation","False","108","71","37","0.343","4","4","16","12"
"2026-04-13T04:48:49.707234Z","final-24h-tenant","7e915de8c02ff5f900b33e2b9a64938387ea98540633e521f73a6ccb35a88ad4","codex","23805c72ab903fbf7958987561c913815dbf392186191f09479b05494cd216cf","20841003de4547d0de0573ea1fd07c8e1dd49e855b1fed7936b00ff47ad6325d","continuation","False","108","71","37","0.343","4","4","16","12"
"2026-04-13T04:49:19.880896Z","final-24h-tenant","7e915de8c02ff5f900b33e2b9a64938387ea98540633e521f73a6ccb35a88ad4","codex","10906a44a4c4101786ae90fbb021624963e15080014c8d0531e9f007d588454c","98983f9562f56743785c45df73b165ce4c416b2f4b3c62673f92974d52b0a4d7","continuation","False","108","71","37","0.343","4","4","16","12"
"2026-04-13T04:49:49.989058Z","final-24h-tenant","7e915de8c02ff5f900b33e2b9a64938387ea98540633e521f73a6ccb35a88ad4","codex","2a3abd94cf222cf38d97e7f26faea572a5118d59724c1dbb1fd93f00b7ab8706","68d75debe4ec214c97bd048ba974b7d34c23a6cbe3a3436fc604dd3dc7144d41","continuation","False","108","71","37","0.343","4","4","16","12"
"2026-04-13T04:50:20.131008Z","final-24h-tenant","7e915de8c02ff5f900b33e2b9a64938387ea98540633e521f73a6ccb35a88ad4","codex","fd9cf5a9ad5ae7e0fa3105d62359448820c27a2c74e68017ddf8d43da60c22f5","be146544bdfb7fee20bdd48e00935910017dc9f083f9b8af38a472fe324e5ddb","continuation","False","108","71","37","0.343","4","4","16","12"
"2026-04-13T04:50:50.246779Z","final-24h-tenant","7e915de8c02ff5f900b33e2b9a64938387ea98540633e521f73a6ccb35a88ad4","codex","2966336dd255c362cf10a67ed6f4a64678ca7579aeb838631e39a25b10e070a7","7b67d8fb9b65d255553b4e2edaa0a272660085f2e53aa0dc68b0f174cad4518c","continuation","False","108","71","37","0.343","4","4","16","12"
"2026-04-13T04:51:20.360144Z","final-24h-tenant","7e915de8c02ff5f900b33e2b9a64938387ea98540633e521f73a6ccb35a88ad4","codex","70e3618eebaf10eaef8e077cb03713bf24d5e6a30130c3d54c3d2bae0764e16c","885eed5818cec72e20218374f864bdb0f486ec52e99d9323f05018a187f65810","continuation","False","108","71","37","0.343","4","4","16","12"
"2026-04-13T04:51:50.502260Z","final-24h-tenant","7e915de8c02ff5f900b33e2b9a64938387ea98540633e521f73a6ccb35a88ad4","codex","27639fd62df7bd663c5207a76fca676a31b112f5884583e738f6731baab7bb9f","ad84ff4cb999aac1b4463f38761113f1a9df735482a9b1acd4bc37cd7d98e6c5","continuation","False","108","71","37","0.343","4","4","16","12"
"2026-04-13T04:52:20.655360Z","final-24h-tenant","7e915de8c02ff5f900b33e2b9a64938387ea98540633e521f73a6ccb35a88ad4","codex","752f2f12360260db1dc4d72c833e22efcaf14b6f46c182fa477b841c9b3d2318","e5b3ce84593b1e82a031207b8d1c5c4bfc3937865f696c7965c5d9eb33c86268","continuation","False","108","71","37","0.343","4","4","16","12"
"2026-04-13T04:52:50.810393Z","final-24h-tenant","7e915de8c02ff5f900b33e2b9a64938387ea98540633e521f73a6ccb35a88ad4","codex","5263dee1b195e3dc327f46885fbf05d8f4b064cbf0f8e295bf11a245a03c8e56","a719b58243f2454c7e3ca33be9be74f9d82e9796832ff0b34e73fc58d2ade7ab","continuation","False","108","71","37","0.343","4","4","16","12"
"2026-04-13T04:53:20.970571Z","final-24h-tenant","7e915de8c02ff5f900b33e2b9a64938387ea98540633e521f73a6ccb35a88ad4","codex","7b1e14ba041ab8e36150d39efb40adc8b5dcd0fdcb30aae5eedfbe269f89da86","7ff77df362cee5d16fd68fcb1565b0bbac6789f7d269e3e221373e5483a5c126","continuation","False","108","71","37","0.343","4","4","16","12"
"2026-04-13T04:53:51.112155Z","final-24h-tenant","7e915de8c02ff5f900b33e2b9a64938387ea98540633e521f73a6ccb35a88ad4","codex","3782414936822d6144dc98b66933c203ce9b2ed24669ce8b00a2e1c3c84ef1f4","b4cf12a48c0432c2ad04a9fd3575f74e245c8da7c5b93c16e1755a5671e857a5","continuation","False","108","71","37","0.343","4","4","16","12"
"2026-04-13T04:54:21.261129Z","final-24h-tenant","7e915de8c02ff5f900b33e2b9a64938387ea98540633e521f73a6ccb35a88ad4","codex","249133526700fff25db095c2ffaa15e0a41104d181a92ba2caa11c8f7c974c62","2568e410be3180f3585a2b285acee04c029bcc4b1e77abccdf78eed65cd52cdd","continuation","False","108","71","37","0.343","4","4","16","12"
"2026-04-13T04:54:51.397888Z","final-24h-tenant","7e915de8c02ff5f900b33e2b9a64938387ea98540633e521f73a6ccb35a88ad4","codex","80eb74e54130be7280240e2435296d82248fe1f9f187a58daff9b5d6830a782d","d3eed2c0c70746d913317723c63f1bd3ccb02e1d3f6613f6f4024765ddbef556","continuation","False","108","71","37","0.343","4","4","16","12"
"2026-04-13T04:55:21.547909Z","final-24h-tenant","7e915de8c02ff5f900b33e2b9a64938387ea98540633e521f73a6ccb35a88ad4","codex","1670fc7eea63e6b31f200d48c207b4effd2cd6c529fd1f0169538caa2a81b957","158ddba6baaba4fe4130db35956e6c5857daf1ea3f125ceaf7bedc41c5ed9b1c","continuation","False","108","71","37","0.343","4","4","16","12"
"2026-04-13T04:55:51.676292Z","final-24h-tenant","7e915de8c02ff5f900b33e2b9a64938387ea98540633e521f73a6ccb35a88ad4","codex","989705dd964b2c595ba280095495c405bf0b49438760359ceb41b85aecc84faf","51d068c81946743a347125ac0190c27389165f3f4870099138b074e6a0d460f6","continuation","False","108","71","37","0.343","4","4","16","12"
"2026-04-13T04:56:21.859463Z","final-24h-tenant","7e915de8c02ff5f900b33e2b9a64938387ea98540633e521f73a6ccb35a88ad4","codex","09b0ca9370f72cfaab74cc47bcd70a193cfeeb27edb2612a16d00271c2c7a167","f7fa2d45120a3c729ee6f694106baa7928402dd1d81f97a9d78f7fa86606f541","continuation","False","108","71","37","0.343","4","4","16","12"
"2026-04-13T04:56:52.039666Z","final-24h-tenant","7e915de8c02ff5f900b33e2b9a64938387ea98540633e521f73a6ccb35a88ad4","codex","846c75d64e5452f9aed0f3b7ace9a9c747153a21c7d364bed2ecdd99963d43ee","e3ae6a45a231ede76aa2cbcf25ed5f429cd09f7de65a432487c61df5f98eb9f5","continuation","False","108","71","37","0.343","4","4","16","12"
"2026-04-13T04:57:22.226665Z","final-24h-tenant","7e915de8c02ff5f900b33e2b9a64938387ea98540633e521f73a6ccb35a88ad4","codex","573aac3b5fef7e67b50875dc25b52cbd56427a2ae67c4744b1ce4d0477451e89","ff151c640181a4d4c71da7f073a627cf2049e14617eb734a299e3b884a95b96a","continuation","False","108","71","37","0.343","4","4","16","12"
"2026-04-13T04:57:52.388852Z","final-24h-tenant","7e915de8c02ff5f900b33e2b9a64938387ea98540633e521f73a6ccb35a88ad4","codex","1291da73c6c213ecc866d280851a739436dfa3477de37a50c8b4e42f71a69213","0ab7e99588ab2e0e64f754c11b61b02102ab822378f9a3d94283f645e1d0c102","continuation","False","108","71","37","0.343","4","4","16","12"
"2026-04-13T04:58:22.528195Z","final-24h-tenant","7e915de8c02ff5f900b33e2b9a64938387ea98540633e521f73a6ccb35a88ad4","codex","6bfa6b479c63320cb52f7fd92dbfbd73cd6751031e36192260abd06992ee5263","5d3fb1df2df403b6942bbefcf238b36a5ce810683fa6a948d9dd670cb1ebdefa","continuation","False","108","71","37","0.343","4","4","16","12"
"2026-04-13T04:58:52.694034Z","final-24h-tenant","7e915de8c02ff5f900b33e2b9a64938387ea98540633e521f73a6ccb35a88ad4","codex","6ac66abbe31045ac9ef3439b5f829e8aeb1c1bd9236a986e86b411521ccf6594","165f4082d09a4a88a8ca14f1a0e51117b98338993ea458565b0e31dc9fe118b4","continuation","False","108","71","37","0.343","4","4","16","12"
"2026-04-13T04:59:22.873844Z","final-24h-tenant","7e915de8c02ff5f900b33e2b9a64938387ea98540633e521f73a6ccb35a88ad4","codex","19f28b134575a1c26bada381d1be56a282bb2e2c849cb717fb00176295d6b6f0","2d8d6d8b5419620da8d154557aa7d224637b01765144f193187749429f12e02d","continuation","False","108","71","37","0.343","4","4","16","12"
"2026-04-13T04:59:53.006711Z","final-24h-tenant","7e915de8c02ff5f900b33e2b9a64938387ea98540633e521f73a6ccb35a88ad4","codex","86a12c654fdc2085b18362047f6c4d704569fe9d25af5de5190036d9338aa4c8","b0bf8a445bd61aecd2fb09331bc048f410c66d01fb32721b22bd6e9baaacb2f0","continuation","False","108","71","37","0.343","4","4","16","12"
"2026-04-13T05:00:23.163135Z","final-24h-tenant","7e915de8c02ff5f900b33e2b9a64938387ea98540633e521f73a6ccb35a88ad4","codex","f82ca370cad7fa95d91d3e171e03186ed5cf34f703110d15530c866b0d9284ce","d162dd53eb4e23f6c4f6126415f6c34c070df958db5275a5c71d16e42708c2d5","continuation","False","108","71","37","0.343","4","4","16","12"
"2026-04-13T05:00:53.322666Z","final-24h-tenant","7e915de8c02ff5f900b33e2b9a64938387ea98540633e521f73a6ccb35a88ad4","codex","7106cef672b4d3d3a404748e4c1045adf79b445fc6172ded7212dcb3b50aeba7","9adeb4f080a0abb196af35a1fbf9360181d9c238285ee1f96b4dbfcedf458a56","continuation","False","108","71","37","0.343","4","4","16","12"
"2026-04-13T05:01:23.518252Z","final-24h-tenant","7e915de8c02ff5f900b33e2b9a64938387ea98540633e521f73a6ccb35a88ad4","codex","ada3b0a7c337316d6b3f61022854ecc784a45c58f2a1289c467b54771b01b2c5","71df9a2b3b999681282f66c8808ab43fa60cca29bee7ad5f6e12476177265b21","continuation","False","108","71","37","0.343","4","4","16","12"
"2026-04-13T05:01:53.641488Z","final-24h-tenant","7e915de8c02ff5f900b33e2b9a64938387ea98540633e521f73a6ccb35a88ad4","codex","25a0861b4c505bd674712bbcad0e1d44489d522e94c6fd214ce046e8b67a7604","1fccaa62c713434d59edadf2b745c50191f38aec616de938131f749b3e8e2604","continuation","False","108","71","37","0.343","4","4","16","12"
"2026-04-13T05:02:23.804475Z","final-24h-tenant","7e915de8c02ff5f900b33e2b9a64938387ea98540633e521f73a6ccb35a88ad4","codex","162498a36bfbfd6bc46145cd5251c9c048b3f99102ad9cdb4ab2e95f8af44a39","4c7cf160da6f2784a95c243d04c3f0666a33991a09315910e6866d0a35eff650","continuation","False","108","71","37","0.343","4","4","16","12"
"2026-04-13T05:02:53.987927Z","final-24h-tenant","7e915de8c02ff5f900b33e2b9a64938387ea98540633e521f73a6ccb35a88ad4","codex","fcc8a4f7d9b21d886000247efbd0dc055541156047e3bd5739a5c01ba1527cb9","eb62dba1c9c5097e8ef0f4fa51a1a9b6ce36b650cf1799e1d1d44b4437c46e64","continuation","False","108","71","37","0.343","4","4","16","12"
"2026-04-13T05:03:24.095645Z","final-24h-tenant","7e915de8c02ff5f900b33e2b9a64938387ea98540633e521f73a6ccb35a88ad4","codex","fcee5b0927966f3a894f4c88f49aabceba697134240c169aff119a43d62c53c6","aa84431327107d3b0e8a6b7a05ac6432cefd5b80637fa558e2c47327f78c6113","continuation","False","108","71","37","0.343","4","4","16","12"
"2026-04-13T05:03:54.245604Z","final-24h-tenant","7e915de8c02ff5f900b33e2b9a64938387ea98540633e521f73a6ccb35a88ad4","codex","8e980e180ef829870fd682239221fbc273b41da13c1a6b67d61577223a51f415","725780a8553dd6cb5e656d29930324ca555dd062509b7cd2306a3b46a8b6eebf","continuation","False","108","71","37","0.343","4","4","16","12"
"2026-04-13T05:04:24.421238Z","final-24h-tenant","7e915de8c02ff5f900b33e2b9a64938387ea98540633e521f73a6ccb35a88ad4","codex","7826c1c15852ac200c739104aac9e51d39a140459afbe41919f69a17a973ee24","205544357816de7885777bc631dacfc2ac86e9383939a46603124d505825d5aa","continuation","False","108","71","37","0.343","4","4","16","12"
"2026-04-13T05:04:54.615023Z","final-24h-tenant","7e915de8c02ff5f900b33e2b9a64938387ea98540633e521f73a6ccb35a88ad4","codex","d1e7ea28ee3082ee142746f0a8dba766fab3b2775412194a76c72b7b53ced458","9396c959927bc876994da497a2656bfc347e14842c1467917ccfc835ae0166ce","continuation","False","108","71","37","0.343","4","4","16","12"
"2026-04-13T05:05:24.773781Z","final-24h-tenant","7e915de8c02ff5f900b33e2b9a64938387ea98540633e521f73a6ccb35a88ad4","codex","24c9dee499dc624b79666d383b5f705724045c713b225f4e9e5914610cbbc8f7","8974bc43b97f082a35c18f08ba8ab060d8b1546862e034ec2547e75527a507f7","continuation","False","108","71","37","0.343","4","4","16","12"
"2026-04-13T05:05:54.890154Z","final-24h-tenant","7e915de8c02ff5f900b33e2b9a64938387ea98540633e521f73a6ccb35a88ad4","codex","17dc1cb9eb98411c017f9a54b938d4f205457b62a61f93007d060edd2b81515e","2fe5bd166911169191c858e543bbaacb6802cc2517bb3309fb1780e02e9dc3a1","continuation","False","108","71","37","0.343","4","4","16","12"
"2026-04-13T05:06:25.028637Z","final-24h-tenant","7e915de8c02ff5f900b33e2b9a64938387ea98540633e521f73a6ccb35a88ad4","codex","171d05dfefb3c27c72d60ddd3802dff5e9fec36c3e651f203067b869e415ddde","257705ca2d5c15cebb07d9d9b21bbaa0cb4283b7241db0a330ff038c55978e7b","continuation","False","108","71","37","0.343","4","4","16","12"
"2026-04-13T05:06:55.191895Z","final-24h-tenant","7e915de8c02ff5f900b33e2b9a64938387ea98540633e521f73a6ccb35a88ad4","codex","cac7cf8d8e6b1a02073b13af207ee27d4405030ccee384e4e1713836c5bf9dcf","0f779e571a9b50c1f79b0e7fd17ef2b4891c262746d8a3c0b6fb5e34d4f20402","continuation","False","108","71","37","0.343","4","4","16","12"
"2026-04-13T05:07:25.371213Z","final-24h-tenant","7e915de8c02ff5f900b33e2b9a64938387ea98540633e521f73a6ccb35a88ad4","codex","8b52f41fefaf12b184dae9d327726f62ed58e8f3ecb6884ecee762c0496f0b8e","99dffddbc0fb03493b7534a7054047a8d43851e3f7d33f5eadfebfc075a942ee","continuation","False","108","71","37","0.343","4","4","16","12"
"2026-04-13T05:07:55.527902Z","final-24h-tenant","7e915de8c02ff5f900b33e2b9a64938387ea98540633e521f73a6ccb35a88ad4","codex","f52ca50891027bb3c87b2a395563ca47752fed73b708feeee03ef60369dbd778","cf27cddf1534002ae2d7b956c519cca3ff72649334f6e0cd43243d01b97ea92d","continuation","False","108","71","37","0.343","4","4","16","12"
"2026-04-13T05:08:25.631740Z","final-24h-tenant","7e915de8c02ff5f900b33e2b9a64938387ea98540633e521f73a6ccb35a88ad4","codex","f1c22991b3943d9c248155b1724ee1ae74a46dc405e3d487578c419140f2ac02","f1ebeede36bf42ebab2456a02e6c5aadbc53475cce881a606d53841e126e5a1c","continuation","False","108","71","37","0.343","4","4","16","12"
"2026-04-13T05:08:55.747910Z","final-24h-tenant","7e915de8c02ff5f900b33e2b9a64938387ea98540633e521f73a6ccb35a88ad4","codex","8062fb46d70fa522c8fa9c619afb240723e62dcc7e386f30e61f7d8b2f064257","1bddda5f4419b59fc78a3c6ab7a893231964aba101737673350a076dfc4ba896","continuation","False","108","71","37","0.343","4","4","16","12"
"2026-04-13T05:09:25.904163Z","final-24h-tenant","7e915de8c02ff5f900b33e2b9a64938387ea98540633e521f73a6ccb35a88ad4","codex","6627e1559e83a5712ce2f19dafc14f516ff7d0e6a454dd4c876651f0edcf3259","c268a9ee75a21fabea5124efeb4de8ddb6e781ae50ffef6e19531ccb5d3551c5","continuation","False","108","71","37","0.343","4","4","16","12"
"2026-04-13T05:09:56.061924Z","final-24h-tenant","7e915de8c02ff5f900b33e2b9a64938387ea98540633e521f73a6ccb35a88ad4","codex","eb1e47c00dc68441084f55ba9fff624ada6c3f462a9cf60b3828259274ba9e8d","7bd215646ab28e78a7aca369c18e59a0188c0b999814b543779507f18f6ad2ef","continuation","False","108","71","37","0.343","4","4","16","12"
"2026-04-13T05:10:26.203476Z","final-24h-tenant","7e915de8c02ff5f900b33e2b9a64938387ea98540633e521f73a6ccb35a88ad4","codex","5442d2b18a994803a2e1b367c578ed8e0a5353934211d5f2c2f99df11188e4c0","6ec866ced78834f382793345107e36706bede823e98a45e5b7a934ae40b3cf1d","continuation","False","108","71","37","0.343","4","4","16","12"
"2026-04-13T05:10:56.381556Z","final-24h-tenant","7e915de8c02ff5f900b33e2b9a64938387ea98540633e521f73a6ccb35a88ad4","codex","c7c691379097b5b8700c4900786ded8a6c421f71f45d94817fbc388760ca7a33","4bcafe0e07829305d8b0df48343c3f12e28c76086995aad129345fc3f6b6cf8d","continuation","False","108","71","37","0.343","4","4","16","12"
"2026-04-13T05:11:26.577245Z","final-24h-tenant","7e915de8c02ff5f900b33e2b9a64938387ea98540633e521f73a6ccb35a88ad4","codex","b613e6625704247938741c0163a29445f1a460336a4268aa4e17a7a0649537d9","7f55aa05cf3d927d546cd59a7e5a7ad3f45bb9381749c51f714b3cfcef66ed0d","continuation","False","108","71","37","0.343","4","4","16","12"
"2026-04-13T05:11:56.763644Z","final-24h-tenant","7e915de8c02ff5f900b33e2b9a64938387ea98540633e521f73a6ccb35a88ad4","codex","ada0d597aa13a6b27089d336f8c72e23e46cb2ae14cbaad8243b091637cb6bd0","a321f94f5e37b84af827fe25548b1ecc3418f086eb0a8c757316d2fa6c13fe52","continuation","False","108","71","37","0.343","4","4","16","12"
"2026-04-13T05:12:26.945254Z","final-24h-tenant","7e915de8c02ff5f900b33e2b9a64938387ea98540633e521f73a6ccb35a88ad4","codex","0437b275c9cbc4fef0e84e32fcfbc5d5d7c0da3c0732242b2608163038804fdc","2fe0db9005dff2019ee8ac7692458cfbbfe1c971631b473c518baa13c1ddc922","continuation","False","108","71","37","0.343","4","4","16","12"
"2026-04-13T05:12:57.074615Z","final-24h-tenant","7e915de8c02ff5f900b33e2b9a64938387ea98540633e521f73a6ccb35a88ad4","codex","92cf3870a8c6e652e043d1dc277fbc8b75378b85547789e2eceb2a157080583e","261df6ef261afc1a98de1ceebd80faf5f66d77638a2f24c78e76c7fbe6aa72f3","continuation","False","108","71","37","0.343","4","4","16","12"
"2026-04-13T05:13:27.214607Z","final-24h-tenant","7e915de8c02ff5f900b33e2b9a64938387ea98540633e521f73a6ccb35a88ad4","codex","7c3615ef4b609c9de5854ad152901a0e8d84bf3f28e7ea762d76b63105052235","0a1bfcc3080d32fa02b3142202f797c2b9e614e2933229224a65fbe3e6004ff3","continuation","False","108","71","37","0.343","4","4","16","12"
"2026-04-13T05:13:57.331352Z","final-24h-tenant","7e915de8c02ff5f900b33e2b9a64938387ea98540633e521f73a6ccb35a88ad4","codex","390051f4b913987076fd5f2acb64ccffb4fff1960418154d2860c19d649c0c08","01338c9b97d90c6160dabf512facbacad2ec03d1d0f94a8a7e4cdca3675db451","continuation","False","108","71","37","0.343","4","4","16","12"
"2026-04-13T05:14:27.484622Z","final-24h-tenant","7e915de8c02ff5f900b33e2b9a64938387ea98540633e521f73a6ccb35a88ad4","codex","2096a5644594e5cdc5429dc691c98ba83c20948409f3f7d4475d1e0c42d45a0b","ef1a7df04acff58093d59845195371025e031b20dc2797f0c1072da772be2573","continuation","False","108","71","37","0.343","4","4","16","12"
"2026-04-13T05:14:57.675006Z","final-24h-tenant","7e915de8c02ff5f900b33e2b9a64938387ea98540633e521f73a6ccb35a88ad4","codex","2b705e1dcf0322cda5f21838aaa6b86df4d4b987e3c8715f388ad24e6ea5d05d","2e590724ef09d3f246c0241aa480a7d5389b12363287a81a62d673e4ccb87dfb","continuation","False","108","71","37","0.343","4","4","16","12"
"2026-04-13T05:15:27.840198Z","final-24h-tenant","7e915de8c02ff5f900b33e2b9a64938387ea98540633e521f73a6ccb35a88ad4","codex","b13e9c9aa419559bb00135e84b149929199ee1793c9939011a3cb1969000c39b","6e98a682928f9d74f5d9dd4e89ba25ecc1de463de6690ff0f8811e61b4a3f858","continuation","False","108","71","37","0.343","4","4","16","12"
"2026-04-13T05:15:58.043973Z","final-24h-tenant","7e915de8c02ff5f900b33e2b9a64938387ea98540633e521f73a6ccb35a88ad4","codex","e4b4ab70d4184875c6bd2d45cf7e10e00c0b30926ff72767b4423f9a725f3ead","b083882f21cf5291fea3ed9c20d76933b2f21425fdbea8bd0210d3a1deefeaab","continuation","False","108","71","37","0.343","4","4","16","12"
"2026-04-13T05:16:28.195442Z","final-24h-tenant","7e915de8c02ff5f900b33e2b9a64938387ea98540633e521f73a6ccb35a88ad4","codex","29d4553f6b1f882de33ca304a81ee72eb1570482e56219b2ccce907d265c8b27","4c4c176e4387c12e49ed7844e1be849c8665698bafe46662ab94619efa408754","continuation","False","108","71","37","0.343","4","4","16","12"
"2026-04-13T05:16:58.362300Z","final-24h-tenant","7e915de8c02ff5f900b33e2b9a64938387ea98540633e521f73a6ccb35a88ad4","codex","57f6f4f3e8d621068aff5138235e08eabc014775b31c32f829eb7f197321251f","afeba5edd80691d18f56d1c496a7dcf0c8a686e399bca24a818d2a57ada0d55f","continuation","False","108","71","37","0.343","4","4","16","12"
"2026-04-13T05:17:28.525174Z","final-24h-tenant","7e915de8c02ff5f900b33e2b9a64938387ea98540633e521f73a6ccb35a88ad4","codex","bd6af445b27bc1bfa412bd64738484c457ce796f798de10b034b1bb791d7bd72","771d8efab220946e8d786fbe4d3e74b915a0fc13a094d699f604e634bbeeeb9e","continuation","False","108","71","37","0.343","4","4","16","12"
"2026-04-13T05:17:58.699801Z","final-24h-tenant","7e915de8c02ff5f900b33e2b9a64938387ea98540633e521f73a6ccb35a88ad4","codex","e7e7ca3881f2edd06bdf2475431621e27b9659b8183d7f95c653359c8e373303","43e4caf2a3c44f43e0d44af9044664a78b6b7c6fdfdedb3c82a9fe203fba70a6","continuation","False","108","71","37","0.343","4","4","16","12"
"2026-04-13T05:18:28.879249Z","final-24h-tenant","7e915de8c02ff5f900b33e2b9a64938387ea98540633e521f73a6ccb35a88ad4","codex","638a17345a97a50d7a0eb1136215a8e375d044419e46f4265acd4e113f8be378","2615d5a75a6f87c145e5ea50f6b1bc476caaa0d49d1375cc73a1a084e0077078","continuation","False","108","71","37","0.343","4","4","16","12"
"2026-04-13T05:18:59.009637Z","final-24h-tenant","7e915de8c02ff5f900b33e2b9a64938387ea98540633e521f73a6ccb35a88ad4","codex","a3ca9e007e38f722e37fe78fe3a9637fe0da7109bcbed4fd00fc43efe65e3803","84b25ea228db129fe7a2ac128c76e342129deb6e4637dc83e8c63d3eeaa938d5","continuation","False","108","71","37","0.343","4","4","16","12"
"2026-04-13T05:19:29.184698Z","final-24h-tenant","7e915de8c02ff5f900b33e2b9a64938387ea98540633e521f73a6ccb35a88ad4","codex","c72c3ba62b43d9e2ac7d5feaff33ad479b7ec6a18e65afa21e811fdd6734e13f","2afa2379ad7b2def50e55b6c4ae520834d6758dabd224fff473edb42dded5db3","continuation","False","108","71","37","0.343","4","4","16","12"
"2026-04-13T05:19:59.338267Z","final-24h-tenant","7e915de8c02ff5f900b33e2b9a64938387ea98540633e521f73a6ccb35a88ad4","codex","db2c9365f71e76dad47e396955195879341b4e6f475c56703fcb72c3111ca9cf","47852a3e04e085d58b8bc94d7e0a6451af1e29636ae08bae7b8706e9d75a4c45","continuation","False","108","71","37","0.343","4","4","16","12"
"2026-04-13T05:20:29.469914Z","final-24h-tenant","7e915de8c02ff5f900b33e2b9a64938387ea98540633e521f73a6ccb35a88ad4","codex","206a0070997965e533c5b2f2c79603954ec9ad4a191aeed60aedce652c1d35f1","aff7c8ef064fe43209ca696605a7bebbd53071277099d9c428e4025a1ebccdb1","continuation","False","108","71","37","0.343","4","4","16","12"
"2026-04-13T05:20:59.655100Z","final-24h-tenant","7e915de8c02ff5f900b33e2b9a64938387ea98540633e521f73a6ccb35a88ad4","codex","c41eb9c053844173f67c8a9da6e95e97408aa86625e2b099a97ede9b05676075","523828a82a77aed77f5338c85e8a8dbe951d53526d08b765cf267261fa090aca","continuation","False","108","71","37","0.343","4","4","16","12"
"2026-04-13T05:21:29.814436Z","final-24h-tenant","7e915de8c02ff5f900b33e2b9a64938387ea98540633e521f73a6ccb35a88ad4","codex","84e2788ba31a6fff48277e827f6893bfc5ea60e36ce993ca989326d693a4cca9","08aaadbc789c8217194f954ef7a57177d2ba5bce474a20b208df206ede93df1b","continuation","False","108","71","37","0.343","4","4","16","12"
"2026-04-13T05:21:59.993730Z","final-24h-tenant","7e915de8c02ff5f900b33e2b9a64938387ea98540633e521f73a6ccb35a88ad4","codex","406c6f446ed9a6984a0f7a9eb754b330cfc883ce33b3483c9c8a63cfb8c3e041","f061914d86f4605fbbab3c475926af616b371cceeacbf890f5e39e307402f930","continuation","False","108","71","37","0.343","4","4","16","12"
"2026-04-13T05:22:30.127875Z","final-24h-tenant","7e915de8c02ff5f900b33e2b9a64938387ea98540633e521f73a6ccb35a88ad4","codex","fea476200d9f3f6115d29f1b5c1d84f913c2838a9c1f213d35cd873f2bb3892d","0402da0bae2fb90103c9d4272eeebdc700d4950cd0cd162d0e3fcc35967a039f","continuation","False","108","71","37","0.343","4","4","16","12"
"2026-04-13T05:23:00.270247Z","final-24h-tenant","7e915de8c02ff5f900b33e2b9a64938387ea98540633e521f73a6ccb35a88ad4","codex","c967dc6b3a9c4ac93a3bef581732ac3c4f4488a7d199ffef3fef498e3b5d4c73","77164b24ac569b5f394c96d445cb0bf93725fd57dd04b972d9c6d3954fc9354f","continuation","False","108","71","37","0.343","4","4","16","12"
"2026-04-13T05:23:30.421042Z","final-24h-tenant","7e915de8c02ff5f900b33e2b9a64938387ea98540633e521f73a6ccb35a88ad4","codex","f56454a3efcb117ccc91c2bd3c027e1195f867dda5f3afab892b1bee69665096","9de1efabb1c67fa2d346c6df896a7445fdf138940888dbd331288f366065ff2a","continuation","False","108","71","37","0.343","4","4","16","12"
"2026-04-13T05:24:00.589285Z","final-24h-tenant","7e915de8c02ff5f900b33e2b9a64938387ea98540633e521f73a6ccb35a88ad4","codex","8017af0cd3114213c68aab2e2351ddc0d90a233a40fa6b734601db223487fd14","464248fe58fbd9f9eb17d355df0c5017e50aa1ecc62a1940a39651845ad98595","continuation","False","108","71","37","0.343","4","4","16","12"
"2026-04-13T05:24:30.765963Z","final-24h-tenant","7e915de8c02ff5f900b33e2b9a64938387ea98540633e521f73a6ccb35a88ad4","codex","158832f3deb2b57a5da51ac48e5cd09805d73a2b62eb955a9bccc91c0c029fa3","18e43faecb16f8d84fe6593e369579be39de06c59d0706988dc38e3d8c42868b","continuation","False","108","71","37","0.343","4","4","16","12"
"2026-04-13T05:25:00.912577Z","final-24h-tenant","7e915de8c02ff5f900b33e2b9a64938387ea98540633e521f73a6ccb35a88ad4","codex","afac9cd77b1c176917a6b8a3809b71e59a74f1233517aa866278a4889db00441","de764c4872e28ff5caf7647f1e330dec9fc7b5d5e5135b009bc5f5ff46ebaf84","continuation","False","108","71","37","0.343","4","4","16","12"
"2026-04-13T05:25:31.063623Z","final-24h-tenant","7e915de8c02ff5f900b33e2b9a64938387ea98540633e521f73a6ccb35a88ad4","codex","cbc62b312bd9e977033949fe7254b35537d049edd1793ab6de936ffd2616dec1","0642085c1a02e94c6ea9db9527ac8fc77ea1b84507ff0be11493271e142cee82","continuation","False","108","71","37","0.343","4","4","16","12"
"2026-04-13T05:26:01.218079Z","final-24h-tenant","7e915de8c02ff5f900b33e2b9a64938387ea98540633e521f73a6ccb35a88ad4","codex","8b426f05c00c825f59a54276ed36719dde8ecf69f677dbef12ebbbd5bb3bdc54","5931f7117d7c063e6805d48fbca6291d35a47f821f1ce796e7558d792a290083","continuation","False","108","71","37","0.343","4","4","16","12"
"2026-04-13T05:26:31.359978Z","final-24h-tenant","7e915de8c02ff5f900b33e2b9a64938387ea98540633e521f73a6ccb35a88ad4","codex","6afaad45ad0e72a884269825deb5234b34527ac604a832c8e951feb22086b029","a9183d9f92bd1e86036dd59d46bb2306bb4efec645cdaa3649b4375a30e3ee6f","continuation","False","108","71","37","0.343","4","4","16","12"
"2026-04-13T05:27:01.549943Z","final-24h-tenant","7e915de8c02ff5f900b33e2b9a64938387ea98540633e521f73a6ccb35a88ad4","codex","84f074d6787262dfa517c0d89a3512d758d3a2eaf7e4b364555bc6fc58c80713","f1af343ecaa9bd260ed2cfdeb4b6344dc681e8c14b65bdb8dfe96becb96ab65c","continuation","False","108","71","37","0.343","4","4","16","12"
"2026-04-13T05:27:31.716949Z","final-24h-tenant","7e915de8c02ff5f900b33e2b9a64938387ea98540633e521f73a6ccb35a88ad4","codex","c8ed7a866729f213ec9c6db50ce10c98cfd2b7efe7fef5cd4862300d8f25d54b","29793faccb589ab4687228c20c7bbcdf6b0df81092a4b1fd2cc08b68d192e065","continuation","False","108","71","37","0.343","4","4","16","12"
"2026-04-13T05:28:01.873065Z","final-24h-tenant","7e915de8c02ff5f900b33e2b9a64938387ea98540633e521f73a6ccb35a88ad4","codex","4c06844f51c8359d07e06bf5528408ff5953e2bfc9afeea21947129cbeb2ed00","8230829e425070703d201a171cc3cfd5b355d203749224be870e78cbe8622914","continuation","False","108","71","37","0.343","4","4","16","12"
"2026-04-13T05:28:32.186100Z","final-24h-tenant","7e915de8c02ff5f900b33e2b9a64938387ea98540633e521f73a6ccb35a88ad4","codex","adf64a2f812a863ad728e87806b7fef48f3a4d60e57db143e66f5a1ca170d9c1","cf0b635986c6a758b082c1d0d897e8fc634c340bed524aefe8ef7887920ae401","continuation","False","108","71","37","0.343","4","4","16","12"
"2026-04-13T05:29:02.363458Z","final-24h-tenant","7e915de8c02ff5f900b33e2b9a64938387ea98540633e521f73a6ccb35a88ad4","codex","09bcc2584eff706318fd2f53e5efaa398202f2b4abbf36994697934576af096d","3f5cf1c443f1d21a7168911ded74fee6c2cf6b51342a7d830b20e95a2ee68d27","continuation","False","108","71","37","0.343","4","4","16","12"
"2026-04-13T05:29:32.500883Z","final-24h-tenant","7e915de8c02ff5f900b33e2b9a64938387ea98540633e521f73a6ccb35a88ad4","codex","9bffb33a558d74e9bb069ea5d2aa5b1e671abc2b3ccc01d2abc6d95784b250b5","bdb276c3289d71e5249db06dcc9e9ac0c82eb3e55137bde19c576e2956de28c0","continuation","False","108","71","37","0.343","4","4","16","12"
"2026-04-13T05:30:02.652018Z","final-24h-tenant","7e915de8c02ff5f900b33e2b9a64938387ea98540633e521f73a6ccb35a88ad4","codex","c4f78a9e7b8aefa296f58d935193f0cfe331d419d0a53a3e5f121fb56d2f094b","3edf3fac0d3d2bb7517e69502a76bd3995e585459c4942bbcd642fbd89509e6d","continuation","False","108","71","37","0.343","4","4","16","12"
"2026-04-13T05:30:32.759503Z","final-24h-tenant","7e915de8c02ff5f900b33e2b9a64938387ea98540633e521f73a6ccb35a88ad4","codex","1b2547664255441fe318d15edbd61464ba07d4214c182d13734b8c870bc5bf00","9d520097635743db884476d4b0ab41d99c9312b14702eaaf2fa02b3a85f7cd25","continuation","False","108","71","37","0.343","4","4","16","12"
"2026-04-13T05:31:02.934465Z","final-24h-tenant","7e915de8c02ff5f900b33e2b9a64938387ea98540633e521f73a6ccb35a88ad4","codex","5c1495cdd2873a44302b6da26bf826e4d49bc51c39df014914eb989db5c66a4c","102027c1d2102f98a8086b64150c398aa672aec35d0f64fef0919dd3443db828","continuation","False","108","71","37","0.343","4","4","16","12"
"2026-04-13T05:31:33.086785Z","final-24h-tenant","7e915de8c02ff5f900b33e2b9a64938387ea98540633e521f73a6ccb35a88ad4","codex","3e54219ea3982595fab3982c086710c9db94e2d16431fe501c346da8c648b283","bf7ca4738e454a385026fe6db0acba96507a7c086f1a4ec0c78a04c535fc68cf","continuation","False","108","71","37","0.343","4","4","16","12"
"2026-04-13T05:32:03.226847Z","final-24h-tenant","7e915de8c02ff5f900b33e2b9a64938387ea98540633e521f73a6ccb35a88ad4","codex","9a981e8a391ad5b44a926fb3ed13793ac64bd9f26917dcd4fbf605cab25d976c","5705356d22a6bc6203f66577bc43433d495ca8a19140887f593c129580dc69c8","continuation","False","108","71","37","0.343","4","4","16","12"
"2026-04-13T05:32:33.365679Z","final-24h-tenant","7e915de8c02ff5f900b33e2b9a64938387ea98540633e521f73a6ccb35a88ad4","codex","f076eaa83a4a5b5d4a45ea2823599ab0d964165db6cf6569c862bfec69df31a1","93e319bd121ceac80eb750995a607f3e75749fe2d43b5260958de5b42d7b45d0","continuation","False","108","71","37","0.343","4","4","16","12"
"2026-04-13T05:33:03.532842Z","final-24h-tenant","7e915de8c02ff5f900b33e2b9a64938387ea98540633e521f73a6ccb35a88ad4","codex","cf9df7aad1d01a4e965f3b6129b225e5daafab41c4d30f74d1ad8f400650ca0c","989018baead8e9e4d5b512ce846324570714e441a1a8eb9c856a32b6d08faaa8","continuation","False","108","71","37","0.343","4","4","16","12"
"2026-04-13T05:33:33.656943Z","final-24h-tenant","7e915de8c02ff5f900b33e2b9a64938387ea98540633e521f73a6ccb35a88ad4","codex","e53679ed11b1b40e605d98dabe39f0daf7fc5a96bea503eccffd2b50ce169905","65ebc2226104856937545d40965d00b20cf4ec7cd050e51ff4356984135e5f36","continuation","False","108","71","37","0.343","4","4","16","12"
"2026-04-13T05:34:03.791218Z","final-24h-tenant","7e915de8c02ff5f900b33e2b9a64938387ea98540633e521f73a6ccb35a88ad4","codex","5492ca5f210c481b5ff683d58b3176a5f9008071f3088229bcd03f383fff6577","8672e114f8fb502bc14ccabf98e84a1d601b303dbe2aea10b5863c8ebe11470e","continuation","False","108","71","37","0.343","4","4","16","12"
"2026-04-13T05:34:33.926948Z","final-24h-tenant","7e915de8c02ff5f900b33e2b9a64938387ea98540633e521f73a6ccb35a88ad4","codex","7ba6915b33f4a1cb2d7dfefd0ec5a48bf0758002548a5e50b18c8a1a94f0da7b","fd408578d85c7539d7b7dd7b2e7aad2bd001f6bfc22799727e50f0131598ccd8","continuation","False","108","71","37","0.343","4","4","16","12"
"2026-04-13T05:35:04.082438Z","final-24h-tenant","7e915de8c02ff5f900b33e2b9a64938387ea98540633e521f73a6ccb35a88ad4","codex","42254e6351fd03f6e8aaab46c5485cc5113bf3a50052624b89368cedf2df7ee5","3bc35e0a23eaeb89ae416658c5cba6846a28117a0d21fe46cbf2e637cc670515","continuation","False","108","71","37","0.343","4","4","16","12"
"2026-04-13T05:35:34.216389Z","final-24h-tenant","7e915de8c02ff5f900b33e2b9a64938387ea98540633e521f73a6ccb35a88ad4","codex","d1bafcfdebe0be4fd2a4f6b3d8a43a5453e81add05fe9df5eb25ea2627090660","838ea78aa7ba81fbd9a4dc0cb56f608a883c2ebd427745664e8a21b78356c572","continuation","False","108","71","37","0.343","4","4","16","12"
"2026-04-13T05:36:04.401920Z","final-24h-tenant","7e915de8c02ff5f900b33e2b9a64938387ea98540633e521f73a6ccb35a88ad4","codex","0dadabcecc9dc80dc6404b6f719ab845bf5f3d1050970eb1671254411ea90ba5","f042156171338dbe415781644e7a1cb56b0e53ba6eb8a8b8ec62263f48468091","continuation","False","108","71","37","0.343","4","4","16","12"
"2026-04-13T05:36:34.560186Z","final-24h-tenant","7e915de8c02ff5f900b33e2b9a64938387ea98540633e521f73a6ccb35a88ad4","codex","37ea38c7cd5611c11da69cd4d3e5117043134c3700781755c0acca96fad36493","4f4200f31d58f193eb3de49410c4c0ead8abee35d9f602794c0513de5e0d61cb","continuation","False","108","71","37","0.343","4","4","16","12"
"2026-04-13T05:37:04.776405Z","final-24h-tenant","7e915de8c02ff5f900b33e2b9a64938387ea98540633e521f73a6ccb35a88ad4","codex","8ea376a2f6060a62643f94b338f321fb0344864771d6c4e32fce40d9e9628efe","33f7528e2a8aa987115263882bdea5393a527855ebd0e05e00125f716acd0e01","continuation","False","108","71","37","0.343","4","4","16","12"
"2026-04-13T05:37:34.892361Z","final-24h-tenant","7e915de8c02ff5f900b33e2b9a64938387ea98540633e521f73a6ccb35a88ad4","codex","7ebca86a020ae6298e9cc3fa00b1a49f77d96b613fbe3c9776ea1321617efbe0","810cff276c4fa08e41b85927c0858e7daf38bba00952bd5ecd8a5ee12c656397","continuation","False","108","71","37","0.343","4","4","16","12"
"2026-04-13T05:38:05.055464Z","final-24h-tenant","7e915de8c02ff5f900b33e2b9a64938387ea98540633e521f73a6ccb35a88ad4","codex","108c5e3395e3e66ecf6b174c2a8b73faf7c0bd7045bf280dcf6fb95b607fba77","2507fcce0abef87eabd7449d8600149fc50173a78a3c76ef63317b3dbf1e1345","continuation","False","108","71","37","0.343","4","4","16","12"
"2026-04-13T05:38:35.174073Z","final-24h-tenant","7e915de8c02ff5f900b33e2b9a64938387ea98540633e521f73a6ccb35a88ad4","codex","3c545b1c13f8036f77204f9f9e9ed85754170f27be63ea4dcea67ecd7cd3eadd","82d46e087490712a689c49a3ca0e68a462b5a21ab2c4778c271830275ad369af","continuation","False","108","71","37","0.343","4","4","16","12"
"2026-04-13T05:39:05.321973Z","final-24h-tenant","7e915de8c02ff5f900b33e2b9a64938387ea98540633e521f73a6ccb35a88ad4","codex","1765db5e30c3a276ca67b75d0f445da70c7461750f0d52a9b5dbd54eaa3398be","7e017fb8849b48ae498553460d6ffab82f2c462eaa3e8599d7e058cea6a05faa","continuation","False","108","71","37","0.343","4","4","16","12"
"2026-04-13T05:39:35.490964Z","final-24h-tenant","7e915de8c02ff5f900b33e2b9a64938387ea98540633e521f73a6ccb35a88ad4","codex","9d9e9f4976e636ba4b9d965787df693615f3b10938f0ab073e4dad19f08c7a5c","be1f20208b692f863625580b69bab229141ab656dfb3b3e3145d220d1a2346b4","continuation","False","108","71","37","0.343","4","4","16","12"
"2026-04-13T05:40:05.646648Z","final-24h-tenant","7e915de8c02ff5f900b33e2b9a64938387ea98540633e521f73a6ccb35a88ad4","codex","8d67fb42b1e4dec31f5ee134a48fb25b6b62a01d6d13a5808d2bfe3b40584464","c78c876e215886000cc83e9c2c7fd61fe3276d60d6c04898ad56086940889bd0","continuation","False","108","71","37","0.343","4","4","16","12"
"2026-04-13T05:40:35.794155Z","final-24h-tenant","7e915de8c02ff5f900b33e2b9a64938387ea98540633e521f73a6ccb35a88ad4","codex","3496505972b000a0dcdfb29b4c675ea38f364055405cb30a102f7dd523c45836","66594969344fa6c982c64ee0f57a64a4f3754da43e31274f4d794cd4e07de14b","continuation","False","108","71","37","0.343","4","4","16","12"
"2026-04-13T05:41:05.946162Z","final-24h-tenant","7e915de8c02ff5f900b33e2b9a64938387ea98540633e521f73a6ccb35a88ad4","codex","e6dd1e5fff10c622b1158204a2ee1ec0a3747d4f07ffc9f0fbdad1d758ef4c81","21238b350a269b9b7949611e7d1c0d4f46f37b744ca66d0cb0281f7add3e2d17","continuation","False","108","71","37","0.343","4","4","16","12"
"2026-04-13T05:41:36.084821Z","final-24h-tenant","7e915de8c02ff5f900b33e2b9a64938387ea98540633e521f73a6ccb35a88ad4","codex","70ba9d3f9daacfaddd38db6e2dbabce8469bc8525da2117aa2de4f4374e53386","a15eb56a6e735819c336500150d8bf3dc5391d36bb478012e97bcba99a857d46","continuation","False","108","71","37","0.343","4","4","16","12"
"2026-04-13T05:42:06.218871Z","final-24h-tenant","7e915de8c02ff5f900b33e2b9a64938387ea98540633e521f73a6ccb35a88ad4","codex","cf0afde04bb5486c000840beb34a0b3195eb09d48b080cdcad806f47fb99431f","acf650df283715a8bf0b8fd1fce8c4eede934a365383e93834f04fc9e17eea46","continuation","False","108","71","37","0.343","4","4","16","12"
"2026-04-13T05:42:36.351439Z","final-24h-tenant","7e915de8c02ff5f900b33e2b9a64938387ea98540633e521f73a6ccb35a88ad4","codex","8d8613a022c6e46efe3a5a65a48a271df911d379bc6ed1bef7caea60d6d1da2c","d44f80cbe101440a0df0a55046be3d250ca65853d00e17c70ffa9dd150c1a322","continuation","False","108","71","37","0.343","4","4","16","12"
"2026-04-13T05:43:06.519599Z","final-24h-tenant","7e915de8c02ff5f900b33e2b9a64938387ea98540633e521f73a6ccb35a88ad4","codex","b3cf1cea416920d2833ddecce3c8902263428a6ae44da4d00a6b52c0cfc830cc","6fc73578e3773957b870bd2150c39a51f045a9a3a510633b3480b4aac2067d95","continuation","False","108","71","37","0.343","4","4","16","12"
"2026-04-13T05:43:36.685890Z","final-24h-tenant","7e915de8c02ff5f900b33e2b9a64938387ea98540633e521f73a6ccb35a88ad4","codex","2e11b40fad7a58ace67d47fc5e4f7be1ced12e79dd5f3ac0459b0661961a256b","509737d06ccb1e7547510befe4ed3feec106325fd8e469737a553e872cc9dc47","continuation","False","108","71","37","0.343","4","4","16","12"
"2026-04-13T05:44:06.863473Z","final-24h-tenant","7e915de8c02ff5f900b33e2b9a64938387ea98540633e521f73a6ccb35a88ad4","codex","43637b5d03b821f236dfd7a730e91ebc9744fa3f9c40ecb6bda85f17d677a5f2","0e9e35d1551240944a2ca07c2e30969c08ca62229c0b2183891dd8115ef408f3","continuation","False","108","71","37","0.343","4","4","16","12"
"2026-04-13T05:44:37.019919Z","final-24h-tenant","7e915de8c02ff5f900b33e2b9a64938387ea98540633e521f73a6ccb35a88ad4","codex","db20bb138e3aef16e4402b426faa1b76e478fe29d1616fe49facdfc4a4e98a93","f7231007132d3b91d211237a75cc1ec2984e257b0006b936bf9366d59847ac6c","continuation","False","108","71","37","0.343","4","4","16","12"
"2026-04-13T05:45:07.134064Z","final-24h-tenant","7e915de8c02ff5f900b33e2b9a64938387ea98540633e521f73a6ccb35a88ad4","codex","aa3751026bbee38760b7ee1762dca04a21b2e20a349655665052861510ec1c34","26e4a388f030f8ae9c88999ea9e6c2897a8e52c09d9bf72c5e2ed16b027ebebc","continuation","False","108","71","37","0.343","4","4","16","12"
"2026-04-13T05:45:37.291261Z","final-24h-tenant","7e915de8c02ff5f900b33e2b9a64938387ea98540633e521f73a6ccb35a88ad4","codex","8f22b14995490bf5536643b3fb59b7e7de56795600af1b47d70be004f2066f0a","1dd54c6e5600d1afc1156d3d020b06ad1351bf7c1ba45ce31baa64cfb994383f","continuation","False","108","71","37","0.343","4","4","16","12"
"2026-04-13T05:46:07.443010Z","final-24h-tenant","7e915de8c02ff5f900b33e2b9a64938387ea98540633e521f73a6ccb35a88ad4","codex","c1dcc16005e80b5e876f24c6c50ca31860a7986e70e8951edfe29a8e8fb00217","235997ce46b5ad756729642324172fdb3728888cfd2c02b329a184a36566cac0","continuation","False","108","71","37","0.343","4","4","16","12"
"2026-04-13T05:46:37.582740Z","final-24h-tenant","7e915de8c02ff5f900b33e2b9a64938387ea98540633e521f73a6ccb35a88ad4","codex","17203645488673818562254b0aa368fad26c8b706e53f9e763c155f26c92fe84","e3237e441278e233b7e568479a0937db3eda6ddd85c0513d4eb7702824864d87","continuation","False","108","71","37","0.343","4","4","16","12"
"2026-04-13T05:47:07.729721Z","final-24h-tenant","7e915de8c02ff5f900b33e2b9a64938387ea98540633e521f73a6ccb35a88ad4","codex","fc7b0c84b9570b92f5b7fa149fd0f3b131e94c23434f624b644e01977f21b832","b57d4fdc98e8638b68785d4c60a448d6c121b92388d48f61db000fbbaa91664b","continuation","False","108","71","37","0.343","4","4","16","12"
"2026-04-13T05:47:37.865620Z","final-24h-tenant","7e915de8c02ff5f900b33e2b9a64938387ea98540633e521f73a6ccb35a88ad4","codex","f066f35baf1187fe8e6d69751adc7e40cbb3bed894040c4fb98dfc85f3337d51","3c57db11df7fa168c28fe67f80b0debb1246b23bf7fc59cde1f42014f86b9315","continuation","False","108","71","37","0.343","4","4","16","12"
"2026-04-13T05:48:08.035252Z","final-24h-tenant","7e915de8c02ff5f900b33e2b9a64938387ea98540633e521f73a6ccb35a88ad4","codex","30193019105b01d59b05b82caebb90e8949f70f42c9d63ba17794f4476b4c829","73ae6187709f7167b1643065880ee9cac390b4b4ab4ea0c4118b70093a2c1ae0","continuation","False","108","71","37","0.343","4","4","16","12"
"2026-04-13T05:48:38.193699Z","final-24h-tenant","7e915de8c02ff5f900b33e2b9a64938387ea98540633e521f73a6ccb35a88ad4","codex","5da51f6760ed4783a5a682917af4cfb08d9649dbbf6563a043be7e1843d329b2","5ed5fbddf65f83690e6bc198884b1b6bddaa29c84c8b75353fb9381cccfa67f6","continuation","False","108","71","37","0.343","4","4","16","12"
"2026-04-13T05:49:08.363414Z","final-24h-tenant","7e915de8c02ff5f900b33e2b9a64938387ea98540633e521f73a6ccb35a88ad4","codex","7ab882207980cb4f57954824dd62597a81246b0df663890ec78aa98e82dc23f2","081f8d6dfdb2b4d186894d31af95e99a55efe6a03eff0ea819e45e05a8a1987a","continuation","False","108","71","37","0.343","4","4","16","12"
"2026-04-13T05:49:38.514311Z","final-24h-tenant","7e915de8c02ff5f900b33e2b9a64938387ea98540633e521f73a6ccb35a88ad4","codex","5cace5bf87c6c9d6ecf4e04a381c2bbfa0b40baaa58b435e0c362ea70707d942","3fe25b09d00c9aaa574129681ad2b089663812fa65d22d9bcf39462ba51ebdbc","continuation","False","108","71","37","0.343","4","4","16","12"
"2026-04-13T05:50:08.657413Z","final-24h-tenant","7e915de8c02ff5f900b33e2b9a64938387ea98540633e521f73a6ccb35a88ad4","codex","7e7dfc81ef7956f3eb2e02495c657f7e880ee788d4e14bc82d6cfbad1609fb7f","ce5806c9c8edc284276eb51caa24fcd89876d859cabcf98038f2132993bdc442","continuation","False","108","71","37","0.343","4","4","16","12"
"2026-04-13T05:50:38.832547Z","final-24h-tenant","7e915de8c02ff5f900b33e2b9a64938387ea98540633e521f73a6ccb35a88ad4","codex","b6381608cc27c857c6f21fa8297cbe36c993c07d9430d99e089fe425922cf430","d17a33066bc114d8729039a12665b0dc5b3dcdc0b2332975eb3e9291b359b907","continuation","False","108","71","37","0.343","4","4","16","12"
"2026-04-13T05:51:09.027339Z","final-24h-tenant","7e915de8c02ff5f900b33e2b9a64938387ea98540633e521f73a6ccb35a88ad4","codex","3d6404e648fac6f94b88fcab5b2c6871b3875d64b4039fbfaf76081bddeed2f3","dd1df90dff90c0fb66183c82e48fe1cb3b30c87f30c3c46e0f9b781d877eff06","continuation","False","108","71","37","0.343","4","4","16","12"
"2026-04-13T05:51:39.199241Z","final-24h-tenant","7e915de8c02ff5f900b33e2b9a64938387ea98540633e521f73a6ccb35a88ad4","codex","f4851d038f73be2661ad130acfb8b05defe8b32b726515699cb442ecbabef24e","73ff9723b1b33dbdf23084ceb8af33354967532216d324cf4589de79a801e654","continuation","False","108","71","37","0.343","4","4","16","12"
"2026-04-13T05:52:09.353609Z","final-24h-tenant","7e915de8c02ff5f900b33e2b9a64938387ea98540633e521f73a6ccb35a88ad4","codex","c11ba38e2180bf2852f99beed308803388f5e169e0455b5997ea47dfb919e7e3","4ade28aa2dd8f7575f5a212dd12b6899d7fb65a64a6b9c985d0fbedf2648ac62","continuation","False","108","71","37","0.343","4","4","16","12"
"2026-04-13T05:52:39.503699Z","final-24h-tenant","7e915de8c02ff5f900b33e2b9a64938387ea98540633e521f73a6ccb35a88ad4","codex","3ed5ef84774e37a4601a86ba5c52f42c8720d692c9b4dee7c9619d3013741ae6","02dfe1d5e5f41c4dce76a5fec7c8cd27d85654c3cdf12aab790e066faaecd3b4","continuation","False","108","71","37","0.343","4","4","16","12"
"2026-04-13T05:53:09.692484Z","final-24h-tenant","7e915de8c02ff5f900b33e2b9a64938387ea98540633e521f73a6ccb35a88ad4","codex","f53284bde989832194f9e4362697fcdaaf29ebf00dfad9dc33750ce618cca0f8","7648575e35023a0ef5453bdeb20aaa622b5f44fbcb93161b2ccd0beeec7c4877","continuation","False","108","71","37","0.343","4","4","16","12"
"2026-04-13T05:53:39.858709Z","final-24h-tenant","7e915de8c02ff5f900b33e2b9a64938387ea98540633e521f73a6ccb35a88ad4","codex","801dddd374b28c5e87a6681fe102157b4ac10ab532128ab4215c65215b100ee8","a78d3d2545d651dc504cfb9db6888e17979c7dc04703b760d43f73ceffc1df8c","continuation","False","108","71","37","0.343","4","4","16","12"
"2026-04-13T05:54:10.040980Z","final-24h-tenant","7e915de8c02ff5f900b33e2b9a64938387ea98540633e521f73a6ccb35a88ad4","codex","88df12015960f0d8786cb0213b26560d5ecfdc87e3d8488724200fb18653cfb1","0886a4a6d98ea02167ce97dce2375744651306f443a43f4df7884e2b7ce858e9","continuation","False","108","71","37","0.343","4","4","16","12"
"2026-04-13T05:54:40.167158Z","final-24h-tenant","7e915de8c02ff5f900b33e2b9a64938387ea98540633e521f73a6ccb35a88ad4","codex","aec8526516f9be68a9286de50976aeff66fea8595d471a1e8fde5a339aa9d7b3","b599201825913f9eaede998ccd388d5bf6826cb0686fb663efe4a5500619c78b","continuation","False","108","71","37","0.343","4","4","16","12"
"2026-04-13T05:55:10.332290Z","final-24h-tenant","7e915de8c02ff5f900b33e2b9a64938387ea98540633e521f73a6ccb35a88ad4","codex","e042edac69ff1caee0727d450aeb4d1fa4c40f2149f7172237ac7e37a220ed91","b33e83803446f0ef6af3aec976e35eb1a52ef5624e804e3a9b95b03211721198","continuation","False","108","71","37","0.343","4","4","16","12"
"2026-04-13T05:55:40.488724Z","final-24h-tenant","7e915de8c02ff5f900b33e2b9a64938387ea98540633e521f73a6ccb35a88ad4","codex","e866293242c9d3d76ea4742dcdadb578541e437d6432b3af41943ee8387fbfa5","1b81c196e319e410213a72649da70426598b5174cfed1ffc00e14e783906ac9e","continuation","False","108","71","37","0.343","4","4","16","12"
"2026-04-13T05:56:10.671934Z","final-24h-tenant","7e915de8c02ff5f900b33e2b9a64938387ea98540633e521f73a6ccb35a88ad4","codex","24e6ef48c43f4a1ecdbf8db78e082949f99781690e24469e6f016d3859ae117b","7147dbe1809e546cd2dc45c45be4ec33d5dc9618782bdf580d3bad3c59c32327","continuation","False","108","71","37","0.343","4","4","16","12"
"2026-04-13T05:56:40.817211Z","final-24h-tenant","7e915de8c02ff5f900b33e2b9a64938387ea98540633e521f73a6ccb35a88ad4","codex","b40aa482c425ebaa09d59eb44dd11b59ac40cfee84cee7eb2a22e81abaaecdc6","431f91f64a5ae01f574fc46a5986ca5252301def541666057b5d929ea0066f96","continuation","False","108","71","37","0.343","4","4","16","12"
"2026-04-13T05:57:10.974124Z","final-24h-tenant","7e915de8c02ff5f900b33e2b9a64938387ea98540633e521f73a6ccb35a88ad4","codex","a035df4dd21f0529b6fc7bbfb76a62449bfe3e60a85b7388763bae9a29e396fb","32fa06d3fc6f6fef1f10080f91c09a38aa706d327baf142ccc3a50a45c03e957","continuation","False","108","71","37","0.343","4","4","16","12"
"2026-04-13T05:57:41.106980Z","final-24h-tenant","7e915de8c02ff5f900b33e2b9a64938387ea98540633e521f73a6ccb35a88ad4","codex","9fc47613bf14ea768925b29e95998a2395e0487f1073fd967db57ef868c0a144","9a97be48fa36d4032d36fe1968d36d0c39174d97f91c2151eefec95e5ed39101","continuation","False","108","71","37","0.343","4","4","16","12"
"2026-04-13T05:58:11.246997Z","final-24h-tenant","7e915de8c02ff5f900b33e2b9a64938387ea98540633e521f73a6ccb35a88ad4","codex","1b218cb0a0fa6a31e3d1e395076ed82a231a40b052e11e5ed4d83773eb0c6136","06a0d537d25757cea53f30b4616507109ea60bfaf1b2aa52f64cfd5f1adfb315","continuation","False","108","71","37","0.343","4","4","16","12"
"2026-04-13T05:58:41.401622Z","final-24h-tenant","7e915de8c02ff5f900b33e2b9a64938387ea98540633e521f73a6ccb35a88ad4","codex","6a9e8ba61c67ad5fd1e5deeb14e32f6f6e663a9534e482aee1171c5e5e23b805","cb1d20bb855da09608225f43b814d49c8dc02855f2e267a50d562ededa813702","continuation","False","108","71","37","0.343","4","4","16","12"
"2026-04-13T05:59:11.564247Z","final-24h-tenant","7e915de8c02ff5f900b33e2b9a64938387ea98540633e521f73a6ccb35a88ad4","codex","05c6aee0321d938f8113ddb1aab9f2477d8830ff0d9647f1aa85b87996ca9e58","6fcf45585b8f35cca459120c7ade1d864ab327fca4d06722a962a7927e3c3c3f","continuation","False","108","71","37","0.343","4","4","16","12"
"2026-04-13T05:59:41.738474Z","final-24h-tenant","7e915de8c02ff5f900b33e2b9a64938387ea98540633e521f73a6ccb35a88ad4","codex","03813d377d6e7e9901c3da530297358ea3f6b839b9051f41d14c6377052e5a3e","d33478064218ccd4536e86203aace6de10d8b109053073ed45e62be97d5d4a6c","continuation","False","108","71","37","0.343","4","4","16","12"
"2026-04-13T06:00:11.866357Z","final-24h-tenant","7e915de8c02ff5f900b33e2b9a64938387ea98540633e521f73a6ccb35a88ad4","codex","83ec3c51ec8f22224c0b2d481a02b8beba2fe53fe5a1339c030935d06d0a908a","516e153a24b59f43423f5ab9bfa4712b3e7150db4360052a8a5c2b408ff1735f","continuation","False","108","71","37","0.343","4","4","16","12"
"2026-04-13T06:00:42.004535Z","final-24h-tenant","7e915de8c02ff5f900b33e2b9a64938387ea98540633e521f73a6ccb35a88ad4","codex","5445721846fe0121d11c37d96b42ae210cb7f195d72bd1730df8b6b2eb575634","2f3eb6b261882cbffaf5fb2edd20d29c673c44b910941cd3591355ae96a963d6","continuation","False","108","71","37","0.343","4","4","16","12"
"2026-04-13T06:01:12.131043Z","final-24h-tenant","7e915de8c02ff5f900b33e2b9a64938387ea98540633e521f73a6ccb35a88ad4","codex","35190b04108214deb8bb66685d9d80e9c59454ed9857bd25130c4a6ec61c01b4","5d12b825be69f4651905805abfc1fe0817c0c6b6903468cf5b19bb3e940df499","continuation","False","108","71","37","0.343","4","4","16","12"
"2026-04-13T06:01:42.292194Z","final-24h-tenant","7e915de8c02ff5f900b33e2b9a64938387ea98540633e521f73a6ccb35a88ad4","codex","8fd0fd10ba0bfed9ec25b27052be1ec2d09c0c127655e42422d8c6bb8345dd70","fd216f98f5fcc2694d800747779c56de5b1303597464fe008065f16ec66d425a","continuation","False","108","71","37","0.343","4","4","16","12"
"2026-04-13T06:02:12.434296Z","final-24h-tenant","7e915de8c02ff5f900b33e2b9a64938387ea98540633e521f73a6ccb35a88ad4","codex","be698ab14acd44f7e7cb006c55b9681ead0f0e978a89e4c81214cea8b62eb732","d915e1dfe5c7307ddda839d75367cdc718b7dca9ce9e0afc87c8eea4eb3d485b","continuation","False","108","71","37","0.343","4","4","16","12"
"2026-04-13T06:02:42.644177Z","final-24h-tenant","7e915de8c02ff5f900b33e2b9a64938387ea98540633e521f73a6ccb35a88ad4","codex","2d99b41a62a046dcc5bcefef63618d3787b501bc26cfcbec2cc79d2337dc20fd","672cdbc93bac75a886e892bcffda724dcf3a6d55cce4a24f52b01484081c99fc","continuation","False","108","71","37","0.343","4","4","16","12"
"2026-04-13T06:03:12.787074Z","final-24h-tenant","7e915de8c02ff5f900b33e2b9a64938387ea98540633e521f73a6ccb35a88ad4","codex","5c48098d559bb7ee396f5f05607fe98493f672cfd8ad1a87a56743fa51e647c9","e969f10d6d58d0aaced0d56f49a5293c34660f20a69a66fe01bd1de22d9585e9","continuation","False","108","71","37","0.343","4","4","16","12"
"2026-04-13T06:03:42.931919Z","final-24h-tenant","7e915de8c02ff5f900b33e2b9a64938387ea98540633e521f73a6ccb35a88ad4","codex","19774d996693e73cc29dda6e7e7be2f10140a03d7afe2fcd0a00f07a77312707","f6c40c58a3b8745a7ecb4ab63cae130a0649e0b214453ed14e4d8777728d1cc4","continuation","False","108","71","37","0.343","4","4","16","12"
"2026-04-13T06:04:13.091598Z","final-24h-tenant","7e915de8c02ff5f900b33e2b9a64938387ea98540633e521f73a6ccb35a88ad4","codex","923c171f50d9c1806f67a8e5282e190335d7d5be1f835a318ae5f8d8287e2851","c966c02b7a70d16e72effb8dbcd57597c453f9875e613bf11d693ec66719aff3","continuation","False","108","71","37","0.343","4","4","16","12"
"2026-04-13T06:04:43.242997Z","final-24h-tenant","7e915de8c02ff5f900b33e2b9a64938387ea98540633e521f73a6ccb35a88ad4","codex","256c853478731c61c5c63c045bcd0b4740c9199fd4bd9cb995d84d3388e13717","551e74427af0a75f4996e1beb07b062bf7b59e6419381f12dfd861c6e9958223","continuation","False","108","71","37","0.343","4","4","16","12"
"2026-04-13T06:05:13.398767Z","final-24h-tenant","7e915de8c02ff5f900b33e2b9a64938387ea98540633e521f73a6ccb35a88ad4","codex","9beab0c5583fc2ba3048eb0ad289d5f6fa4e2c86ef5b221ebc261910354607b9","21403e2e23db6507da436eb903659281c100c5a4f32efc2275e06f296ee7f97e","continuation","False","108","71","37","0.343","4","4","16","12"
"2026-04-13T06:05:43.524083Z","final-24h-tenant","7e915de8c02ff5f900b33e2b9a64938387ea98540633e521f73a6ccb35a88ad4","codex","ff3b374e03f9ec7b5978839382a702ce55b5df1cb2d8e1c9ebcb7952b21ec2f3","021249464a9bcdc20fce06fe261d8f68f207d96d3dc67be7a2721536492c5a01","continuation","False","108","71","37","0.343","4","4","16","12"
"2026-04-13T06:06:13.675848Z","final-24h-tenant","7e915de8c02ff5f900b33e2b9a64938387ea98540633e521f73a6ccb35a88ad4","codex","ea3a3212ec67cfff1cb7d659bb971a6d4284c32299c793837a5ff45545d4f082","2c6bf71cfb72f8bfe0a12ca64a0776ceba22fc226bfa9a311bf3116c798fcf33","continuation","False","108","71","37","0.343","4","4","16","12"
"2026-04-13T06:06:43.820403Z","final-24h-tenant","7e915de8c02ff5f900b33e2b9a64938387ea98540633e521f73a6ccb35a88ad4","codex","93101f51c9ddcd3b3d5b27bbe90b827f51916532ebe8847393bc8b1bc795c627","68c508569f636ed293a7082869f0d3a93464b9bfa63a277c7ae86a3197229078","continuation","False","108","71","37","0.343","4","4","16","12"
"2026-04-13T06:07:13.973686Z","final-24h-tenant","7e915de8c02ff5f900b33e2b9a64938387ea98540633e521f73a6ccb35a88ad4","codex","2d08a888735cbe456879ada2f154bb5b0407cd04c1bb18942a69f47d5a5941d8","72e07f192f96f0f749b58bfe5a477e91fa5083fd30d95d29575a94bbc847ceb7","continuation","False","108","71","37","0.343","4","4","16","12"
"2026-04-13T06:07:44.147515Z","final-24h-tenant","7e915de8c02ff5f900b33e2b9a64938387ea98540633e521f73a6ccb35a88ad4","codex","fcce6f16c97b52684b0d7743133758fe6e7e09de68be3aefd4012de0667b536d","2c3efa61f31e271985609693a0da766abeb6e8e43b3f0e29f3903f2d2088cb70","continuation","False","108","71","37","0.343","4","4","16","12"
"2026-04-13T06:08:14.329882Z","final-24h-tenant","7e915de8c02ff5f900b33e2b9a64938387ea98540633e521f73a6ccb35a88ad4","codex","a7e8cd3c1f4800908405718993c0ad9358f9fb438242300801a1877bfb94d157","ed6a41948fd34679d66b19c90c94d6c431be421beee6e0e8f90090f5d7436a4d","continuation","False","108","71","37","0.343","4","4","16","12"
"2026-04-13T06:08:44.485121Z","final-24h-tenant","7e915de8c02ff5f900b33e2b9a64938387ea98540633e521f73a6ccb35a88ad4","codex","95605f1c6ae7253c2e476413ffda8ea8ab1c33b8adade1c49bfa1e75b672ac90","45727df987db65aeadd7c308528414db331fd6e0d72e8a68167d84e15153608f","continuation","False","108","71","37","0.343","4","4","16","12"
"2026-04-13T06:09:14.643577Z","final-24h-tenant","7e915de8c02ff5f900b33e2b9a64938387ea98540633e521f73a6ccb35a88ad4","codex","8d9ebd5f60ec98e7f0612eafc305f674dac9eac0e683cea425b3ae8d66f1fed4","c06337120c324bf6057fa90f7b51784673ad5143acc3cc39b9309a90b1319e87","continuation","False","108","71","37","0.343","4","4","16","12"
"2026-04-13T06:09:44.777380Z","final-24h-tenant","7e915de8c02ff5f900b33e2b9a64938387ea98540633e521f73a6ccb35a88ad4","codex","c1b05e608ccf2ff8811893ce72bacd22b42e5457f5f19b294e3d31cc5ec32de9","607c06150daab0a5d621f16e069aaca9de084c43b9a4e4c79cd893449c1fe342","continuation","False","108","71","37","0.343","4","4","16","12"
"2026-04-13T06:10:14.932526Z","final-24h-tenant","7e915de8c02ff5f900b33e2b9a64938387ea98540633e521f73a6ccb35a88ad4","codex","55f75aa440967c8bfb3c6892f2426ee2c049bbefd40715b408ce9fc4807876f4","c69ac3ffb8b7f5087d3f22fd525299116964025dd893026951a06a1b5ecd748f","continuation","False","108","71","37","0.343","4","4","16","12"
"2026-04-13T06:10:45.060977Z","final-24h-tenant","7e915de8c02ff5f900b33e2b9a64938387ea98540633e521f73a6ccb35a88ad4","codex","2b02a0cf77d5a56dd6c19f4791950ec5b903e0f494f570b4a2e44ee8756a1c68","80b86b9dfb57807834a0a79d17cedb01421684565a8d8b94e5361883e5c4f956","continuation","False","108","71","37","0.343","4","4","16","12"
"2026-04-13T06:11:15.226306Z","final-24h-tenant","7e915de8c02ff5f900b33e2b9a64938387ea98540633e521f73a6ccb35a88ad4","codex","5296decd98175dc8e84ca7bb3a80bb0e28e9c85305400bf4b79f7c18325b7158","d7cc4cc3c7ff2000d588b2ae8ca2f08d1be10cdca24f032edf12c3b921f543f1","continuation","False","108","71","37","0.343","4","4","16","12"
"2026-04-13T06:11:45.358539Z","final-24h-tenant","7e915de8c02ff5f900b33e2b9a64938387ea98540633e521f73a6ccb35a88ad4","codex","7bcffd8c785f387785b5afa14f4a2b024b65cf6753252e5e2fdde3092349dd7d","0212f443fde217e045df3d831b7e9f42ae71dcb406c940376875695cdd59f0c5","continuation","False","108","71","37","0.343","4","4","16","12"
"2026-04-13T06:12:15.490632Z","final-24h-tenant","7e915de8c02ff5f900b33e2b9a64938387ea98540633e521f73a6ccb35a88ad4","codex","c0c3991cac7b8a0946f494076ffcbb5cc8ffd28f09f02647344ed2dd2bcf0b7c","cc942e6a32d7c1ee93557a8bc53b9bf99543d15980937a833cc6515b9a990ebd","continuation","False","108","71","37","0.343","4","4","16","12"
"2026-04-13T06:12:45.664994Z","final-24h-tenant","7e915de8c02ff5f900b33e2b9a64938387ea98540633e521f73a6ccb35a88ad4","codex","d7c2dc938fd35d4dd873f8224fd25952990e49ca65f6085e8cd24cc43c6b11dc","b2405a156af785fb6bfb5e6661a1c3d09bbb183fa3d6b1deb0232a0571f93d94","continuation","False","108","71","37","0.343","4","4","16","12"
"2026-04-13T06:13:15.814434Z","final-24h-tenant","7e915de8c02ff5f900b33e2b9a64938387ea98540633e521f73a6ccb35a88ad4","codex","05cb35ae54a8be57dedac60e4139dcff2ffbc130142b01a47d24ff71e59f0471","9c08042ee9671ed2fbcddc789307c17e3c41e4760856e49b50da39f299598f6e","continuation","False","108","71","37","0.343","4","4","16","12"
"2026-04-13T06:13:45.968676Z","final-24h-tenant","7e915de8c02ff5f900b33e2b9a64938387ea98540633e521f73a6ccb35a88ad4","codex","1ade37f3c4610bc6fa443370cc17eba0931b705a43d16156f6cb727e140fa8a8","7cf728fba95b163d10217e977444e145d22febf11b90270b793285d05f5f8460","continuation","False","108","71","37","0.343","4","4","16","12"
"2026-04-13T06:14:16.107778Z","final-24h-tenant","7e915de8c02ff5f900b33e2b9a64938387ea98540633e521f73a6ccb35a88ad4","codex","616add2988df559792adef233baf73d6c0004b13503c86224e5c47da1c66eff9","4e547e52aac27f46092836ee01c8cc86b575f752e19e4fb05646b51bfb5757b0","continuation","False","108","71","37","0.343","4","4","16","12"
"2026-04-13T06:14:46.270055Z","final-24h-tenant","7e915de8c02ff5f900b33e2b9a64938387ea98540633e521f73a6ccb35a88ad4","codex","d200e6bb774a5f25ead64a0e1d5be5ce25974fed461cbba836f6ef43c967ac3c","0b3cfaaabf06989749972d55c2c257debba6d7f63d685d27bc0cff06902960e9","continuation","False","108","71","37","0.343","4","4","16","12"
"2026-04-13T06:15:16.444671Z","final-24h-tenant","7e915de8c02ff5f900b33e2b9a64938387ea98540633e521f73a6ccb35a88ad4","codex","1f752c7b00824a9dad082a9c7c302ae62ca901a672dcc7f7916a0bd14bebae1e","21ae75e2747aa1fc3377f829f5ca3b1a9dbda21b415ebfe96ffec4430247b7e5","continuation","False","108","71","37","0.343","4","4","16","12"
"2026-04-13T06:15:46.587648Z","final-24h-tenant","7e915de8c02ff5f900b33e2b9a64938387ea98540633e521f73a6ccb35a88ad4","codex","bb5acbf948656f682d740cfec2e0b9407b2e419c405155ac98d06856021c58b2","069a50b7ea6263a242a8350b9d5179c1b19789bbdc493af6989e11ce80036b53","continuation","False","108","71","37","0.343","4","4","16","12"
"2026-04-13T06:16:16.762955Z","final-24h-tenant","7e915de8c02ff5f900b33e2b9a64938387ea98540633e521f73a6ccb35a88ad4","codex","545a6b43115d16a7dc8f5c2c14025cac70112e7f660753cb56bc453e381a4d09","76159f1b03d055f1d769496a8645a656ae006f8606f691c0edd2d09bfe4a75ea","continuation","False","108","71","37","0.343","4","4","16","12"
"2026-04-13T06:16:46.923924Z","final-24h-tenant","7e915de8c02ff5f900b33e2b9a64938387ea98540633e521f73a6ccb35a88ad4","codex","a1ab41715467cdd66758e69ea79dc4b6f2d7eb0169a935a631212a38d6690fd2","02cbd7ecc922de883419530ed287df006dc795eba2a26cdb546fd2908229d67d","continuation","False","108","71","37","0.343","4","4","16","12"
"2026-04-13T06:17:17.094235Z","final-24h-tenant","7e915de8c02ff5f900b33e2b9a64938387ea98540633e521f73a6ccb35a88ad4","codex","d275b823a58ef429ede95dd35ef0a855cccba688260c8a98787c97323424e399","9d2fd3cc437c1a1f82effd3d61f3cf71dfc5fb443000c5e086c1f92216bbf6ea","continuation","False","108","71","37","0.343","4","4","16","12"
"2026-04-13T06:17:47.248033Z","final-24h-tenant","7e915de8c02ff5f900b33e2b9a64938387ea98540633e521f73a6ccb35a88ad4","codex","7bbef68bd3edf0dd7355f413c8ffb2f9d1e067b9cb222d7dda67acb7b3b0d753","540eaaa6b2bbef462d0e5e3550c3016ed5085bcfe63d25032bb1a25a28de0abc","continuation","False","108","71","37","0.343","4","4","16","12"
"2026-04-13T06:18:17.423333Z","final-24h-tenant","7e915de8c02ff5f900b33e2b9a64938387ea98540633e521f73a6ccb35a88ad4","codex","bf75d0a5897fa73d276dde16f18f1bde4c585039cd443739d9f35a66a8cdd1a9","292bea40f78d16eb61b70f895c5d987896f820881c4845b3b9564ec5aeb0830c","continuation","False","108","71","37","0.343","4","4","16","12"
"2026-04-13T06:18:47.570435Z","final-24h-tenant","7e915de8c02ff5f900b33e2b9a64938387ea98540633e521f73a6ccb35a88ad4","codex","b04652f6244b829973ab3fde3e7d58b9fa5cf3210f06da27959487e15602405d","2c9d7d2dfd19400f4e8e4ae02ce21bc10a50434ca0c4ab9a95237dd4c2587e7b","continuation","False","108","71","37","0.343","4","4","16","12"
"2026-04-13T06:19:17.695202Z","final-24h-tenant","7e915de8c02ff5f900b33e2b9a64938387ea98540633e521f73a6ccb35a88ad4","codex","2feb1d1994a3d2706983e7518a30b8fb418c77fc7709871e868b55bd8fddd0f7","6071fc6299bd21b6fd1831b13cb88387df234dfc64d4784160315ae8e19c6426","continuation","False","108","71","37","0.343","4","4","16","12"
"2026-04-13T06:19:47.858863Z","final-24h-tenant","7e915de8c02ff5f900b33e2b9a64938387ea98540633e521f73a6ccb35a88ad4","codex","e076e6f054c72041bbc8e6246b5354f713409edd3ff3c2b73d1da6941bdc9439","6394b8d5caa10a762794ef40b2dd77bd892e1aa3d4572e9cc94787d880244142","continuation","False","108","71","37","0.343","4","4","16","12"
"2026-04-13T06:20:18.007939Z","final-24h-tenant","7e915de8c02ff5f900b33e2b9a64938387ea98540633e521f73a6ccb35a88ad4","codex","0883704a07376e77eb08ebc339d2c98cfbb9a7e336868be101a02323bc93ed58","19443aaffeec93b67272c31d8fec04bad647769f4955dd24a148f07792fc8541","continuation","False","108","71","37","0.343","4","4","16","12"
"2026-04-13T06:20:48.129346Z","final-24h-tenant","7e915de8c02ff5f900b33e2b9a64938387ea98540633e521f73a6ccb35a88ad4","codex","4a6d6480e916104dc2be3798e87e40ad370eb62371f56ff9e56bff0930a83c07","b62f1c10d3c5bd8620756f0f082594d42bb2da68942c47afe4e6effcfa099941","continuation","False","108","71","37","0.343","4","4","16","12"
"2026-04-13T06:21:18.290472Z","final-24h-tenant","7e915de8c02ff5f900b33e2b9a64938387ea98540633e521f73a6ccb35a88ad4","codex","6b20d4893ff00f38876b178229833fdda5d84b334b0bb70116f029c57fbb0380","4441fa5934e40cbef7aa72609ff5184a32f9a9df146a8b5f471154f74a73a485","continuation","False","108","71","37","0.343","4","4","16","12"
"2026-04-13T06:21:48.455982Z","final-24h-tenant","7e915de8c02ff5f900b33e2b9a64938387ea98540633e521f73a6ccb35a88ad4","codex","114aea59022c2c4635e32f6789524d6fd75116852cdfd82e1b0477b510a3f6a6","d89e6e9aa1b2901cd24a994b5f241bae6cc7241786262a1a977175343c8054e4","continuation","False","108","71","37","0.343","4","4","16","12"
"2026-04-13T06:22:18.630318Z","final-24h-tenant","7e915de8c02ff5f900b33e2b9a64938387ea98540633e521f73a6ccb35a88ad4","codex","54f5fd8f7d1b2338bdb342ea2b5a498cc862ce331459d6249bdd26299c38c2b5","6c964dd782a25f208b10fdb120bff384f933ff43e52498a7ea77aae09dcaa091","continuation","False","108","71","37","0.343","4","4","16","12"
"2026-04-13T06:22:48.857001Z","final-24h-tenant","7e915de8c02ff5f900b33e2b9a64938387ea98540633e521f73a6ccb35a88ad4","codex","7fcd5cbf6dc28bc45955f0cfb507a28d13014611d569ccbe4b48f6a1292c69ab","8e08825cfd831d0270d016389c092759d883d46ccd41a03d1e4223b85c64b8b3","continuation","False","108","71","37","0.343","4","4","16","12"
"2026-04-13T06:23:19.039031Z","final-24h-tenant","7e915de8c02ff5f900b33e2b9a64938387ea98540633e521f73a6ccb35a88ad4","codex","2f40f23ace55d57fe80271ec39d84fe1ae713442431299cd304e650957fea186","385d7ae7f4da5fdf8e6711703fad51f0614fc26435798ec60777b02bf5216426","continuation","False","108","71","37","0.343","4","4","16","12"
"2026-04-13T06:23:49.214406Z","final-24h-tenant","7e915de8c02ff5f900b33e2b9a64938387ea98540633e521f73a6ccb35a88ad4","codex","caecd1033cb875fe1c45b1610b907b1ca0386cffd8cbe49ea8b2398222ef7e8a","0bbad2a628839f765d253ae9dd164af4a8eda5029a8d5e0e74c9c9c2cfe575ef","continuation","False","108","71","37","0.343","4","4","16","12"
"2026-04-13T06:24:19.368487Z","final-24h-tenant","7e915de8c02ff5f900b33e2b9a64938387ea98540633e521f73a6ccb35a88ad4","codex","0f658e36dc6ee89862bb6af4b1feb3e5893c35622cc9fbc97679d20422a07daa","ca6c909d4dfcac20498962888623354e155a6ddaae50b5315646968853342487","continuation","False","108","71","37","0.343","4","4","16","12"
"2026-04-13T06:24:49.535864Z","final-24h-tenant","7e915de8c02ff5f900b33e2b9a64938387ea98540633e521f73a6ccb35a88ad4","codex","ac954292631b98be908ac6d223c8cd0f8635fa6f3dcdcb58e2fccb12ede61733","aa3d9acb4ae0cd624b1cb1137489818ee4605c98cd2ca55e0999303fb3746118","continuation","False","108","71","37","0.343","4","4","16","12"
"2026-04-13T06:25:19.731134Z","final-24h-tenant","7e915de8c02ff5f900b33e2b9a64938387ea98540633e521f73a6ccb35a88ad4","codex","ff64eff52bf8b5a203e75692bf1ccf87e0f3532b50b35056396780652cc1de9d","20836ff839ed8c4db5a76d5559c8c2f05354e18b605fd498ed8b57b81c3a64ea","continuation","False","108","71","37","0.343","4","4","16","12"
"2026-04-13T06:25:49.864070Z","final-24h-tenant","7e915de8c02ff5f900b33e2b9a64938387ea98540633e521f73a6ccb35a88ad4","codex","2e1dc13ce363f2a67beb508253a40da6b10efb17dedde437654fc4372527e8b7","fe9050d1179e799ded8df9c08fc2a3e21485f29e54523cd737713ded1ee2eb2f","continuation","False","108","71","37","0.343","4","4","16","12"
"2026-04-13T06:26:20.028376Z","final-24h-tenant","7e915de8c02ff5f900b33e2b9a64938387ea98540633e521f73a6ccb35a88ad4","codex","1534af5342c468d488f5784e22b8d9ac2c87434ed6cd8c277453ba0d639a43e3","12f649a1abc3223e3d826717e704d38f838d18dab167f932e0716c5eabe03d4f","continuation","False","108","71","37","0.343","4","4","16","12"
"2026-04-13T06:26:50.200124Z","final-24h-tenant","7e915de8c02ff5f900b33e2b9a64938387ea98540633e521f73a6ccb35a88ad4","codex","a7c2a60ff5edf2dd559b99f105b1b1085950c6db48714be665ff8607759d88d0","580796b8dbb56467915c2624ef0b8aaf0c6c5642942a43303450924315e93a8e","continuation","False","108","71","37","0.343","4","4","16","12"
"2026-04-13T06:27:20.406713Z","final-24h-tenant","7e915de8c02ff5f900b33e2b9a64938387ea98540633e521f73a6ccb35a88ad4","codex","e99367dc7ee36b07d5d61047e37ce1de0acc462ee42e9a84303289b981c51843","95053241b16f90a0a7f84c5488004015d8496397297d8d108c1885e8e3cc0564","continuation","False","108","71","37","0.343","4","4","16","12"
"2026-04-13T06:27:50.598933Z","final-24h-tenant","7e915de8c02ff5f900b33e2b9a64938387ea98540633e521f73a6ccb35a88ad4","codex","2a2ae7e53e45f52892797e1fd5a68a094033a3fcbf474aa995769dbc1c8b9907","d8091b04ef0415c993ce269ee1d463b1c26102a80a86dc19df6ef3667b6a0088","continuation","False","108","71","37","0.343","4","4","16","12"
"2026-04-13T06:28:20.771234Z","final-24h-tenant","7e915de8c02ff5f900b33e2b9a64938387ea98540633e521f73a6ccb35a88ad4","codex","7258adc1e87d5f9f2eb589cae8e9bbdbc8db454570427fac62b269f4f06b993a","267a3b6cac2f48b606fe9816465ad2840b8eb8c0fcd354768e19c1504dee4139","continuation","False","108","71","37","0.343","4","4","16","12"
"2026-04-13T06:28:50.921243Z","final-24h-tenant","7e915de8c02ff5f900b33e2b9a64938387ea98540633e521f73a6ccb35a88ad4","codex","c2ca029821011b18afc56d4409909abeb8a9869225a6a81856fecef9f587280b","db03365f1f9a48aa1163df9872a7219900a4fb66152b8de7242c930e9b121ba8","continuation","False","108","71","37","0.343","4","4","16","12"
"2026-04-13T06:29:21.099801Z","final-24h-tenant","7e915de8c02ff5f900b33e2b9a64938387ea98540633e521f73a6ccb35a88ad4","codex","0e6b881ff29005c03b09c6f34bfb0612114e763921cfcaa9a32923911f047530","4e6670e65b4e077c49bce3ff3276426f2cae32624a57e4a20a0818598d4e832a","continuation","False","108","71","37","0.343","4","4","16","12"
"2026-04-13T06:29:51.253583Z","final-24h-tenant","7e915de8c02ff5f900b33e2b9a64938387ea98540633e521f73a6ccb35a88ad4","codex","b846f1ee3a67aff0d11f37d0aad254e65ff8d0bab7cc2d36901dd1fcec1f32ff","771816b9faa40b983ada5088d5b52c8091755382d30af29fe22e55d640eeb807","continuation","False","108","71","37","0.343","4","4","16","12"
"2026-04-13T06:30:21.423835Z","final-24h-tenant","7e915de8c02ff5f900b33e2b9a64938387ea98540633e521f73a6ccb35a88ad4","codex","8d6ea621d0925fda0c38061b9917b43942e01aa8366e2beb788302a28f43370b","39dc9b7647821105806987b196c83d50f606adb9470449ec183fc980732d50c8","continuation","False","108","71","37","0.343","4","4","16","12"
"2026-04-13T06:30:51.566438Z","final-24h-tenant","7e915de8c02ff5f900b33e2b9a64938387ea98540633e521f73a6ccb35a88ad4","codex","a25d368110bdcaaec46c55f7369ca1eed83e2a6d808683c9f84eaf6df8740064","3879e7bfaf660a77634aedae40f4ca7d35f8ee113d9688ae44b2acf9526719db","continuation","False","108","71","37","0.343","4","4","16","12"
"2026-04-13T06:31:21.727129Z","final-24h-tenant","7e915de8c02ff5f900b33e2b9a64938387ea98540633e521f73a6ccb35a88ad4","codex","a0697174a7f7d282329c65e68a3c07d6660f75ba6159bca9da2e4f6ecc8c8dd2","e32bd4788519c571dafc4ed17721db9bfaee00d704e50405376f6e93af3ea48e","continuation","False","108","71","37","0.343","4","4","16","12"
"2026-04-13T06:31:51.898861Z","final-24h-tenant","7e915de8c02ff5f900b33e2b9a64938387ea98540633e521f73a6ccb35a88ad4","codex","0762ef7ebc851dd53b4503f1eca07a64a1536a35c8e51757d60fd75f861daa2d","634a443aea5841f6e9c2ef68103a7fb581b62b8ac7ac22d77dbcc021a668cf45","continuation","False","108","71","37","0.343","4","4","16","12"
"2026-04-13T06:32:22.057940Z","final-24h-tenant","7e915de8c02ff5f900b33e2b9a64938387ea98540633e521f73a6ccb35a88ad4","codex","5a77f63b526298515ea2276c08258a68d00b51dbdb686591bd6b51713a71c3da","87419b631a0cc994ecc06fe15a31933f870bfb7bf73335f4c999f261d4a5d2d2","continuation","False","108","71","37","0.343","4","4","16","12"
"2026-04-13T06:32:52.225667Z","final-24h-tenant","7e915de8c02ff5f900b33e2b9a64938387ea98540633e521f73a6ccb35a88ad4","codex","4633548e4c2930dbfa7abb00c7eb02b6b8c64fe6b4fe7a89e6b2eac2a5ef9832","96c310b79b062e15845b18c05eb25986a0bc42c4db002d8997561b5db75f164a","continuation","False","108","71","37","0.343","4","4","16","12"
"2026-04-13T06:33:22.389950Z","final-24h-tenant","7e915de8c02ff5f900b33e2b9a64938387ea98540633e521f73a6ccb35a88ad4","codex","e3f5e488830c50d6e99eb88c0f5ab4f31e043b8b27d01259bbca46b9e10a628f","eef9bef564cb6240c24ae0a66915263e27dc8c9df385733792ce80b24101f12d","continuation","False","108","71","37","0.343","4","4","16","12"
"2026-04-13T06:33:52.546975Z","final-24h-tenant","7e915de8c02ff5f900b33e2b9a64938387ea98540633e521f73a6ccb35a88ad4","codex","9dd7eb0d10118080eb67ac0fc6910857256aac5529a41592bf2fd7eb94bc5118","dfb0041d08390dced244a43755957932c85cc64be818bc5e977b12756b5f295a","continuation","False","108","71","37","0.343","4","4","16","12"
"2026-04-13T06:34:22.679326Z","final-24h-tenant","7e915de8c02ff5f900b33e2b9a64938387ea98540633e521f73a6ccb35a88ad4","codex","7ca75a761078fddb3f3a24ac14898c5f4823c5f0bd9ca2aef66bc31edc31f32a","8528940059d2d90ebd9c6d95f424f765b9a651217ba600968622852eb412c99b","continuation","False","108","71","37","0.343","4","4","16","12"
"2026-04-13T06:34:52.890840Z","final-24h-tenant","7e915de8c02ff5f900b33e2b9a64938387ea98540633e521f73a6ccb35a88ad4","codex","31b3124573923fde61591d8a4beece6198555f8a862e36185dff53c8292277c7","da40bd24695b0dbf45cf5715ce165f21c15884da5bf445940c5a411f6e000a5e","continuation","False","108","71","37","0.343","4","4","16","12"
"2026-04-13T06:35:23.066391Z","final-24h-tenant","7e915de8c02ff5f900b33e2b9a64938387ea98540633e521f73a6ccb35a88ad4","codex","b64f3e10a9fcd7a7d5fdb11e4e355faa407f3ff20d4910d486fd958549c6240e","cc096c1e1f1a2607d59f67f7e0e5b8b768ea73966951ac7990f08deb4e2091c3","continuation","False","108","71","37","0.343","4","4","16","12"
"2026-04-13T06:35:53.232871Z","final-24h-tenant","7e915de8c02ff5f900b33e2b9a64938387ea98540633e521f73a6ccb35a88ad4","codex","d5fc8d69a1f014add47f418e04a2b6013e1f540629ac079f1f18e7f96f7b6a0a","3e3b114dce9e9783206f3a967a0b8d17c0c7c08458cce9c1e262bfe1cfe198e5","continuation","False","108","71","37","0.343","4","4","16","12"
"2026-04-13T06:36:23.384607Z","final-24h-tenant","7e915de8c02ff5f900b33e2b9a64938387ea98540633e521f73a6ccb35a88ad4","codex","eb29544e0065d03b80eb1d4ab488ec59edb26b6af50184303769bc977b383309","8fc7e83501e4729b1d4752500708ab013ba7973d165820c483dcdf89f2aa99b1","continuation","False","108","71","37","0.343","4","4","16","12"
"2026-04-13T06:36:53.557053Z","final-24h-tenant","7e915de8c02ff5f900b33e2b9a64938387ea98540633e521f73a6ccb35a88ad4","codex","c6d604061b538d2f35d448a13fa6fd8398394df4877983a04e16b258288e3e8a","a5fd315371ea64eb62932c934655420cebc4500d63d62d95255578c30478badd","continuation","False","108","71","37","0.343","4","4","16","12"
"2026-04-13T06:37:23.775896Z","final-24h-tenant","7e915de8c02ff5f900b33e2b9a64938387ea98540633e521f73a6ccb35a88ad4","codex","594be7bd3826751f5851c5a0285e73d17904db5b2cee39d05e1f32c07a35e414","1a6bf5bf8a804c22e81987133591b745027a021a82c63c40a5fb6b081c1c6701","continuation","False","108","71","37","0.343","4","4","16","12"
"2026-04-13T06:37:53.911149Z","final-24h-tenant","7e915de8c02ff5f900b33e2b9a64938387ea98540633e521f73a6ccb35a88ad4","codex","babf17bd6ceb3b8e4ec3207daa81f42196a8834245f4f4e6fdfdbb829f23cc2f","886f381b152097b2ff63af8612240c5d8e99027897334e9b37d5349d1900c772","continuation","False","108","71","37","0.343","4","4","16","12"
"2026-04-13T06:38:24.038795Z","final-24h-tenant","7e915de8c02ff5f900b33e2b9a64938387ea98540633e521f73a6ccb35a88ad4","codex","dbf06be3add8df085d4b8ee7befb0cd678d952fdaeb4845386c550ac1dc301d8","d41e63bf25e24516be34755eb625a62805e6fb164ddd685668de335af0591112","continuation","False","108","71","37","0.343","4","4","16","12"
"2026-04-13T06:38:54.160924Z","final-24h-tenant","7e915de8c02ff5f900b33e2b9a64938387ea98540633e521f73a6ccb35a88ad4","codex","d7b62c35e3ba0241c477b5b3a864d21204fe3133f7912080efb2beffa08cb761","c73863614100f395552187de47478fe9f8e9e7fab1633df70a18584831deb6c0","continuation","False","108","71","37","0.343","4","4","16","12"
"2026-04-13T06:39:24.279628Z","final-24h-tenant","7e915de8c02ff5f900b33e2b9a64938387ea98540633e521f73a6ccb35a88ad4","codex","2f0c0c7e2e5251d30c27503ed18abcd37719c9c92146c53944fb819bf9db049f","1b93b91136317996b36cddd707d8004677d69ac2b7d75020334bdd640c32c97d","continuation","False","108","71","37","0.343","4","4","16","12"
"2026-04-13T06:39:54.409584Z","final-24h-tenant","7e915de8c02ff5f900b33e2b9a64938387ea98540633e521f73a6ccb35a88ad4","codex","c21e40a5f62f0cec16d27a9c425cff0d0ce8b29eabbf2e8a9196107e1fdab7e3","006c8b2594a4c12d267b36c598db746274d1b8725a54cd2b0b00e7f6543f1818","continuation","False","108","71","37","0.343","4","4","16","12"
"2026-04-13T06:40:24.583143Z","final-24h-tenant","7e915de8c02ff5f900b33e2b9a64938387ea98540633e521f73a6ccb35a88ad4","codex","54db932912fd31adb38238f280ced5fadeba532580e417a7b9b90f9efa45f71e","edb45144710ec55769a9123699849258f0ae8a7244176d100b0a6f1bb48a551d","continuation","False","108","71","37","0.343","4","4","16","12"
"2026-04-13T06:40:54.721292Z","final-24h-tenant","7e915de8c02ff5f900b33e2b9a64938387ea98540633e521f73a6ccb35a88ad4","codex","c17171a5d18fc65bf548030ab56cb367424a2b9d219e770d36bc624068ebd4cc","ee88be0fd459b578c18d437a5f5a20aaaef428166945208770185a7301dfcc6d","continuation","False","108","71","37","0.343","4","4","16","12"
"2026-04-13T06:41:24.871803Z","final-24h-tenant","7e915de8c02ff5f900b33e2b9a64938387ea98540633e521f73a6ccb35a88ad4","codex","a6cc3e29648d59199656de4cb73ed181bccff26496b0776141b74d2de9406376","9cc3e43020951f24517b9c78807be0c9cb4d978613c902a8e4fc5d7ed92d0395","continuation","False","108","71","37","0.343","4","4","16","12"
"2026-04-13T06:41:55.019053Z","final-24h-tenant","7e915de8c02ff5f900b33e2b9a64938387ea98540633e521f73a6ccb35a88ad4","codex","9817c5aa1610a3b3f7dd9db5d13ee21e1d49ec0b187673cbbfe74af0692b6c7e","edd2e56b75d4f7f17a4529c3a2f8718b85716530c7543f283fa0d87d1adc7d33","continuation","False","108","71","37","0.343","4","4","16","12"
"2026-04-13T06:42:25.157293Z","final-24h-tenant","7e915de8c02ff5f900b33e2b9a64938387ea98540633e521f73a6ccb35a88ad4","codex","732d34fe0e2f6b80363bea5bbba3c71a744b8978c787612e66d4f0f2b7a93510","c4168289c10f89278b6bc81c5823c44cd85bcd209c8b49f4ca749b37ecb73177","continuation","False","108","71","37","0.343","4","4","16","12"
"2026-04-13T06:42:55.330999Z","final-24h-tenant","7e915de8c02ff5f900b33e2b9a64938387ea98540633e521f73a6ccb35a88ad4","codex","fb4f865d820ff9ad9c9ec328f062ddd696882c9cde126145574252d3e62af2d3","7b0e0aa25b6b70c9dab0c833d093170a473d4d5b4cfb1a809ddd507da686e6d3","continuation","False","108","71","37","0.343","4","4","16","12"
"2026-04-13T06:43:25.496411Z","final-24h-tenant","7e915de8c02ff5f900b33e2b9a64938387ea98540633e521f73a6ccb35a88ad4","codex","ce562e3ce0918523119a179542bf3b5860cf3d9c165479ac51c3ceb5b8032919","f25930b3b3c886f0e1783af32c3a0af896e15d3483cf6529364dcab790324adf","continuation","False","108","71","37","0.343","4","4","16","12"
"2026-04-13T06:43:55.636266Z","final-24h-tenant","7e915de8c02ff5f900b33e2b9a64938387ea98540633e521f73a6ccb35a88ad4","codex","7dd2878b1d3a3dbd8b540a87e5e859fe5ae1827e2aa28a312d0640433cdb4122","6efbb0f47aacc924b6534072ba31702aca904b9bb42a26da5bf101647088c494","continuation","False","108","71","37","0.343","4","4","16","12"
"2026-04-13T06:44:25.791919Z","final-24h-tenant","7e915de8c02ff5f900b33e2b9a64938387ea98540633e521f73a6ccb35a88ad4","codex","0886747ad21aa1a881697bf28a60a453eb2add5a504c8a81dfcc648a1ad1c22b","9f9430d26a932e43eb9b6f970291178e3ee81f6bbb83cb399409fce98bae1c2d","continuation","False","108","71","37","0.343","4","4","16","12"
"2026-04-13T06:44:55.956845Z","final-24h-tenant","7e915de8c02ff5f900b33e2b9a64938387ea98540633e521f73a6ccb35a88ad4","codex","e2c9a45629d5c662b0298fc264f41f678087818970a6da5da1f276a530b03e5e","21a0699b5e1e7adb967699446a0df3a701cf81bfe8f696a4c2cfa1afb5cc49c9","continuation","False","108","71","37","0.343","4","4","16","12"
"2026-04-13T06:45:26.089825Z","final-24h-tenant","7e915de8c02ff5f900b33e2b9a64938387ea98540633e521f73a6ccb35a88ad4","codex","75ee32a025868412ae34d8b012b5426e843bdbeb5023ffed9b737a4b37e90faa","faf5b34ad48ea5f420271e7b8b12e68d61d97d809fa4f6ed7ba179a997d8f7d2","continuation","False","108","71","37","0.343","4","4","16","12"
"2026-04-13T06:45:56.247739Z","final-24h-tenant","7e915de8c02ff5f900b33e2b9a64938387ea98540633e521f73a6ccb35a88ad4","codex","26faec4a89013ea0b59ab8c06ed9530fcbe682d225bcda2cbec49438d1302397","2e5256aadd2e76cd576428131133638febd44fb8118a0a72b78a938751156d22","continuation","False","108","71","37","0.343","4","4","16","12"
"2026-04-13T06:46:26.399158Z","final-24h-tenant","7e915de8c02ff5f900b33e2b9a64938387ea98540633e521f73a6ccb35a88ad4","codex","d66bb8dd995458ea08c6d2fb11c2e6c3ad3e138d29e8851143200fa5bb3b042c","8cb2eb24f68cb56ffaefb3930942423ad78f127e66ceaf8d4bf06074872221be","continuation","False","108","71","37","0.343","4","4","16","12"
"2026-04-13T06:46:56.579083Z","final-24h-tenant","7e915de8c02ff5f900b33e2b9a64938387ea98540633e521f73a6ccb35a88ad4","codex","1bce5c69a6c2006e7a1849904603fa2d6615248b3133d6fd6e3c341447e40d60","dafbed96514abfcd0e7193b5d30d589135bca6089ffc2bd14b12bf0891b3cab4","continuation","False","108","71","37","0.343","4","4","16","12"
"2026-04-13T06:47:26.733785Z","final-24h-tenant","7e915de8c02ff5f900b33e2b9a64938387ea98540633e521f73a6ccb35a88ad4","codex","cead56b39af918cc7774e8bf7cd9b02bb8e72f48cdd76b0b8b26ba51cbb63f3b","da8825fb4156fafb899334bfd73bbdf0fa373f140d1077ac791aa98fc1348805","continuation","False","108","71","37","0.343","4","4","16","12"
"2026-04-13T06:47:56.898032Z","final-24h-tenant","7e915de8c02ff5f900b33e2b9a64938387ea98540633e521f73a6ccb35a88ad4","codex","43c1a4651720af24b9bccc7918d374fde79d0afdc5b1323b48c8b14c7d761d4a","cb4554ddf993ba6f69b21534821e691a035775bcc9ab26fdab509b8608fd3bb2","continuation","False","108","71","37","0.343","4","4","16","12"
"2026-04-13T06:48:27.102025Z","final-24h-tenant","7e915de8c02ff5f900b33e2b9a64938387ea98540633e521f73a6ccb35a88ad4","codex","0dff5b3e4bfd48f314126356b9d458b4048ca17e5a4615403a9d36fa544484af","a8f3fc65e15fce8b45db09430e6cddb354f3f66993ab50d370b00995c5f964db","continuation","False","108","71","37","0.343","4","4","16","12"
"2026-04-13T06:48:57.265489Z","final-24h-tenant","7e915de8c02ff5f900b33e2b9a64938387ea98540633e521f73a6ccb35a88ad4","codex","f14dd70eab6847f7f6c7e9b97e620f3c71c9e479e4e1505184b81daa5e8b6d3c","ae74bfab6b7aff9ff1cb85ef3a27c13d5bb3da449fbd96337a19a29597c8b2dd","continuation","False","108","71","37","0.343","4","4","16","12"
"2026-04-13T06:49:27.442672Z","final-24h-tenant","7e915de8c02ff5f900b33e2b9a64938387ea98540633e521f73a6ccb35a88ad4","codex","aabb224eaf8cc39e152721291f4240babffbfcd402cb2b4d7199639e484b9b6d","2d888f8c37fd68369494201622259795355d73147a272f37390641c52fa14e10","continuation","False","108","71","37","0.343","4","4","16","12"
"2026-04-13T06:49:57.630135Z","final-24h-tenant","7e915de8c02ff5f900b33e2b9a64938387ea98540633e521f73a6ccb35a88ad4","codex","c09448d88e1f2228c5a7f4369f15a135ee48e00576816e5774abd2b3a95dba1f","0f06113e9a2571a2bd5452e52fc91aab89b5806d8bcaa8de97f35b68fd2064e6","continuation","False","108","71","37","0.343","4","4","16","12"
"2026-04-13T06:50:27.823651Z","final-24h-tenant","7e915de8c02ff5f900b33e2b9a64938387ea98540633e521f73a6ccb35a88ad4","codex","38fcac3c1a236e80bafce709c81b805add71f54f2015d253abe0a2d28a2b0aee","acb8b3b03babe57dcd25c520a14e9975b5d0f6a753f25de8814aef45298c2ab9","continuation","False","108","71","37","0.343","4","4","16","12"
"2026-04-13T06:50:57.988916Z","final-24h-tenant","7e915de8c02ff5f900b33e2b9a64938387ea98540633e521f73a6ccb35a88ad4","codex","eebcd195766dd3c4213949307aeef7324bf2e25e74062fcbc12aba1b4b98da8c","a1aa7d745d1e5a42987fafaa01259956c5592f1ccfdbe0b6341cd9051d82b72a","continuation","False","108","71","37","0.343","4","4","16","12"
"2026-04-13T06:51:28.191100Z","final-24h-tenant","7e915de8c02ff5f900b33e2b9a64938387ea98540633e521f73a6ccb35a88ad4","codex","e3688d4f5f20c24ac37e4199ff9fd0e32e8bf2eb97f2573e9b2b345eebc7f21c","5c4f68ca6e6ec1b43c1df3db479744b1a21040697ea31d51245b78e5de1d9717","continuation","False","108","71","37","0.343","4","4","16","12"
"2026-04-13T06:51:58.349284Z","final-24h-tenant","7e915de8c02ff5f900b33e2b9a64938387ea98540633e521f73a6ccb35a88ad4","codex","ed3176c2db7089ba5817eda63a0786346277aeb445bdd21c442071553751bea1","6fa3425913d121206dfae3c200a1b1e92b8dd9126fb465b84da26d937ff2558a","continuation","False","108","71","37","0.343","4","4","16","12"
"2026-04-13T06:52:28.499182Z","final-24h-tenant","7e915de8c02ff5f900b33e2b9a64938387ea98540633e521f73a6ccb35a88ad4","codex","a14a7c741cbb978be319215e992d27c3cd126be7a928acfa39433e044a778e20","1cbd339afbd3be0f3815b857cae8faef82b8a483e194b7d5faffadf8395f1713","continuation","False","108","71","37","0.343","4","4","16","12"
"2026-04-13T06:52:58.654626Z","final-24h-tenant","7e915de8c02ff5f900b33e2b9a64938387ea98540633e521f73a6ccb35a88ad4","codex","bc836f47e29d44a65de116e708ce65cbe6535ae0781649630a502086a5a083d8","4633b2436882e591118b9a3ae3bb30f9efe692744a087ad5bab48c70b0f68e6d","continuation","False","108","71","37","0.343","4","4","16","12"
"2026-04-13T06:53:28.858581Z","final-24h-tenant","7e915de8c02ff5f900b33e2b9a64938387ea98540633e521f73a6ccb35a88ad4","codex","53358b13a078352c4fbc704f0f80c2317c81a0039e69da5024289b06df8df50a","46d553399160ed4e80faa123f74256fdf32bfd54b00186e0a3fdf6b0412c7142","continuation","False","108","71","37","0.343","4","4","16","12"
"2026-04-13T06:53:59.029267Z","final-24h-tenant","7e915de8c02ff5f900b33e2b9a64938387ea98540633e521f73a6ccb35a88ad4","codex","edb532d947ff031adbb2c254d0818b70225e6eee48dfc9eec518ca2f46397d12","34815ee1a71099cb4c60a7ed897bb1474330c53f69dd0c28eeff7ae00300d65a","continuation","False","108","71","37","0.343","4","4","16","12"
"2026-04-13T06:54:29.188758Z","final-24h-tenant","7e915de8c02ff5f900b33e2b9a64938387ea98540633e521f73a6ccb35a88ad4","codex","0c378e3a98e32d162aadec3a8818956a24ff64acf761267526683a554dbf8e8b","7d01c9d1a9da10b0575df7d90713861025f0723857212cba9daf9c2beeeaa975","continuation","False","108","71","37","0.343","4","4","16","12"
"2026-04-13T06:54:59.346625Z","final-24h-tenant","7e915de8c02ff5f900b33e2b9a64938387ea98540633e521f73a6ccb35a88ad4","codex","14298cb14879f351d4bb6cdcb65de1ffb63e4a9ec2cb1a592cee5d5280fed806","464be2d53c46f5f3bdea3cddd8b52889b29a17c8f278aa56b615a4348f69e8cf","continuation","False","108","71","37","0.343","4","4","16","12"
"2026-04-13T06:55:29.475546Z","final-24h-tenant","7e915de8c02ff5f900b33e2b9a64938387ea98540633e521f73a6ccb35a88ad4","codex","e9607fbf52601ce60a3266efce182ee1125e6bc0e9044800e45a7bc96ff8324e","911f381498423088ebb1880b7184df2469dbbda705934be46f0750d068f06a9e","continuation","False","108","71","37","0.343","4","4","16","12"
"2026-04-13T06:55:59.708815Z","final-24h-tenant","7e915de8c02ff5f900b33e2b9a64938387ea98540633e521f73a6ccb35a88ad4","codex","12c842d9d33cf8e788193f990ff13360e3da7447c66c1b9bc2cbf7191dcf5b09","7e522734fab045f15e4e94e1a906ac30eb07f822bc24af3e1359d38606419074","continuation","False","108","71","37","0.343","4","4","16","12"
"2026-04-13T06:56:29.864880Z","final-24h-tenant","7e915de8c02ff5f900b33e2b9a64938387ea98540633e521f73a6ccb35a88ad4","codex","16d3a669d54f4f44f37c1c51cb42995df677ec8c8f57eab731ee3c7d3c688ece","69d7bf8691c71331ff992e89ee5b50ac6f814f82c2b736583d894a339784cb39","continuation","False","108","71","37","0.343","4","4","16","12"
"2026-04-13T06:57:00.002054Z","final-24h-tenant","7e915de8c02ff5f900b33e2b9a64938387ea98540633e521f73a6ccb35a88ad4","codex","381392f00f26a0386af5568e79c13d35a8d23fcaa4eb1dcf52f8e31f939cff27","d49074ae3090bfebccb53b8bfdcce1f10757c91de82cb06887dfe7ecdecdaaec","continuation","False","108","71","37","0.343","4","4","16","12"
"2026-04-13T06:57:30.181570Z","final-24h-tenant","7e915de8c02ff5f900b33e2b9a64938387ea98540633e521f73a6ccb35a88ad4","codex","46e57c3fe17d1fb90c89f3726729feb30fe28661eb9b5b0f5f8a1ae5b7d9ab58","c5aa0c0dbc9a8301f2c89555e82dbd979401a1d6be1257fbfb604d461dcbcf3f","continuation","False","108","71","37","0.343","4","4","16","12"
"2026-04-13T06:58:00.378992Z","final-24h-tenant","7e915de8c02ff5f900b33e2b9a64938387ea98540633e521f73a6ccb35a88ad4","codex","4844aa4de33d00d4853f58f562f38dc23ebe356a9cceba7a2d0de13fe323c47a","65785d6a784519606b9f86ba0740942030daba87780fbbb7ff6b6021246af951","continuation","False","108","71","37","0.343","4","4","16","12"
"2026-04-13T06:58:30.562539Z","final-24h-tenant","7e915de8c02ff5f900b33e2b9a64938387ea98540633e521f73a6ccb35a88ad4","codex","32060e6ffc2d49502a80f08f3b259bc77b0e54f34efbae35db00968c74ff7b0b","1424fcefd85f810801c2ecdee5e5cf291ebcbaf11322bf13f55f49b2550e6d6e","continuation","False","108","71","37","0.343","4","4","16","12"
"2026-04-13T06:59:00.752074Z","final-24h-tenant","7e915de8c02ff5f900b33e2b9a64938387ea98540633e521f73a6ccb35a88ad4","codex","03972617ed035b11bd0ebd8724424b02aabda3315a92aacd5a0c06b4049e7d2e","60d5d4c0e0fa8100736a3a871747d3f75361d6bdd1fccaf131574117c40c6716","continuation","False","108","71","37","0.343","4","4","16","12"
"2026-04-13T06:59:30.953265Z","final-24h-tenant","7e915de8c02ff5f900b33e2b9a64938387ea98540633e521f73a6ccb35a88ad4","codex","ac5688a1a33641a42be70c478a331d4769650816d948892bf46ad085fd849a4c","0e7672b195719b81023b796820984749ca950e7add446e61a97c26bc5b7c744c","continuation","False","108","71","37","0.343","4","4","16","12"
"2026-04-13T07:00:01.118505Z","final-24h-tenant","7e915de8c02ff5f900b33e2b9a64938387ea98540633e521f73a6ccb35a88ad4","codex","1cf556469eca3f574b89ae2c657e8f427c9765e48d07c9775032c05f1344578b","478dba7acfb9e74d3268f610f97e06b64961b4f3f5939fa67f8a162adef5bcb1","continuation","False","108","71","37","0.343","4","4","16","12"
"2026-04-13T07:00:31.263507Z","final-24h-tenant","7e915de8c02ff5f900b33e2b9a64938387ea98540633e521f73a6ccb35a88ad4","codex","edb38fcdd71e80bd806b6ebc248f234dbf6e19d8279e7fbd5d0eb988f2bb6971","64f09070abc8b5298e0ea63f2c5610c1d13f42efe4058ba6832549bd0c59101b","continuation","False","108","71","37","0.343","4","4","16","12"
"2026-04-13T07:01:01.419709Z","final-24h-tenant","7e915de8c02ff5f900b33e2b9a64938387ea98540633e521f73a6ccb35a88ad4","codex","ca8ec173ae683c9995a02ee310648e7c34b9ed9624bcb2998cb52f10d808e97f","59fee2432424ed9fe1ddc371cc29111f87d3575a52465e1f161ab999a6e1b05d","continuation","False","108","71","37","0.343","4","4","16","12"
"2026-04-13T07:01:31.562179Z","final-24h-tenant","7e915de8c02ff5f900b33e2b9a64938387ea98540633e521f73a6ccb35a88ad4","codex","231cc58b65576126802c5d1c9e232f78a9d96bb4cf380b45322dcc952b69748e","7dafc3aa37a883af682a6c6f6eaf27307d63b27bdbcd0a8ff904486a39fcaae2","continuation","False","108","71","37","0.343","4","4","16","12"
"2026-04-13T07:02:01.732732Z","final-24h-tenant","7e915de8c02ff5f900b33e2b9a64938387ea98540633e521f73a6ccb35a88ad4","codex","d81ce2b1b3162ce266121b09a83e4ed30f138c3a2ff2e16b89c42a88bb8fec4b","b54000888fe079c828225671d282dc185490f4190d71a593d1b2b999d0012fdd","continuation","False","108","71","37","0.343","4","4","16","12"
"2026-04-13T07:02:31.902269Z","final-24h-tenant","7e915de8c02ff5f900b33e2b9a64938387ea98540633e521f73a6ccb35a88ad4","codex","f7b3666d45f12493a3b489eabf71d8d195d2ee7ffab0d001c65ae3563de04162","90e90ab0650a86e440070a7f6b2ce3920b5ed6af86a7592e9bd7e4332977e111","continuation","False","108","71","37","0.343","4","4","16","12"
"2026-04-13T07:03:02.078209Z","final-24h-tenant","7e915de8c02ff5f900b33e2b9a64938387ea98540633e521f73a6ccb35a88ad4","codex","65e42fa011d529abb22c129d4231e00ed03a4415965a5f6cfd49e9d6c7d55b47","b15a3f6c6a82bfe8fdea06a2ccde190b5b54ce2e158aea9ee49bf19e02f6be14","continuation","False","108","71","37","0.343","4","4","16","12"
"2026-04-13T07:03:32.265322Z","final-24h-tenant","7e915de8c02ff5f900b33e2b9a64938387ea98540633e521f73a6ccb35a88ad4","codex","938da8d354313640ace10577ec1d7bdcbcb5ee7c5fbab2f5db03cd9510c447f3","88d7988a3e16200e00f81da51c74ff7ed92a5b1e79729a061c9f1ecdef1045af","continuation","False","108","71","37","0.343","4","4","16","12"
"2026-04-13T07:04:02.437946Z","final-24h-tenant","7e915de8c02ff5f900b33e2b9a64938387ea98540633e521f73a6ccb35a88ad4","codex","53d68b02400ffb5750fbbc319729414527d8382e3f01eb841231cb9717aae22c","b2002a0f6a545c98d73f7d0d22a2b268bf2d8e08537c50ff7a1e3c260c08b6f8","continuation","False","108","71","37","0.343","4","4","16","12"
"2026-04-13T07:04:32.601796Z","final-24h-tenant","7e915de8c02ff5f900b33e2b9a64938387ea98540633e521f73a6ccb35a88ad4","codex","364830266fd5fd01f0a5334001f06a0e3e2d1eb0336d6a970641c9bbd80b254e","d31bce38cba3d4ee70f12d01c6b2e586e6e90b4b445ddeae99fa406825064506","continuation","False","108","71","37","0.343","4","4","16","12"
"2026-04-13T07:05:02.735881Z","final-24h-tenant","7e915de8c02ff5f900b33e2b9a64938387ea98540633e521f73a6ccb35a88ad4","codex","f6e0f8eb97d567669495f470f3d092cb3535a79b50e29f3f9e43171c9df36503","bea878d0411d99633e3865dc179bda691606a6a570dbc428e0262e8ea92be19a","continuation","False","108","71","37","0.343","4","4","16","12"
"2026-04-13T07:05:32.871256Z","final-24h-tenant","7e915de8c02ff5f900b33e2b9a64938387ea98540633e521f73a6ccb35a88ad4","codex","1b5417cba7908e8da3618ed93d791c052e641e990565d6f79879cd28b9bab2ed","aae16e45e1af12793de27a9a8d554ab33544f67a4ab3813b538fe80224081c96","continuation","False","108","71","37","0.343","4","4","16","12"
"2026-04-13T07:06:03.041857Z","final-24h-tenant","7e915de8c02ff5f900b33e2b9a64938387ea98540633e521f73a6ccb35a88ad4","codex","1f8949340711f8b25d618c210e3d0b88989a48507948a223073f06af14845ea6","955fb48e10affc5d93d00e31e47c1ae083068bf7cd25dd1331ca18d921be3210","continuation","False","108","71","37","0.343","4","4","16","12"
"2026-04-13T07:06:33.203440Z","final-24h-tenant","7e915de8c02ff5f900b33e2b9a64938387ea98540633e521f73a6ccb35a88ad4","codex","e9bd96511e6969bebf34b0c909d9e9c2709f81b1619cbbad1990dbb91b62d454","bb8eb9077b4646f646733bf6c07830b991991bb32a71b4a6af4691ac720fe6d4","continuation","False","108","71","37","0.343","4","4","16","12"
"2026-04-13T07:07:03.367758Z","final-24h-tenant","7e915de8c02ff5f900b33e2b9a64938387ea98540633e521f73a6ccb35a88ad4","codex","037f1ccd989c1d39b8bf7e4f6e5495d671738d1db22968a63ba2df87735a8ff1","429d406b9bd69cf9b437bc56e18d96462c079a130fc46540b7f77a30271d1863","continuation","False","108","71","37","0.343","4","4","16","12"
"2026-04-13T07:07:33.579150Z","final-24h-tenant","7e915de8c02ff5f900b33e2b9a64938387ea98540633e521f73a6ccb35a88ad4","codex","94205690e90eb2e19f31214233d08229fed0c6876253af827858404e11bf38c0","3278b0af19ae1954e544a3dc9b6aebd1dec32740f4dc6cec6c841fee57d02ec4","continuation","False","108","71","37","0.343","4","4","16","12"
"2026-04-13T07:08:03.765512Z","final-24h-tenant","7e915de8c02ff5f900b33e2b9a64938387ea98540633e521f73a6ccb35a88ad4","codex","c399fc64ac17ca42d1e8f93ec4dae7ebb56ac45e4650b40328a056834c6bde93","c362033aff963c8c1a98f2c11326e3daaaecccaed198893189c180a2467af041","continuation","False","108","71","37","0.343","4","4","16","12"
"2026-04-13T07:08:33.913262Z","final-24h-tenant","7e915de8c02ff5f900b33e2b9a64938387ea98540633e521f73a6ccb35a88ad4","codex","5a27d7e993cf98a227831d9c98b82365020f518b6360cb84180c8de40688f008","b22630c81b1fff1242d6dbf8057baf4d2a532ee331aee1b9da4385d78ea1539e","continuation","False","108","71","37","0.343","4","4","16","12"
"2026-04-13T07:09:04.107452Z","final-24h-tenant","7e915de8c02ff5f900b33e2b9a64938387ea98540633e521f73a6ccb35a88ad4","codex","c2b5f63bcc47d187578481f64fd485dd78a6ef1b16fc1b562cb0a36367ff7b2d","21011ad68112d61423b97c909b260f0a01d3f294b70fb59166d58007f9a9ed1d","continuation","False","108","71","37","0.343","4","4","16","12"
"2026-04-13T07:09:34.280574Z","final-24h-tenant","7e915de8c02ff5f900b33e2b9a64938387ea98540633e521f73a6ccb35a88ad4","codex","027ed6a2f666458661a2eb753a9c2d3e485854dd6e50d8f2c0f986745cbdea17","cf4307917a9c4657a8a8f7d36a7535f65d9410dfc698458f25d23944dcdee0ce","continuation","False","108","71","37","0.343","4","4","16","12"
"2026-04-13T07:10:04.471164Z","final-24h-tenant","7e915de8c02ff5f900b33e2b9a64938387ea98540633e521f73a6ccb35a88ad4","codex","21fe52c1632f57a86f2d3636968cccb8389af05b8f06bebf3d28753526149be1","ee064ae285bc7cdcdb290820c37481abb7615a6ba1d66297b818e21f13570dd3","continuation","False","108","71","37","0.343","4","4","16","12"
"2026-04-13T07:10:34.629203Z","final-24h-tenant","7e915de8c02ff5f900b33e2b9a64938387ea98540633e521f73a6ccb35a88ad4","codex","68a782b6201b2b13768a3a1cfd142e1333e28730b4470925c4e3fc43f3b7f633","003d4be35efcc693ccb4b193e4756026d780ba2d45e9512470eb4a7ba29007f4","continuation","False","108","71","37","0.343","4","4","16","12"
"2026-04-13T07:11:04.770310Z","final-24h-tenant","7e915de8c02ff5f900b33e2b9a64938387ea98540633e521f73a6ccb35a88ad4","codex","7087e6323b3edec6a3129ff849c7d9f62ad7428168d5a9471dbf5c9cba478811","4c0495712a63db22084c138c0b9eec971ef93380f644358f9a85c0dd9c2e93a9","continuation","False","108","71","37","0.343","4","4","16","12"
"2026-04-13T07:11:34.921962Z","final-24h-tenant","7e915de8c02ff5f900b33e2b9a64938387ea98540633e521f73a6ccb35a88ad4","codex","c8c718aace402ddde5980d9664349d14c54dcc4a77883ed329827d28e23f707a","62ff6f4f98cf4d978d70682bb709234603afb3ed83de19008f2614f0e741b15d","continuation","False","108","71","37","0.343","4","4","16","12"
"2026-04-13T07:12:05.107093Z","final-24h-tenant","7e915de8c02ff5f900b33e2b9a64938387ea98540633e521f73a6ccb35a88ad4","codex","496151a5f06ddf1f042a87f1d0b635181a972322d34995830f32d2e96651a750","1d3b80aaad81873aa1670c1a2a875c07fd43ec7282f4fe1a03d07879d3665879","continuation","False","108","71","37","0.343","4","4","16","12"
"2026-04-13T07:12:35.293314Z","final-24h-tenant","7e915de8c02ff5f900b33e2b9a64938387ea98540633e521f73a6ccb35a88ad4","codex","67c3cbf57a03fd9ef1dae69c887095c04413e98535ad8d24affb444638b4e15c","58d799d2348b9039cda3ddb9cc7728be4059336869220e158428591ff17af9d9","continuation","False","108","71","37","0.343","4","4","16","12"
"2026-04-13T07:13:05.448583Z","final-24h-tenant","7e915de8c02ff5f900b33e2b9a64938387ea98540633e521f73a6ccb35a88ad4","codex","6c71e5c13b7d92e053fdad9619195f298767a99657e36b63e4f90495b1969f38","bb9dab862ecf3799df4701d226e011faf7ea6a8ec0aa99f3f00640fba0ac8993","continuation","False","108","71","37","0.343","4","4","16","12"
"2026-04-13T07:13:35.599534Z","final-24h-tenant","7e915de8c02ff5f900b33e2b9a64938387ea98540633e521f73a6ccb35a88ad4","codex","6563e2d1c4c6f47026e6d3be719de14295ef8462ef24bf8d22faa652a194edd3","ea3a08c8584f94b76871686dd84d043e49e5d8257e08cf53e682fd332c8715d3","continuation","False","108","71","37","0.343","4","4","16","12"
"2026-04-13T07:14:05.757898Z","final-24h-tenant","7e915de8c02ff5f900b33e2b9a64938387ea98540633e521f73a6ccb35a88ad4","codex","3d8ae0be5cb20d9e8af05331be20cb51f8b2958a7f59af924529e77f649cf1d6","8b5284a24dd594269d348763fab8d4bde3f5e21a3fb1f35a3c83e9fb4764b841","continuation","False","108","71","37","0.343","4","4","16","12"
"2026-04-13T07:14:35.937959Z","final-24h-tenant","7e915de8c02ff5f900b33e2b9a64938387ea98540633e521f73a6ccb35a88ad4","codex","2fd549cbde7bd3793ba5b1d80348122d4c3fe6196ea19380b4ed698fb614a391","92a940755b89fbb076616e02980324769de9887dd426dd40463b30ce9448302e","continuation","False","108","71","37","0.343","4","4","16","12"
"2026-04-13T07:15:06.077916Z","final-24h-tenant","7e915de8c02ff5f900b33e2b9a64938387ea98540633e521f73a6ccb35a88ad4","codex","f250b24e30d634ca06792b74fc306b33bd055959d183ec0e183bd62cb04481da","beb4a1337c1c0a81ffa894f28cd1538f23bd7f18d0e2732a0ba865e7f268717b","continuation","False","108","71","37","0.343","4","4","16","12"
"2026-04-13T07:15:36.208706Z","final-24h-tenant","7e915de8c02ff5f900b33e2b9a64938387ea98540633e521f73a6ccb35a88ad4","codex","0880919090696ef116cc1cfddec087fa23b6c35afc828b7bdc40dc8fc6a33e6a","aa26086055dd4089670fcab93bcf4029fabc05eba191252d7f39f74140947f00","continuation","False","108","71","37","0.343","4","4","16","12"
"2026-04-13T07:16:06.352761Z","final-24h-tenant","7e915de8c02ff5f900b33e2b9a64938387ea98540633e521f73a6ccb35a88ad4","codex","97e6ff3e7864f2a77c83fbfd877197f02f1758f02e86c06181f539aa49d042c1","1a3d58e805191f1939361aa48a3e46cd648473e8459431c99828265f093b75e5","continuation","False","108","71","37","0.343","4","4","16","12"
"2026-04-13T07:16:36.499919Z","final-24h-tenant","7e915de8c02ff5f900b33e2b9a64938387ea98540633e521f73a6ccb35a88ad4","codex","bb27ca26f7ad503ca4d4800f82168f9f32f044e864e649ac93e085c01dc3f037","539443a43e12a457a7546f637d83ad06a68824f55af8f4ab3f0917d0a808f575","continuation","False","108","71","37","0.343","4","4","16","12"
"2026-04-13T07:17:06.673413Z","final-24h-tenant","7e915de8c02ff5f900b33e2b9a64938387ea98540633e521f73a6ccb35a88ad4","codex","5fb3dcd76605faa873b2bba4c6772a5a7c19ea6ea1390436ba3600516bf2a076","1f662f993d2b615357139ab34702bcc100b663c71f768e7ee0d1e629b5d42c6a","continuation","False","108","71","37","0.343","4","4","16","12"
"2026-04-13T07:17:36.839754Z","final-24h-tenant","7e915de8c02ff5f900b33e2b9a64938387ea98540633e521f73a6ccb35a88ad4","codex","182f467cfc3a761e2a305b2f8fb3e830411698f33abe1861360ef73978ecffdf","52af4db7e3704d538919674fb3aff20a56b85d04da0761e65e4c2cf06dac0428","continuation","False","108","71","37","0.343","4","4","16","12"
"2026-04-13T07:18:06.985796Z","final-24h-tenant","7e915de8c02ff5f900b33e2b9a64938387ea98540633e521f73a6ccb35a88ad4","codex","8258631e96fb1df5f7e646f83f807959da75024cd891216e30de96f8eaaa77f6","e29d146bc17be49886029b278acdaa065db025e7676df330f8ecd52fd6a55cb1","continuation","False","108","71","37","0.343","4","4","16","12"
"2026-04-13T07:18:37.131790Z","final-24h-tenant","7e915de8c02ff5f900b33e2b9a64938387ea98540633e521f73a6ccb35a88ad4","codex","ed09c9d63a88fd2562f5da8d869c2f7790fbcddded96b23d38aabdd7fb130442","d7d06efeb4589c08e8aefb55009903edb13fe4ac94fc0ef41c3c7578f9c01882","continuation","False","108","71","37","0.343","4","4","16","12"
"2026-04-13T07:19:07.344448Z","final-24h-tenant","7e915de8c02ff5f900b33e2b9a64938387ea98540633e521f73a6ccb35a88ad4","codex","679d4d7c4be8369086c1119f43ddedd78631e8a43c92f2ff40c1ac2936d684a4","63122f3ec3a5aa88fd28412ac7cd01e0a0707a4c4b69f6471ce496f77c30cc80","continuation","False","108","71","37","0.343","4","4","16","12"
"2026-04-13T07:19:37.519945Z","final-24h-tenant","7e915de8c02ff5f900b33e2b9a64938387ea98540633e521f73a6ccb35a88ad4","codex","fb3828abbd014a5652ec6970c400b1235b4ca195f44723bb163f6209538967c9","e5b0be969d6bcd5062bd8f5cb666d099172b0deb2d821395f94f5408e2caa664","continuation","False","108","71","37","0.343","4","4","16","12"
"2026-04-13T07:20:07.660637Z","final-24h-tenant","7e915de8c02ff5f900b33e2b9a64938387ea98540633e521f73a6ccb35a88ad4","codex","4db30b42b3d9117d6ccf86b80a26f79ba1c1a8fd7272bcdcff24e94fb2875899","f9587c82132e324eed55b59b9a6d2d278943b2c746da84931075d50cc0bad033","continuation","False","108","71","37","0.343","4","4","16","12"
"2026-04-13T07:20:37.827164Z","final-24h-tenant","7e915de8c02ff5f900b33e2b9a64938387ea98540633e521f73a6ccb35a88ad4","codex","113920bf37ea7527634a335a01b13c9524be80629b27de8a067ecd797358a824","5b10395ea7be58324c7e7b08bef5b3dd0a8b6fd2eedb73a2ca64410812599a5b","continuation","False","108","71","37","0.343","4","4","16","12"
"2026-04-13T07:21:07.989415Z","final-24h-tenant","7e915de8c02ff5f900b33e2b9a64938387ea98540633e521f73a6ccb35a88ad4","codex","8e22c96e69c007443e218f8de799afbddcbd8f2de3fc190495f5260806ba89e3","8374bfcd7389a07ea2936433f24a4b1b6d63789acaf0c81aa82c4695aef6f0a1","continuation","False","108","71","37","0.343","4","4","16","12"
"2026-04-13T07:21:38.176976Z","final-24h-tenant","7e915de8c02ff5f900b33e2b9a64938387ea98540633e521f73a6ccb35a88ad4","codex","87d8311637ec58960b2a12ccb468d00a31f8f20434eaa14deb6dd11a2eb6ff9b","3c3da281962bebf4e3d8890cc60b05818784bed679b43e7faa53ab40c9c2495c","continuation","False","108","71","37","0.343","4","4","16","12"
"2026-04-13T07:22:08.373733Z","final-24h-tenant","7e915de8c02ff5f900b33e2b9a64938387ea98540633e521f73a6ccb35a88ad4","codex","3761c278922f7e1b68a66cc5549d69659e1db963ce0968a40dd44fd4c5670666","29e7349e17f378559165885560eccd2c895a5bf5b76b0a1ca3952f5dc507f4b3","continuation","False","108","71","37","0.343","4","4","16","12"
"2026-04-13T07:22:38.535346Z","final-24h-tenant","7e915de8c02ff5f900b33e2b9a64938387ea98540633e521f73a6ccb35a88ad4","codex","b1f6188665e75129e86c4f782955b6d75390530f3c80ec17b6dd07af858b2328","2b0b9c864455f9eadc89938d98bc91643ae994b1eccdf2b5768cf9a39777cb78","continuation","False","108","71","37","0.343","4","4","16","12"
"2026-04-13T07:23:08.721660Z","final-24h-tenant","7e915de8c02ff5f900b33e2b9a64938387ea98540633e521f73a6ccb35a88ad4","codex","af295fa53de2cd9d562d7f187c869a1a73c0e8b2620783d55a17eed65c292cb6","d6aeed110ebd98bc579078dcf981bd14dfc8950ea4fccaddaccb6aaab3b9029e","continuation","False","108","71","37","0.343","4","4","16","12"
"2026-04-13T07:23:38.886700Z","final-24h-tenant","7e915de8c02ff5f900b33e2b9a64938387ea98540633e521f73a6ccb35a88ad4","codex","1d1af77a4e880c339c0448160ab10c9290c579f1d0695c9c190d35bcb0c6c04c","39d657c8a768c2397ecbc197d5d5b26a687b5cadde7c51fc363d93597e31806c","continuation","False","108","71","37","0.343","4","4","16","12"
"2026-04-13T07:24:09.047110Z","final-24h-tenant","7e915de8c02ff5f900b33e2b9a64938387ea98540633e521f73a6ccb35a88ad4","codex","b5bd003212f1f61f4f9160d6fdb06852df85511e10e3374b3d69bf506a8da35c","c3dd0ebc15b5058ad2980a96e3e6d1227f7cfd915ea4e8f1731f430f036d5780","continuation","False","108","71","37","0.343","4","4","16","12"
"2026-04-13T07:24:39.209148Z","final-24h-tenant","7e915de8c02ff5f900b33e2b9a64938387ea98540633e521f73a6ccb35a88ad4","codex","7159816027426536005587a4d5ad99ba394a95966fd98c1890afd76d2059ef15","b99755edb28160da751dbe37b6c8b0058841f35c77cb0c67c08badba0b5ad7e3","continuation","False","108","71","37","0.343","4","4","16","12"
"2026-04-13T07:25:09.389955Z","final-24h-tenant","7e915de8c02ff5f900b33e2b9a64938387ea98540633e521f73a6ccb35a88ad4","codex","6147c4fb4697998fb8da988ef76a3fde0c54129a6061ce293d4367c496b4f3ff","cba2f1dd24a7fc4364dc96549231dd117a8bcf3e5c7d43fd575bdcffbad8ba31","continuation","False","108","71","37","0.343","4","4","16","12"
"2026-04-13T07:25:39.582059Z","final-24h-tenant","7e915de8c02ff5f900b33e2b9a64938387ea98540633e521f73a6ccb35a88ad4","codex","e3ff0ed69bfbacaa2cad919afa06b35ef26be9adcbcee3de5600ed52c8c66c9c","be65ac9eea71de7bef91fa71931fc023b07488ac04a8896783fe88974df6ea82","continuation","False","108","71","37","0.343","4","4","16","12"
"2026-04-13T07:26:09.741862Z","final-24h-tenant","7e915de8c02ff5f900b33e2b9a64938387ea98540633e521f73a6ccb35a88ad4","codex","58e8f152d9c6c7fd4894b5f0c55341766f729eb843b3727d820e7e16f98b809f","4a2bbd6e7e47ca160c991c627ee8e677e0dcb463c069815236a6b95bafe9aa3d","continuation","False","108","71","37","0.343","4","4","16","12"
"2026-04-13T07:26:39.913241Z","final-24h-tenant","7e915de8c02ff5f900b33e2b9a64938387ea98540633e521f73a6ccb35a88ad4","codex","9bb7e95523b50de4fc7f70e7b00a1bcd90f64134be6db1f178b1e3f2a352c704","6a8c49d28e2613ac06980661adac9758377c178d93482e9ec55caf1067530907","continuation","False","108","71","37","0.343","4","4","16","12"
"2026-04-13T07:27:10.104083Z","final-24h-tenant","7e915de8c02ff5f900b33e2b9a64938387ea98540633e521f73a6ccb35a88ad4","codex","93901fb2c0e30fbd7b6bc37dc643fcd794d225e9a2b78f406d7640bd5c83fbf4","bddfd563ed4ef9cb360e0d84413aa6a5beeb3c80956c0e8d1c4fa840903ddf5d","continuation","False","108","71","37","0.343","4","4","16","12"
"2026-04-13T07:27:40.252134Z","final-24h-tenant","7e915de8c02ff5f900b33e2b9a64938387ea98540633e521f73a6ccb35a88ad4","codex","354418ecc379bab065e87248ea7f1bd76f8db6a0397c29235b1393769c1f35eb","ee93ce8fc3b4aff0cc8c09f41cceb31daaff04adc57dc8258fcdecf1f621b3ea","continuation","False","108","71","37","0.343","4","4","16","12"
"2026-04-13T07:28:10.419461Z","final-24h-tenant","7e915de8c02ff5f900b33e2b9a64938387ea98540633e521f73a6ccb35a88ad4","codex","2a6e8bd9e92105be6b8c305c4ec6e2df096c33c0d5330e8c53d425bdaee7513e","d5cbb06539babd1c6f4751835b35b297c4a0c9431a9cef40e2b864bfdcbe2721","continuation","False","108","71","37","0.343","4","4","16","12"
"2026-04-13T07:28:40.606499Z","final-24h-tenant","7e915de8c02ff5f900b33e2b9a64938387ea98540633e521f73a6ccb35a88ad4","codex","6e6f8a7321fe88fbab1d073535950dc7d27870cb9108aabd980af96238f003cb","8e0eb79220c119f03b00ac88c6070fd7eba011ed760ab855edc5d37e447c07d3","continuation","False","108","71","37","0.343","4","4","16","12"
"2026-04-13T07:29:10.803381Z","final-24h-tenant","7e915de8c02ff5f900b33e2b9a64938387ea98540633e521f73a6ccb35a88ad4","codex","95ee032b6cb7edeb223c9145b8e38e90a60ebf48e13f92a2735f1229d56981a6","68b3a724687637b1d4750ad4d56de5ab1acedf6b1b33d2a93e864f334caeb6b7","continuation","False","108","71","37","0.343","4","4","16","12"
"2026-04-13T07:29:40.980142Z","final-24h-tenant","7e915de8c02ff5f900b33e2b9a64938387ea98540633e521f73a6ccb35a88ad4","codex","681c80a79e2be851f02e85702dc4e926e644a5449a1ca1f9947ca04ff1a85cfe","f91fa3cd7f4f04be8d713a2df6a46daed601bb6cfaccde943becf0c1649aa989","continuation","False","108","71","37","0.343","4","4","16","12"
"2026-04-13T07:30:11.115079Z","final-24h-tenant","7e915de8c02ff5f900b33e2b9a64938387ea98540633e521f73a6ccb35a88ad4","codex","b5c2dcb7954bb6d52f5d85fbb7c68130d19a33a32ff168bb92946887ee432ffa","0cd782dc3c5a77a1a09d7eb1a70cbcb803ffab7616160ceccecfac415bd13ad8","continuation","False","108","71","37","0.343","4","4","16","12"
"2026-04-13T07:30:41.273079Z","final-24h-tenant","7e915de8c02ff5f900b33e2b9a64938387ea98540633e521f73a6ccb35a88ad4","codex","6700b7b7df6d7e0042e50bacde0069f94003d61cf3f9bfaade15c7d499836be1","cc3da2b3c1f366ba9005e59bdb605bd3c4409a4f95a9b1861f46730e46851380","continuation","False","108","71","37","0.343","4","4","16","12"
"2026-04-13T07:31:11.460187Z","final-24h-tenant","7e915de8c02ff5f900b33e2b9a64938387ea98540633e521f73a6ccb35a88ad4","codex","ac20a1d6d39fc465d0e25c3670f5931776fafd6ba63ddd72f4226fa9899d2ec3","7b50830205c65ac70ae117b3701742277ed45ceaae9db1f150ae624f04040242","continuation","False","108","71","37","0.343","4","4","16","12"
"2026-04-13T07:31:41.682753Z","final-24h-tenant","7e915de8c02ff5f900b33e2b9a64938387ea98540633e521f73a6ccb35a88ad4","codex","b28af04e113c6e7cc46a5cc4b41c306986225c5f9ca16a4ea851b8bb28769ffc","1bdc4742651274f4d9ea2c1d8e13a29a54e14e23a08c3eadf7e354859f5ed705","continuation","False","108","71","37","0.343","4","4","16","12"
"2026-04-13T07:32:11.875690Z","final-24h-tenant","7e915de8c02ff5f900b33e2b9a64938387ea98540633e521f73a6ccb35a88ad4","codex","ccc25472cbe2bb06ca0ae239072b68b7855149098e735aa38eba929d064407e5","c2f5dcc0d9e0b60753e90067240cc6e41a1ea69a387dbdb19f3e5dbdd0bdea99","continuation","False","108","71","37","0.343","4","4","16","12"
"2026-04-13T07:32:42.061256Z","final-24h-tenant","7e915de8c02ff5f900b33e2b9a64938387ea98540633e521f73a6ccb35a88ad4","codex","95e370035899326787bba4ed988fecdd0ba9848a92b2baa68b85018b282ba55f","2162bda424ab533a077bfcb4a844c7b38dcada4c3c0f30cd8628632e8f2ceaf2","continuation","False","108","71","37","0.343","4","4","16","12"
"2026-04-13T07:33:12.215987Z","final-24h-tenant","7e915de8c02ff5f900b33e2b9a64938387ea98540633e521f73a6ccb35a88ad4","codex","8f9fca1baf1dbfb8f5813c29d55aeb21260af53d856b2c767f9ccd453b490cac","3b877468634401b616fa18e05bd9c9824c596f1a58de86237237ffb0fd922286","continuation","False","108","71","37","0.343","4","4","16","12"
"2026-04-13T07:33:42.378109Z","final-24h-tenant","7e915de8c02ff5f900b33e2b9a64938387ea98540633e521f73a6ccb35a88ad4","codex","1a8ae1a65a90e45c5241d0a927f67a776b0d54f2bbd1cd9e9c6cfa39f7bfa4b6","72fa2315bab9cd57751cb16f4531a9b5223922cf19f9166def153c189a24342b","continuation","False","108","71","37","0.343","4","4","16","12"
"2026-04-13T07:34:12.574197Z","final-24h-tenant","7e915de8c02ff5f900b33e2b9a64938387ea98540633e521f73a6ccb35a88ad4","codex","8611ab0d865767b17aa6e0899ee832f806e0425b8105b5efcee10d88856a316c","05fa998c119636f0135c0eaa0bd73f20786526226c4b6ed473a81a9efdde86da","continuation","False","108","71","37","0.343","4","4","16","12"
"2026-04-13T07:34:42.731717Z","final-24h-tenant","7e915de8c02ff5f900b33e2b9a64938387ea98540633e521f73a6ccb35a88ad4","codex","64fac13f0797dd19d901aa553e3836e8babcb42a93577568fc8b78f4088ee2db","583a331dc044a19aae7d8e3050bb9cb9240b38a2b0f9e7e2f5ec05eda8b82217","continuation","False","108","71","37","0.343","4","4","16","12"
"2026-04-13T07:35:12.955994Z","final-24h-tenant","7e915de8c02ff5f900b33e2b9a64938387ea98540633e521f73a6ccb35a88ad4","codex","7fe084b5510a3fc0b0f14320358c00e5a13112ff59883ac1cccc48ee54a2a81c","3557fbad036b2b1042b4f76f97b9cdcb5718331000b5a60bc8b4059f8711d4cc","continuation","False","108","71","37","0.343","4","4","16","12"
"2026-04-13T07:35:43.107861Z","final-24h-tenant","7e915de8c02ff5f900b33e2b9a64938387ea98540633e521f73a6ccb35a88ad4","codex","382d250ef5290cf058720e553d96f15d46ef826b430041062a99da3f58d4780a","c2c5117e0ca29195e5c1c64b07495ee5c5a46058384f8ace05938b9dc5ef90fe","continuation","False","108","71","37","0.343","4","4","16","12"
"2026-04-13T07:36:13.312826Z","final-24h-tenant","7e915de8c02ff5f900b33e2b9a64938387ea98540633e521f73a6ccb35a88ad4","codex","dd528dbcd282da7861ea2bf97dd404b7772c283748fe79928ef38b512eac581c","7a90ee4e63bd791f8eedce078211c566797c7eb35c5ae1e74ae753eab3a588b8","continuation","False","108","71","37","0.343","4","4","16","12"
"2026-04-13T07:36:43.466815Z","final-24h-tenant","7e915de8c02ff5f900b33e2b9a64938387ea98540633e521f73a6ccb35a88ad4","codex","5b2acaac2e5f81f37d84968296e049a51b25252ab0e909212a8ef9f65c9d1ff8","6afbb23c92d182815f0bf76d5781d24bdb65407c02b67e2a058c3172e0a9db90","continuation","False","108","71","37","0.343","4","4","16","12"
"2026-04-13T07:37:13.645647Z","final-24h-tenant","7e915de8c02ff5f900b33e2b9a64938387ea98540633e521f73a6ccb35a88ad4","codex","beff223b77dd8ae93ca7e6e5c56b3e80fff03333ef0d334f540f6a1edfde7d8d","c4652401effa36b302a57cab1fbf6bc4afa03ef10ca217edb3dd64e808921be7","continuation","False","108","71","37","0.343","4","4","16","12"
"2026-04-13T07:37:43.820542Z","final-24h-tenant","7e915de8c02ff5f900b33e2b9a64938387ea98540633e521f73a6ccb35a88ad4","codex","284ec4dadb2c23269a60bb4c2a87fe8d032d3e28bb62157333763c74f9b81906","4cf41fd22b17fd48f679ddaf1a508bdc7251eda4ced567bd67ea615b1a73e381","continuation","False","108","71","37","0.343","4","4","16","12"
"2026-04-13T07:38:14.025884Z","final-24h-tenant","7e915de8c02ff5f900b33e2b9a64938387ea98540633e521f73a6ccb35a88ad4","codex","f835fdad9c842c0afb182e98ff151adc1e2e3d707085492cba447d802d5ec8c2","19bf6ad6c19e2d86ac13b1dbfa873453b0f7e3197e950fc648cb3006b4a5ed6f","continuation","False","108","71","37","0.343","4","4","16","12"
"2026-04-13T07:38:44.218726Z","final-24h-tenant","7e915de8c02ff5f900b33e2b9a64938387ea98540633e521f73a6ccb35a88ad4","codex","6c52f6910566886ef889f3da9932204e155419a7c90e08515c4a36443d0aaecd","8500b94b5d9e9007a87e2035c83692b55de322ecb32800c99ee1537fcbf23fab","continuation","False","108","71","37","0.343","4","4","16","12"
"2026-04-13T07:39:14.428225Z","final-24h-tenant","7e915de8c02ff5f900b33e2b9a64938387ea98540633e521f73a6ccb35a88ad4","codex","9cfef678a8086d9e4c78e7f3fca0bc0cf32eae75fb21368ebbe94d0c99465388","f47bc0f6c143eb5591b78c48e18f6f1f78d3a08f3a31f5a33695e2a7b40d7e5c","continuation","False","108","71","37","0.343","4","4","16","12"
"2026-04-13T07:39:44.633026Z","final-24h-tenant","7e915de8c02ff5f900b33e2b9a64938387ea98540633e521f73a6ccb35a88ad4","codex","6ff579cf3f20698c89a1ee0dab316f9964c275c83759c0272640f941a271838b","922ca4327a666c1504c5a15f16e767e7e84a026f6b3b398c48f7d52800b9de7b","continuation","False","108","71","37","0.343","4","4","16","12"
"2026-04-13T07:40:14.840915Z","final-24h-tenant","7e915de8c02ff5f900b33e2b9a64938387ea98540633e521f73a6ccb35a88ad4","codex","514d0f84e4f9bac82fd9142c9a416a39e592264a66bd7408e52164cf334a6dac","693cc825cbc47e4367497531613ef0cb177dfe9db05b005fb443cd4d719e32d1","continuation","False","108","71","37","0.343","4","4","16","12"
"2026-04-13T07:40:45.014230Z","final-24h-tenant","7e915de8c02ff5f900b33e2b9a64938387ea98540633e521f73a6ccb35a88ad4","codex","2a769c1570fa5f126540b5bd57ed0238d2416d17e55188321f4cb96f4d390465","81ff77e434299ea4c66005d0ef33a3e77eeeb6ae432b38c968871bb15e33cd35","continuation","False","108","71","37","0.343","4","4","16","12"
"2026-04-13T07:41:15.163833Z","final-24h-tenant","7e915de8c02ff5f900b33e2b9a64938387ea98540633e521f73a6ccb35a88ad4","codex","861b6570b43bbca17ef41711a05cad54538cef987dcb5f4c5837a707d8dd9f96","12993dc23723b96943302a14a6b4f9f243838e1e7e40ad3b9ab70ed41484c8b8","continuation","False","108","71","37","0.343","4","4","16","12"
"2026-04-13T07:41:45.357618Z","final-24h-tenant","7e915de8c02ff5f900b33e2b9a64938387ea98540633e521f73a6ccb35a88ad4","codex","3248960e9eccd84995a5e6de36d998e0815bb492f961549dcf08020ccb542b20","f4f3aad5e4623f6a278ef4512c8fe3295cc015cc4cd24d100d16354e9589f253","continuation","False","108","71","37","0.343","4","4","16","12"
"2026-04-13T07:42:15.533376Z","final-24h-tenant","7e915de8c02ff5f900b33e2b9a64938387ea98540633e521f73a6ccb35a88ad4","codex","dbf8d5654e1a9a45047ec52142d71d68fed72bd324430835f293388f8aa6fadc","b989cf025c1e4be5551a0cd7ba6311b2c0a41d78f55c775c7db93de9b265431a","continuation","False","108","71","37","0.343","4","4","16","12"
"2026-04-13T07:42:45.735048Z","final-24h-tenant","7e915de8c02ff5f900b33e2b9a64938387ea98540633e521f73a6ccb35a88ad4","codex","c982c1dd3223c51d9142319b3ec154f2cee4858a219acef7a9f19181f246c375","7072ff8d836c3b03e3228e054e83767c0196b91b50725b6a06a1cdad72bc4590","continuation","False","108","71","37","0.343","4","4","16","12"
"2026-04-13T07:43:15.890576Z","final-24h-tenant","7e915de8c02ff5f900b33e2b9a64938387ea98540633e521f73a6ccb35a88ad4","codex","881ed5b380ec0692cb70ad3504f834742a1c0bfb645d6bae00309ca4971f7975","22c8adf9158761612a20d2210be3b6def2af8d2b11a38cbdbe1cb76669277cb2","continuation","False","108","71","37","0.343","4","4","16","12"
"2026-04-13T07:43:46.084563Z","final-24h-tenant","7e915de8c02ff5f900b33e2b9a64938387ea98540633e521f73a6ccb35a88ad4","codex","6ab43d0cc291870ea96a8ad454e3b84ac9b762e957c7d7e450f3473d1d13bc46","41f3252cc3be72bd0f4d6b517aec31b7eb40d3fc19c006adb26b7e3083bc6d88","continuation","False","108","71","37","0.343","4","4","16","12"
"2026-04-13T07:44:16.241801Z","final-24h-tenant","7e915de8c02ff5f900b33e2b9a64938387ea98540633e521f73a6ccb35a88ad4","codex","1a80c69d327cd5003d6821bf9f59387ab872a2199ff5a9890ebb7b79cca196f7","77bc80667280496b4a6e565313c9a56bc755b3a60ef551904e00a2fcae5154cd","continuation","False","108","71","37","0.343","4","4","16","12"
"2026-04-13T07:44:46.434102Z","final-24h-tenant","7e915de8c02ff5f900b33e2b9a64938387ea98540633e521f73a6ccb35a88ad4","codex","a73263e3c8869bdebeea1115868ff93f8bf8f943b9ab0b305daa834c9a2b487c","a06fdc30df00ad8feab66ef68a46677b8fce92cd71b5e985761c047daeecf786","continuation","False","108","71","37","0.343","4","4","16","12"
"2026-04-13T07:45:16.601953Z","final-24h-tenant","7e915de8c02ff5f900b33e2b9a64938387ea98540633e521f73a6ccb35a88ad4","codex","0cf288c9d62a18cc4712bd7850717584aba9ab44d99d8356e8476eefe985f791","8ab47b844450907faec2e8b5b824b352b9fbb0e433bf2e55e757080f104956d4","continuation","False","108","71","37","0.343","4","4","16","12"
"2026-04-13T07:45:46.742193Z","final-24h-tenant","7e915de8c02ff5f900b33e2b9a64938387ea98540633e521f73a6ccb35a88ad4","codex","95d9d1280664d62f622503fa8c8c606a887df007a40e49fb09c1061150ddf5c9","388dcc4e9107ffe1af1f0cd9ca2a0bde79a2dee1d7510b0da2bd9bdfaed9aff3","continuation","False","108","71","37","0.343","4","4","16","12"
"2026-04-13T07:46:16.904210Z","final-24h-tenant","7e915de8c02ff5f900b33e2b9a64938387ea98540633e521f73a6ccb35a88ad4","codex","7f22b594eca81af084f541b0873b2e48776b438516798e12ed0d786afc800a29","0c5497c1b54bbb9bbc5baa30acbeb6791fb6fa74318fa35443d569bc0175da73","continuation","False","108","71","37","0.343","4","4","16","12"
"2026-04-13T07:46:47.070671Z","final-24h-tenant","7e915de8c02ff5f900b33e2b9a64938387ea98540633e521f73a6ccb35a88ad4","codex","4e08281d778ec890b43740997b3ab63965af83cc676806aed3ef1e795de5fc53","7f8138a5acc8ec54864d09f42c7e10c5ed54d2baac451c1167e21010929c9f25","continuation","False","108","71","37","0.343","4","4","16","12"
"2026-04-13T07:47:17.269812Z","final-24h-tenant","7e915de8c02ff5f900b33e2b9a64938387ea98540633e521f73a6ccb35a88ad4","codex","580925ffa8c7acd37a109005c556d26770ad26e63186981e9906936385f055cc","284c664f501f00b4bc89fa4921fee488f4f9649f00cb300fb5a3a52acbba2df6","continuation","False","108","71","37","0.343","4","4","16","12"
"2026-04-13T07:47:47.459762Z","final-24h-tenant","7e915de8c02ff5f900b33e2b9a64938387ea98540633e521f73a6ccb35a88ad4","codex","d14dfc3f75fcfdae1f6fea12fae60f5111d5e983696f0679f6feaf3e11f864b5","04e2276d3c6302322c808494db357ba677a2468783d7c7508242bc543162ac56","continuation","False","108","71","37","0.343","4","4","16","12"
"2026-04-13T07:48:17.658441Z","final-24h-tenant","7e915de8c02ff5f900b33e2b9a64938387ea98540633e521f73a6ccb35a88ad4","codex","db6f3e3a3ea91597a130914677a4cc9772a8bb30e82a9ec640db579863036504","dd0285b7de4d99741736ed0a49d98cf8c337eaca75a189093e62acc51bc63ef0","continuation","False","108","71","37","0.343","4","4","16","12"
"2026-04-13T07:48:47.846081Z","final-24h-tenant","7e915de8c02ff5f900b33e2b9a64938387ea98540633e521f73a6ccb35a88ad4","codex","3fd0346644aeb50e4eea27fe174ee96ac5051a3cf4a19d290733e83dd4198f39","a2cba232ee20c581d5df5a93c38ea9c3e2058bb5786f3d8058533021a47c2fcc","continuation","False","108","71","37","0.343","4","4","16","12"
"2026-04-13T07:49:18.000690Z","final-24h-tenant","7e915de8c02ff5f900b33e2b9a64938387ea98540633e521f73a6ccb35a88ad4","codex","c2614abbb1965bc99d11406b0268c3878a13e4cce3f34ec9c5cbe87346187592","6a1a970317a5266a4c7e68c51390b987877ac24a91e72bced0f36037925022d5","continuation","False","108","71","37","0.343","4","4","16","12"
"2026-04-13T07:49:48.176994Z","final-24h-tenant","7e915de8c02ff5f900b33e2b9a64938387ea98540633e521f73a6ccb35a88ad4","codex","9a911a19221f1c883241109bc1ad805ee2a4a7cb8e9800c8bad7302bb97163c9","7244f7ac4f8a1cd39503e91c8b7795942caa45cbf380317b50ee7b71354964f7","continuation","False","108","71","37","0.343","4","4","16","12"
"2026-04-13T07:50:18.357262Z","final-24h-tenant","7e915de8c02ff5f900b33e2b9a64938387ea98540633e521f73a6ccb35a88ad4","codex","13712abe0be297ee0fb10b6547a379cab1dd423d2b0d62ec5d4b0d47dd834469","e5ff43293d501d7cb0fecf5b3956c15a782ba752b7702e893e8da6054e36c9e6","continuation","False","108","71","37","0.343","4","4","16","12"
"2026-04-13T07:50:48.489755Z","final-24h-tenant","7e915de8c02ff5f900b33e2b9a64938387ea98540633e521f73a6ccb35a88ad4","codex","20586516ecd06a4ab96f012936326b42337e5b35a8f5a11d73d301a9cfcc3143","1597621a31ee01dd1d619afa5c978166a8fd8620e8e965256bd0419a670a0b68","continuation","False","108","71","37","0.343","4","4","16","12"
"2026-04-13T07:51:18.681855Z","final-24h-tenant","7e915de8c02ff5f900b33e2b9a64938387ea98540633e521f73a6ccb35a88ad4","codex","5a6b156d4486978fa3a501a41b6885ebf8404b32fcb6b6b930d9a989f28b4085","1fe1e512aaed5cd1b0d74a7f9f5ce0ac25527d6ea4411e493446ad624bca0eb1","continuation","False","108","71","37","0.343","4","4","16","12"
"2026-04-13T07:51:48.896554Z","final-24h-tenant","7e915de8c02ff5f900b33e2b9a64938387ea98540633e521f73a6ccb35a88ad4","codex","46b152c1ab544c7671447396070529838cbe0a888f46b310b1cd6ea4ee2389a0","b4d2285f484cdd63e1a579c485771b8dba086b8059bf6e5899561be53222e1d8","continuation","False","108","71","37","0.343","4","4","16","12"
"2026-04-13T07:52:19.074219Z","final-24h-tenant","7e915de8c02ff5f900b33e2b9a64938387ea98540633e521f73a6ccb35a88ad4","codex","5a2d5e37cef5511f38853155f1d31eee117edca15240620726205469b6731bf8","8ceb15d28295016e7ba3fd926c01e95c3e88f2bc9591a4704969b6d6004ec04a","continuation","False","108","71","37","0.343","4","4","16","12"
"2026-04-13T07:52:49.239900Z","final-24h-tenant","7e915de8c02ff5f900b33e2b9a64938387ea98540633e521f73a6ccb35a88ad4","codex","ee7510891ae3e3f6d7bac37868bc7700a311af4721d7abbb0b0a5ef5418ce5c2","66f7305eca3861cd98730c7c841fcebf8fcce6dff961e62a5b3125b61bec58b7","continuation","False","108","71","37","0.343","4","4","16","12"
"2026-04-13T07:53:19.424209Z","final-24h-tenant","7e915de8c02ff5f900b33e2b9a64938387ea98540633e521f73a6ccb35a88ad4","codex","2ff9af29fd7a99c488d5b411c9dd2c11db80f47c31cc66852e425dd5eea0e6a1","ba1da7a07136c481babe74f3010cb0ba48f2619dc58f3fab20ec68cfdb0e4362","continuation","False","108","71","37","0.343","4","4","16","12"
"2026-04-13T07:53:49.620929Z","final-24h-tenant","7e915de8c02ff5f900b33e2b9a64938387ea98540633e521f73a6ccb35a88ad4","codex","44b186dc8aa2b94b515b0a01502f9b412e643ac51a5b53411d70bb2a3276b4b6","03e2076bf8fc548e5591909473c4150343d273b487a54e64381fb0e214d77357","continuation","False","108","71","37","0.343","4","4","16","12"
"2026-04-13T07:54:19.814044Z","final-24h-tenant","7e915de8c02ff5f900b33e2b9a64938387ea98540633e521f73a6ccb35a88ad4","codex","3050c36879fca6ca7f037e29ac30bf823ef4cc31776cac73add1fc6e65176524","8b1ba1f2a24c5f2d5f4b65da5903f33b3e1291f49422d438b4f7a4d1aeea2b6c","continuation","False","108","71","37","0.343","4","4","16","12"
"2026-04-13T07:54:49.998923Z","final-24h-tenant","7e915de8c02ff5f900b33e2b9a64938387ea98540633e521f73a6ccb35a88ad4","codex","2137d44649dc1b7cf8d14c5a06e6963115825293d9d896dea0ee5004469d6fb2","6ed046916c1017ccd1bfae88ede858cb707b27e0828ac5540ac37c84eae2ea0c","continuation","False","108","71","37","0.343","4","4","16","12"
"2026-04-13T07:55:20.161978Z","final-24h-tenant","7e915de8c02ff5f900b33e2b9a64938387ea98540633e521f73a6ccb35a88ad4","codex","0f86ac7256ff73a4052f1a41e4d47710bb2e9eabb0d2a72e26c6695a1c8432e2","ff2d8badaef6a98ed26e4d0ef01a75d5933a692ea4e60039242aeb1b4891b9ab","continuation","False","108","71","37","0.343","4","4","16","12"
"2026-04-13T07:55:50.338595Z","final-24h-tenant","7e915de8c02ff5f900b33e2b9a64938387ea98540633e521f73a6ccb35a88ad4","codex","49612b07dd021faf6d6345e0dcfda44025c2665fc18f7a2b118f30a226eb4765","98d631667ad87992fec524d6347f53a08db5de69056f294953507f92bfc4258c","continuation","False","108","71","37","0.343","4","4","16","12"
"2026-04-13T07:56:20.502573Z","final-24h-tenant","7e915de8c02ff5f900b33e2b9a64938387ea98540633e521f73a6ccb35a88ad4","codex","78d922dced02f7fb607457fad0684efaa114ecc3d24eb682256c3f999de22b6e","0b528701dca00e3aa6a8d47c90d59e6ef044b22664f8effc9d0e3ccb82f9bab5","continuation","False","108","71","37","0.343","4","4","16","12"
"2026-04-13T07:56:50.682532Z","final-24h-tenant","7e915de8c02ff5f900b33e2b9a64938387ea98540633e521f73a6ccb35a88ad4","codex","48433b3d386caf0996c293b56d3a9cb4a9c50f9a89f8b7c03dfbb2f427378871","e6ac5279d68c4a865abdd7143e98d75a62423bba5fc0357957ab5d130746f264","continuation","False","108","71","37","0.343","4","4","16","12"
"2026-04-13T07:57:20.840648Z","final-24h-tenant","7e915de8c02ff5f900b33e2b9a64938387ea98540633e521f73a6ccb35a88ad4","codex","a07078e2ebcf8df4ec2d5d435c2e8eb9ee986204e10b62f21b8668177ebe7acb","0450c43943fbabd9effed734713c096bd6e1a76046fdbc07157ef0d9e26d64a9","continuation","False","108","71","37","0.343","4","4","16","12"
"2026-04-13T07:57:51.057078Z","final-24h-tenant","7e915de8c02ff5f900b33e2b9a64938387ea98540633e521f73a6ccb35a88ad4","codex","683c98ceacc403e6ca8a88472ecce7277d94b3dfaea9d3bff8a62025315b857c","6eb4539087ab0eb84be4568f8c1b2d928b631bf672cdfaef3c5ce4b4df700f1b","continuation","False","108","71","37","0.343","4","4","16","12"
"2026-04-13T07:58:21.257509Z","final-24h-tenant","7e915de8c02ff5f900b33e2b9a64938387ea98540633e521f73a6ccb35a88ad4","codex","4ae666c88007138fb7f252a0890e7b21b09f2d0f9e854e25b74b1a2b5635176e","954f162864518758e794bb4abd7306a21b3128b4303c9e433f61efc476a83a74","continuation","False","108","71","37","0.343","4","4","16","12"
"2026-04-13T07:58:51.482779Z","final-24h-tenant","7e915de8c02ff5f900b33e2b9a64938387ea98540633e521f73a6ccb35a88ad4","codex","90d7b2edb387067232119de467eb51a35210deb2657dc3f4864079703a2553f8","22da2af83fe7a416b36abc8758f01b795748c26b81b768a5c3774fb9e48d8bcb","continuation","False","108","71","37","0.343","4","4","16","12"
"2026-04-13T07:59:21.644790Z","final-24h-tenant","7e915de8c02ff5f900b33e2b9a64938387ea98540633e521f73a6ccb35a88ad4","codex","2d3361b1bc6d08b905f5b77178e4fb96b4a42d5a7715172dfdf0901a3ad38e0a","3870bf30e816bcaa8c6f7900d9609938f9f1acf3346dcdd8b46fe93be1f6ac98","continuation","False","108","71","37","0.343","4","4","16","12"
"2026-04-13T07:59:51.812558Z","final-24h-tenant","7e915de8c02ff5f900b33e2b9a64938387ea98540633e521f73a6ccb35a88ad4","codex","3216826a9029d03557835a1e35e5e25c7e1116d0833d89e6d745ea8eb9bcb7ad","1741ed947ed81e205957493eff1fe1c37666473f6f4e530c69049a8b8860c010","continuation","False","108","71","37","0.343","4","4","16","12"
"2026-04-13T08:00:21.989412Z","final-24h-tenant","7e915de8c02ff5f900b33e2b9a64938387ea98540633e521f73a6ccb35a88ad4","codex","3abe8407afc7c2f48e657923d05d4279f35059260b8c61932a4d31286c37b852","74509ed63c840dc4cfc46e5518a20d7aef381e45aed87d29946daaca4cf995a1","continuation","False","108","71","37","0.343","4","4","16","12"
"2026-04-13T08:00:52.127917Z","final-24h-tenant","7e915de8c02ff5f900b33e2b9a64938387ea98540633e521f73a6ccb35a88ad4","codex","b3405d9a8cd56f33c75981e315702b6ef5db4d3064ecc4a4f4d8dce03628647b","c2e56d28d5337d0e7e20ccabc1bcde312c4724b6bebeb787609adc7494a39caa","continuation","False","108","71","37","0.343","4","4","16","12"
"2026-04-13T08:01:22.297724Z","final-24h-tenant","7e915de8c02ff5f900b33e2b9a64938387ea98540633e521f73a6ccb35a88ad4","codex","71372badba6a9c2a8b98170ed73687d1c243d787b1649a3593d5fdfcb461aad8","67b3e37794448b3ca0343e0187722ab0913cc58e169e22e7bed7da8b6f5f3798","continuation","False","108","71","37","0.343","4","4","16","12"
"2026-04-13T08:01:52.515879Z","final-24h-tenant","7e915de8c02ff5f900b33e2b9a64938387ea98540633e521f73a6ccb35a88ad4","codex","e8d5031dabd10ee5b0da3e8acdb7479456d18b3477a68f4b308c08807d653837","37676764b730d570f657de93ea61e5751ec30828432f0c0cf9b16e5ad027e601","continuation","False","108","71","37","0.343","4","4","16","12"
"2026-04-13T08:02:22.683015Z","final-24h-tenant","7e915de8c02ff5f900b33e2b9a64938387ea98540633e521f73a6ccb35a88ad4","codex","807e2dc11d066256c66699fe141d8835e593c6c85749537479e8b13c29ad73c1","562372b2b847d20636dcafd137942333e1a671fab56eb6a68e51b33d69c0dd7b","continuation","False","108","71","37","0.343","4","4","16","12"
"2026-04-13T08:02:52.857962Z","final-24h-tenant","7e915de8c02ff5f900b33e2b9a64938387ea98540633e521f73a6ccb35a88ad4","codex","130cb2be9415834757dd4537c10153e326032973ad2b167f2b3699a09a4adfea","7a9b5845fa1add7772c6479d6d38226edd26ed661bac38b2e2a55c23e0dcceb1","continuation","False","108","71","37","0.343","4","4","16","12"
"2026-04-13T08:03:23.032906Z","final-24h-tenant","7e915de8c02ff5f900b33e2b9a64938387ea98540633e521f73a6ccb35a88ad4","codex","6fbfa818ef77fa5512e3efd1ef2bdf475704d4dcdb4a6dac463e8b9fac3408fd","584c7f96e949e978cd8880a8ade9452111fb8639baa9fac16f75f3e6602d4ec6","continuation","False","108","71","37","0.343","4","4","16","12"
"2026-04-13T08:03:53.196065Z","final-24h-tenant","7e915de8c02ff5f900b33e2b9a64938387ea98540633e521f73a6ccb35a88ad4","codex","b7f751b87fe1439d41e0a03b552177f967562fc289521d81645c4d7f47df0e1f","6248df0aadc8176ae03a35ea7d1637a798852f0dc979a0fcd8c5f13e8f1db1cd","continuation","False","108","71","37","0.343","4","4","16","12"
"2026-04-13T08:04:23.391973Z","final-24h-tenant","7e915de8c02ff5f900b33e2b9a64938387ea98540633e521f73a6ccb35a88ad4","codex","4efce80ea4d71a4179b9e2b9971e5617e909cb338647b30a88f6d34fdbb6e6e3","ab1dfe3f3247d09011df41bb36b5b14c8f76801de9ea7411df6ea50dd00cdb38","continuation","False","108","71","37","0.343","4","4","16","12"
"2026-04-13T08:04:53.572584Z","final-24h-tenant","7e915de8c02ff5f900b33e2b9a64938387ea98540633e521f73a6ccb35a88ad4","codex","761b2f123e287c414e2a47145f6aa0b521bcf30ac6cb31651921f00681fe842f","309d29580a4ad81dd10608b5650b19391b76843b07d0f0552c41cc42a1ffb44f","continuation","False","108","71","37","0.343","4","4","16","12"
"2026-04-13T08:05:23.745720Z","final-24h-tenant","7e915de8c02ff5f900b33e2b9a64938387ea98540633e521f73a6ccb35a88ad4","codex","60eb9f29fb4fa21f1d288b7772d4485a652c993f1849a509f593500285328201","61bf529b554247ba6d6fef37229add6c08381065dcd31bb10f30b26acafc2b85","continuation","False","108","71","37","0.343","4","4","16","12"
"2026-04-13T08:05:53.935310Z","final-24h-tenant","7e915de8c02ff5f900b33e2b9a64938387ea98540633e521f73a6ccb35a88ad4","codex","125a0c8c306497dfc3c4beb6e652c41dd499972c88b067f67e35dfc2a164cb3f","05aa26c393a0cee6d16c0cc5b85330c6e61582b4c9cda8fd54b0054f7dd0ecf3","continuation","False","108","71","37","0.343","4","4","16","12"
"2026-04-13T08:06:24.109046Z","final-24h-tenant","7e915de8c02ff5f900b33e2b9a64938387ea98540633e521f73a6ccb35a88ad4","codex","8fb1d5f5d1cdf563f959623c6109d7e25d041ec3648cfa07c14f308cb405b958","81cb533d95b4f7547005b9faceb7c2e15fea565a798aedc95999560c18b6735b","continuation","False","108","71","37","0.343","4","4","16","12"
"2026-04-13T08:06:54.295607Z","final-24h-tenant","7e915de8c02ff5f900b33e2b9a64938387ea98540633e521f73a6ccb35a88ad4","codex","8debaae5b2caed2be76323a63cc1efcf74b3026e17592f9e1af60a93a7f9e6c3","a98e77e42f5697883609e4ae00234e750168d59e1d258587bce45f924aed862c","continuation","False","108","71","37","0.343","4","4","16","12"
"2026-04-13T08:07:24.465426Z","final-24h-tenant","7e915de8c02ff5f900b33e2b9a64938387ea98540633e521f73a6ccb35a88ad4","codex","9bff9e7bc34be286b895ea929a70dfae5c96771e7cb521db81e9a9b8d59213a5","f96758db820a0bdff0d4b7716d03d4396fb863463a35e7dd033df79c42d1c7a1","continuation","False","108","71","37","0.343","4","4","16","12"
"2026-04-13T08:07:54.643704Z","final-24h-tenant","7e915de8c02ff5f900b33e2b9a64938387ea98540633e521f73a6ccb35a88ad4","codex","733a67ad0d98f38d61de449b6e75107382bd6ad62c2362c2ae64b76dd6b0b995","4fbc3797d425d4fd9c1a758b5f09aafaa771e3ceed9653c88ba2ddc568adbc07","continuation","False","108","71","37","0.343","4","4","16","12"
"2026-04-13T08:08:24.828249Z","final-24h-tenant","7e915de8c02ff5f900b33e2b9a64938387ea98540633e521f73a6ccb35a88ad4","codex","b9ac233924e25f0970de74db5adaac03b352521e85996986d995fa7c5d540e83","6c20ab3c67f23903d88ccbc65e440693851864f593fa5b1f864c208ea5fb52b5","continuation","False","108","71","37","0.343","4","4","16","12"
"2026-04-13T08:08:54.991013Z","final-24h-tenant","7e915de8c02ff5f900b33e2b9a64938387ea98540633e521f73a6ccb35a88ad4","codex","72e136d860d9c67ed31ddc59998da5e91b91aba172e3e48c5b3958d7726578c5","a78b9d3fbc3852de4d39b7f5ce998b62735f4f4426b2fdede7a534ba2cf81fc1","continuation","False","108","71","37","0.343","4","4","16","12"
"2026-04-13T08:09:25.128928Z","final-24h-tenant","7e915de8c02ff5f900b33e2b9a64938387ea98540633e521f73a6ccb35a88ad4","codex","23dc499d4329a66dcef68642eb12c38d3c5bb15643f8bf36c9508feedae97380","fda730d4be94dabba71b9f58e1e0766c1029fb2524b6f6fe0470412f5d4a362f","continuation","False","108","71","37","0.343","4","4","16","12"
"2026-04-13T08:09:55.291905Z","final-24h-tenant","7e915de8c02ff5f900b33e2b9a64938387ea98540633e521f73a6ccb35a88ad4","codex","7d76b9536147ceb80696510df801858864c1f3447de988245af5b74fb3229f17","b4fe2a7376f756b3dc4041ace3aa270baedd4bbd7bc96b208f1cbcde9401fdd9","continuation","False","108","71","37","0.343","4","4","16","12"
"2026-04-13T08:10:25.482971Z","final-24h-tenant","7e915de8c02ff5f900b33e2b9a64938387ea98540633e521f73a6ccb35a88ad4","codex","9995292c1df8d0196db003d124768fdd0a2d8962105b816aab1e44a530b06cd2","666e3beabdb2b05a484cb6f22d7481f1f5d95757efc468da91e8202b2170c6d6","continuation","False","108","71","37","0.343","4","4","16","12"
"2026-04-13T08:10:55.656413Z","final-24h-tenant","7e915de8c02ff5f900b33e2b9a64938387ea98540633e521f73a6ccb35a88ad4","codex","e86872c1e2dde615a1383b61d813f178bdfa59b5c0c0a48f8665f1bae94125c9","0cd7122fd603ebef7df4cabf352e8ccfe3a98baa1d4d17844ba379a4d229452b","continuation","False","108","71","37","0.343","4","4","16","12"
"2026-04-13T08:11:25.854247Z","final-24h-tenant","7e915de8c02ff5f900b33e2b9a64938387ea98540633e521f73a6ccb35a88ad4","codex","e2f7582384ce91ba970dc6c2ff30e3c000a7b03669ec31a237e4d08f40b3b41f","ad5fb247d913d477df7033066b92b4910bcd73b1cf05f3d66d08de2413c36f85","continuation","False","108","71","37","0.343","4","4","16","12"
"2026-04-13T08:11:56.040561Z","final-24h-tenant","7e915de8c02ff5f900b33e2b9a64938387ea98540633e521f73a6ccb35a88ad4","codex","58ba86630055b293dafb65d794d0fe0c22caa913e6cad0d4bad1d822e8fbedec","83af2f4d4c52798557382a22610c5f848708c945c99e386eb229fa7e0ac20295","continuation","False","108","71","37","0.343","4","4","16","12"
"2026-04-13T08:12:26.236751Z","final-24h-tenant","7e915de8c02ff5f900b33e2b9a64938387ea98540633e521f73a6ccb35a88ad4","codex","5fa4d0c92dbfb128cede7d6e7a6fa07455f8fb426daa0c73d0a19ed93c6aca69","d0d5d8bb5b0ec4a38e34fbf6d84c7851711c6cb29d1a79fb255087f1f0de98ce","continuation","False","108","71","37","0.343","4","4","16","12"
"2026-04-13T08:12:56.422748Z","final-24h-tenant","7e915de8c02ff5f900b33e2b9a64938387ea98540633e521f73a6ccb35a88ad4","codex","bd891509562558dd3a2bf433f30cd1412d787d022c0f5f1f19e0927169205721","9e2cbf403a7cf6e2a9f188af2a3f75b5031e417e62a0bc41bdc1864151798785","continuation","False","108","71","37","0.343","4","4","16","12"
"2026-04-13T08:13:26.601132Z","final-24h-tenant","7e915de8c02ff5f900b33e2b9a64938387ea98540633e521f73a6ccb35a88ad4","codex","5e02b8d915ba33f1f0afd2310e02ebdec8c7555d8a8237e20e78ddcce1fa68a9","cfafa67d0e0ed901a473d042c1ad082235865fe090f539e70b1e962b197fb8b2","continuation","False","108","71","37","0.343","4","4","16","12"
"2026-04-13T08:13:56.791623Z","final-24h-tenant","7e915de8c02ff5f900b33e2b9a64938387ea98540633e521f73a6ccb35a88ad4","codex","ad0531ddf0002749bf52c6960495c830a11563c23f31d8dae02d418b0af1cc34","9236d31a0746a26ef1e127db242419f6dda8ea52bf83164d8fa57361e9548a85","continuation","False","108","71","37","0.343","4","4","16","12"
"2026-04-13T08:14:27.009552Z","final-24h-tenant","7e915de8c02ff5f900b33e2b9a64938387ea98540633e521f73a6ccb35a88ad4","codex","30e142f0d2a9f000b6c230f692c2042fac7ec4fd325fe6f8fb9b2ba250c9da2d","5d035cd6151512867eb61489d5d7fe4a72b364d316f928a3fd45905e6b258754","continuation","False","108","71","37","0.343","4","4","16","12"
"2026-04-13T08:14:57.162017Z","final-24h-tenant","7e915de8c02ff5f900b33e2b9a64938387ea98540633e521f73a6ccb35a88ad4","codex","c7fa0e796675e83009ee74caabe11e5a0b467c1d0d4edd91f8d51cbe9be30cd0","737c14dd3481f0512e29f34abcdb2f4d5f8faa81da3c46b35c66631b06ca1fc3","continuation","False","108","71","37","0.343","4","4","16","12"
"2026-04-13T08:15:27.377706Z","final-24h-tenant","7e915de8c02ff5f900b33e2b9a64938387ea98540633e521f73a6ccb35a88ad4","codex","df2c6d6dad3f0dc525fa700a4fb2881f09172736090abb2a3cef86dfa31ed41f","a8c4e50f31d67f395070f61bee83b7b71890412633e4cf99dad061e6160d79fe","continuation","False","108","71","37","0.343","4","4","16","12"
"2026-04-13T08:15:57.520919Z","final-24h-tenant","7e915de8c02ff5f900b33e2b9a64938387ea98540633e521f73a6ccb35a88ad4","codex","292b403fe6ab45c34947fc832df23dccbef393f0c98211bd52e0a64a22ee8791","6d0578c2b7a6e74ab0eb3f7480faa5156c55c343225ae8bc139b6502710d81d7","continuation","False","108","71","37","0.343","4","4","16","12"
"2026-04-13T08:16:27.691274Z","final-24h-tenant","7e915de8c02ff5f900b33e2b9a64938387ea98540633e521f73a6ccb35a88ad4","codex","e16e98978346e27d101b2a7c02a319b53fc489781dade4dd6ecf0794c39748f8","1139fd19793627e73a830fd5636d22d200a0f0ed952bdd35f4158692ff9fadcb","continuation","False","108","71","37","0.343","4","4","16","12"
"2026-04-13T08:16:57.883460Z","final-24h-tenant","7e915de8c02ff5f900b33e2b9a64938387ea98540633e521f73a6ccb35a88ad4","codex","f0b6e3769bcd5361cbade1d7a0abc5d1491dd5360322918d8d7e2201f3de863d","1fa61798bc8350740b8810636a25492de2f3313a7d899f70fba54eae883946a1","continuation","False","108","71","37","0.343","4","4","16","12"
"2026-04-13T08:17:28.091656Z","final-24h-tenant","7e915de8c02ff5f900b33e2b9a64938387ea98540633e521f73a6ccb35a88ad4","codex","177e9140d8f8573378693c4ee6c3fc49f430fe2f2e7e2c01d45584ab1ff7ad03","e26d566dfb6c9cab95a86194daf7cc17cfa73f6030845d352571c7d6d6e74ba2","continuation","False","108","71","37","0.343","4","4","16","12"
"2026-04-13T08:17:58.281529Z","final-24h-tenant","7e915de8c02ff5f900b33e2b9a64938387ea98540633e521f73a6ccb35a88ad4","codex","c5514fa7bb823e264458da7dbccd1848cb14500ea41add987d0f60ed429774b6","0866c3c5ec2102043f6b9006f5120fd431a8797c75319c75212e3aa4feca2586","continuation","False","108","71","37","0.343","4","4","16","12"
"2026-04-13T08:18:28.486974Z","final-24h-tenant","7e915de8c02ff5f900b33e2b9a64938387ea98540633e521f73a6ccb35a88ad4","codex","fcda7d776d4013b95310172269af4932a4bf37ebf4bae77afc6850dff5e7c0d3","705a1e19cf5f931c1674da1c996b14e719ce234bf2811d0ece603662b449f4f4","continuation","False","108","71","37","0.343","4","4","16","12"
"2026-04-13T08:18:58.710243Z","final-24h-tenant","7e915de8c02ff5f900b33e2b9a64938387ea98540633e521f73a6ccb35a88ad4","codex","e978cbfbf6e98909f457f6623805a8cfe703522f3e4684e510ead487cdb7e050","822d6714f2be7494aed4642d9fa17ab661be37e4fbce61a490486379fa141380","continuation","False","108","71","37","0.343","4","4","16","12"
"2026-04-13T08:19:28.902909Z","final-24h-tenant","7e915de8c02ff5f900b33e2b9a64938387ea98540633e521f73a6ccb35a88ad4","codex","811cb6989bdfe22c0b2f4f534d1f291ecb89109b25defdcc9e0c575ee4ba3e8a","e67bc57c5cbeead681889d8552e01e4507f32aedd3a8ea8ec6dbaba47953dfae","continuation","False","108","71","37","0.343","4","4","16","12"
"2026-04-13T08:19:59.083174Z","final-24h-tenant","7e915de8c02ff5f900b33e2b9a64938387ea98540633e521f73a6ccb35a88ad4","codex","dcfee43047fb54c4295487842fe8f0426068cde85c2e22a46e666956a35c8c04","6a94dc3f6d915261fbe6c137bc4bb85ca9a2c93c9e5f0b92f13d36ade5555ace","continuation","False","108","71","37","0.343","4","4","16","12"
"2026-04-13T08:20:29.257342Z","final-24h-tenant","7e915de8c02ff5f900b33e2b9a64938387ea98540633e521f73a6ccb35a88ad4","codex","124433075eca484432a5bcf88baf0e8329c483bcc107ee1e6d4eddc8526d0f69","37de2879fb167f801bd8af8aed46d81fd0f368905dc516a485e6bb48059f7283","continuation","False","108","71","37","0.343","4","4","16","12"
"2026-04-13T08:20:59.382258Z","final-24h-tenant","7e915de8c02ff5f900b33e2b9a64938387ea98540633e521f73a6ccb35a88ad4","codex","bbcb7b97e2198dad22d515d883f055d808d3bc566b9ac4e5184439ecb00cb924","8f52c485651a6ccbe14d4dde627cc12016a22921c9a9821768892e24cd4b7e72","continuation","False","108","71","37","0.343","4","4","16","12"
"2026-04-13T08:21:29.544100Z","final-24h-tenant","7e915de8c02ff5f900b33e2b9a64938387ea98540633e521f73a6ccb35a88ad4","codex","e9174f7d1535b06eef96ce09d3824c81a04949c51f478205debec4f32a8cffbc","c576ae0ffa4af1ba7eea3ee24395bfca06ffbe0cdf693ae244e596b5bd0bcd25","continuation","False","108","71","37","0.343","4","4","16","12"
"2026-04-13T08:21:59.720762Z","final-24h-tenant","7e915de8c02ff5f900b33e2b9a64938387ea98540633e521f73a6ccb35a88ad4","codex","02ed78278f02b1bfc2fbaf026773e4c060b7801a11f1e6f6bab85e802cc2729e","8e635238d1d5e4aabf3679c57d72575b2aac8a0b3b52c5b969837ab0a9c448d0","continuation","False","108","71","37","0.343","4","4","16","12"
"2026-04-13T08:22:29.965390Z","final-24h-tenant","7e915de8c02ff5f900b33e2b9a64938387ea98540633e521f73a6ccb35a88ad4","codex","cf0ea6b461497cf6addf89183f1270e0c348af08ff2727dcf6e9fe0ab9107b92","330a3711ec9f90b703d14bdb052623c48c1de9834749d4a7346e2e6fe91e495f","continuation","False","108","71","37","0.343","4","4","16","12"
"2026-04-13T08:23:00.127702Z","final-24h-tenant","7e915de8c02ff5f900b33e2b9a64938387ea98540633e521f73a6ccb35a88ad4","codex","7e56d6367b3751d36e14a1436fa4d98de96c746d858fa7a8bf3fb1664e66ed67","0e99adc99e31a8d7d320fa06d2d120309f306c43703c988b557bcdeadc140fe1","continuation","False","108","71","37","0.343","4","4","16","12"
"2026-04-13T08:23:30.275388Z","final-24h-tenant","7e915de8c02ff5f900b33e2b9a64938387ea98540633e521f73a6ccb35a88ad4","codex","541c7aaf5575f2ce89b8279421e0fcbee732b12fd229d3b350e711f4027efc80","31ba29aa79ed819d2c8c5221ebaf81b57374436881a438ea6114d28721438088","continuation","False","108","71","37","0.343","4","4","16","12"
"2026-04-13T08:24:00.437319Z","final-24h-tenant","7e915de8c02ff5f900b33e2b9a64938387ea98540633e521f73a6ccb35a88ad4","codex","1f70b776111e27e8b3d7b609543c6bdb8610a22203ebf4e1d7260144550570af","ce1f8b35eade548ff26fe6e7576eb5e570a959235d064d45cdee0b208b1ace0c","continuation","False","108","71","37","0.343","4","4","16","12"
"2026-04-13T08:24:30.607079Z","final-24h-tenant","7e915de8c02ff5f900b33e2b9a64938387ea98540633e521f73a6ccb35a88ad4","codex","b4ab68b9ac0bc71f98092e82dbf4f1db19bf79f7ef62f47f2843156ce0c601ed","d48576e8dc0d17c99471bcca05ebf05a66c8d3615220eb486fa25e126dcf2c86","continuation","False","108","71","37","0.343","4","4","16","12"
"2026-04-13T08:25:00.836990Z","final-24h-tenant","7e915de8c02ff5f900b33e2b9a64938387ea98540633e521f73a6ccb35a88ad4","codex","1f67e04bc07e5e5cdb5e914d07c38e4722e63d392e9011dcc084282774d86d8a","f66d10eac8667b39d33f736c1740df555cc4431394abe955e631a262733b0e62","continuation","False","108","71","37","0.343","4","4","16","12"
"2026-04-13T08:25:31.030037Z","final-24h-tenant","7e915de8c02ff5f900b33e2b9a64938387ea98540633e521f73a6ccb35a88ad4","codex","3c63b546cda1cc4efaee9ca30ff8ad227638142744ad8b48831f45bc2c494751","45692bce315b24dd9faf47d39460702e7552c010d7a046d53ef637db63d6e194","continuation","False","108","71","37","0.343","4","4","16","12"
"2026-04-13T08:26:01.211094Z","final-24h-tenant","7e915de8c02ff5f900b33e2b9a64938387ea98540633e521f73a6ccb35a88ad4","codex","d87b21e48dff40b5cb54e99167b034bfb6120ededed4622eb8cd19e4cc1b0f2a","d0dd915fc7d94d3fbf803f37f91c7854292d7a5ab2fc9c7ec049e6d3eb319cba","continuation","False","108","71","37","0.343","4","4","16","12"
"2026-04-13T08:26:31.437137Z","final-24h-tenant","7e915de8c02ff5f900b33e2b9a64938387ea98540633e521f73a6ccb35a88ad4","codex","ad804ff90a22471dd854447c2a130656cf32696edc88cd2a5924f49d9cc4bcbd","dca05e4f8c5df901cca37ea032c7b732f010858dc51b19bfbc9e097d7d92d35c","continuation","False","108","71","37","0.343","4","4","16","12"
"2026-04-13T08:27:01.603859Z","final-24h-tenant","7e915de8c02ff5f900b33e2b9a64938387ea98540633e521f73a6ccb35a88ad4","codex","04690dfe40bc7a623c7515a18510470daacd5806bec21eeb89f21ac639bfe1b1","d0ba543deff23f8c0341e2cccaa84f1e4d72860d3aeb3f654c2786f41446679b","continuation","False","108","71","37","0.343","4","4","16","12"
"2026-04-13T08:27:31.740418Z","final-24h-tenant","7e915de8c02ff5f900b33e2b9a64938387ea98540633e521f73a6ccb35a88ad4","codex","3fb01cf00570e0df7e30a2fb165a59d90f567603a66a96e0290704d8503842fe","2ad428df94094b799d8508fadeac705d6395e0dc6d6e5252e6200e65f4575731","continuation","False","108","71","37","0.343","4","4","16","12"
"2026-04-13T08:28:01.910660Z","final-24h-tenant","7e915de8c02ff5f900b33e2b9a64938387ea98540633e521f73a6ccb35a88ad4","codex","7fc36541d12f88e08d3a4a6f92ce50ba66ca28c778afafde1af947e887c51f7c","08be2ff2e4bd08e6f11be7c05d455d88335fbffaa14ba64f2e1b06952fe6238e","continuation","False","108","71","37","0.343","4","4","16","12"
"2026-04-13T08:28:32.059914Z","final-24h-tenant","7e915de8c02ff5f900b33e2b9a64938387ea98540633e521f73a6ccb35a88ad4","codex","ba7ba8254719d8153f11092f5bf4e696bc3747cc52d52b1e05707e1aa4642061","17757e2f95c692da045921496492b796d4ad03b00024082b0775f3931a95c21b","continuation","False","108","71","37","0.343","4","4","16","12"
"2026-04-13T08:29:02.203653Z","final-24h-tenant","7e915de8c02ff5f900b33e2b9a64938387ea98540633e521f73a6ccb35a88ad4","codex","9a331f4e4e586ce9853dddee337317f3e054d07ef4239c285270b5966990ada5","a4989d4be8e5a8b803cf2fd9edfcb7ca5c0d9c80f5ae5b1e4ac225d6ab7d8320","continuation","False","108","71","37","0.343","4","4","16","12"
"2026-04-13T08:29:32.358475Z","final-24h-tenant","7e915de8c02ff5f900b33e2b9a64938387ea98540633e521f73a6ccb35a88ad4","codex","f2d867800037a7c314b53f47596430a80215d5a0710ebeda6d8a5e453b771d37","036a1bfa4f1e95eeeedc3e79206ce7372050007300887a5cc3870ed224728a80","continuation","False","108","71","37","0.343","4","4","16","12"
"2026-04-13T08:30:02.518650Z","final-24h-tenant","7e915de8c02ff5f900b33e2b9a64938387ea98540633e521f73a6ccb35a88ad4","codex","b0e720b36c5c32fc495bca0472a5a6a2617f76d774cf8edce8e9662450526ad5","0837ede130c4baefccca4fb37caa7e81670cb8d56b8f457ad1a42514c20ade62","continuation","False","108","71","37","0.343","4","4","16","12"
"2026-04-13T08:30:32.667800Z","final-24h-tenant","7e915de8c02ff5f900b33e2b9a64938387ea98540633e521f73a6ccb35a88ad4","codex","fcef02ae85f23026df53293eaff6cd02678907aa0c06ec0fd6ddda9488f86f5c","bbce87739f12c7578726a4e198b2720976fba4fa55a99772538d00dd046a1fa7","continuation","False","108","71","37","0.343","4","4","16","12"
"2026-04-13T08:31:02.871350Z","final-24h-tenant","7e915de8c02ff5f900b33e2b9a64938387ea98540633e521f73a6ccb35a88ad4","codex","90ee363a67452c9a1a5fbf84cc4be1b41be08c60ce8effc7c477370bca0d345d","c08c9d20a25edc95677cba898750d2cf9b6163cef9d988d1a39cd1b0b82f2252","continuation","False","108","71","37","0.343","4","4","16","12"
"2026-04-13T08:31:33.043349Z","final-24h-tenant","7e915de8c02ff5f900b33e2b9a64938387ea98540633e521f73a6ccb35a88ad4","codex","74751956c61df037a4c70e253743cde22d724e06e0b99745d247acc2ba835e7f","7ed2c98d031c1359641e6ea61f352c7216b8d4a7e8c712ced22594b670f98ccc","continuation","False","108","71","37","0.343","4","4","16","12"
"2026-04-13T08:32:03.217714Z","final-24h-tenant","7e915de8c02ff5f900b33e2b9a64938387ea98540633e521f73a6ccb35a88ad4","codex","2c6c15573123d3ef352e805d64c11741c5b99d327dd7bbda2420ba7ed4aa301b","e3db6ccca1f74f732df804cc6608b49d5bbf70d8ea84cced564ce3f1f6fc8083","continuation","False","108","71","37","0.343","4","4","16","12"
"2026-04-13T08:32:33.408154Z","final-24h-tenant","7e915de8c02ff5f900b33e2b9a64938387ea98540633e521f73a6ccb35a88ad4","codex","8921d7951076d9ca9389cbbae61529dfccb3cbf170484c93ff3c615c9763af71","3373ef5e2c8f00e6b3b2477e874f2d42f0fa49d367b0917ca647aa2a2f3e994c","continuation","False","108","71","37","0.343","4","4","16","12"
"2026-04-13T08:33:03.602515Z","final-24h-tenant","7e915de8c02ff5f900b33e2b9a64938387ea98540633e521f73a6ccb35a88ad4","codex","5f3bac5eeb8b4250feadb76cb95657911d9cbaab591b1667db07f3c782bfc7af","199ceb92b8a64ccd4f8cbe257707172bac6bf3489693a1753db213c6cc5d9e4d","continuation","False","108","71","37","0.343","4","4","16","12"
"2026-04-13T08:33:33.765805Z","final-24h-tenant","7e915de8c02ff5f900b33e2b9a64938387ea98540633e521f73a6ccb35a88ad4","codex","76b2f33bf3a0c974440abf6a15aa6b45beb735747d74a47289c093c96c20763e","87e9ab0e774ac0b4bb76969c52a21899af3ef896825d1ce5c8613acd0ee69789","continuation","False","108","71","37","0.343","4","4","16","12"
"2026-04-13T08:34:03.957740Z","final-24h-tenant","7e915de8c02ff5f900b33e2b9a64938387ea98540633e521f73a6ccb35a88ad4","codex","da1a18018f4b52ee12671c71f80c7f522fa5b893db081718a176316da5ca8210","c84d77145c3971272c8b82638c8325387bf5c7136b335c11c6f3e03af65e71cf","continuation","False","108","71","37","0.343","4","4","16","12"
"2026-04-13T08:34:34.122366Z","final-24h-tenant","7e915de8c02ff5f900b33e2b9a64938387ea98540633e521f73a6ccb35a88ad4","codex","48a63b09bed11b505688eb850c505f5e244a1144a053937ebf89381d5f747487","df0a56a739ce84572995be69f74ca96d749f6eb327b7960d76ffa60c236cd2e7","continuation","False","108","71","37","0.343","4","4","16","12"
"2026-04-13T08:35:04.305694Z","final-24h-tenant","7e915de8c02ff5f900b33e2b9a64938387ea98540633e521f73a6ccb35a88ad4","codex","a8197604bc91c969060d07b067bc2ccad7a5f660daa28af227b387fc9726ac4e","bddce5b0d18b71c6344b692be8bac1f01dae94652f3787e1ef0ce1f333e33f9a","continuation","False","108","71","37","0.343","4","4","16","12"
"2026-04-13T08:35:34.470144Z","final-24h-tenant","7e915de8c02ff5f900b33e2b9a64938387ea98540633e521f73a6ccb35a88ad4","codex","7108f231fe2df731f1ea29e2c58aa7112a8ddcc5b2f7b10cc8aba55940db9e54","73be5587e3e6fe3f2ec56ab138337eaf1d6674172d34e9bf9a71cf5372e34174","continuation","False","108","71","37","0.343","4","4","16","12"
"2026-04-13T08:36:04.640494Z","final-24h-tenant","7e915de8c02ff5f900b33e2b9a64938387ea98540633e521f73a6ccb35a88ad4","codex","42e24e8da3261d2e3de603ec534be7207497717e1424dc90ad1902f59cac2e96","d97e7bfb1c7fe806bf99e683eeefeb5f232767968be28ecff3dc647034d98fa5","continuation","False","108","71","37","0.343","4","4","16","12"
"2026-04-13T08:36:34.810679Z","final-24h-tenant","7e915de8c02ff5f900b33e2b9a64938387ea98540633e521f73a6ccb35a88ad4","codex","91901662c260271edd3db5f5098da3effb2fff1f9212ad4b06044c51a24e2962","ec1d1506b87655768751222f06bd320e26e9494bf0f3556e265c5d8f80ef4b59","continuation","False","108","71","37","0.343","4","4","16","12"
"2026-04-13T08:37:04.995034Z","final-24h-tenant","7e915de8c02ff5f900b33e2b9a64938387ea98540633e521f73a6ccb35a88ad4","codex","e97237eb8c426cfecde2c8e4a8247a1601be3b5fdd6ae3f867af7169d372123d","e97d3819954c13ab2b17fa743deb56e82047581301ab4d7e121b0ecaa489933d","continuation","False","108","71","37","0.343","4","4","16","12"
"2026-04-13T08:37:35.172026Z","final-24h-tenant","7e915de8c02ff5f900b33e2b9a64938387ea98540633e521f73a6ccb35a88ad4","codex","0eb52c3f8874fb592361c5edad9b457378b893f3b51882acc1a695378e44a949","4a204dfb2db894b844ee788c38557e9bb28f3a4ac830aeaa89e36f54d1cf0842","continuation","False","108","71","37","0.343","4","4","16","12"
"2026-04-13T08:38:05.370720Z","final-24h-tenant","7e915de8c02ff5f900b33e2b9a64938387ea98540633e521f73a6ccb35a88ad4","codex","79cb6e02dc12460035e2a0dcdead736a7b4ff66af5e6c86da2191a505564f7a1","d509af06041abbf96d1a5e8de4f8d56d1ad72c19c7dbf259bef236e5c6387b17","continuation","False","108","71","37","0.343","4","4","16","12"
"2026-04-13T08:38:35.527265Z","final-24h-tenant","7e915de8c02ff5f900b33e2b9a64938387ea98540633e521f73a6ccb35a88ad4","codex","873d4736d1fd386215e55a58600a94ea3cb54605efca67c18cb3d2e740e0279f","c07e0ebcd2d07a6dc19386b87db7eedd0c322ccc8a41b43e66e9791ab4b9a102","continuation","False","108","71","37","0.343","4","4","16","12"
"2026-04-13T08:39:05.730511Z","final-24h-tenant","7e915de8c02ff5f900b33e2b9a64938387ea98540633e521f73a6ccb35a88ad4","codex","d9fc1dffb50d59113eeabb0b551a84ab4ff841d51aa3b7a72577740bd09b9103","3a4fbe326910ee864ebe16cc4eb2a0282780b14dbbeda176593ac4257eb7b89e","continuation","False","108","71","37","0.343","4","4","16","12"
"2026-04-13T08:39:35.917083Z","final-24h-tenant","7e915de8c02ff5f900b33e2b9a64938387ea98540633e521f73a6ccb35a88ad4","codex","e818a849841753f8181facc8be3c93e8801049534fbb365fcd390f96cc534fc4","1fa87dd7fc67f03b7e25592a4d22a783fa956eb9168c0f511a5cd84b6d4927ca","continuation","False","108","71","37","0.343","4","4","16","12"
"2026-04-13T08:40:06.122635Z","final-24h-tenant","7e915de8c02ff5f900b33e2b9a64938387ea98540633e521f73a6ccb35a88ad4","codex","47b6239b3adb563a615e510ad669e2c27ad641839c20bed848cb178ed2930849","b350739fb355ed5220dfa59d349711c271db4caba18618702cce2cc5180e87fa","continuation","False","108","71","37","0.343","4","4","16","12"
"2026-04-13T08:40:36.271337Z","final-24h-tenant","7e915de8c02ff5f900b33e2b9a64938387ea98540633e521f73a6ccb35a88ad4","codex","fbdcd2590cc4c8d64028fa60db02303c7361b5034ef1db6762b33a4a88ab8880","60b05b1c4f16580d65c1e4f0d193807aa00577103bc67fc3842371d2aaaf16c7","continuation","False","108","71","37","0.343","4","4","16","12"
"2026-04-13T08:41:06.445880Z","final-24h-tenant","7e915de8c02ff5f900b33e2b9a64938387ea98540633e521f73a6ccb35a88ad4","codex","7038fd09e0e547873526bb819813ddba503604650c672641056b4b863bf4b9a8","9668d1f13f0d24c3dfb2804e7341fc0ffc9db032a1819808a212079ad41dbb3b","continuation","False","108","71","37","0.343","4","4","16","12"
"2026-04-13T08:41:36.634466Z","final-24h-tenant","7e915de8c02ff5f900b33e2b9a64938387ea98540633e521f73a6ccb35a88ad4","codex","061e85989aac16436d0a71e2bba7f283a8fb8e81fc690c590efde03b0d2b8510","2f4e516f84fe14d1ec2e43b5b2c8980a050bc60960b858f622e4ece1de887912","continuation","False","108","71","37","0.343","4","4","16","12"
"2026-04-13T08:42:06.810809Z","final-24h-tenant","7e915de8c02ff5f900b33e2b9a64938387ea98540633e521f73a6ccb35a88ad4","codex","50a5b52798dc0077d28c3fe370971547122dcc885e96b37bfa8813c3f9db7ebc","97e0aa8874572bf1a71429c6e5b1de45a3e22756f6e00bf430984dc3ac08c2c0","continuation","False","108","71","37","0.343","4","4","16","12"
"2026-04-13T08:42:37.033234Z","final-24h-tenant","7e915de8c02ff5f900b33e2b9a64938387ea98540633e521f73a6ccb35a88ad4","codex","f3fc6c4dd512c95eb005f1875509687ca160c7aeb343afefd6d52bfdaa9bc2e3","70ce599dbe2f120ac52f811a9e62b3fd73b58d06943fa66581d53e1be7113d85","continuation","False","108","71","37","0.343","4","4","16","12"
"2026-04-13T08:43:07.208896Z","final-24h-tenant","7e915de8c02ff5f900b33e2b9a64938387ea98540633e521f73a6ccb35a88ad4","codex","1916ee527b36ae79fbe3ac0c96557df00e638804dbc7846b10500072e849b89c","9d0c89a21fb13ce0eb934f9551698bc7961c6acc8f8a0c6a4f64f2346f2cb2b2","continuation","False","108","71","37","0.343","4","4","16","12"
"2026-04-13T08:43:37.382105Z","final-24h-tenant","7e915de8c02ff5f900b33e2b9a64938387ea98540633e521f73a6ccb35a88ad4","codex","4c3d9ebaf7ac990eab4e01efa776a2216c49dce2eabb581e8002bf3251a00c6a","a526754c5d749c3f7bad4c3c810df627585da9edd0a9dd5db37bd68703061ddd","continuation","False","108","71","37","0.343","4","4","16","12"
"2026-04-13T08:44:07.548733Z","final-24h-tenant","7e915de8c02ff5f900b33e2b9a64938387ea98540633e521f73a6ccb35a88ad4","codex","66402d8bdcb16576c2f3b3f683beff5ae95fed487064d283e9ed651648bbf238","1171fd9f776c871f8e90a8fdd14866101c0baab941b62dcaca17d13ce72ad441","continuation","False","108","71","37","0.343","4","4","16","12"
"2026-04-13T08:44:37.740606Z","final-24h-tenant","7e915de8c02ff5f900b33e2b9a64938387ea98540633e521f73a6ccb35a88ad4","codex","b7b97e9881ff090596cbc4891d64d2b0f199aab4e0356874c40bc014b66b4364","34a3ad7045c330002b8dd40a2ab228e1def598f729940731300179d186814702","continuation","False","108","71","37","0.343","4","4","16","12"
"2026-04-13T08:45:07.922767Z","final-24h-tenant","7e915de8c02ff5f900b33e2b9a64938387ea98540633e521f73a6ccb35a88ad4","codex","f88b90f2b63924e7e9fea9ea449d4aa11f78cd4b3ae5538a900c9298be1962cb","8cd864b1ee3c5f7912d73a01510923a166000ec9d13a631f4c4edcc003794f41","continuation","False","108","71","37","0.343","4","4","16","12"
"2026-04-13T08:45:38.085198Z","final-24h-tenant","7e915de8c02ff5f900b33e2b9a64938387ea98540633e521f73a6ccb35a88ad4","codex","1599f901c4cd50b5246273f1cd8f4088106010af4fa2d4efc53f0e0ef5d2a069","6850a6eeeba27a68b1ed852379c4f0a61c66f2887118f5abc4de41f11ca51bc0","continuation","False","108","71","37","0.343","4","4","16","12"
"2026-04-13T08:46:08.265071Z","final-24h-tenant","7e915de8c02ff5f900b33e2b9a64938387ea98540633e521f73a6ccb35a88ad4","codex","0fca362d8503c0e4fddee65f20b08e08709b623f2b5e2b59aa0d36d10101e0a8","1b893555d6e4be6bbca842863be0853b5d1020ea6d23c45567c5093dc64b3f80","continuation","False","108","71","37","0.343","4","4","16","12"
"2026-04-13T08:46:38.442103Z","final-24h-tenant","7e915de8c02ff5f900b33e2b9a64938387ea98540633e521f73a6ccb35a88ad4","codex","0ef5699af20bbb107ae0efcf652a25a451880f13c186241e95c7a087883e2813","db5b9844c54ad7f32aaffaf567db53b62272300a204a26e808eccb9c0fb481c5","continuation","False","108","71","37","0.343","4","4","16","12"
"2026-04-13T08:47:08.619704Z","final-24h-tenant","7e915de8c02ff5f900b33e2b9a64938387ea98540633e521f73a6ccb35a88ad4","codex","1905fa6078e42a741ff642dff1659bc9f0de397d67c45a48305fa9af5ce7bdf7","d50e653e4ec9c0308ecb8f0751a54f4f4bec9c41a34f56208bd1142bb7c83ffc","continuation","False","108","71","37","0.343","4","4","16","12"
"2026-04-13T08:47:38.780190Z","final-24h-tenant","7e915de8c02ff5f900b33e2b9a64938387ea98540633e521f73a6ccb35a88ad4","codex","432d0585b1408a3da89605b3a1f45d3e406261587ecd6345eabd9ec24b511d90","9801c6f3f1c70eb686bd8a8b814843e8e02b7046c80520d2c9bced26841cc960","continuation","False","108","71","37","0.343","4","4","16","12"
"2026-04-13T08:48:08.987937Z","final-24h-tenant","7e915de8c02ff5f900b33e2b9a64938387ea98540633e521f73a6ccb35a88ad4","codex","e94e29a521c8c83f744df5c74c520c7898eb1ba1eacaa2fad54875ed755e7ea9","69f8c61a8de56a77cf4c5e444b7f66ef385a18e35c18b8e6f4e8b828e0d4815e","continuation","False","108","71","37","0.343","4","4","16","12"
"2026-04-13T08:48:39.190994Z","final-24h-tenant","7e915de8c02ff5f900b33e2b9a64938387ea98540633e521f73a6ccb35a88ad4","codex","191c7bb976d04b23421ff0f37d195d702cf01903ee2eff57e966c41b0d2eaef4","33784a645387e9340a4dfbf838896a1a2f889ec891bf52ecfa5272fb5cb773a9","continuation","False","108","71","37","0.343","4","4","16","12"
"2026-04-13T08:49:09.397514Z","final-24h-tenant","7e915de8c02ff5f900b33e2b9a64938387ea98540633e521f73a6ccb35a88ad4","codex","d208c5b5c41ee2d7c0287e7d9616028c12d82d408c5982b37dc1b8d67ef9433b","8f8f64e297dc0abc0411b13c663dfb01f52ea37ad56a7a84b69c6bc9c1149f8b","continuation","False","108","71","37","0.343","4","4","16","12"
"2026-04-13T08:49:39.623357Z","final-24h-tenant","7e915de8c02ff5f900b33e2b9a64938387ea98540633e521f73a6ccb35a88ad4","codex","6a82e311444d16c44e661fa16abb53cb2557cc8780e3336b8a2a0fc39c0f7359","b46befc274571d4be91d29c0cd1f33ad29ad9fd311970cab0dfe4f18e79fa73b","continuation","False","108","71","37","0.343","4","4","16","12"
"2026-04-13T08:50:09.795291Z","final-24h-tenant","7e915de8c02ff5f900b33e2b9a64938387ea98540633e521f73a6ccb35a88ad4","codex","c162e12a581cbd51e1d1ed1589e631160b6358ed3c5a9841866ccade80c2a810","b3c550ba80100144fdaf75e2a4c52614adb4fa79cc525217c1596e55bf9b8e42","continuation","False","108","71","37","0.343","4","4","16","12"
"2026-04-13T08:50:40.001175Z","final-24h-tenant","7e915de8c02ff5f900b33e2b9a64938387ea98540633e521f73a6ccb35a88ad4","codex","332c3b1b5fd9cedc553db13ba5c9750901ad9532238c28b63125b6750c209d72","35c9787dc6f8b58d0887c2ba1fbbbef781395511b5df7c39d29561a05d5ea028","continuation","False","108","71","37","0.343","4","4","16","12"
"2026-04-13T08:51:10.191001Z","final-24h-tenant","7e915de8c02ff5f900b33e2b9a64938387ea98540633e521f73a6ccb35a88ad4","codex","45c62b49162a309406d75f56039d13e06bcb052b31ee0e626f474c9b11f9a9ff","83a0d1e475885b03085c0eea1179e93fb2a0b71064b5785c19f942bc1c8e963a","continuation","False","108","71","37","0.343","4","4","16","12"
"2026-04-13T08:51:40.369872Z","final-24h-tenant","7e915de8c02ff5f900b33e2b9a64938387ea98540633e521f73a6ccb35a88ad4","codex","28ea7b240196ad515104e422ee51bbf37075b0476755240aec0d95a90e8b7528","04c571631578032ecfe93e08cabe274a84d774840520894a2870b12e3c2a49a1","continuation","False","108","71","37","0.343","4","4","16","12"
"2026-04-13T08:52:10.548260Z","final-24h-tenant","7e915de8c02ff5f900b33e2b9a64938387ea98540633e521f73a6ccb35a88ad4","codex","2de861efa7dd97c76793bbb0c097ac57240579e016e0d4c536903cac6a32fad7","8d190a076564a72a999bebc2e924b5547244a6c8e5792a4d03c3e5a03059f66f","continuation","False","108","71","37","0.343","4","4","16","12"
"2026-04-13T08:52:40.752926Z","final-24h-tenant","7e915de8c02ff5f900b33e2b9a64938387ea98540633e521f73a6ccb35a88ad4","codex","6a71aff32075850aa79f844e35e328641fd3c11fdcd2ae1502839c6561a7528f","3c2df5fb149a86079125e0e5087a6a60d3c26d85dfa6a74b06aec3901b2a6f0b","continuation","False","108","71","37","0.343","4","4","16","12"
"2026-04-13T08:53:10.961350Z","final-24h-tenant","7e915de8c02ff5f900b33e2b9a64938387ea98540633e521f73a6ccb35a88ad4","codex","88b3cb0e8d16816efcd320e5a8c07c2529e99327f4b8dc8551c24f372b5cbe73","673224939b8a15c6faa2ea154bfe8740aaaf48bff3d3ad7ad3dd08c2bf989686","continuation","False","108","71","37","0.343","4","4","16","12"
"2026-04-13T08:53:41.123687Z","final-24h-tenant","7e915de8c02ff5f900b33e2b9a64938387ea98540633e521f73a6ccb35a88ad4","codex","12a08fa9c42d9ee8126a924da57a627b7615458d399122c47df82d444cd210cd","ec3553d44b1e40b96766dd3c2f9c01878d94447bbacb4a1167b7f03a440b6acb","continuation","False","108","71","37","0.343","4","4","16","12"
"2026-04-13T08:54:11.322481Z","final-24h-tenant","7e915de8c02ff5f900b33e2b9a64938387ea98540633e521f73a6ccb35a88ad4","codex","9d481aeff40bc76862dc56e8efff1a62236f8c21f6643eacdc818d2dc345f482","14cc522c7f856adc62b04aea3ef63c822dc8734eab4948b3c690a2cf2a1c4bf9","continuation","False","108","71","37","0.343","4","4","16","12"
"2026-04-13T08:54:41.493499Z","final-24h-tenant","7e915de8c02ff5f900b33e2b9a64938387ea98540633e521f73a6ccb35a88ad4","codex","c10237c148ac0a8d5542f352a9f568af95516b1fb1770f84deb0ac780a1a420b","9030aa0e2bca7b753d4731ddb0700e467836113ec51f0d4538a605376bba9a3d","continuation","False","108","71","37","0.343","4","4","16","12"
"2026-04-13T08:55:11.712207Z","final-24h-tenant","7e915de8c02ff5f900b33e2b9a64938387ea98540633e521f73a6ccb35a88ad4","codex","fa250c625f7dd1043071308fcd40d10e982cc703df69de65204826e65ad983e3","bd9faf849f45daac55ce218dff311e4e183a88bafa1533a8437dd97130f97262","continuation","False","108","71","37","0.343","4","4","16","12"
"2026-04-13T08:55:41.898642Z","final-24h-tenant","7e915de8c02ff5f900b33e2b9a64938387ea98540633e521f73a6ccb35a88ad4","codex","6e0656095d5671a171e5506dcd9b1b54ced71d2dec139ee84255d1f51a644652","0f22d5f261b1170f8823b863a8cc656a5be5a256fd375299a95c120b0da3084f","continuation","False","108","71","37","0.343","4","4","16","12"
"2026-04-13T08:56:12.111273Z","final-24h-tenant","7e915de8c02ff5f900b33e2b9a64938387ea98540633e521f73a6ccb35a88ad4","codex","7da1e6ebedd1840800850da388291bd38d3c41d8534d29432f791c86bd51aa2a","f4b55b03b1761c84f150d2524bf355f456badf27193600115f917843a8737779","continuation","False","108","71","37","0.343","4","4","16","12"
"2026-04-13T08:56:42.311753Z","final-24h-tenant","7e915de8c02ff5f900b33e2b9a64938387ea98540633e521f73a6ccb35a88ad4","codex","38c2795f1922851cc13534090371c40001191dd9caf9cfaa2b8ab042f4bc56ab","f78dc1b8703327d59d9462d2f9e7413eb9bf30dff13d8fa48b45d4e3cf7d3bfd","continuation","False","108","71","37","0.343","4","4","16","12"
"2026-04-13T08:57:12.537368Z","final-24h-tenant","7e915de8c02ff5f900b33e2b9a64938387ea98540633e521f73a6ccb35a88ad4","codex","5dc29bed64102db1e2bbbb5416578a17dc0f67a27d0052a3a0483b952aac63fb","e64a0fc2dd09d52014ba7e072d850e14ead4536fe60507059f10508e441a75f2","continuation","False","108","71","37","0.343","4","4","16","12"
"2026-04-13T08:57:42.723183Z","final-24h-tenant","7e915de8c02ff5f900b33e2b9a64938387ea98540633e521f73a6ccb35a88ad4","codex","84f39f4e615cf05b0c7ca8c08e01a706ac42f33390eaf64f902cfe9fc949d611","65a231202c42fab3bb0333e29b305bc41e84c23b67db7d6d34f3c344cb231338","continuation","False","108","71","37","0.343","4","4","16","12"
"2026-04-13T08:58:12.876622Z","final-24h-tenant","7e915de8c02ff5f900b33e2b9a64938387ea98540633e521f73a6ccb35a88ad4","codex","6a7411130150b4150fa4a419767c5006131b3357a0bf839993201eef68bf15b9","01ea9805e9a2b56da9a80a4c98789b2eb2211350deb62ad91fc25e8d4e85c999","continuation","False","108","71","37","0.343","4","4","16","12"
"2026-04-13T08:58:43.087899Z","final-24h-tenant","7e915de8c02ff5f900b33e2b9a64938387ea98540633e521f73a6ccb35a88ad4","codex","0b41dd810ac80bc852ed20d18d3d473dc934935bfe3ed956df985d729692e00f","e017562c16f315aebe3b84c9141b1933ca50ba500149b1a5d029a9a379bc5147","continuation","False","108","71","37","0.343","4","4","16","12"
"2026-04-13T08:59:13.279609Z","final-24h-tenant","7e915de8c02ff5f900b33e2b9a64938387ea98540633e521f73a6ccb35a88ad4","codex","120d356e4f44ff6024a4b30861f2d26cd1c835af0bd840d733cc9bcae1f506ea","84f9257ef7c1a4c581a25413c63167f94124a92dd6b747bcef5134cba32751b9","continuation","False","108","71","37","0.343","4","4","16","12"
"2026-04-13T08:59:43.484833Z","final-24h-tenant","7e915de8c02ff5f900b33e2b9a64938387ea98540633e521f73a6ccb35a88ad4","codex","61360669b700497235f6eeadf82692fd82f99153c73d55c267c6cc3521e89dae","c95ebfdcd0e1f76d5d4ed1a6d79e6667c99db147923184a200ab6d2a7d90c4b6","continuation","False","108","71","37","0.343","4","4","16","12"
"2026-04-13T09:00:13.647691Z","final-24h-tenant","7e915de8c02ff5f900b33e2b9a64938387ea98540633e521f73a6ccb35a88ad4","codex","abdfbeb12683726cb1b63b6b8aa5cb2a6669271a75b5d0f90c86ff7b9eaddf0e","1c944060636f8145b7a3f6c4664c8642223f554efbf13bca933043ba6e211c6b","continuation","False","108","71","37","0.343","4","4","16","12"
"2026-04-13T09:00:43.801660Z","final-24h-tenant","7e915de8c02ff5f900b33e2b9a64938387ea98540633e521f73a6ccb35a88ad4","codex","1fdaa9bb4e420c4d30e7f00eb812582f03ee8dfaef28cd7328b745b56b18baae","9a494eb2e540306a14836b55019c5c37c7fe490325528033bb596bd67f1b4ce6","continuation","False","108","71","37","0.343","4","4","16","12"
"2026-04-13T09:01:13.984059Z","final-24h-tenant","7e915de8c02ff5f900b33e2b9a64938387ea98540633e521f73a6ccb35a88ad4","codex","d30a04c7ddad7cc330bd0d78d4416cb3dc001e269608101c8efae6c235e0f72f","d85903a81ea7ed1cb872ae7c739a839394bbc6672da50ab37f0396663d112d68","continuation","False","108","71","37","0.343","4","4","16","12"
"2026-04-13T09:01:44.146588Z","final-24h-tenant","7e915de8c02ff5f900b33e2b9a64938387ea98540633e521f73a6ccb35a88ad4","codex","715563717f4d672df8cbefd815740ff015d42fcb1fc535d513e72c106a3674b2","f9380166d53e5abbfda8ddb7d09d2bc7d4e021b1682e3f0e75984c1530431393","continuation","False","108","71","37","0.343","4","4","16","12"
"2026-04-13T09:02:14.309907Z","final-24h-tenant","7e915de8c02ff5f900b33e2b9a64938387ea98540633e521f73a6ccb35a88ad4","codex","d8485ae875f1632a2139598c139e9270ae2938c1e4bf002bebe892df96d8ed26","73533741a691d4782ed162abbff4611dcf7a0dea202dafdd90f12f1f653cd730","continuation","False","108","71","37","0.343","4","4","16","12"
"2026-04-13T09:02:44.496135Z","final-24h-tenant","7e915de8c02ff5f900b33e2b9a64938387ea98540633e521f73a6ccb35a88ad4","codex","344e88057fbf9e1e99192f815c0cd53424a80694344fb60f3b820a7a032ef55c","01090953eeaad54e2a86b13015a99760137dfd7a80c99695ac6c47f11c5f0fd7","continuation","False","108","71","37","0.343","4","4","16","12"
"2026-04-13T09:03:14.674795Z","final-24h-tenant","7e915de8c02ff5f900b33e2b9a64938387ea98540633e521f73a6ccb35a88ad4","codex","2f15d689aeab1fd1e1ba817c7d941d2f4d4234e821f8b0042cbdef713e3800df","21e73cbfbd768e387fe761e620c2fe34610ad8157a7f6e27ad175474d09108e1","continuation","False","108","71","37","0.343","4","4","16","12"
"2026-04-13T09:03:44.855591Z","final-24h-tenant","7e915de8c02ff5f900b33e2b9a64938387ea98540633e521f73a6ccb35a88ad4","codex","2be7c750209e48bef676288a49ea44723917087e2c5bfc8d3a5aef1fc2ef6a1a","cb79d05b324aed6ed518e7385b9ef71c93ee97233fadde6322ce56b83786cad8","continuation","False","108","71","37","0.343","4","4","16","12"
"2026-04-13T09:04:15.015241Z","final-24h-tenant","7e915de8c02ff5f900b33e2b9a64938387ea98540633e521f73a6ccb35a88ad4","codex","6806ef0d6b7cc61753c90f595402662890233d5ad99f082f30706b3f6c5382e0","897b3dae6f039eea4b29a9e46232d38a5a5da4ad5eee2ac53d3a559873047fdf","continuation","False","108","71","37","0.343","4","4","16","12"
"2026-04-13T09:04:45.214905Z","final-24h-tenant","7e915de8c02ff5f900b33e2b9a64938387ea98540633e521f73a6ccb35a88ad4","codex","e33ca578b45d185ca696d0ec3650863263893830012e4c4d33736b7e63084016","46fdff07a21ab2ec0fbe3fc715eb48e287a5d932bc42779d6f2b57b851b264df","continuation","False","108","71","37","0.343","4","4","16","12"
"2026-04-13T09:05:15.415410Z","final-24h-tenant","7e915de8c02ff5f900b33e2b9a64938387ea98540633e521f73a6ccb35a88ad4","codex","0e3f49faad519f7ed9972964bfb5898e90d7c496602cbf9fbd00616687559c2c","bad8d3ee9907210663ef0f282b804906a5e13e615c40a8b755d8589a95c6cbcd","continuation","False","108","71","37","0.343","4","4","16","12"
"2026-04-13T09:05:45.621195Z","final-24h-tenant","7e915de8c02ff5f900b33e2b9a64938387ea98540633e521f73a6ccb35a88ad4","codex","0fbd8ee083f90625307f7c4e0ca0b02cf491cfc5d6c7ff49c91530f28603f13f","cc4af2371bc91718c6b18d22bff6feb264bd641f6ec479862f1536ce45149575","continuation","False","108","71","37","0.343","4","4","16","12"
"2026-04-13T09:06:15.805559Z","final-24h-tenant","7e915de8c02ff5f900b33e2b9a64938387ea98540633e521f73a6ccb35a88ad4","codex","1daae01fe0c7ee843fc6942d2f4e9c5207e8929c05c5c584ddb877039c6b230d","0859bcfd840f8edce3f7be9c4a1d1fff6371e6d9a55d6a7e69197ba5fa63f48c","continuation","False","108","71","37","0.343","4","4","16","12"
"2026-04-13T09:06:46.021415Z","final-24h-tenant","7e915de8c02ff5f900b33e2b9a64938387ea98540633e521f73a6ccb35a88ad4","codex","cb332e292fdbf90d25c28aed9e371ffa8cdac96e8e1d94497eafdf6e4cff2e90","4d1ed04c4861075de1c7f3bb53c827630bc7ca42e289b7ba0fdc1233e6ea7adc","continuation","False","108","71","37","0.343","4","4","16","12"
"2026-04-13T09:07:16.224027Z","final-24h-tenant","7e915de8c02ff5f900b33e2b9a64938387ea98540633e521f73a6ccb35a88ad4","codex","f964ae25a121e26578eb6eb17b5c8e76ce7bfc60a2821f80d76c830fb70c5c28","286f5743a7f59da5154298e756b0fbdd7f66451a32b743f11cea127be6afc49a","continuation","False","108","71","37","0.343","4","4","16","12"
"2026-04-13T09:07:46.460359Z","final-24h-tenant","7e915de8c02ff5f900b33e2b9a64938387ea98540633e521f73a6ccb35a88ad4","codex","39614b8e14fd5c62f7ef701b8ad56c66ae6f12880abc5204aac439d7b5cb29b0","7c443a50ab42b198e15c48caf69f3043c32c0f6b9fa15595fdf1518d4a193301","continuation","False","108","71","37","0.343","4","4","16","12"
"2026-04-13T09:08:16.630432Z","final-24h-tenant","7e915de8c02ff5f900b33e2b9a64938387ea98540633e521f73a6ccb35a88ad4","codex","0daa19557a4667333c230ad844382c9ad4b8de61e270481eb306c5b62981c84f","398014999f779091a9b46972fa8eb808d85f91b2a09be11c6f5d968944359159","continuation","False","108","71","37","0.343","4","4","16","12"
"2026-04-13T09:08:46.815866Z","final-24h-tenant","7e915de8c02ff5f900b33e2b9a64938387ea98540633e521f73a6ccb35a88ad4","codex","d75a437ab1b638e0933c4be64dcd7b2dbd22cb31baa11904c255440efe807b40","f8f181a7b07aff19942c11205ebed9a082d51793045252017641c837ea2efe18","continuation","False","108","71","37","0.343","4","4","16","12"
"2026-04-13T09:09:17.015370Z","final-24h-tenant","7e915de8c02ff5f900b33e2b9a64938387ea98540633e521f73a6ccb35a88ad4","codex","e47d1a4011e31c31f51161282ff377d6caa7f86eb1e2cdbeb444abbc0177dd42","261b0b392cd273c8417675c587d1207a356cec8f5b502575a0b931632686cc2b","continuation","False","108","71","37","0.343","4","4","16","12"
"2026-04-13T09:09:47.171365Z","final-24h-tenant","7e915de8c02ff5f900b33e2b9a64938387ea98540633e521f73a6ccb35a88ad4","codex","f15d698a61e4ea3bdccb10d5486ec204aa44cfaa16a1b49a9872c0f4769964c6","4b003d1812d03c64f248b4dd1cee1ad5a3d1583520b348aedf7c580b89bbe7b1","continuation","False","108","71","37","0.343","4","4","16","12"
"2026-04-13T09:10:17.374178Z","final-24h-tenant","7e915de8c02ff5f900b33e2b9a64938387ea98540633e521f73a6ccb35a88ad4","codex","5d355ce4f0b3254e33b7a1fe084014da8f124add525536d6a4219e821e85c4de","50023babbb0ec791b3f08ca5b3cc79471295715cdcce59626980c06c3abdeece","continuation","False","108","71","37","0.343","4","4","16","12"
"2026-04-13T09:10:47.558573Z","final-24h-tenant","7e915de8c02ff5f900b33e2b9a64938387ea98540633e521f73a6ccb35a88ad4","codex","5d440ad7fb8f383c72b44e1a00823b77446a7cf5c23f3e0d8cffb603939e6d0d","9d302a1da4404dbf434c8ac2eca1a00de76a36b56c32d4e79782a6f5686b996c","continuation","False","108","71","37","0.343","4","4","16","12"
"2026-04-13T09:11:17.749151Z","final-24h-tenant","7e915de8c02ff5f900b33e2b9a64938387ea98540633e521f73a6ccb35a88ad4","codex","409428b98398890840b3554539adb8095bb35fd7a07beb7ac4aaf0aac25332f3","d6d3cdced6f573999f996f81fc3da6cfa69ff4a54c9bb97be66a128bb7d8dbfd","continuation","False","108","71","37","0.343","4","4","16","12"
"2026-04-13T09:11:47.961123Z","final-24h-tenant","7e915de8c02ff5f900b33e2b9a64938387ea98540633e521f73a6ccb35a88ad4","codex","a34e8ecbad1459cd1dfd78b3860eb5dd64106b3abf600b231aabfdbbe3442a0d","37725495c3dc07d1648c8f0578fa3dd7a4348eca9c2b131c64c469b21fa960bb","continuation","False","108","71","37","0.343","4","4","16","12"
"2026-04-13T09:12:18.390880Z","final-24h-tenant","7e915de8c02ff5f900b33e2b9a64938387ea98540633e521f73a6ccb35a88ad4","codex","03685d5150a47a8f9e5e5b4c1d4e237ac946f873ed866a85544bf310280f1fe9","b132f51a39d190be36d5512ec19a9089898cf9e260861e894cdef4c6f7b745f5","continuation","False","108","71","37","0.343","4","4","16","12"
"2026-04-13T09:12:48.718413Z","final-24h-tenant","7e915de8c02ff5f900b33e2b9a64938387ea98540633e521f73a6ccb35a88ad4","codex","658e10815ae3b24486e83688c5d1f7c944465b1cc48afe8e8d1fa94d422ebbe9","224f94c8357f88ad7f8066753e9d00fc305f89c15c5d3c84fd8855c867975b9f","continuation","False","108","71","37","0.343","4","4","16","12"
"2026-04-13T09:13:18.903808Z","final-24h-tenant","7e915de8c02ff5f900b33e2b9a64938387ea98540633e521f73a6ccb35a88ad4","codex","8a2ce49459d7166ac22da063e98a971ace5dc31af059a35fdbdcbe76847d7bcf","627ff2c328578fc61d5f2e85e47da22c80f5a929e320ec3f7cc475a04e6c45af","continuation","False","108","71","37","0.343","4","4","16","12"
"2026-04-13T09:13:49.108310Z","final-24h-tenant","7e915de8c02ff5f900b33e2b9a64938387ea98540633e521f73a6ccb35a88ad4","codex","c2a6fb8b31fecd35273df7eb867933263c6a77fadd55e00828f286e963c236b7","eaccc47cfae69edd1426360ad00c668ebc0a723fca23b89733fd15bf4278b134","continuation","False","108","71","37","0.343","4","4","16","12"
"2026-04-13T09:14:19.322533Z","final-24h-tenant","7e915de8c02ff5f900b33e2b9a64938387ea98540633e521f73a6ccb35a88ad4","codex","748ee6ae3f26bce81dd20539ce368fcf29dd060a1dacf6e51def55975604222e","46bcd115f32e26d99619aa0a9661382dbc104748ad1f0d59723aee4b2020699b","continuation","False","108","71","37","0.343","4","4","16","12"
"2026-04-13T09:14:49.547260Z","final-24h-tenant","7e915de8c02ff5f900b33e2b9a64938387ea98540633e521f73a6ccb35a88ad4","codex","fc52b1706b263b8004ff72a0b54e63627a864caa260372d3ac52366d33e7ae74","5413585e6eeb0a480c2b1116e33ab71e17139973edee650c6c21ba184f483e0c","continuation","False","108","71","37","0.343","4","4","16","12"
"2026-04-13T09:15:19.740883Z","final-24h-tenant","7e915de8c02ff5f900b33e2b9a64938387ea98540633e521f73a6ccb35a88ad4","codex","391fad3f010ed2fd2a31a74212c5e88d0b303164deed048aa4cbb944d3dedf80","30f1302029702a91c0e540fcc17b84ef5f8ff03189529fadb2b648a437d8bdcd","continuation","False","108","71","37","0.343","4","4","16","12"
"2026-04-13T09:15:49.911934Z","final-24h-tenant","7e915de8c02ff5f900b33e2b9a64938387ea98540633e521f73a6ccb35a88ad4","codex","4f2ebf58fd7b5127391446f8c0404635fe87c84e4c41c68e54c36f2727d53b9b","f127a5ed47dcf0328accb2f14c330abfb663252697fc37a41fca29ee4896914d","continuation","False","108","71","37","0.343","4","4","16","12"
"2026-04-13T09:16:20.116231Z","final-24h-tenant","7e915de8c02ff5f900b33e2b9a64938387ea98540633e521f73a6ccb35a88ad4","codex","3f4f6b4f91d77a2713934c3b86c92cf2208ad55c147428f1e58124050cbd83c0","8f81990394cff6e105ca21184d6ddd323c2f353956e8ae4ea4c76100f74a4a2c","continuation","False","108","71","37","0.343","4","4","16","12"
"2026-04-13T09:16:50.304561Z","final-24h-tenant","7e915de8c02ff5f900b33e2b9a64938387ea98540633e521f73a6ccb35a88ad4","codex","b3f261db19aeec37a5084df6f20fe8da659a867500676c3382fbf5d05d2933e2","ad95f56374d20ec2afe526ce4ca164b1107d92faf0500fd3e59fd8db05e45d8f","continuation","False","108","71","37","0.343","4","4","16","12"
"2026-04-13T09:17:20.524813Z","final-24h-tenant","7e915de8c02ff5f900b33e2b9a64938387ea98540633e521f73a6ccb35a88ad4","codex","0cdc3b0660b0f2691b8c623c90f471576b4bcc5c8e430a18b452d5fe0f5e9656","f92ddf50206058c827cce13200e710a389f20cebb690e14872f6603bf476b68e","continuation","False","108","71","37","0.343","4","4","16","12"
"2026-04-13T09:17:50.730207Z","final-24h-tenant","7e915de8c02ff5f900b33e2b9a64938387ea98540633e521f73a6ccb35a88ad4","codex","9464b784e986b3dd89a855a9306bd10a9ca279b99ae619db8fc5b2de34ecf51b","789dd8160ef1060fbbf1814b6c2a4b6217e4155a9ba391f8d08fdcc971b51895","continuation","False","108","71","37","0.343","4","4","16","12"
"2026-04-13T09:18:20.940033Z","final-24h-tenant","7e915de8c02ff5f900b33e2b9a64938387ea98540633e521f73a6ccb35a88ad4","codex","648e31e07c009ff45098e0af46bc421ee1095c8f09f7e38e6aedb79e5873328c","1b9b8b881cc494d3eb0a36ceff80193d2e73ceda546a5047c33f6aaaf699413e","continuation","False","108","71","37","0.343","4","4","16","12"
"2026-04-13T09:18:51.112584Z","final-24h-tenant","7e915de8c02ff5f900b33e2b9a64938387ea98540633e521f73a6ccb35a88ad4","codex","3914e349fbee882dc72f56cbae5ce1dd32c9e2fefb292699cf638705b369bbe3","231102a4bfd950aeb5806e78abdb8b32984f7367e2584122eba68400b46fe448","continuation","False","108","71","37","0.343","4","4","16","12"
"2026-04-13T09:19:21.275807Z","final-24h-tenant","7e915de8c02ff5f900b33e2b9a64938387ea98540633e521f73a6ccb35a88ad4","codex","cdbb32b7a238a2bf0b104f0f65f60690dc4707a637512e0799bf6748b091f95e","f4d8e7587b241a5299beed741ec25d1daede44fc361c1c30261acc41294d93d6","continuation","False","108","71","37","0.343","4","4","16","12"
"2026-04-13T09:19:51.500336Z","final-24h-tenant","7e915de8c02ff5f900b33e2b9a64938387ea98540633e521f73a6ccb35a88ad4","codex","f9c1a96e104fb53564f8a30c86bdf5d9aa6384e0f04640753f9d13eb13609372","ce60f465c0fdcc8c3560dae7b9caf3c8eae465f94abd5ee8844bca3646cb4992","continuation","False","108","71","37","0.343","4","4","16","12"
"2026-04-13T09:20:21.659150Z","final-24h-tenant","7e915de8c02ff5f900b33e2b9a64938387ea98540633e521f73a6ccb35a88ad4","codex","72fc99f69c795029d4e7c2869c213710465c450dfb340920517ddef1187c2427","013c997b8f530d8ecf60766fcbcd6706c51c3f8814b2815f62da9388ca14d485","continuation","False","108","71","37","0.343","4","4","16","12"
"2026-04-13T09:20:51.864104Z","final-24h-tenant","7e915de8c02ff5f900b33e2b9a64938387ea98540633e521f73a6ccb35a88ad4","codex","8a58812bba726eae0131dc2d6a055aae993384891f01bc3dc3c423419fd0d332","bb618db5c6acbc40b3c2300a4019d5dac64857de05a8fdc4309a615820c1dbe7","continuation","False","108","71","37","0.343","4","4","16","12"
"2026-04-13T09:21:22.096263Z","final-24h-tenant","7e915de8c02ff5f900b33e2b9a64938387ea98540633e521f73a6ccb35a88ad4","codex","0cdccb30b87120ec0db7b2c3a34a54cfc31d839a4e2ffddad60a2d3c683983b0","c2c384c2ad91ac79a6e72308e5d622a964b16d9f2d4d40f5353dbac285f3260c","continuation","False","108","71","37","0.343","4","4","16","12"
"2026-04-13T09:21:52.317871Z","final-24h-tenant","7e915de8c02ff5f900b33e2b9a64938387ea98540633e521f73a6ccb35a88ad4","codex","ac095360527c581d544927a1056d9a42d82e2a07ef6238bf3ef7172aaf58f66a","1e7bf80e9cac69115065f1392b1db14719f436e7b51c6f79c98d227bc24072b4","continuation","False","108","71","37","0.343","4","4","16","12"
"2026-04-13T09:22:22.513299Z","final-24h-tenant","7e915de8c02ff5f900b33e2b9a64938387ea98540633e521f73a6ccb35a88ad4","codex","49710f70963ff74f47030e646d96c301299ec20e28295dd46e21d3d28cf1d821","18f6d519210ec0f2aa0d95ed9f1b72c70bd33f0c1e9bef4f7cf55b8beaba3bcd","continuation","False","108","71","37","0.343","4","4","16","12"
"2026-04-13T09:22:52.718023Z","final-24h-tenant","7e915de8c02ff5f900b33e2b9a64938387ea98540633e521f73a6ccb35a88ad4","codex","569c593adfbea352868a0baa9c5702c7ec6372cea11bc0c3928ca6d2555cc756","8bb7a67ae01ebf202562877c8a82a40f1b52df41643aa49591f2510f0095cea3","continuation","False","108","71","37","0.343","4","4","16","12"
"2026-04-13T09:23:22.968724Z","final-24h-tenant","7e915de8c02ff5f900b33e2b9a64938387ea98540633e521f73a6ccb35a88ad4","codex","eddd785b4c74e6498517222aa428e1d22bdb42ea00cbf6769c7d872417bc3531","419eed5df7e175fc723a058de6f1dff49810e56c69431a2b7e9518e78c350f75","continuation","False","108","71","37","0.343","4","4","16","12"
"2026-04-13T09:23:53.152537Z","final-24h-tenant","7e915de8c02ff5f900b33e2b9a64938387ea98540633e521f73a6ccb35a88ad4","codex","8c0a5a467d8d69b9885025f9af73bd02e6a424febdccf39e92e2c0f7a8b2e2e3","5674c38aef473f4265017fcb5846d433fcc8a0721a83cb6451fe7d9124579390","continuation","False","108","71","37","0.343","4","4","16","12"
"2026-04-13T09:24:23.337320Z","final-24h-tenant","7e915de8c02ff5f900b33e2b9a64938387ea98540633e521f73a6ccb35a88ad4","codex","2589aad943d0e88bec91836b64cd7785184f19df3531c11e921a6fb88895dc43","bff80bd14c6387074489fd6f8668cbd0ed578d67d32c9763ae3189b52c781bc2","continuation","False","108","71","37","0.343","4","4","16","12"
"2026-04-13T09:24:53.525505Z","final-24h-tenant","7e915de8c02ff5f900b33e2b9a64938387ea98540633e521f73a6ccb35a88ad4","codex","bd173e4ee905cc453a4b62b895c23c3f376ec01a2ce63607364ffde270105045","62c44baf6a2426cbb660820795e6c8b049291326b420de8acc5ff55e9f591a53","continuation","False","108","71","37","0.343","4","4","16","12"
"2026-04-13T09:25:23.728358Z","final-24h-tenant","7e915de8c02ff5f900b33e2b9a64938387ea98540633e521f73a6ccb35a88ad4","codex","04d35f26e6401b313ec03dad1633aefb1514e0a7c048d083f9c31e35c4eec02b","1d1a1bf4bdffe5dc48ada6799cd6a6fd0b9d758c541c1cd033e74194820f7181","continuation","False","108","71","37","0.343","4","4","16","12"
"2026-04-13T09:25:53.936441Z","final-24h-tenant","7e915de8c02ff5f900b33e2b9a64938387ea98540633e521f73a6ccb35a88ad4","codex","92c4af0985072c2bf91283cc068a9c5f193510392cbadd51b79600320eaa6580","e75331e4f1bf767476f12d3eb609f0ec790707f06104790ee77ee2d70626513c","continuation","False","108","71","37","0.343","4","4","16","12"
"2026-04-13T09:26:24.143208Z","final-24h-tenant","7e915de8c02ff5f900b33e2b9a64938387ea98540633e521f73a6ccb35a88ad4","codex","3f1df46e10758e882b012ede4b0aa0b87e8ca8fc00fda8809c012f6e5d464c62","0dc65fb6882677c4e4e5524d586b9444192fa96d19dbcbecc569dbb73dd70fd4","continuation","False","108","71","37","0.343","4","4","16","12"
"2026-04-13T09:26:54.403328Z","final-24h-tenant","7e915de8c02ff5f900b33e2b9a64938387ea98540633e521f73a6ccb35a88ad4","codex","aeb35aef05ec9ffa4177af41e7f27168412940ac25ef1230e5a04943e0083a24","7709e7a046852b1e25c0630ae1637aaba48874b30b78f08bb5d128614234a4c5","continuation","False","108","71","37","0.343","4","4","16","12"
"2026-04-13T09:27:24.605365Z","final-24h-tenant","7e915de8c02ff5f900b33e2b9a64938387ea98540633e521f73a6ccb35a88ad4","codex","b01fb02f91c868321a015b3053f80f7d2338b994590458cf7cc4d072b972f5ea","dbdad52c5f43d0800f2abc193424f02040b0afd62a42347d14e1ee9d4c1e3cf0","continuation","False","108","71","37","0.343","4","4","16","12"
"2026-04-13T09:27:54.799880Z","final-24h-tenant","7e915de8c02ff5f900b33e2b9a64938387ea98540633e521f73a6ccb35a88ad4","codex","6e1f050961b9bc77ea6d0f546916eb62c7a7b725887fd4f5ed8be76181a66be8","37d78355a040f01fce8e11bb03baf5aff2d4e8fdc2808b7cd091df3ae6f341d0","continuation","False","108","71","37","0.343","4","4","16","12"
"2026-04-13T09:28:24.990733Z","final-24h-tenant","7e915de8c02ff5f900b33e2b9a64938387ea98540633e521f73a6ccb35a88ad4","codex","d7b375925bec0a04f7da06521cd38e79486ffa60c787023448dae2a08b04e597","b1d2eb21c84f15fc06a6e3a0da81552f64d1ada982513d630e79c80d234577c2","continuation","False","108","71","37","0.343","4","4","16","12"
"2026-04-13T09:28:55.212061Z","final-24h-tenant","7e915de8c02ff5f900b33e2b9a64938387ea98540633e521f73a6ccb35a88ad4","codex","91c9746fe7d909816788cc7c6fe1800dca76ff5c8681cc3bf4f61bcd31e1b7b6","22886ee6f07c192fc8dc31d665850aad540733dabf85cffbec2fe4253aaa178b","continuation","False","108","71","37","0.343","4","4","16","12"
"2026-04-13T09:29:25.374468Z","final-24h-tenant","7e915de8c02ff5f900b33e2b9a64938387ea98540633e521f73a6ccb35a88ad4","codex","f04f63e19105df1b4964e5490aa64f714f3c94a75398b56e32a7d25a0a96e6fc","ab64e43abdf531dcc9827eb19be688184d1b0563e5878eae731742ab36c07537","continuation","False","108","71","37","0.343","4","4","16","12"
"2026-04-13T09:29:55.588128Z","final-24h-tenant","7e915de8c02ff5f900b33e2b9a64938387ea98540633e521f73a6ccb35a88ad4","codex","e7d423ef878af4d76d61e214bab5c097688676252646da168d06630acf54c354","91c588dbb73d036ef060f37bd4ce762e5efe8dfe83ddc8ce0a687bf7b7ba5d02","continuation","False","108","71","37","0.343","4","4","16","12"
"2026-04-13T09:30:25.769600Z","final-24h-tenant","7e915de8c02ff5f900b33e2b9a64938387ea98540633e521f73a6ccb35a88ad4","codex","1dc28f95655c069b0305669dbf0d2dbff51f22930275224e0bda442de482d959","9f26f3bbec31cc75a716556c10d86ec95716a3ffd8240e8f23bba252bdbeeac6","continuation","False","108","71","37","0.343","4","4","16","12"
"2026-04-13T09:30:55.950402Z","final-24h-tenant","7e915de8c02ff5f900b33e2b9a64938387ea98540633e521f73a6ccb35a88ad4","codex","e7f13240251380d69a9c481e8c268a70995ce9132fc0bb13749e0a4748b2b6e0","08cfc46c64d2f76a08611f6ca40e0c57037563fe500e04a9247089fd5861dbbc","continuation","False","108","71","37","0.343","4","4","16","12"
"2026-04-13T09:31:26.173916Z","final-24h-tenant","7e915de8c02ff5f900b33e2b9a64938387ea98540633e521f73a6ccb35a88ad4","codex","3405c6b6978bbb755e6b6793008dedf4bbc23f1a6b8363f5c14400a5146bfab0","bb79c1371a31e4bb8cf1aea6d2e438647296e6d7b239f9107a00e4ad070331fb","continuation","False","108","71","37","0.343","4","4","16","12"
"2026-04-13T09:31:56.372637Z","final-24h-tenant","7e915de8c02ff5f900b33e2b9a64938387ea98540633e521f73a6ccb35a88ad4","codex","8a42d6fda5e6eaea62164227c73790ca42f4c13c25025bf31af01cebb6085159","2b17dc8bab7c477faf321201c30d5e4617b68a0f02e49460ec52a5b7e3c12609","continuation","False","108","71","37","0.343","4","4","16","12"
"2026-04-13T09:32:26.558172Z","final-24h-tenant","7e915de8c02ff5f900b33e2b9a64938387ea98540633e521f73a6ccb35a88ad4","codex","58d666bcbb8ff2645782e71d8ee399343551712266d2358cee1b3482ce041aae","708bf4481a523e84996b490dedbb981656e145e6ceb866e1f408b2f9458ca452","continuation","False","108","71","37","0.343","4","4","16","12"
"2026-04-13T09:32:56.742473Z","final-24h-tenant","7e915de8c02ff5f900b33e2b9a64938387ea98540633e521f73a6ccb35a88ad4","codex","3f0ddef6fad1211164044d2d3f1f82ef7770ad987079a425d950bf86add83b24","cb42547a8bd62c0161ee4cf3f40faa8f4ee365c265d57f359e3096e69e572c83","continuation","False","108","71","37","0.343","4","4","16","12"
"2026-04-13T09:34:02.617537Z","final-24h-tenant","7e915de8c02ff5f900b33e2b9a64938387ea98540633e521f73a6ccb35a88ad4","codex","94820ee99a837b02ea82f5b2e5451427b7589029ec1dfbeb317b2f69de0cd028","09de376f236dc861a9f479b3b5422a319e832bf2d2dfbb6b9873489a1416defd","continuation","False","108","71","37","0.343","4","4","16","12"
"2026-04-13T09:34:06.921244Z","test","7e915de8c02ff5f900b33e2b9a64938387ea98540633e521f73a6ccb35a88ad4","claude_code","fdb54e9ac573fad231a88147ead310ca21a1e68a205197686f27ba0e6ededb3f","561239f2c69db5605c8200394e515e0684a1524884710797e62479c4cf1839f1","continuation","False","108","71","37","0.343","4","4","16","12"
"2026-04-13T09:34:32.714051Z","final-24h-tenant","7e915de8c02ff5f900b33e2b9a64938387ea98540633e521f73a6ccb35a88ad4","codex","652b477c3083198f77911c16ab021bc18c92c4a160b5338adb6ca204970dc72f","6bc4a2bba8cf7dafd69cedd1ed431979637307e17ecee6fd8412c36c4d731608","continuation","False","108","71","37","0.343","4","4","16","12"
"2026-04-13T09:35:02.819186Z","final-24h-tenant","7e915de8c02ff5f900b33e2b9a64938387ea98540633e521f73a6ccb35a88ad4","codex","e6a24ad3f7b2ae8fa7de43d0a950778d66f664e18519f696ca7e0cd213d9ee51","ecc0c0bee91e6299614767ca961ddd8f9e624a6a1da51a0542355a3de732a3f5","continuation","False","108","71","37","0.343","4","4","16","12"
"2026-04-13T09:35:32.931734Z","final-24h-tenant","7e915de8c02ff5f900b33e2b9a64938387ea98540633e521f73a6ccb35a88ad4","codex","a18ead8f0690f9b7635864098008b80b79e52c5fe9404ad8ce590cfa9acaa7c9","9eb815ca92d3bfb89a448091af4d76b894af424e8068ecfedf95d0d46d4b2941","continuation","False","108","71","37","0.343","4","4","16","12"
"2026-04-13T09:36:03.042337Z","final-24h-tenant","7e915de8c02ff5f900b33e2b9a64938387ea98540633e521f73a6ccb35a88ad4","codex","6ab046c6236173c577b8b9ecb97edaf07ec12eeefd48fc2d98b24c54fd41b715","ff43767cfadf7c0c99d9f7d9f3db8d039faf7fed71c36f8bdc7975ce834aceaa","continuation","False","108","71","37","0.343","4","4","16","12"
"2026-04-13T09:36:33.143846Z","final-24h-tenant","7e915de8c02ff5f900b33e2b9a64938387ea98540633e521f73a6ccb35a88ad4","codex","e9b9c242d901323ea3fbababc2bf0681e6fa4ac5b2faa9d751cca34d09991e56","4266f3dd57603fe02ae7ed166e59f4b97d6d775f7005536d7021a03d08fecfe7","continuation","False","108","71","37","0.343","4","4","16","12"
"2026-04-13T09:37:03.289008Z","final-24h-tenant","7e915de8c02ff5f900b33e2b9a64938387ea98540633e521f73a6ccb35a88ad4","codex","2672d5035f222bca928aded08bf0e442178df825e2d36b6874dc48b7bfac282c","54e83252d96cc2892185766935e01ff5233a7252d9ebb846825ffd42570bafb3","continuation","False","108","71","37","0.343","4","4","16","12"
"2026-04-13T09:37:33.446808Z","final-24h-tenant","7e915de8c02ff5f900b33e2b9a64938387ea98540633e521f73a6ccb35a88ad4","codex","b21b5a973a601d0b022438e9ddcb2daf8fa583b0ef4a60df9d6da7cfdf07197a","6c66665198a31a56432a8dd6b14bdccb8ca8d00427e89b8f25be1dc9b14bdd55","continuation","False","108","71","37","0.343","4","4","16","12"
"2026-04-13T09:38:03.556319Z","final-24h-tenant","7e915de8c02ff5f900b33e2b9a64938387ea98540633e521f73a6ccb35a88ad4","codex","37f001a77e3bee9da83ccbd1fc8f5162cfa8d73ec8ff11baa083181d2bdef99d","cecd6c8027eb9ca795a60a856a03853b39ef9ec926ab889f8b8efd75f10beacc","continuation","False","108","71","37","0.343","4","4","16","12"
"2026-04-13T09:38:33.686124Z","final-24h-tenant","7e915de8c02ff5f900b33e2b9a64938387ea98540633e521f73a6ccb35a88ad4","codex","2b98b2ff877a26a20c128cdc5c7ae7440f6832824c8b91afe11a335455a2b16c","1082514614e6922a729ccd53f6b62c7731845fd377ebb5f8e8d536b7c2edf4bf","continuation","False","108","71","37","0.343","4","4","16","12"
"2026-04-13T09:39:03.835352Z","final-24h-tenant","7e915de8c02ff5f900b33e2b9a64938387ea98540633e521f73a6ccb35a88ad4","codex","e9067b05dfed0fb2299bb4b4a1bc53c4a8493297bda390349dd4c9bfb3b7fc4c","33c5554929b2f3e724488ab0223edcb4abe25177c49248a7863c136d695e3b3e","continuation","False","108","71","37","0.343","4","4","16","12"
"2026-04-13T09:39:33.959074Z","final-24h-tenant","7e915de8c02ff5f900b33e2b9a64938387ea98540633e521f73a6ccb35a88ad4","codex","1af6eb83996de26c54e46e3d0beaedd03859825cf8a23ca98f14cebbe9174532","bf84435244f008081643c009e596405caea9284b77200ac69768d1c976d9ea39","continuation","False","108","71","37","0.343","4","4","16","12"
"2026-04-13T09:40:04.075811Z","final-24h-tenant","7e915de8c02ff5f900b33e2b9a64938387ea98540633e521f73a6ccb35a88ad4","codex","2b8756abf68ab92a76002729273b65442d28721540dc3a5c34fd7f3cc5e91e5d","fa2309e4aacc0577f8b2ea4e33207e38d8a0536be16b242f9a7ebe4ee9955ac2","continuation","False","108","71","37","0.343","4","4","16","12"
"2026-04-13T09:40:34.174013Z","final-24h-tenant","7e915de8c02ff5f900b33e2b9a64938387ea98540633e521f73a6ccb35a88ad4","codex","cb99065f2c752a6dead9aea23c82de0ec0abd7566eaaf576650009020eb5c06c","90ffa4e31b83edc0b5d8d76f26baf9b71958db8a14abc06cbdd2486baafe27c0","continuation","False","108","71","37","0.343","4","4","16","12"
"2026-04-13T09:41:04.321773Z","final-24h-tenant","7e915de8c02ff5f900b33e2b9a64938387ea98540633e521f73a6ccb35a88ad4","codex","0b14181bfc8e7f69bd2736b3fe66681072775b7cc30dbfc7715a20139e495d5e","abd3fd070a1dcb92a5d953ae12bbe6efc9d094f0a03dcfe9cae8297623d9229f","continuation","False","108","71","37","0.343","4","4","16","12"
"2026-04-13T09:41:34.447917Z","final-24h-tenant","7e915de8c02ff5f900b33e2b9a64938387ea98540633e521f73a6ccb35a88ad4","codex","27f7f24f3260859f687e352a551f57b9b7f6e7b76bdac94ca4ff2d077a223d75","cd4516e43f81e1f501bf8879d42b7c8845ae387300d97ca846940fc1d2e20c95","continuation","False","108","71","37","0.343","4","4","16","12"
"2026-04-13T09:42:04.560897Z","final-24h-tenant","7e915de8c02ff5f900b33e2b9a64938387ea98540633e521f73a6ccb35a88ad4","codex","eee98d0f9caf85bfb7a36c8974a00c8a0b56fc22b2d67c1c2492fb0849a80415","070df9b89749ec509406078d529acbbe3a0e64db6bbdd0b5713482d15d295cf6","continuation","False","108","71","37","0.343","4","4","16","12"
"2026-04-13T09:42:34.689043Z","final-24h-tenant","7e915de8c02ff5f900b33e2b9a64938387ea98540633e521f73a6ccb35a88ad4","codex","8a233c7a851652a6a973b3f0ce7751cdff711c2f4263f7d6853c1f1c64678d06","342711d464f07bdb0b394c6c69126471708ecc1e96a01e086a9f883ec1a75e41","continuation","False","108","71","37","0.343","4","4","16","12"
"2026-04-13T09:43:04.813324Z","final-24h-tenant","7e915de8c02ff5f900b33e2b9a64938387ea98540633e521f73a6ccb35a88ad4","codex","ca89404e3a80b2a0cc7e8c9c4cb1fbacbae879d74aafd21b8c9a7ac4cec8cd12","b27b439dbf0f2794d93bb2f2e034bcf6a9e86abe19bb5d6458f0c0ba9f90e741","continuation","False","108","71","37","0.343","4","4","16","12"
"2026-04-13T09:43:34.938727Z","final-24h-tenant","7e915de8c02ff5f900b33e2b9a64938387ea98540633e521f73a6ccb35a88ad4","codex","753339cf6e8c03b472d236f6165f0b307a89f033a4d370f0f45fa98b94a854af","c1fe036f5d00e5830f8f1290e7787e6187bc51eb74afd89da9d24b8165181aed","continuation","False","108","71","37","0.343","4","4","16","12"
"2026-04-13T09:44:05.069124Z","final-24h-tenant","7e915de8c02ff5f900b33e2b9a64938387ea98540633e521f73a6ccb35a88ad4","codex","42171b6ced606c1e9560fe149decd68f020d66b885115061e3e9d31818a60e02","78cbb1d46e23a3954f83face8e23eb97d9c2084df126ade16da81be015578a18","continuation","False","108","71","37","0.343","4","4","16","12"
"2026-04-13T09:44:35.195201Z","final-24h-tenant","7e915de8c02ff5f900b33e2b9a64938387ea98540633e521f73a6ccb35a88ad4","codex","5d28569ee91c92e436ddf82c0cddec5eb9bd3e8c03e9c082adbc2b9e4b723956","010489a00dc60f6989dc4e8ca0a7bca90c34cc2a43e24384b77b1da13f1574de","continuation","False","108","71","37","0.343","4","4","16","12"
"2026-04-13T09:45:05.328425Z","final-24h-tenant","7e915de8c02ff5f900b33e2b9a64938387ea98540633e521f73a6ccb35a88ad4","codex","b4347bb75847c9d1e2af969336ba83543bac7a77d456044ce46abbafe9127970","b2e2ca67b3cda61a59264490812ae81180824981c0a49d57cfae805286e421ee","continuation","False","108","71","37","0.343","4","4","16","12"
"2026-04-13T09:45:35.453916Z","final-24h-tenant","7e915de8c02ff5f900b33e2b9a64938387ea98540633e521f73a6ccb35a88ad4","codex","7ebcf63e00b1a74f9013caf93ba6055c61d148c999ef899f109ff98d8d6ca250","8b2d92ec85ba257a4acf6ef28b21343b06da8d45a7e783bb20b6d53aaf3dcb65","continuation","False","108","71","37","0.343","4","4","16","12"
"2026-04-13T09:46:05.578643Z","final-24h-tenant","7e915de8c02ff5f900b33e2b9a64938387ea98540633e521f73a6ccb35a88ad4","codex","7dd3784265580e782951bb059c37e7421c627aa0a59b4ef742fab1cb7eaf0420","0345a0deb0d3c7a4bf4d5cf88eb74b1ef6ab68f38b261716e38d2909bb7b9843","continuation","False","108","71","37","0.343","4","4","16","12"
"2026-04-13T09:46:35.714570Z","final-24h-tenant","7e915de8c02ff5f900b33e2b9a64938387ea98540633e521f73a6ccb35a88ad4","codex","ae35c4f6dfa2d55b391422246212056fee8d2e14ca57b7b51b05646bd46b8a05","2684740f4f70a593a2fcecfee9dc1f3aee45029dbc974f49d7623f6e5a46ee75","continuation","False","108","71","37","0.343","4","4","16","12"
"2026-04-13T09:47:05.856990Z","final-24h-tenant","7e915de8c02ff5f900b33e2b9a64938387ea98540633e521f73a6ccb35a88ad4","codex","9f03980a4656949176418ed45fb23b0686b4af46326eeadbd7167dd8f4b37f61","ffba357079e90186f074e6fa4c74a10d7d7bbd4d97aebafa5e4fa196ba476271","continuation","False","108","71","37","0.343","4","4","16","12"
"2026-04-13T09:47:36.002598Z","final-24h-tenant","7e915de8c02ff5f900b33e2b9a64938387ea98540633e521f73a6ccb35a88ad4","codex","8da353634e4a5802e332dc2c651a260e38de18633909df7abfacfd4c5e1e9bfb","5041a61d15ce9c7795030be92e1053f49aa5d63228aa12ff5b2b66b0cfcc4466","continuation","False","108","71","37","0.343","4","4","16","12"
"2026-04-13T09:48:06.103053Z","final-24h-tenant","7e915de8c02ff5f900b33e2b9a64938387ea98540633e521f73a6ccb35a88ad4","codex","d2ddd23fd6b491e6484aa89dd3526a624e0adedb37d01162ab3fca1289e03dcc","9c0ce4cb1afe9eb0516ded675b21f3392e748a0409364a372af11d6508fdabb3","continuation","False","108","71","37","0.343","4","4","16","12"
"2026-04-13T09:48:36.230027Z","final-24h-tenant","7e915de8c02ff5f900b33e2b9a64938387ea98540633e521f73a6ccb35a88ad4","codex","79096846901b9d04e3eede0597ed5ca9342e3fa610b00ea91b8d831cfede321b","cc2997e252442f09ea636a2877499f85678b9e82455db8dced8be6038f41a9b3","continuation","False","108","71","37","0.343","4","4","16","12"
"2026-04-13T09:49:06.357821Z","final-24h-tenant","7e915de8c02ff5f900b33e2b9a64938387ea98540633e521f73a6ccb35a88ad4","codex","391c4f78250f90e71dfa60fcea627ac6769c5cfbf3279e07894cc64d1811fb2b","ea909ab7ac06d212770b13c0819abdc14889af967ea23be809ec27eea41f3ecf","continuation","False","108","71","37","0.343","4","4","16","12"
"2026-04-13T09:49:36.477865Z","final-24h-tenant","7e915de8c02ff5f900b33e2b9a64938387ea98540633e521f73a6ccb35a88ad4","codex","cbeb3901c3d57f100221ec2b26ce025a2590f5f50836c4dd3dab626ceb373676","037bac857094c882545b5cb47ea94d99eb79b613d44366c23b4a5fa51c9e4104","continuation","False","108","71","37","0.343","4","4","16","12"
"2026-04-13T09:50:06.593845Z","final-24h-tenant","7e915de8c02ff5f900b33e2b9a64938387ea98540633e521f73a6ccb35a88ad4","codex","0e543851cce773230ad81ecd12194301f8bcbe977e1ca4edede75914a7e01e5b","41770640839fd5b5e84529fa964321401f5d751b898d060b4fe89057fce45c2e","continuation","False","108","71","37","0.343","4","4","16","12"
"2026-04-13T09:50:36.700882Z","final-24h-tenant","7e915de8c02ff5f900b33e2b9a64938387ea98540633e521f73a6ccb35a88ad4","codex","8a57f5fc2d81310b5afc539e939989dcddc2bb362520472d10a2e8de6d6c44a5","8b6c0673fa6727c3903a84697bb535db09bb5f98ff259a48b9d0ec7ab1718ff6","continuation","False","108","71","37","0.343","4","4","16","12"
"2026-04-13T09:51:06.812337Z","final-24h-tenant","7e915de8c02ff5f900b33e2b9a64938387ea98540633e521f73a6ccb35a88ad4","codex","e1a764432e74fe1ea0c406134c49889c1376f384570b55946f89835834ec6d0b","fe44f6d5875a779a05e817a81643780224f9c9eca5713c6ac29058e21680562c","continuation","False","108","71","37","0.343","4","4","16","12"
"2026-04-13T09:51:36.928320Z","final-24h-tenant","7e915de8c02ff5f900b33e2b9a64938387ea98540633e521f73a6ccb35a88ad4","codex","51709925de85b32768ba7292899e04fe8c1b479ecd8042c7a420d284dc97ded0","f5fdd18db57705029c05b0c56f13b9a2ed34ef4b6a1be3bd4ee6e06100f9e5d9","continuation","False","108","71","37","0.343","4","4","16","12"
"2026-04-13T09:52:07.077933Z","final-24h-tenant","7e915de8c02ff5f900b33e2b9a64938387ea98540633e521f73a6ccb35a88ad4","codex","48f6206fe22eb50d22fffb8a6a131d4b0749324997cc6cb28e222b60743f7b1f","04e46ea1a2728a73636fabffcc9e5444a31ee531c13f8531d49ad59873375c07","continuation","False","108","71","37","0.343","4","4","16","12"
"2026-04-13T09:52:37.209423Z","final-24h-tenant","7e915de8c02ff5f900b33e2b9a64938387ea98540633e521f73a6ccb35a88ad4","codex","9441b3b48ea6a39aa09eb0725438f69989dc507c98473b0c31d8962e3566294f","e1abe08cfefe1e5ea77d3b47299eb720c9ff3e0d77000fd4bf8b2afed1deea8a","continuation","False","108","71","37","0.343","4","4","16","12"
"2026-04-13T09:53:07.344682Z","final-24h-tenant","7e915de8c02ff5f900b33e2b9a64938387ea98540633e521f73a6ccb35a88ad4","codex","a187e9a459877e17dff38bee686b7ec8af5209c9d94dffa822c86fd673ab490b","2b140c2c2799e8b752c1beab123e93aa8a0f9f9b500e8d9b4330bddf2c3cf524","continuation","False","108","71","37","0.343","4","4","16","12"
"2026-04-13T09:53:37.490793Z","final-24h-tenant","7e915de8c02ff5f900b33e2b9a64938387ea98540633e521f73a6ccb35a88ad4","codex","4bd8040b33ccc142a6caf1615f7cdca080785ba11ff36a3947397e20c19a6967","7d8f847ae617d8b71fb2e6d24dfa5bafbabf0c853cd558d5661eabf86dea5fe9","continuation","False","108","71","37","0.343","4","4","16","12"
"2026-04-13T09:54:07.627675Z","final-24h-tenant","7e915de8c02ff5f900b33e2b9a64938387ea98540633e521f73a6ccb35a88ad4","codex","005d3e1badef1f878f4bec456b22d539942882541c85e5e96f2bb00e4a051c24","20b59dbc95cb5f3c58a350b795920819f31940c285ac0ec690160776659fdbd0","continuation","False","108","71","37","0.343","4","4","16","12"
"2026-04-13T09:54:37.752184Z","final-24h-tenant","7e915de8c02ff5f900b33e2b9a64938387ea98540633e521f73a6ccb35a88ad4","codex","182d611dbe78f8b7d89ac2ecd6d06a632b2da0e8c6df0f0372ca5a12abb97bdc","52639ffa036d0a798c737b2e4344a61b0cad77d78895c327cdbcf156bf6559a3","continuation","False","108","71","37","0.343","4","4","16","12"
"2026-04-13T09:55:07.890870Z","final-24h-tenant","7e915de8c02ff5f900b33e2b9a64938387ea98540633e521f73a6ccb35a88ad4","codex","e92030c6190b3c84abbb49cd84c54e61f5e9bf29342aa8e358fddc2656191cca","b1d08bec763557b557ba926a860c3fe43b477ff23f30868aef605d1916547f28","continuation","False","108","71","37","0.343","4","4","16","12"
"2026-04-13T09:55:38.018596Z","final-24h-tenant","7e915de8c02ff5f900b33e2b9a64938387ea98540633e521f73a6ccb35a88ad4","codex","67a666ab26612e85c5b71f45b611de32de0be253b8a45be865f3758af23699e7","a24e9382cc84fe11cd0055a6aa6a4aa198dc81bb9d9d55ec8bcda5b5255666ea","continuation","False","108","71","37","0.343","4","4","16","12"
"2026-04-13T09:56:08.154648Z","final-24h-tenant","7e915de8c02ff5f900b33e2b9a64938387ea98540633e521f73a6ccb35a88ad4","codex","98ad7ab0415a7ca709e93bd5e69f9f66a695dcf7116f14f0441f951850d5e8be","d4797a52216031764cd38185ab24e113bd2f387f354ffb462b4b5228ab03b4e3","continuation","False","108","71","37","0.343","4","4","16","12"
"2026-04-13T09:56:38.283226Z","final-24h-tenant","7e915de8c02ff5f900b33e2b9a64938387ea98540633e521f73a6ccb35a88ad4","codex","631e0be10cb80cb1950e331ed7ffe63c1311617e332b3933aec4b3ab6ce03047","cf7f4e1f641ecc9c0d24270b904bcf13874f10f7ea27646c7f9e35dfbc83b3f4","continuation","False","108","71","37","0.343","4","4","16","12"
"2026-04-13T09:57:08.403980Z","final-24h-tenant","7e915de8c02ff5f900b33e2b9a64938387ea98540633e521f73a6ccb35a88ad4","codex","e26014021e9d47506ecd43307d8e5342cf2b04c7607e7ffd271812fc1b48320b","17e34d539aff7945a97b29dffc16e40ac841a2b2ac9e56d8aecba4815ead6999","continuation","False","108","71","37","0.343","4","4","16","12"
"2026-04-13T09:57:38.552682Z","final-24h-tenant","7e915de8c02ff5f900b33e2b9a64938387ea98540633e521f73a6ccb35a88ad4","codex","83766c04e89f8cd83763949d62af90d7073286e3d2cee12a0282a28207830a71","20c257e765b7bcd5f7484b3afbf42b12f0e7d9364366518915a737ea6f85fce7","continuation","False","108","71","37","0.343","4","4","16","12"
"2026-04-13T09:58:08.678787Z","final-24h-tenant","7e915de8c02ff5f900b33e2b9a64938387ea98540633e521f73a6ccb35a88ad4","codex","59eef6e0e3572557ab293b7a3247af8bf2f484f7e990a02aae7631a30ecf48f1","5bdd404a9c70d8a25373a7565b60ee2bdd9c0070f595408b41228a12e7c7c065","continuation","False","108","71","37","0.343","4","4","16","12"
"2026-04-13T09:58:38.812419Z","final-24h-tenant","7e915de8c02ff5f900b33e2b9a64938387ea98540633e521f73a6ccb35a88ad4","codex","c71cf8bc649b5aaf52c99fd0e243e2fc7e6f54a0b18d42e64151216c0cd6b23a","2f9cb24c514a040a759d3bbaa80a1961f8e7b877053a54d8d3d18567d66947b5","continuation","False","108","71","37","0.343","4","4","16","12"
"2026-04-13T09:59:08.941774Z","final-24h-tenant","7e915de8c02ff5f900b33e2b9a64938387ea98540633e521f73a6ccb35a88ad4","codex","6929e3b7a8fc74060d8069227303c59bdcf15aaf69217544ac4028d0ad8177c5","cbfbc56c9083e223a888246f5f19809739e4978d4101fe18ce0580d6f3629da6","continuation","False","108","71","37","0.343","4","4","16","12"
"2026-04-13T09:59:39.081190Z","final-24h-tenant","7e915de8c02ff5f900b33e2b9a64938387ea98540633e521f73a6ccb35a88ad4","codex","fde9101ab594d7753f94a0a374fe9a90bc772a3712b1ae3167f2b96b03df7a7c","6c7eb14ec7a38040dd0e01915f9912b399234aa5bce6bca5757b807e42983fb8","continuation","False","108","71","37","0.343","4","4","16","12"
"2026-04-13T10:00:09.211535Z","final-24h-tenant","7e915de8c02ff5f900b33e2b9a64938387ea98540633e521f73a6ccb35a88ad4","codex","5de023d77434c84941a8ab189a71545b33067dfaf38dff3c4a21037a1c77af13","c5a228b853ca209ba19fd9ffcc567b4ff9000e6b23d08034250201533e2baf71","continuation","False","108","71","37","0.343","4","4","16","12"
"2026-04-13T10:00:39.310559Z","final-24h-tenant","7e915de8c02ff5f900b33e2b9a64938387ea98540633e521f73a6ccb35a88ad4","codex","254a1dd794344e502a96af5faa69f589bd0b57d5fbdfbf222cbb7cde1be1c6d5","4c89316c33d267d96a89bc3afb71626ccb218ef97f43db9a138b8d713da656d6","continuation","False","108","71","37","0.343","4","4","16","12"
"2026-04-13T10:01:09.433362Z","final-24h-tenant","7e915de8c02ff5f900b33e2b9a64938387ea98540633e521f73a6ccb35a88ad4","codex","941f27dd9e55fee42a942e71031044752e13bbdf5f42b1a75bc943421b78dac1","f52c4b84a1531b6db82cb400848282be62ae49e8c15c5353099c3f296a592d64","continuation","False","108","71","37","0.343","4","4","16","12"
"2026-04-13T10:01:39.557041Z","final-24h-tenant","7e915de8c02ff5f900b33e2b9a64938387ea98540633e521f73a6ccb35a88ad4","codex","3b2e058153456023b3fdda319bb00790a9ebdf6b72e047852e7e15fdb9070f06","f6eb3f43ce6d77846dd63eff83fe71d5f059bab194f3fc1a53d11b1d514e0f82","continuation","False","108","71","37","0.343","4","4","16","12"
"2026-04-13T10:02:09.717593Z","final-24h-tenant","7e915de8c02ff5f900b33e2b9a64938387ea98540633e521f73a6ccb35a88ad4","codex","92c8fd4abd37845dd18e9b7c0abf9d3d4097c556ed7d9fa41b3421038ab34213","61acdbb830e2c3810727dfbdf9693579d8dd6b50030cf2abe05047fb3020efa9","continuation","False","108","71","37","0.343","4","4","16","12"
"2026-04-13T10:02:39.855531Z","final-24h-tenant","7e915de8c02ff5f900b33e2b9a64938387ea98540633e521f73a6ccb35a88ad4","codex","dff53a108664bdf87e45cb1cfdaeca1a8dd54a330f5ae7bfcb15f7ab53a81bb5","20d7c7164dad26eba6b55bfb4fd7fc09f4c0d9d495430363c1189bd78dad1f7c","continuation","False","108","71","37","0.343","4","4","16","12"
"2026-04-13T10:03:09.973650Z","final-24h-tenant","7e915de8c02ff5f900b33e2b9a64938387ea98540633e521f73a6ccb35a88ad4","codex","cce646d77402ace0df6fcb48959dacbd49bfb8a670c7fc217efc7e53cc1b4df9","2be1242925a1dcafcbb130e4e151770bf5c470e31a77d3b5fc02d7fdeba1decd","continuation","False","108","71","37","0.343","4","4","16","12"
"2026-04-13T10:03:40.095738Z","final-24h-tenant","7e915de8c02ff5f900b33e2b9a64938387ea98540633e521f73a6ccb35a88ad4","codex","29481c16afbe9c76fa8678e5af51f4eb231f19840e2f9610632cf3165667501a","02d4c4dc5c887c3eddd10fd14793ec04c33b36cf62fd701ea3698b55e00a1d03","continuation","False","108","71","37","0.343","4","4","16","12"
"2026-04-13T10:04:10.238815Z","final-24h-tenant","7e915de8c02ff5f900b33e2b9a64938387ea98540633e521f73a6ccb35a88ad4","codex","05e1ec5f4a7faf1eca9c44755dd3dc86451c35606de3d0b110bd3b9735cb1892","df00624726c7ab3504d36b8d4505409d0271e4b6bdd21f62c44aeeda603d956b","continuation","False","108","71","37","0.343","4","4","16","12"
"2026-04-13T10:04:40.368935Z","final-24h-tenant","7e915de8c02ff5f900b33e2b9a64938387ea98540633e521f73a6ccb35a88ad4","codex","1a05cdabf3cced04dc9ff18e5a80a860a9db2ba82dc7ad7cd75e474f0bd649b2","6a866ab5396ec2db771ee65f06604269b7ab491eb326dcfcd9ad610d04788c21","continuation","False","108","71","37","0.343","4","4","16","12"
"2026-04-13T10:05:10.507758Z","final-24h-tenant","7e915de8c02ff5f900b33e2b9a64938387ea98540633e521f73a6ccb35a88ad4","codex","ad7f87b18c94f98da4a8c90f21fd92bf6535d36cabaa3be2b4d37d1c35fb25c6","121938e8d50f9d93877e672a6cff097c64049077fc768b1c6c5260e09a79e423","continuation","False","108","71","37","0.343","4","4","16","12"
"2026-04-13T10:05:40.626472Z","final-24h-tenant","7e915de8c02ff5f900b33e2b9a64938387ea98540633e521f73a6ccb35a88ad4","codex","343c3624fbecc13eb6cef8afed4ba8e55923559c5f59a38f3dc578cfd4827613","12fa393b005e00bdda3105034eecd25ec2ca13c971cb7609bedd0e409270064a","continuation","False","108","71","37","0.343","4","4","16","12"
"2026-04-13T10:06:10.749371Z","final-24h-tenant","7e915de8c02ff5f900b33e2b9a64938387ea98540633e521f73a6ccb35a88ad4","codex","b0f9a7560b02358c6b0dc784a67c0d374a46f43ebf5b6dffc6211fdca7aafb66","5143db53e0b0e631e66c08034750bf8914d83c3a591365f21b36b52f905dab1c","continuation","False","108","71","37","0.343","4","4","16","12"
"2026-04-13T10:06:40.882786Z","final-24h-tenant","7e915de8c02ff5f900b33e2b9a64938387ea98540633e521f73a6ccb35a88ad4","codex","dd1a2ca4d18cd69de4ce44024b07e6f572197a4fc48e23363804965791b8d6dd","99302ec23a9fd650230013e927cc8bc5ae3dcf966668c94fc5049130f8cda9a4","continuation","False","108","71","37","0.343","4","4","16","12"
"2026-04-13T10:07:11.039918Z","final-24h-tenant","7e915de8c02ff5f900b33e2b9a64938387ea98540633e521f73a6ccb35a88ad4","codex","a523c4b51ec3f57833458d94b954fd10473e1171f8ff11ecfcc230c5165b4a2a","11091c2abc48b2a6a735a4e00a199df769b1c7213add50fd8b2f2716bbec50df","continuation","False","108","71","37","0.343","4","4","16","12"
"2026-04-13T10:07:41.166994Z","final-24h-tenant","7e915de8c02ff5f900b33e2b9a64938387ea98540633e521f73a6ccb35a88ad4","codex","5cca72cfe59b7ea460be2b281595c42dc77aa1e077cda2cf24e034be76913508","b933b5c0e6ea7ebad189e6e86383d62332739bec3ec08c16ffd8d6de56e7fee5","continuation","False","108","71","37","0.343","4","4","16","12"
"2026-04-13T10:08:11.307389Z","final-24h-tenant","7e915de8c02ff5f900b33e2b9a64938387ea98540633e521f73a6ccb35a88ad4","codex","5f626d17d0ad92d3d328e8de755cb2e244d3d39826671370e8273195425dcbbf","7cce1a9a823211cfa84fc904a95fd241db5d6aadb3eb7d9b681e583dbc03474e","continuation","False","108","71","37","0.343","4","4","16","12"
"2026-04-13T10:08:41.444468Z","final-24h-tenant","7e915de8c02ff5f900b33e2b9a64938387ea98540633e521f73a6ccb35a88ad4","codex","4ac326096cac66c6e49d05531a491b83aa8bc9fb4bdd8b5275fc067dc986e608","0c119447bc220242a1f8fd4f14a3e23efc31f9b3a9e51b2ac4e92ca84add19ad","continuation","False","108","71","37","0.343","4","4","16","12"
"2026-04-13T10:09:11.597197Z","final-24h-tenant","7e915de8c02ff5f900b33e2b9a64938387ea98540633e521f73a6ccb35a88ad4","codex","06fc1b7c67e4f36bc470836299588f9f8be70725bab26c6b717cec0ee6f8f55d","ee04026fd8cee09f80ea998d8dcc8408012803ab8b2fdfe48125f953b64b213a","continuation","False","108","71","37","0.343","4","4","16","12"
"2026-04-13T10:09:41.738965Z","final-24h-tenant","7e915de8c02ff5f900b33e2b9a64938387ea98540633e521f73a6ccb35a88ad4","codex","eeb44f8883660198b835260f0d733586031f2e89c0782c21b8218f3db0b042b7","2376d2c49e86d6d518954678ee3742cfd148ec70d7de642adb12c3d44f069eb7","continuation","False","108","71","37","0.343","4","4","16","12"
"2026-04-13T10:10:11.882131Z","final-24h-tenant","7e915de8c02ff5f900b33e2b9a64938387ea98540633e521f73a6ccb35a88ad4","codex","3b6da28c539a3bde7ca92b676b4f24da87302b7545c46a0ffc6abd266e1f1d9d","f279fce3b57b4c660bd0ed054e4a83aa6d8844cfd059c89d71830fdd66a25b10","continuation","False","108","71","37","0.343","4","4","16","12"
"2026-04-13T10:10:41.990214Z","final-24h-tenant","7e915de8c02ff5f900b33e2b9a64938387ea98540633e521f73a6ccb35a88ad4","codex","977954d6d009138b7fb9e22b294f291acc781356e73a27560226708a89e79565","81c15f9bb8dd956f08e840f714dc79688d673d335dab8d39767fa85339538772","continuation","False","108","71","37","0.343","4","4","16","12"
"2026-04-13T10:11:12.119228Z","final-24h-tenant","7e915de8c02ff5f900b33e2b9a64938387ea98540633e521f73a6ccb35a88ad4","codex","37a304883fc45f77cc1b3a5904f88fd7942595cb5a6cbee0bebd56ebe9d6af14","e33b5a8e3e6477ab2da8c0becb82cec86ee0623ffbd8fbcaf0182241f72802fa","continuation","False","108","71","37","0.343","4","4","16","12"
"2026-04-13T10:11:42.257931Z","final-24h-tenant","7e915de8c02ff5f900b33e2b9a64938387ea98540633e521f73a6ccb35a88ad4","codex","4d62659a7b98706df7eb07e751516694d9d43e3c049f80c5361bfd9d404e4742","86d82bb8f0490a822ca74d7375670754df5187057dd504a2b7fe6d29982a9942","continuation","False","108","71","37","0.343","4","4","16","12"
"2026-04-13T10:12:12.402020Z","final-24h-tenant","7e915de8c02ff5f900b33e2b9a64938387ea98540633e521f73a6ccb35a88ad4","codex","a1c0719ecb989e922c4063d7715abce86fa7c35b666d9d4af7f8121a1fc1b9c1","16c0303822dd98902afa0ac3734f9c84d4fb9d588528caa03814f4b07282b049","continuation","False","108","71","37","0.343","4","4","16","12"
"2026-04-13T10:12:42.540250Z","final-24h-tenant","7e915de8c02ff5f900b33e2b9a64938387ea98540633e521f73a6ccb35a88ad4","codex","a6014bceea6c02f8f580f00e72854dbeec3f82995376bc26eb6a7f8c04860577","6037639b2029b1e7af29be962852701fd9da37b63d275f7a65c5687854b71f09","continuation","False","108","71","37","0.343","4","4","16","12"
"2026-04-13T10:13:12.666081Z","final-24h-tenant","7e915de8c02ff5f900b33e2b9a64938387ea98540633e521f73a6ccb35a88ad4","codex","84db0538a80669bd416f313165ea4201ddae528f7369005f54f87abc33492a03","bf971c817da006c1ba22075e3bd10cf2e931f543f7b8e85b3a6490d468e5dd9b","continuation","False","108","71","37","0.343","4","4","16","12"
"2026-04-13T10:13:42.807622Z","final-24h-tenant","7e915de8c02ff5f900b33e2b9a64938387ea98540633e521f73a6ccb35a88ad4","codex","f7ab5ced917a4fee0a4cc3085f80a4f1632582f97246710a85fb28c3d71d734f","a3de34810ee13fdf2e41d644f21f64dce1c3c1bfa5bef03c6ea302293b862536","continuation","False","108","71","37","0.343","4","4","16","12"
"2026-04-13T10:14:12.957254Z","final-24h-tenant","7e915de8c02ff5f900b33e2b9a64938387ea98540633e521f73a6ccb35a88ad4","codex","5402c573cdf1bdd9cb3153c06b8563a7e5bdd3f40e990e822e553bd9d468c736","d717524221ae52dffaa2ed10128043cff223bca1603a99b1f004cd2f3ef4cf30","continuation","False","108","71","37","0.343","4","4","16","12"
"2026-04-13T10:14:43.105169Z","final-24h-tenant","7e915de8c02ff5f900b33e2b9a64938387ea98540633e521f73a6ccb35a88ad4","codex","4458eee5a7146db44feaa0843ae04a653f04f9b51de86207367eca12466f4b76","53da21d58e549edffc38b861d237b6dda8e5a1af430caec4c532a78c7c18568e","continuation","False","108","71","37","0.343","4","4","16","12"
"2026-04-13T10:15:13.232302Z","final-24h-tenant","7e915de8c02ff5f900b33e2b9a64938387ea98540633e521f73a6ccb35a88ad4","codex","8fa5e52ef17b063103d6c8727fdbe3041c071b6905753f6af844ac8c82131042","f81391a136311aca93bb9cd0440928f8a2616c5e04b24a771fb898f1f2f86248","continuation","False","108","71","37","0.343","4","4","16","12"
"2026-04-13T10:15:43.347770Z","final-24h-tenant","7e915de8c02ff5f900b33e2b9a64938387ea98540633e521f73a6ccb35a88ad4","codex","4c3e5a7548c85f12a489ea8c0542fe1b9ad0df2fa6df31318c3775ad456e8cd7","6dc25013241a196820d4afc7f0a611bb87f6846184aa48ebfdd274f5746b8a8c","continuation","False","108","71","37","0.343","4","4","16","12"
"2026-04-13T10:16:13.502269Z","final-24h-tenant","7e915de8c02ff5f900b33e2b9a64938387ea98540633e521f73a6ccb35a88ad4","codex","dcf61fbe86d59f57b57232472e50eb012ee77d48ffdae222922fc4d8819c99d9","a577b767786cc52b7e4756de6730183bb28ec0d23e964f7529ac0be57205cc49","continuation","False","108","71","37","0.343","4","4","16","12"
"2026-04-13T10:16:43.634696Z","final-24h-tenant","7e915de8c02ff5f900b33e2b9a64938387ea98540633e521f73a6ccb35a88ad4","codex","413f61d6c9d05d9a0615bcd1eee2295f4c1f239d86e6361627d907bb6ffda726","300045ac30c84bec3ffaa95bc2c50efc9c248688f4ab846176779acd44d72e7d","continuation","False","108","71","37","0.343","4","4","16","12"
"2026-04-13T10:17:13.780553Z","final-24h-tenant","7e915de8c02ff5f900b33e2b9a64938387ea98540633e521f73a6ccb35a88ad4","codex","cff4f45de013bfdd5e8f77cb0775f81e3d25f8e99b28a4c5c1d99f8626890fa2","7eddc88a410ae06bfd1aa341b896754712630aeafb54bab02b2dba24dff3e8b8","continuation","False","108","71","37","0.343","4","4","16","12"
"2026-04-13T10:17:43.928442Z","final-24h-tenant","7e915de8c02ff5f900b33e2b9a64938387ea98540633e521f73a6ccb35a88ad4","codex","ca328e78cf0e5d9370a9938df200f2c95bde908dfa532844fb3721a3a4dcd896","8b6df596920b991d4667dddecaab9d87a4f9c70aea6e3b715c6db1988c9eea28","continuation","False","108","71","37","0.343","4","4","16","12"
"2026-04-13T10:18:14.076411Z","final-24h-tenant","7e915de8c02ff5f900b33e2b9a64938387ea98540633e521f73a6ccb35a88ad4","codex","e2e6deecc723221cf7760e3d065883047b02e769f7e593e962be2a6a5b2ecb2d","a01db727441ed19a362bc09f694d58ba5421355553aed6fc8b2ae70582c28104","continuation","False","108","71","37","0.343","4","4","16","12"
"2026-04-13T10:18:44.202524Z","final-24h-tenant","7e915de8c02ff5f900b33e2b9a64938387ea98540633e521f73a6ccb35a88ad4","codex","e310a3274ebe0f73dd68b5c67097c9e9bfec2fecb3f4a0720d75aeb71a0fed63","038478504751833527eeef7a4f8bae815c9834b4c671ad5ae30ff21b4d4bb1fe","continuation","False","108","71","37","0.343","4","4","16","12"
"2026-04-13T10:19:14.335604Z","final-24h-tenant","7e915de8c02ff5f900b33e2b9a64938387ea98540633e521f73a6ccb35a88ad4","codex","ddb855d3cfb87915f355c2fa54ae7bd2586d92bfbf1993862a366351a364b90a","afacf8c718abb109300625482d8fc5a6b4e750913d7dd987e2eb209c91df903d","continuation","False","108","71","37","0.343","4","4","16","12"
"2026-04-13T10:19:44.477874Z","final-24h-tenant","7e915de8c02ff5f900b33e2b9a64938387ea98540633e521f73a6ccb35a88ad4","codex","acbd0a587974c33ec9606605f6317c8232abe0a5b4765d9ac8379eb98ae311f1","3da7437508e79219d15cb56ace671228ef181cfbdb93ea475a18eb60c8118ed1","continuation","False","108","71","37","0.343","4","4","16","12"
"2026-04-13T10:20:14.628348Z","final-24h-tenant","7e915de8c02ff5f900b33e2b9a64938387ea98540633e521f73a6ccb35a88ad4","codex","aed08270aff0f55a7bbc7dfc794c5ed59e9547f3fa29156f0508d20d1c2dd052","9b238830269a3b536864ae7511764584be9215fed7841bfdf1b78f1082bb5caf","continuation","False","108","71","37","0.343","4","4","16","12"
"2026-04-13T10:20:44.747981Z","final-24h-tenant","7e915de8c02ff5f900b33e2b9a64938387ea98540633e521f73a6ccb35a88ad4","codex","7c5e55db1848d15707df1280faf6e1c72740a26d34b84d34e69f4ae626ca3359","3c5112b788057f5d5d40fc596f2d406ed8da0cf094ec238c80736a63cbb720d8","continuation","False","108","71","37","0.343","4","4","16","12"
"2026-04-13T10:21:14.902327Z","final-24h-tenant","7e915de8c02ff5f900b33e2b9a64938387ea98540633e521f73a6ccb35a88ad4","codex","510bcc33482f44bcc574fd4d759608e05ef77a3e4fabddc1302f582646e9a19b","746679236bc749502f98949632763cf1c9e2c528838313b0262b20c4a5f3d450","continuation","False","108","71","37","0.343","4","4","16","12"
"2026-04-13T10:21:45.061630Z","final-24h-tenant","7e915de8c02ff5f900b33e2b9a64938387ea98540633e521f73a6ccb35a88ad4","codex","c158969e8a4dd50e55e9701ad08d751f9f1b896f6673d42085af134e2512412d","1aed075b3cf5806f14afe3f44a842b9453b633f5411b2f385a4960ffd3f43385","continuation","False","108","71","37","0.343","4","4","16","12"
"2026-04-13T10:22:15.207554Z","final-24h-tenant","7e915de8c02ff5f900b33e2b9a64938387ea98540633e521f73a6ccb35a88ad4","codex","4b1f8b70dd060477bc9854f5a750472b6e79b586226c586a8af53d68c1e837d0","13adc872843b3230c3a756457c3f89fa6ff8c7de93ce3c905cfec58af528dd15","continuation","False","108","71","37","0.343","4","4","16","12"
"2026-04-13T10:22:45.355555Z","final-24h-tenant","7e915de8c02ff5f900b33e2b9a64938387ea98540633e521f73a6ccb35a88ad4","codex","bb53c11d95f7d89ec5882f4a6df5fed7b98c11580c576886e683f34d52fd2438","fe5d5eab26a77a46bbf4003e1bf10a3a3dbdaa2a74a00eea817743874a0bc1eb","continuation","False","108","71","37","0.343","4","4","16","12"
"2026-04-13T10:23:15.482839Z","final-24h-tenant","7e915de8c02ff5f900b33e2b9a64938387ea98540633e521f73a6ccb35a88ad4","codex","353e38606cdef1579a102d0da3d0f16957b4100640edefcbc6988a2ed4951705","49076041bc1c03ce662893ea510bab79cb79beed5b7e3629e68ac561ac96ca2b","continuation","False","108","71","37","0.343","4","4","16","12"
"2026-04-13T10:23:45.621651Z","final-24h-tenant","7e915de8c02ff5f900b33e2b9a64938387ea98540633e521f73a6ccb35a88ad4","codex","6ebcd6f564cc0379f34fc708f574487d85a18cd07d36155959d1b8f063200e55","96801826e5cb008fe4281782bba58a062d020accab42890f16c778abcb0fe655","continuation","False","108","71","37","0.343","4","4","16","12"
"2026-04-13T10:24:15.758695Z","final-24h-tenant","7e915de8c02ff5f900b33e2b9a64938387ea98540633e521f73a6ccb35a88ad4","codex","f91f2030140cca7196248c407a4eb61822885da1a4168412f07fcef50c12f3bf","353c6d672f1db6b737c181d35fc95b47e7e3b0b30856ec691d26accacd6d23df","continuation","False","108","71","37","0.343","4","4","16","12"
"2026-04-13T10:24:45.899690Z","final-24h-tenant","7e915de8c02ff5f900b33e2b9a64938387ea98540633e521f73a6ccb35a88ad4","codex","ed544706f31bd95259d112a8828c9f5e28ca5eec5f69005bfc47dfff8ef2fe87","4c1402af644f67142f2ee0a4dfb302bf644af2ff1f649f145fb03ba5a5a2f6e2","continuation","False","108","71","37","0.343","4","4","16","12"
"2026-04-13T10:25:16.033287Z","final-24h-tenant","7e915de8c02ff5f900b33e2b9a64938387ea98540633e521f73a6ccb35a88ad4","codex","bdd0bfa77a8a57005bd5de0bcda1972a10b7270f451b0bb3eea8f550c087afb0","3cdc9e044f308dfed0a9654bea1516fe8429ca0857fe18468ce319f8ab290c3c","continuation","False","108","71","37","0.343","4","4","16","12"
"2026-04-13T10:25:46.161707Z","final-24h-tenant","7e915de8c02ff5f900b33e2b9a64938387ea98540633e521f73a6ccb35a88ad4","codex","6a472dbc9b89cd9f6f357099de163a70779ff72a12bc10b4de7e1334cbb9f95b","3eec0afe7dc18769feb124260cc21634dd8f7256799d5901174dfb7beec6f038","continuation","False","108","71","37","0.343","4","4","16","12"
"2026-04-13T10:26:16.299318Z","final-24h-tenant","7e915de8c02ff5f900b33e2b9a64938387ea98540633e521f73a6ccb35a88ad4","codex","44318ed4ad485de6df95bc782e087e94a0299b3627a6e7da8f82b740468d873d","8128ac3df57c86cdc9312fd69bcb02e538fe606dc857a8b0a9d10fe8e63518c0","continuation","False","108","71","37","0.343","4","4","16","12"
"2026-04-13T10:26:46.443404Z","final-24h-tenant","7e915de8c02ff5f900b33e2b9a64938387ea98540633e521f73a6ccb35a88ad4","codex","88bf3f013c70cba3da4fff416bfd00c0d248c5e29e9a6451a3e7a225a16e5aea","be513b8b749200ec2f0949d1e6cd2d80ecd9c5b866a457db2293041391da2bdf","continuation","False","108","71","37","0.343","4","4","16","12"
"2026-04-13T10:27:16.594702Z","final-24h-tenant","7e915de8c02ff5f900b33e2b9a64938387ea98540633e521f73a6ccb35a88ad4","codex","9b4d082aa61f41799888da91265feb780186f2a8770ecace6c2ae81b4775764c","449808c40fdb54d3422e58538ce6ae7fa9156dbec1d1f2df1e2bf60319de7e49","continuation","False","108","71","37","0.343","4","4","16","12"
"2026-04-13T10:27:46.749579Z","final-24h-tenant","7e915de8c02ff5f900b33e2b9a64938387ea98540633e521f73a6ccb35a88ad4","codex","e663d86f6bc05be4b0d285c21a2918ffb89886efebf6da7744622b1ce0815a00","eda983183173cde72dbbabc888a3e014c1852cc83383923f7a57c0e6d7e247a4","continuation","False","108","71","37","0.343","4","4","16","12"
"2026-04-13T10:28:16.900029Z","final-24h-tenant","7e915de8c02ff5f900b33e2b9a64938387ea98540633e521f73a6ccb35a88ad4","codex","f8699e4c1c64bffdf0a38283b25f563238a4b49beadc3d39c87ad6cc7583ecce","bf3d8e09ca120aafc6d161ed62232cff908b8b8d0b9dc27fc98f0a01f276b04f","continuation","False","108","71","37","0.343","4","4","16","12"
"2026-04-13T10:28:47.043779Z","final-24h-tenant","7e915de8c02ff5f900b33e2b9a64938387ea98540633e521f73a6ccb35a88ad4","codex","28ee7da44e4c62fe0ce6bdc77fada37b41841f90884c77d80f0b40ed61ebfda7","f535d0b11ce4d2ebdc29b28d4c0793955cb620b6614c861fba8ffa00076eb7d1","continuation","False","108","71","37","0.343","4","4","16","12"
"2026-04-13T10:29:17.172971Z","final-24h-tenant","7e915de8c02ff5f900b33e2b9a64938387ea98540633e521f73a6ccb35a88ad4","codex","4173030599e1c13353ef3666e1ba78ec161879b50ecda085674986c0eed3c8d8","78950da8f12c033847916d33ce0eff8d9cca42d8e304b5d8725215e30b0681d1","continuation","False","108","71","37","0.343","4","4","16","12"
"2026-04-13T10:29:47.331297Z","final-24h-tenant","7e915de8c02ff5f900b33e2b9a64938387ea98540633e521f73a6ccb35a88ad4","codex","865b5a091f283434dae9b495e11d26cc5528d012bdf36206d0e39e5849418e74","1079297eecd2d63906de7bbd4907a895bf8bf52bb4e04c205a4ad99d4015a4db","continuation","False","108","71","37","0.343","4","4","16","12"
"2026-04-13T10:30:17.493732Z","final-24h-tenant","7e915de8c02ff5f900b33e2b9a64938387ea98540633e521f73a6ccb35a88ad4","codex","e62c4eef346312d5a466bf378835c91eadf8220d3cf394d5866fc7b49dc63afe","c7f059e42fe3f44e1899018351ee3d19d5f27d392399128f2e2fa7d07eb91c3e","continuation","False","108","71","37","0.343","4","4","16","12"
"2026-04-13T10:30:47.622046Z","final-24h-tenant","7e915de8c02ff5f900b33e2b9a64938387ea98540633e521f73a6ccb35a88ad4","codex","2fd9dbc19709383b931b5f08c28c03fd8527ca385dba10b80222c56682689f99","904abf4e7582be6efcef2d9727b5f1f3f31f7fb91dee24ccdb8784504e25eade","continuation","False","108","71","37","0.343","4","4","16","12"
"2026-04-13T10:31:17.775584Z","final-24h-tenant","7e915de8c02ff5f900b33e2b9a64938387ea98540633e521f73a6ccb35a88ad4","codex","59d3d97ba8389a3731ab73095dcf43a731f1329a5dd871e910d791557059d522","c401314057bba02db7b9c88f12a4421305b69a3a3395d48c0352072248256042","continuation","False","108","71","37","0.343","4","4","16","12"
"2026-04-13T10:31:47.957881Z","final-24h-tenant","7e915de8c02ff5f900b33e2b9a64938387ea98540633e521f73a6ccb35a88ad4","codex","de3f35e43d601c934a513e31c312af8afbaf8d6340b430cf68cd6bb224afd3e1","1cbf3b7179257ff580b868da413bd4931ab33b3127392d6665942e4e160ddf6c","continuation","False","108","71","37","0.343","4","4","16","12"
"2026-04-13T10:32:18.109910Z","final-24h-tenant","7e915de8c02ff5f900b33e2b9a64938387ea98540633e521f73a6ccb35a88ad4","codex","f6b81eaf9c545c3dc25d4a78382b13861e3e5230f9a6081e57bdc7af04aae6c1","0feaa633d7d0243b4a8941f2cbfaf524fff49e0448ecbab43e1ce7c450b52ed5","continuation","False","108","71","37","0.343","4","4","16","12"
"2026-04-13T10:32:48.247244Z","final-24h-tenant","7e915de8c02ff5f900b33e2b9a64938387ea98540633e521f73a6ccb35a88ad4","codex","5d01e642ea4bd738ae10ed2dd3964bd4efadd62aad004e55dc7901479e8503a7","990fd45476eaba80b0bba772a2be9e3811f9f5b08bc00edfcb9be7d0095db4ab","continuation","False","108","71","37","0.343","4","4","16","12"
"2026-04-13T10:33:18.398602Z","final-24h-tenant","7e915de8c02ff5f900b33e2b9a64938387ea98540633e521f73a6ccb35a88ad4","codex","00b8ea51daa67ad1142df2bf652a1e4fbd983f40ec6aa26505f431d2df52459a","5cc744495d75f2279c5231c4b260d5688f55b81e2af238daceda80ac8fe5657a","continuation","False","108","71","37","0.343","4","4","16","12"
"2026-04-13T10:33:48.557526Z","final-24h-tenant","7e915de8c02ff5f900b33e2b9a64938387ea98540633e521f73a6ccb35a88ad4","codex","5846c5f1cffb50bc35654d2426904490abefa8f16f7bc90169bb3dbf34c4a0fc","231856da1f9baf6d41127fb39b2c1c6f38d56cf0995da6d41b8c39957e67cf40","continuation","False","108","71","37","0.343","4","4","16","12"
"2026-04-13T10:34:18.714448Z","final-24h-tenant","7e915de8c02ff5f900b33e2b9a64938387ea98540633e521f73a6ccb35a88ad4","codex","b22e2fbff6369fd6413a6c05b59d5d98f8d393b4ce07d668f4a24b3d4df0e963","773f91c3a73e1a118b2992aae30499686b23a6329063b47e0d69ea9228ff6025","continuation","False","108","71","37","0.343","4","4","16","12"
"2026-04-13T10:34:48.866965Z","final-24h-tenant","7e915de8c02ff5f900b33e2b9a64938387ea98540633e521f73a6ccb35a88ad4","codex","3df599fb1bbe0cddf08fd1c57d043abb56d717adf44576cf56128f8bf7367145","63fadcff3250f74db586481bed7aa0a9b188f2fd4188ab4c1e9c1e81b36fb00c","continuation","False","108","71","37","0.343","4","4","16","12"
"2026-04-13T10:35:19.028031Z","final-24h-tenant","7e915de8c02ff5f900b33e2b9a64938387ea98540633e521f73a6ccb35a88ad4","codex","b1bf25944d71a328faae5e0f7f454e82f5860a283c383d21f3e722c57ca521b3","06c173cd913b0b660632ee4ee29edea638a6a9e666a0b223973918687809854d","continuation","False","108","71","37","0.343","4","4","16","12"
"2026-04-13T10:35:49.172029Z","final-24h-tenant","7e915de8c02ff5f900b33e2b9a64938387ea98540633e521f73a6ccb35a88ad4","codex","c38163681fb07dd885e1ab07477af70c5fa7c5ab0fa132afd3f56b084c4db818","fb7146a80127a44f26baddf8abf67230149a22e1cd1e48cf65234454890d113c","continuation","False","108","71","37","0.343","4","4","16","12"
"2026-04-13T10:36:19.305334Z","final-24h-tenant","7e915de8c02ff5f900b33e2b9a64938387ea98540633e521f73a6ccb35a88ad4","codex","7c68af11ce43f190951b2a1cadd15a14738a150c1f03dd1d91c79a2091407b39","445187c0f90d170ace8f228f62b044c7b86d191ba66b4ace247e8612d0298cbb","continuation","False","108","71","37","0.343","4","4","16","12"
"2026-04-13T10:36:49.434649Z","final-24h-tenant","7e915de8c02ff5f900b33e2b9a64938387ea98540633e521f73a6ccb35a88ad4","codex","741afc5f3fd4732123033a637a5fa9b737a2192857e17370552d8ac507772ebd","c57af4ced4c5293a3ec563cfb001a0969c8194c77180da65c3ee0422904ccbb5","continuation","False","108","71","37","0.343","4","4","16","12"
"2026-04-13T10:37:19.607134Z","final-24h-tenant","7e915de8c02ff5f900b33e2b9a64938387ea98540633e521f73a6ccb35a88ad4","codex","3ff07a17dc56b9c9e5d05666083a8dfdfb58bfc3829194d00620eed72559ad61","6aea07c5d9760049e2828852b89df5fed8f1156e7eae386755e0c7e50e5d944f","continuation","False","108","71","37","0.343","4","4","16","12"
"2026-04-13T10:37:49.762669Z","final-24h-tenant","7e915de8c02ff5f900b33e2b9a64938387ea98540633e521f73a6ccb35a88ad4","codex","3025b6e0a2f0108aa70e887e4123a259654b7d6c0dbd3c1b754b120fcbcdd43c","a51caf7fb0d3877ff507c5b461a80fb13eed81df6c32da311547158a2d9b1850","continuation","False","108","71","37","0.343","4","4","16","12"
"2026-04-13T10:38:19.918480Z","final-24h-tenant","7e915de8c02ff5f900b33e2b9a64938387ea98540633e521f73a6ccb35a88ad4","codex","e6bc00d0525f21880e9bba973db02a442be4bc21ae7865bc051ff3bfde021d47","a42adfd600e578d1609fe06a41ae5c02e32e240f1499e83362605d186a867e88","continuation","False","108","71","37","0.343","4","4","16","12"
"2026-04-13T10:38:50.064488Z","final-24h-tenant","7e915de8c02ff5f900b33e2b9a64938387ea98540633e521f73a6ccb35a88ad4","codex","e60e2156b13da366922f9f23c1b701890c8eca51a72ad8a70c82fd49ce2b6f32","37d338a1346b2288f741d569adc8e477aa3a63aa9edf4867bffaa8be67b4f05b","continuation","False","108","71","37","0.343","4","4","16","12"
"2026-04-13T10:39:20.205445Z","final-24h-tenant","7e915de8c02ff5f900b33e2b9a64938387ea98540633e521f73a6ccb35a88ad4","codex","f602a94aafbe86733b5c5f5c24497a0c3628155c878917d5170bd37725a8beb7","b49f57b89b0c8685e75ce9fdc671b24ce602b9caabe1a412f222aea9dbafb3b3","continuation","False","108","71","37","0.343","4","4","16","12"
"2026-04-13T10:39:50.354876Z","final-24h-tenant","7e915de8c02ff5f900b33e2b9a64938387ea98540633e521f73a6ccb35a88ad4","codex","22b8853464f73155fddbb315d193583120d06c8e4ac74a35c65d9e2c318b198c","87fb6b191200e4c07e2ab040b83dd065d696537157aae57263a50113776d197b","continuation","False","108","71","37","0.343","4","4","16","12"
"2026-04-13T10:40:20.498492Z","final-24h-tenant","7e915de8c02ff5f900b33e2b9a64938387ea98540633e521f73a6ccb35a88ad4","codex","3c5800b5c97cac68edad31b60c91498d1cf803ddd647b5cf77a7ff198341181f","aa9c00daa7d9de8ba6ce4bb2e5b9a73b8705919c36ee63c5d5829f39bc45a5f4","continuation","False","108","71","37","0.343","4","4","16","12"
"2026-04-13T10:40:50.636016Z","final-24h-tenant","7e915de8c02ff5f900b33e2b9a64938387ea98540633e521f73a6ccb35a88ad4","codex","737bc752c65cf0b1717f57c3c94a9e88834de42f08ca6c4f7700a01529d7b8cd","38f23d7ce0b95fd2f3335519f06f2fb53955c6e6d3627e3408c0bc2470558bd2","continuation","False","108","71","37","0.343","4","4","16","12"
"2026-04-13T10:41:20.796684Z","final-24h-tenant","7e915de8c02ff5f900b33e2b9a64938387ea98540633e521f73a6ccb35a88ad4","codex","2c4743a1d880b351a1a201251fcbd2d10c9e4b28edfad786b4db4be7c6de7b3d","004a1f9b3ce6506ce47098b7928dcc70ebb6bd5aaecbdf69f89c749884498859","continuation","False","108","71","37","0.343","4","4","16","12"
"2026-04-13T10:41:50.960436Z","final-24h-tenant","7e915de8c02ff5f900b33e2b9a64938387ea98540633e521f73a6ccb35a88ad4","codex","18558103b164325c8e6f2bd42c96fb65f02dd87f859345d2fa529620fc167346","a8fda720329bf34694154e17d68d4d27fd00dca3a1bb6bbc584d23af1154907c","continuation","False","108","71","37","0.343","4","4","16","12"
"2026-04-13T10:42:21.110687Z","final-24h-tenant","7e915de8c02ff5f900b33e2b9a64938387ea98540633e521f73a6ccb35a88ad4","codex","2ec5277b96a7bae93efb163946fef97b71bc4b39e394faefdc3c25bf5b482ecf","3a49209bd984affbc65ca80a2c06b3ec6c4c108b929df5d018db5df2becb546e","continuation","False","108","71","37","0.343","4","4","16","12"
"2026-04-13T10:42:51.255404Z","final-24h-tenant","7e915de8c02ff5f900b33e2b9a64938387ea98540633e521f73a6ccb35a88ad4","codex","1702148cdabd4f2e15366757415169848d3554ed43561a142bcdad79428c0bac","752b683e0e06878cb1f74d182fcb4a8cb972123428aee09e1a550cfb5238e0d4","continuation","False","108","71","37","0.343","4","4","16","12"
"2026-04-13T10:43:21.411562Z","final-24h-tenant","7e915de8c02ff5f900b33e2b9a64938387ea98540633e521f73a6ccb35a88ad4","codex","1ff8fbc0b37cf60c5592daa7c16e4583679bd635c2e06bfe24c325b9db8bb96c","3456b47f2022db3b8a26e57bf4fe50807f28fc3454c3d75b2286cf62ac2d00e7","continuation","False","108","71","37","0.343","4","4","16","12"
"2026-04-13T10:43:51.562688Z","final-24h-tenant","7e915de8c02ff5f900b33e2b9a64938387ea98540633e521f73a6ccb35a88ad4","codex","bcc3bf0526726f8b493cc14393c3751afae389160d2ce5c0c561df260900a6fc","76bf0a847320cdc37e24de2d73145597e55197e99596d387701aa426bd50d82f","continuation","False","108","71","37","0.343","4","4","16","12"
"2026-04-13T10:44:21.704698Z","final-24h-tenant","7e915de8c02ff5f900b33e2b9a64938387ea98540633e521f73a6ccb35a88ad4","codex","7ee781f00b2a433bdf6fd8db8acb24811b7568ee363fe149338f2f57816a3c19","d6c736a8635a8796c69a7b41fc8f0d815ef83a7bb93fdd4e0775de59a29b5cdc","continuation","False","108","71","37","0.343","4","4","16","12"
"2026-04-13T10:44:51.869569Z","final-24h-tenant","7e915de8c02ff5f900b33e2b9a64938387ea98540633e521f73a6ccb35a88ad4","codex","ad024479989b6d0d73398234cfe2171ab7e97b604fad5154b44e68425c7347b1","ea94fac9dac1cc03706e8ca45d304ea26ce063ff63b208df3cac4c0a5bfc4b4f","continuation","False","108","71","37","0.343","4","4","16","12"
"2026-04-13T10:45:22.011130Z","final-24h-tenant","7e915de8c02ff5f900b33e2b9a64938387ea98540633e521f73a6ccb35a88ad4","codex","09e4878e6762d430399fa5bff525d21cab51c08361c09bcbece5b787697518ca","38cfbf53999c58caab81ee32858f982161c5a8290f73a93643e3f2409510a676","continuation","False","108","71","37","0.343","4","4","16","12"
"2026-04-13T10:45:52.155955Z","final-24h-tenant","7e915de8c02ff5f900b33e2b9a64938387ea98540633e521f73a6ccb35a88ad4","codex","06298465c5142eb3b6e3f17abd5df6ad747e11b122c695ff31ca8aebe806cb97","2b43ae3adae6a905cddbca365c4a1abdc598029b50c52b44d60dc95a9a1c9893","continuation","False","108","71","37","0.343","4","4","16","12"
"2026-04-13T10:46:22.347532Z","final-24h-tenant","7e915de8c02ff5f900b33e2b9a64938387ea98540633e521f73a6ccb35a88ad4","codex","be358875ba97debd98f283a9d0e664bfdeafedd65eda237dc2eb80c33fbe776a","d6c6cf3c69549d19e3e33bcada03cf946f6b68bc3e50e270c3c8565b32770f62","continuation","False","108","71","37","0.343","4","4","16","12"
"2026-04-13T10:46:52.513557Z","final-24h-tenant","7e915de8c02ff5f900b33e2b9a64938387ea98540633e521f73a6ccb35a88ad4","codex","b10d330576d18ae98b26af74c92d3feae403bfac3b6480f72d3f896dc6a38653","5cfb6ca39927100fa498ac699d5ed1aa31086621aa924c2d9cf5983a4e7857e2","continuation","False","108","71","37","0.343","4","4","16","12"
"2026-04-13T10:47:22.682830Z","final-24h-tenant","7e915de8c02ff5f900b33e2b9a64938387ea98540633e521f73a6ccb35a88ad4","codex","75e7d8d6e0bb061a6007b7dbfa89c3b0b42d834a82b735d44ad260bd3f07750f","60d79d56a205861781ce2977f42843d5fa10208a98dfee8fa8b821c3ad58dd5e","continuation","False","108","71","37","0.343","4","4","16","12"
"2026-04-13T10:47:52.844672Z","final-24h-tenant","7e915de8c02ff5f900b33e2b9a64938387ea98540633e521f73a6ccb35a88ad4","codex","95104e6466a68935ba3efbba28d78862569b8fc7bac205cd9ab61c345033a5e0","f51341fefe245e11293539429e89fc6d25cfa93e7ca1f8597ebcf02dcdc9b3b8","continuation","False","108","71","37","0.343","4","4","16","12"
"2026-04-13T10:48:23.005981Z","final-24h-tenant","7e915de8c02ff5f900b33e2b9a64938387ea98540633e521f73a6ccb35a88ad4","codex","8fd3aedfbc495e245dc92db3c2d49df586beff1c4d0df86c2fb9ebb0e752906e","b1cfaded817b81bc1e6bb7bce169f9887587ac128cb8c455291b13e9417cd311","continuation","False","108","71","37","0.343","4","4","16","12"
"2026-04-13T10:48:53.158971Z","final-24h-tenant","7e915de8c02ff5f900b33e2b9a64938387ea98540633e521f73a6ccb35a88ad4","codex","3406de9544642100d0b0fd645eb7ed45521ad9eaa9d1541dcfac8a4425b38b83","3ac56692c3ee689a1fd5647000bbe81754c1bdf8887d0f15468c41fabf1a74d0","continuation","False","108","71","37","0.343","4","4","16","12"
"2026-04-13T10:49:23.317038Z","final-24h-tenant","7e915de8c02ff5f900b33e2b9a64938387ea98540633e521f73a6ccb35a88ad4","codex","5ff0e2a7d3fee9f58548a1e78981108f9f3c25ddc3fa996df995efa7f5b778f6","6aec048bab1db538759e618f2a926bd1c836af8d3dc902513b3d5c83a37490d8","continuation","False","108","71","37","0.343","4","4","16","12"
"2026-04-13T10:49:53.476083Z","final-24h-tenant","7e915de8c02ff5f900b33e2b9a64938387ea98540633e521f73a6ccb35a88ad4","codex","c899f7b265c642091c0b9e7d8dcd8354575eb8f368ec97c9ee6c9fc0d9955046","ccff4f56c55f90c8e674bb4ad69ee4ff9e980a8c16414bdfdd82e23f24d90ad6","continuation","False","108","71","37","0.343","4","4","16","12"
"2026-04-13T10:50:23.622864Z","final-24h-tenant","7e915de8c02ff5f900b33e2b9a64938387ea98540633e521f73a6ccb35a88ad4","codex","185da57b9c2711697e360f872dc2ee08183edb57c2026afed362dc236227f8a5","f0976e38d8fb992eeea2f930b03e6790db7034e8acd305d8154985b2b9c2bddc","continuation","False","108","71","37","0.343","4","4","16","12"
"2026-04-13T10:50:53.767402Z","final-24h-tenant","7e915de8c02ff5f900b33e2b9a64938387ea98540633e521f73a6ccb35a88ad4","codex","b008fe180b5db793fdc9ce2b6a46c6c608bb93e9044f9eb5fb3a1d089a955e90","1070ff8066053176cb5cc1c87c39b92c966244d90c2a33506db18eaab058f8b0","continuation","False","108","71","37","0.343","4","4","16","12"
"2026-04-13T10:51:23.948820Z","final-24h-tenant","7e915de8c02ff5f900b33e2b9a64938387ea98540633e521f73a6ccb35a88ad4","codex","cfff4cb290446002e352d5812e871d835b10edefd832d3937dd9027952d00cf0","632e6a09f47bb6e740b038ded445a8870f67811197f56f33ccec484645f0c9bb","continuation","False","108","71","37","0.343","4","4","16","12"
"2026-04-13T10:51:54.100019Z","final-24h-tenant","7e915de8c02ff5f900b33e2b9a64938387ea98540633e521f73a6ccb35a88ad4","codex","916c698ba1ad068d10083beda7e0d5302c9e95600b7c9da2b8917212afbc3daf","2bd962436ffe326a895aab83d6c94d7ade2488f11094a379b21affc670187888","continuation","False","108","71","37","0.343","4","4","16","12"
"2026-04-13T10:52:24.261046Z","final-24h-tenant","7e915de8c02ff5f900b33e2b9a64938387ea98540633e521f73a6ccb35a88ad4","codex","5c89e56d1471c1605d83bf3d2934ca8df8317ba829901d3475aefa218a7f4fd0","2f20bdf85f3ad6d5cb5b1dac52531b035f51742b18e7909ed4abac7f5f6c5f55","continuation","False","108","71","37","0.343","4","4","16","12"
"2026-04-13T10:52:54.428116Z","final-24h-tenant","7e915de8c02ff5f900b33e2b9a64938387ea98540633e521f73a6ccb35a88ad4","codex","b5e8bc8038b3a49e1526a4556a8dac0e2c0cac420ece8ac7151cdbcbfc9f4e46","9f3d9b6b551abb5d7ccb3028a64e3a2dd446fb684bc60ea733448c608f11292c","continuation","False","108","71","37","0.343","4","4","16","12"
"2026-04-13T10:53:24.584348Z","final-24h-tenant","7e915de8c02ff5f900b33e2b9a64938387ea98540633e521f73a6ccb35a88ad4","codex","1243bf35fb9130e652f1173ffc91dc442edfe7d57091c3a49f30d715a08dc36a","90935c273b5706479a01d67e955b1f7e23d353f820c2d4fab0ba52254d9d1221","continuation","False","108","71","37","0.343","4","4","16","12"
"2026-04-13T10:53:54.769064Z","final-24h-tenant","7e915de8c02ff5f900b33e2b9a64938387ea98540633e521f73a6ccb35a88ad4","codex","292662d2df4ca57041f9806a8c319e1f74797d8a239afc941e2cd1e4b78799b6","04a08291320cf8b30bac59cd36ca20abbc62c23cf0805bd6e7f38e3a4f63cd7b","continuation","False","108","71","37","0.343","4","4","16","12"
"2026-04-13T10:54:24.937025Z","final-24h-tenant","7e915de8c02ff5f900b33e2b9a64938387ea98540633e521f73a6ccb35a88ad4","codex","0cfe8cccdaa8cee0e51b7920c459aa2bcb55331b98bb311353fcb00c2513a62d","87ab1e04bdd76342203ad156a233395a96dd6554bb77a0a48678fac4f36d95e7","continuation","False","108","71","37","0.343","4","4","16","12"
"2026-04-13T10:54:55.097996Z","final-24h-tenant","7e915de8c02ff5f900b33e2b9a64938387ea98540633e521f73a6ccb35a88ad4","codex","c81a038591d99d5e3a80810c0a8adb58c91ce918165077b1578110289ee2dd99","3101a66d8b92fab8351a7994d7028588e84b647fdb33d3e56c7e716aa739ac8e","continuation","False","108","71","37","0.343","4","4","16","12"
"2026-04-13T10:55:25.269382Z","final-24h-tenant","7e915de8c02ff5f900b33e2b9a64938387ea98540633e521f73a6ccb35a88ad4","codex","7c41771d62116b6cb27a5ca53db49c4e1f5dcdf254fa7aa43de795eebbacf8ce","68fccba966f85335ff9d8b8c002ba05402c282db5412b3fa6f2bbc9b00876818","continuation","False","108","71","37","0.343","4","4","16","12"
"2026-04-13T10:55:55.409322Z","final-24h-tenant","7e915de8c02ff5f900b33e2b9a64938387ea98540633e521f73a6ccb35a88ad4","codex","845d8fa39fdfc77846b7df35b05c76a8ff36a0156335edb486d47481d78ff8c8","6cf801a72f37231d7b4dd6d37938bc0dca8f0ace1aedfb8f7040f3baf14685e8","continuation","False","108","71","37","0.343","4","4","16","12"
"2026-04-13T10:56:25.600016Z","final-24h-tenant","7e915de8c02ff5f900b33e2b9a64938387ea98540633e521f73a6ccb35a88ad4","codex","0f8fd4ce79349aa79e0741bc868f763d482a3686ba49bd5b25d0afeb8213bd11","75a9441e469102f79e18afcede131117c4f7ed8ebafe673f8cba7034cce50581","continuation","False","108","71","37","0.343","4","4","16","12"
"2026-04-13T10:56:55.773119Z","final-24h-tenant","7e915de8c02ff5f900b33e2b9a64938387ea98540633e521f73a6ccb35a88ad4","codex","4d8d5c519c434ece85934d2f23819864dc155465d81c082315423bcaa0d8968a","91473e0af8ddee103477f17c77d360a9e436940786df25e78690127f98f657e8","continuation","False","108","71","37","0.343","4","4","16","12"
"2026-04-13T10:57:25.942290Z","final-24h-tenant","7e915de8c02ff5f900b33e2b9a64938387ea98540633e521f73a6ccb35a88ad4","codex","6d63f399a83e585e2146bff98239495f9ccb3f5771f0a22237fcf5a1197743d6","05c22543fe3f33322584603fe1936a78ac2964facadc937dcd38b90b98a30298","continuation","False","108","71","37","0.343","4","4","16","12"
"2026-04-13T10:57:56.097233Z","final-24h-tenant","7e915de8c02ff5f900b33e2b9a64938387ea98540633e521f73a6ccb35a88ad4","codex","1250b11b4a25a058070d4115f746d25a8d0a806f0c06257379dde4659857a85a","cf396d0d9cf476384a12f38c73c431d32c1a4e5acb612d5031b45274b8c1d6ae","continuation","False","108","71","37","0.343","4","4","16","12"
"2026-04-13T10:58:26.257163Z","final-24h-tenant","7e915de8c02ff5f900b33e2b9a64938387ea98540633e521f73a6ccb35a88ad4","codex","98e5e4b47efa9d38e9b962c6678d483205f05fb6914937479454abe059177050","018212958ff97862d8b57b8bbcea553a215a244ae507a2a722ccb10b5e1dc581","continuation","False","108","71","37","0.343","4","4","16","12"
"2026-04-13T10:58:56.410196Z","final-24h-tenant","7e915de8c02ff5f900b33e2b9a64938387ea98540633e521f73a6ccb35a88ad4","codex","d843b0df75e960c9ddae208b0c10b70f731b89a3c507a3af88ce6778cf33f765","5db7231ef5a095f14f8b60c01c1f41ab901edf8097c0495a45d3d092f75706e2","continuation","False","108","71","37","0.343","4","4","16","12"
"2026-04-13T10:59:26.579980Z","final-24h-tenant","7e915de8c02ff5f900b33e2b9a64938387ea98540633e521f73a6ccb35a88ad4","codex","088a6c33c2a55b99941105317bc41f71ec4478f3ec54d34f498637ecae966414","43fd33e76926089a43a8d5750139eaf910688cc26c44dddc46299dabb907efc2","continuation","False","108","71","37","0.343","4","4","16","12"
"2026-04-13T10:59:56.736209Z","final-24h-tenant","7e915de8c02ff5f900b33e2b9a64938387ea98540633e521f73a6ccb35a88ad4","codex","7b4d395d2168feacef6aad7657b3c278280bf9d6a096cdbb399e70d39b577f49","b195b556659afda4501d467faf40562871ac092fc89363446417a23b98bd3d8c","continuation","False","108","71","37","0.343","4","4","16","12"
"2026-04-13T11:00:26.891430Z","final-24h-tenant","7e915de8c02ff5f900b33e2b9a64938387ea98540633e521f73a6ccb35a88ad4","codex","adb579c2e81302af19273f1306040e73a99f50362b0b3b2e658ce6df70724677","7e4760cfcb896258e9f19c843493e727cd31478fddaf8a87df02cb50f2c326c2","continuation","False","108","71","37","0.343","4","4","16","12"
"2026-04-13T11:00:57.042646Z","final-24h-tenant","7e915de8c02ff5f900b33e2b9a64938387ea98540633e521f73a6ccb35a88ad4","codex","9db491d638f615232b0cb88aa49ea7097e4809499567f0fb2f24311c1a75be57","b230a0ec65edce9923991b83570b20bf832e6a5ab66daed751ed74834d458baa","continuation","False","108","71","37","0.343","4","4","16","12"
"2026-04-13T11:01:27.211304Z","final-24h-tenant","7e915de8c02ff5f900b33e2b9a64938387ea98540633e521f73a6ccb35a88ad4","codex","ee7740a3faebbfe81e7804a793462d68fb800a857d7e872468d74e68d180fe37","706c1190b18f642a257ab681cf7a6c486978504f9a94b355de4ecbc611651ad7","continuation","False","108","71","37","0.343","4","4","16","12"
"2026-04-13T11:01:57.390537Z","final-24h-tenant","7e915de8c02ff5f900b33e2b9a64938387ea98540633e521f73a6ccb35a88ad4","codex","bc885132c383e277ec785d530a6ccac5de1bf10cbbdf15b25d0645a8f5b4df94","d98583009302decbac160869f8fb6de15f54baa1630e396c2d03503943618c29","continuation","False","108","71","37","0.343","4","4","16","12"
"2026-04-13T11:02:27.542572Z","final-24h-tenant","7e915de8c02ff5f900b33e2b9a64938387ea98540633e521f73a6ccb35a88ad4","codex","7d087e1c28b93e7648163dc09ae2a1900ed7f84a6bb178a33be7db3add48d020","b39a09a4eab9e2df248d6fdc78583dfa94eac0ee10fb2e2ed7c628f04e7d8672","continuation","False","108","71","37","0.343","4","4","16","12"
"2026-04-13T11:02:57.697678Z","final-24h-tenant","7e915de8c02ff5f900b33e2b9a64938387ea98540633e521f73a6ccb35a88ad4","codex","3f6e349aee385ea52fa095d868402674dd5d7319537075ef346bb274b032a322","68d6c682811a52f9ec1ada4dbd8b16da581c4127cc6ee9b3a6e37842325cf923","continuation","False","108","71","37","0.343","4","4","16","12"
"2026-04-13T11:03:27.862343Z","final-24h-tenant","7e915de8c02ff5f900b33e2b9a64938387ea98540633e521f73a6ccb35a88ad4","codex","b06c9a057f8928e054b00350381dd544d0a46bf3dcedd9e388138a6211a901b2","b249fe4c1fba6ec60e698b6acb2ecb4ae5a2528d55014df674093a2c221a55b8","continuation","False","108","71","37","0.343","4","4","16","12"
"2026-04-13T11:03:58.029175Z","final-24h-tenant","7e915de8c02ff5f900b33e2b9a64938387ea98540633e521f73a6ccb35a88ad4","codex","4b868c76105901b24ac7cf9cff076dec41cf4bb384ef1c4d4d9e98fe9aef0852","c1c0822b53d9d77c13a3627dd20275e3f26dc60f621d187b6c7e2caea6644ba2","continuation","False","108","71","37","0.343","4","4","16","12"
"2026-04-13T11:04:28.203517Z","final-24h-tenant","7e915de8c02ff5f900b33e2b9a64938387ea98540633e521f73a6ccb35a88ad4","codex","f7034a034a04f8278b5baccfac1e1dc1381ea37fbfe27346c6781e735c7e5f9c","b15cf29746fe88910cb3445914adadc05df00a8c3053de07680e57c01249a3e1","continuation","False","108","71","37","0.343","4","4","16","12"
"2026-04-13T11:04:58.380962Z","final-24h-tenant","7e915de8c02ff5f900b33e2b9a64938387ea98540633e521f73a6ccb35a88ad4","codex","f6d71c300a376cfbc001cd4b571cba909ea4112aba80365069963052eea38f1a","9c8e7b0b77a20cdcf70e393815cd034d65a44b9f0e4d82f55365377d46b900f6","continuation","False","108","71","37","0.343","4","4","16","12"
"2026-04-13T11:05:28.557408Z","final-24h-tenant","7e915de8c02ff5f900b33e2b9a64938387ea98540633e521f73a6ccb35a88ad4","codex","52e52a7ca32db42d53a0193c341ae03a7a095b301665ccdeaeca32c9f2b08aba","ced84300c2261e946c192a221ded162ba49ba9f4a95c443a798b522599f69ab4","continuation","False","108","71","37","0.343","4","4","16","12"
"2026-04-13T11:05:58.714738Z","final-24h-tenant","7e915de8c02ff5f900b33e2b9a64938387ea98540633e521f73a6ccb35a88ad4","codex","fc829599282b46ed72600bf9b68968c809b290cbb1029b838579b930c146672a","9356e60ca6001ab617366aae5a52ca9f527396425363b834d438f5277cc6f62b","continuation","False","108","71","37","0.343","4","4","16","12"
"2026-04-13T11:06:28.905577Z","final-24h-tenant","7e915de8c02ff5f900b33e2b9a64938387ea98540633e521f73a6ccb35a88ad4","codex","cf00b85e63d1d0ba4a21714c26322acb4d4c4990788176e726d60a50319b006d","8f53d7dd6184482d1c417a68665232f41b9dab3cfe013600d7e7401856fdb04f","continuation","False","108","71","37","0.343","4","4","16","12"
"2026-04-13T11:06:59.074829Z","final-24h-tenant","7e915de8c02ff5f900b33e2b9a64938387ea98540633e521f73a6ccb35a88ad4","codex","cd09a4f33a8abfbb44757a9fc77b1e3f086535a12d781ac7db52a82d05d7fd09","7846f865d81a52baed6ec867de29519f32507c81a3297d64409a800b1773dcd1","continuation","False","108","71","37","0.343","4","4","16","12"
"2026-04-13T11:07:29.248353Z","final-24h-tenant","7e915de8c02ff5f900b33e2b9a64938387ea98540633e521f73a6ccb35a88ad4","codex","07da0fb02b77cfe7c152a2449a2d514dde5f947f662d9c4a9d81b4cad5729eae","1ef37d67f7dcea10e055be4c0b3382d71172f2381b28734f8482af8e63e211d5","continuation","False","108","71","37","0.343","4","4","16","12"
"2026-04-13T11:07:59.433345Z","final-24h-tenant","7e915de8c02ff5f900b33e2b9a64938387ea98540633e521f73a6ccb35a88ad4","codex","269bde65444e08623bc98891034371dd3981c08d7b5168536ff2bfd3747c5b2d","8849a42865f19ffd553880a48ac5b337207c6aa6777119f7fc22c41655eea9b1","continuation","False","108","71","37","0.343","4","4","16","12"
"2026-04-13T11:08:29.605591Z","final-24h-tenant","7e915de8c02ff5f900b33e2b9a64938387ea98540633e521f73a6ccb35a88ad4","codex","cce4d0ffdbae4b57d73e164d312cab6a01ee7b7a04492ffd0a815a65c2a388d5","f5846b3f77670cfa919e9321ffdb5d9eca8983082e7ac610ce35526afae905fe","continuation","False","108","71","37","0.343","4","4","16","12"
"2026-04-13T11:08:59.773822Z","final-24h-tenant","7e915de8c02ff5f900b33e2b9a64938387ea98540633e521f73a6ccb35a88ad4","codex","bc07f2284b22a4f1cffb0b1bd8fcf5b313b033ea296e3bed9d23e8fa5f9ee6be","a2adf5d49fd669c3bcff793c21f86803e7948d146c3c93737099b012ec714569","continuation","False","108","71","37","0.343","4","4","16","12"
"2026-04-13T11:09:29.938049Z","final-24h-tenant","7e915de8c02ff5f900b33e2b9a64938387ea98540633e521f73a6ccb35a88ad4","codex","260143ca6463aa5f1ed740b68dd7e16020526ccf95fa1c429a4e5ca7ed6369ae","7ad2597d3c404217d5a1b3904e4519979a96d6142caceecdbcd44152f696574d","continuation","False","108","71","37","0.343","4","4","16","12"
"2026-04-13T11:10:00.107359Z","final-24h-tenant","7e915de8c02ff5f900b33e2b9a64938387ea98540633e521f73a6ccb35a88ad4","codex","4b9fa50addd7c9bb8e9ae9c6817769918366f05caaaade2dd422d1bb277b6925","859826d1a15da5758b59b8d04ff3fdf06e1d55216faa49273e8d71d1817e0596","continuation","False","108","71","37","0.343","4","4","16","12"
"2026-04-13T11:10:30.273696Z","final-24h-tenant","7e915de8c02ff5f900b33e2b9a64938387ea98540633e521f73a6ccb35a88ad4","codex","14a9669a66d5a5521e01ba74642f8f56a89649555a209b9b58eb9ae1dba40a30","eb9cd883a949841eef6c76fed7011c9dcf890695558ddff78630484d550df398","continuation","False","108","71","37","0.343","4","4","16","12"
"2026-04-13T11:11:00.445798Z","final-24h-tenant","7e915de8c02ff5f900b33e2b9a64938387ea98540633e521f73a6ccb35a88ad4","codex","a50922cac08328eabcd5ab9cba50c92c8de48e419befc42a5e1394eedd794f4e","c3216c989f84ec8a856cfe6cc0805021db1aa537b4f2a9cb2f811158096ed4b8","continuation","False","108","71","37","0.343","4","4","16","12"
"2026-04-13T11:11:30.626407Z","final-24h-tenant","7e915de8c02ff5f900b33e2b9a64938387ea98540633e521f73a6ccb35a88ad4","codex","6dfbb3a4295c06370b2223ef6616df2fe75428988cc3a8b03c7ef43dd196ae39","7ec65af8f5d1d1942d7d8779de7951c9130b0f066bf53450735d710d02f968e4","continuation","False","108","71","37","0.343","4","4","16","12"
"2026-04-13T11:12:00.789802Z","final-24h-tenant","7e915de8c02ff5f900b33e2b9a64938387ea98540633e521f73a6ccb35a88ad4","codex","1f32fb7cf2a20034e6193f4f5be792d1121c859a8bb30472bdb5b4cb171bb304","cd2223d6818b9df7cc571accf2084a423d67a453d84ed20eaa33af85b68f6fd6","continuation","False","108","71","37","0.343","4","4","16","12"
"2026-04-13T11:12:30.967026Z","final-24h-tenant","7e915de8c02ff5f900b33e2b9a64938387ea98540633e521f73a6ccb35a88ad4","codex","7f9fdbf61d742f0768a1887de98df11293dab4985ad981f004c201b380184d84","c99446a36e7d3d074ee3c235817356b10058b4173e07783c74c3e9d19eb85aea","continuation","False","108","71","37","0.343","4","4","16","12"
"2026-04-13T11:13:01.146893Z","final-24h-tenant","7e915de8c02ff5f900b33e2b9a64938387ea98540633e521f73a6ccb35a88ad4","codex","8108812bcd30177d781695f36243bd8f4fb3dc6eebe9c9d24ec6d3a9073e4e04","4476071e8d0e893566f53b578c4901326b9df63864c1be4267514aa4d989dff2","continuation","False","108","71","37","0.343","4","4","16","12"
"2026-04-13T11:13:31.325787Z","final-24h-tenant","7e915de8c02ff5f900b33e2b9a64938387ea98540633e521f73a6ccb35a88ad4","codex","2f94897f0e779bfe79d86e6761204146d8264f5479ddaee112906b5151525f81","aed0e329e5469c4509407b21e83e2db46baabc506b10ca00dc0fc6c3d1fbec0e","continuation","False","108","71","37","0.343","4","4","16","12"
"2026-04-13T11:14:01.504109Z","final-24h-tenant","7e915de8c02ff5f900b33e2b9a64938387ea98540633e521f73a6ccb35a88ad4","codex","c7c6b318355b5c750733c67f4e608d69ca66b0e945544f0a48f49b510156843d","1e5d69ddd465372e213734f9ddf8a38fb0950647416b7beb7524219ca273f8a6","continuation","False","108","71","37","0.343","4","4","16","12"
"2026-04-13T11:14:31.671097Z","final-24h-tenant","7e915de8c02ff5f900b33e2b9a64938387ea98540633e521f73a6ccb35a88ad4","codex","978a0522d1197bc1bdde26db37d1922d53376e1aeab15c8b07bc78eaab9315ad","65af6a9293c7cd991d2f8d6f9d9a982caf040ad9b5f03964adf3695cd5549753","continuation","False","108","71","37","0.343","4","4","16","12"
"2026-04-13T11:15:01.849804Z","final-24h-tenant","7e915de8c02ff5f900b33e2b9a64938387ea98540633e521f73a6ccb35a88ad4","codex","5c3b42fc9ccfaad1f616e7a0c7b4d3d3f30e698a9d99b41c7f7a87442730019b","4dc072c53ddc01ac215fb1c09e7346c71c5c42e1d76e57aa57ad3ad25b9688d0","continuation","False","108","71","37","0.343","4","4","16","12"
"2026-04-13T11:15:32.059267Z","final-24h-tenant","7e915de8c02ff5f900b33e2b9a64938387ea98540633e521f73a6ccb35a88ad4","codex","535c5f75f084fd461290a6d7ba7332260dbdd75b8a79b606f29e0a1c534cf9e3","2d0a966a0a56dbbb1cd24bc26e4ed3207e799d73da83e79e132fda07fd3c7035","continuation","False","108","71","37","0.343","4","4","16","12"
"2026-04-13T11:16:02.226753Z","final-24h-tenant","7e915de8c02ff5f900b33e2b9a64938387ea98540633e521f73a6ccb35a88ad4","codex","908648eb67b00e84090d6597c3017508dcb621d697e6100659f69c83cd3d34f6","1c8d0bba3d54fe76becf4449a975029bdfdd920aede41e9f6af64b6aa8691ac5","continuation","False","108","71","37","0.343","4","4","16","12"
"2026-04-13T11:16:32.393309Z","final-24h-tenant","7e915de8c02ff5f900b33e2b9a64938387ea98540633e521f73a6ccb35a88ad4","codex","5425862d872ef30bb830a717811b3a09a5d003474ce2c4e576e384b953855b57","2128b3044d05fe013f3c0f42bc1a094c7a4b49b7b25a722cf721d129122e1cb6","continuation","False","108","71","37","0.343","4","4","16","12"
"2026-04-13T11:17:02.570078Z","final-24h-tenant","7e915de8c02ff5f900b33e2b9a64938387ea98540633e521f73a6ccb35a88ad4","codex","112ce5fcd283ef5d3b4ff5baba61c9c66286d91caba395eb75cd12a2f12f77af","652f180159a948c1b93f8a7de5d24c2101ee6190a64d1ab17b099844c65debe2","continuation","False","108","71","37","0.343","4","4","16","12"
"2026-04-13T11:17:32.779330Z","final-24h-tenant","7e915de8c02ff5f900b33e2b9a64938387ea98540633e521f73a6ccb35a88ad4","codex","8ed11652367c9e337e337f9494f1f57c3162aeb69128bd72f6c83ea7c59ca65c","3682db55194a6bc8ce6324416697cc0c8fbbdc319071777d504f363eb2920311","continuation","False","108","71","37","0.343","4","4","16","12"
"2026-04-13T11:18:02.973917Z","final-24h-tenant","7e915de8c02ff5f900b33e2b9a64938387ea98540633e521f73a6ccb35a88ad4","codex","088eab9e7c47c9a0e8e31d0c273c6f67fe329df515c3990cf23a6bfd87598089","3e441388192c6169b20554795236ef8412cb38feace61a60d913a8902337bab6","continuation","False","108","71","37","0.343","4","4","16","12"
"2026-04-13T11:18:33.144358Z","final-24h-tenant","7e915de8c02ff5f900b33e2b9a64938387ea98540633e521f73a6ccb35a88ad4","codex","bcbc8fbcca4a8b9d2e04a2ae658cf6cc560d7172b48b9934fb90471a09d0d9cc","f96a591f80f10f6382523d6c8178b704379317c9239260c8c714900c44089456","continuation","False","108","71","37","0.343","4","4","16","12"
"2026-04-13T11:19:03.318668Z","final-24h-tenant","7e915de8c02ff5f900b33e2b9a64938387ea98540633e521f73a6ccb35a88ad4","codex","410810c38160c05e4a94bbd9e976519e6c239b11fa9b1d326f93325d15c3af61","db9ab523731163b297b5b354ade1cbfdc9c9076ae7d42966be5409caa672f57f","continuation","False","108","71","37","0.343","4","4","16","12"
"2026-04-13T11:19:33.496656Z","final-24h-tenant","7e915de8c02ff5f900b33e2b9a64938387ea98540633e521f73a6ccb35a88ad4","codex","bc1bf3f87430b4cdf16ed6280d38382819863086581847d2740345f010a00a36","4e434d4fdd0f5eb1836e8f1a9f7db69cc2ad8513df51a5c39c46a86e053b660f","continuation","False","108","71","37","0.343","4","4","16","12"
"2026-04-13T11:20:03.678335Z","final-24h-tenant","7e915de8c02ff5f900b33e2b9a64938387ea98540633e521f73a6ccb35a88ad4","codex","e540c38a214f8a62406612cf6c02fa4d693483345743ec790cfdea38d3da5482","4b63071e4d5a34c14a101adff94b0e43a8b771759ba3fb82f7dfe40476cf0a79","continuation","False","108","71","37","0.343","4","4","16","12"
"2026-04-13T11:20:33.888075Z","final-24h-tenant","7e915de8c02ff5f900b33e2b9a64938387ea98540633e521f73a6ccb35a88ad4","codex","83967111fc29a4e453aeebdf252fbbb68528c84f0633332c413dbaa20d5c1ef5","bfacb96daee998984e10d1821f63b8edd53bad19630234ef2bf3a635689a0fdc","continuation","False","108","71","37","0.343","4","4","16","12"
"2026-04-13T11:21:04.068075Z","final-24h-tenant","7e915de8c02ff5f900b33e2b9a64938387ea98540633e521f73a6ccb35a88ad4","codex","b65706867f7803aefbab1e02a200465178b917e7d533805d552f8ab7296e61cd","8f904e88dbbecd53c7c5d8fd09a76d34e671db17ca1e78b4f1335d130f9ae775","continuation","False","108","71","37","0.343","4","4","16","12"
"2026-04-13T11:21:34.260923Z","final-24h-tenant","7e915de8c02ff5f900b33e2b9a64938387ea98540633e521f73a6ccb35a88ad4","codex","d10879f2b2cba58f577fd1df85b935148cb6d40778e820c18c5ba13f62a16803","c0040d25ef90182a1502273c9226b147576bc69802f6fec321d86b15aee47507","continuation","False","108","71","37","0.343","4","4","16","12"
"2026-04-13T11:22:04.458136Z","final-24h-tenant","7e915de8c02ff5f900b33e2b9a64938387ea98540633e521f73a6ccb35a88ad4","codex","4245b3c8836ad352513fbc8dc25ccb3ccd32f3cc63a56385b4cca0f91823d173","588412a853d9bec4f25630a7344205516bc14ffb908531f8464ed0c5743fa26f","continuation","False","108","71","37","0.343","4","4","16","12"
"2026-04-13T11:22:34.657103Z","final-24h-tenant","7e915de8c02ff5f900b33e2b9a64938387ea98540633e521f73a6ccb35a88ad4","codex","38edd60eaf92c80b00a2739eb9a20fdb2ca9995276c7308c101d9168b61860ed","73b65d1e46b5e400324a2d8fd5b41f192807a48ac0c0450fed029ab332f45717","continuation","False","108","71","37","0.343","4","4","16","12"
"2026-04-13T11:23:04.841248Z","final-24h-tenant","7e915de8c02ff5f900b33e2b9a64938387ea98540633e521f73a6ccb35a88ad4","codex","d37c2f1d841b6902b26470752b2b286dd056b4ba3921ca1933edf2dc7ef0c497","643e88c079ebd2f6dddc54651fdae20187010e6b9c9b12cbfbaab00cf219517d","continuation","False","108","71","37","0.343","4","4","16","12"
"2026-04-13T11:23:35.016400Z","final-24h-tenant","7e915de8c02ff5f900b33e2b9a64938387ea98540633e521f73a6ccb35a88ad4","codex","45649061bf58eee97bd6849017970260f554d69fe6ec72dac2a6214df8db9735","5116689bba21be12416cf429461dfabb8d54875219f44e2b3c30252eeb2d53ef","continuation","False","108","71","37","0.343","4","4","16","12"
"2026-04-13T11:24:05.207528Z","final-24h-tenant","7e915de8c02ff5f900b33e2b9a64938387ea98540633e521f73a6ccb35a88ad4","codex","abd7c2589bbb160c3b640d35d8b7a80e0add0e6ffbe56a834742aaee805b29ba","7df15fa66e5ab2ef85ca2c79b5afcfce4dfe2bfd59e004e46aec204a95cbf8cf","continuation","False","108","71","37","0.343","4","4","16","12"
"2026-04-13T11:24:35.384350Z","final-24h-tenant","7e915de8c02ff5f900b33e2b9a64938387ea98540633e521f73a6ccb35a88ad4","codex","526dc2732370ac1b7e0f24a5c468c21d99de289e0161fb1509e711bd515e8777","50f5837fcfd6172507760cefa3497bbfe1140e3fd68122a72bb649940e94bd6d","continuation","False","108","71","37","0.343","4","4","16","12"
"2026-04-13T11:25:05.596267Z","final-24h-tenant","7e915de8c02ff5f900b33e2b9a64938387ea98540633e521f73a6ccb35a88ad4","codex","9ed14fa60271e55ae8ea9c78d372505c9542a05b9d15530666c7d9339c0e55cb","f4f2d6cfda4a29459eb539552a451d07b8c1f8bbb53d00b9a91696679ec47928","continuation","False","108","71","37","0.343","4","4","16","12"
"2026-04-13T11:25:35.759312Z","final-24h-tenant","7e915de8c02ff5f900b33e2b9a64938387ea98540633e521f73a6ccb35a88ad4","codex","74200caf91ee7cac3b224cfe37ccc58630ca9d2e071c0aeda26ad0cc38911928","cd7ecdb3bd43fe5cdc43e29f8082c9bb6642d0cfa88fc632569fc3243bbf6a6c","continuation","False","108","71","37","0.343","4","4","16","12"
"2026-04-13T11:26:05.938135Z","final-24h-tenant","7e915de8c02ff5f900b33e2b9a64938387ea98540633e521f73a6ccb35a88ad4","codex","4e2da69affc2fcb6188218d57e70a21d8e1423536002e5b23d928fc34ad33d1c","7c12238e7e3b35c3243dc601978fee9b47ae6c519b863c9c7fb99e522a92fc66","continuation","False","108","71","37","0.343","4","4","16","12"
"2026-04-13T11:26:36.118431Z","final-24h-tenant","7e915de8c02ff5f900b33e2b9a64938387ea98540633e521f73a6ccb35a88ad4","codex","ce0141423abb6d14bc5916e95ef387acf9ca5db931b3c3341c7f5668692794c0","3882c25a997d2abc1f016045f6217cf827f9ca4eaf8e074ae05acd2793faf3de","continuation","False","108","71","37","0.343","4","4","16","12"
"2026-04-13T11:27:06.308986Z","final-24h-tenant","7e915de8c02ff5f900b33e2b9a64938387ea98540633e521f73a6ccb35a88ad4","codex","eb206bed7dc4b9fb32a3dee669f225a3658a190e264d3be4af7c209eb59f31ef","a49009a147f0cc10a6f2587eec1dcc308c577c9b2ef3ae244b0be3c40a43160e","continuation","False","108","71","37","0.343","4","4","16","12"
"2026-04-13T11:27:36.497415Z","final-24h-tenant","7e915de8c02ff5f900b33e2b9a64938387ea98540633e521f73a6ccb35a88ad4","codex","1fcb02b30a330846a10ccb1b1d9e1f87c33ee3ab68bc8cf48199b2adf4cc6830","f37bdd9787011ad0d6349d0dddf2365e5a80329e88e741bd7a48425a7fdd7df6","continuation","False","108","71","37","0.343","4","4","16","12"
"2026-04-13T11:28:06.707398Z","final-24h-tenant","7e915de8c02ff5f900b33e2b9a64938387ea98540633e521f73a6ccb35a88ad4","codex","49f7974058ede4c37764c104f79046de281b9915cb79db17fd5e3d6a7e720908","99c6ea52ae3c2832a8332e899e4e652da09795bd70669aaf88f3599d09b7f3cc","continuation","False","108","71","37","0.343","4","4","16","12"
"2026-04-13T11:28:36.889487Z","final-24h-tenant","7e915de8c02ff5f900b33e2b9a64938387ea98540633e521f73a6ccb35a88ad4","codex","34b82e11e707568c3124d5381921eff1a36690d2f0249b9a8f67de023e3def67","97f9ee3d0f6fd30c32a872ade6f606b715713f1aa3ed8cf4c3cd3a865da36204","continuation","False","108","71","37","0.343","4","4","16","12"
"2026-04-13T11:29:07.069943Z","final-24h-tenant","7e915de8c02ff5f900b33e2b9a64938387ea98540633e521f73a6ccb35a88ad4","codex","2ac7d992b1bfc94a00ec0e03a2a91c5c52d6b9ee07e5121e12e03b8b3bd40fa5","e1171cbcd73ba3244a97e51cd58173aa52431075016125cd9b4c2dac863911e7","continuation","False","108","71","37","0.343","4","4","16","12"
"2026-04-13T11:29:37.265409Z","final-24h-tenant","7e915de8c02ff5f900b33e2b9a64938387ea98540633e521f73a6ccb35a88ad4","codex","53d9b585b38634762e0dba614bfa037dff8c9679baadc610ccfa721b70bb458b","1cf46861a2f529e65923ebb3cb783a63c033185482bae3cac79bbacccd03ae95","continuation","False","108","71","37","0.343","4","4","16","12"
"2026-04-13T11:30:07.469375Z","final-24h-tenant","7e915de8c02ff5f900b33e2b9a64938387ea98540633e521f73a6ccb35a88ad4","codex","2e9a3691c987e01b42f50408e0e23e6083aa1abee22a5e744aab155c3766e9a9","893811ce1a0b27502214ca6e05441aa1ec455c0b66fd11e65aae14f0dc84d295","continuation","False","108","71","37","0.343","4","4","16","12"
"2026-04-13T11:30:37.646870Z","final-24h-tenant","7e915de8c02ff5f900b33e2b9a64938387ea98540633e521f73a6ccb35a88ad4","codex","696ed7cac2dc36a2836b946ea61b30fcd87bf1df8a8d7ce7996aa7eb9484f8fd","96ec16473d9a999bf581cd53edb4e4e49ac63bf9eaeba140f4e26028b5ebb890","continuation","False","108","71","37","0.343","4","4","16","12"
"2026-04-13T11:31:07.856099Z","final-24h-tenant","7e915de8c02ff5f900b33e2b9a64938387ea98540633e521f73a6ccb35a88ad4","codex","4e90d90ea0d34277d94d8a095f2860c7e6f53005382c3aa0b8c6602a705c1b02","739d468bb58b0f8330fc74c2f9c0eed6c270c53432e8c8c9d65d9041fe578caa","continuation","False","108","71","37","0.343","4","4","16","12"
"2026-04-13T11:31:38.074626Z","final-24h-tenant","7e915de8c02ff5f900b33e2b9a64938387ea98540633e521f73a6ccb35a88ad4","codex","a3532c29a8d14adf551ec2200636990dd00ced54e9f3533f44a9a843b59c1667","5df5f692bb91c225e272d07273e16fca0b603a1f20c7c97d4bdcfa6c7153051c","continuation","False","108","71","37","0.343","4","4","16","12"
"2026-04-13T11:32:08.281873Z","final-24h-tenant","7e915de8c02ff5f900b33e2b9a64938387ea98540633e521f73a6ccb35a88ad4","codex","2562ae6d587a39a3a180336f5d85dbe7f6a1710b83faa656ba15b597b3c39fb0","394350b26ddad0e8bce2d6200f63b5ebccdbe47cae41154ca0b54622af799c1d","continuation","False","108","71","37","0.343","4","4","16","12"
"2026-04-13T11:32:38.467630Z","final-24h-tenant","7e915de8c02ff5f900b33e2b9a64938387ea98540633e521f73a6ccb35a88ad4","codex","feec9df68bebe8b28ed27fe762bbf5ca1b46ff10a6fd2b771edcc6932e87f9a8","5db2ae7ada7f8254fb84bd5095be1de4c98b2ee4a71812cfce3836e1877488e9","continuation","False","108","71","37","0.343","4","4","16","12"
"2026-04-13T11:33:08.650947Z","final-24h-tenant","7e915de8c02ff5f900b33e2b9a64938387ea98540633e521f73a6ccb35a88ad4","codex","3634c3342f528eb60d3d6166399ac7d51cde065d8e30029dcb426735d2bf6005","b6361df725dc1a99af294e21764a1211b3c0e988e65aed524e7874d0d4dba2a8","continuation","False","108","71","37","0.343","4","4","16","12"
"2026-04-13T11:33:38.838583Z","final-24h-tenant","7e915de8c02ff5f900b33e2b9a64938387ea98540633e521f73a6ccb35a88ad4","codex","3522902251d6dc18868477e2a09f903142072b19629c51c9d7375d1b66d8fc31","b052a98a0433f5aae56da430d3bd25847faee059c561119b46f64d69e2478b13","continuation","False","108","71","37","0.343","4","4","16","12"
"2026-04-13T11:34:09.017889Z","final-24h-tenant","7e915de8c02ff5f900b33e2b9a64938387ea98540633e521f73a6ccb35a88ad4","codex","c4bb757c6105b8e4e1ed3f271818f216c27286bc4bed18a429298dd80d3b8de2","ec5457f97eef636f3df8732a26befb2e92630263088d9b8def1b9d401fb23651","continuation","False","108","71","37","0.343","4","4","16","12"
"2026-04-13T11:34:39.209345Z","final-24h-tenant","7e915de8c02ff5f900b33e2b9a64938387ea98540633e521f73a6ccb35a88ad4","codex","44ab713e968eb1bd76295c59ae96cf7d1addce3effae21ab217aa4e27ce47980","1b9aabc5da2c86342c675903d423eab1ead567b0c4b7a8182b482c250ae449f3","continuation","False","108","71","37","0.343","4","4","16","12"
"2026-04-13T11:35:09.392198Z","final-24h-tenant","7e915de8c02ff5f900b33e2b9a64938387ea98540633e521f73a6ccb35a88ad4","codex","b788146cbe2151a4b6f089df5b7c75735eeebf6997a1f2c5d6ea020432078aea","b671301ee057aaa8976b3a44a1fe6055b800b2f29114818c7a7149a01abcbd67","continuation","False","108","71","37","0.343","4","4","16","12"
"2026-04-13T11:35:39.558875Z","final-24h-tenant","7e915de8c02ff5f900b33e2b9a64938387ea98540633e521f73a6ccb35a88ad4","codex","2caaf1857bdbd37dd15cbd6114cb1c9a793c32174ed05a8b26d5102c885dce90","13b966ed71f3425e0c1a1b3b9c74da72c0514dd72c2901c6759fa3c7362f5caa","continuation","False","108","71","37","0.343","4","4","16","12"
"2026-04-13T11:36:09.745912Z","final-24h-tenant","7e915de8c02ff5f900b33e2b9a64938387ea98540633e521f73a6ccb35a88ad4","codex","5e2560373caca5080e1ff7ff550880a638dc4335188156e014b59485b1c05422","0d167560cd2c42287bde852247b506945df5bfd1e43b14f042b59320bcd2c1f7","continuation","False","108","71","37","0.343","4","4","16","12"
"2026-04-13T11:36:39.935877Z","final-24h-tenant","7e915de8c02ff5f900b33e2b9a64938387ea98540633e521f73a6ccb35a88ad4","codex","ed90ed3a56af1f90163c62c9f093b670182c17b5261c7ad58357943ecf5cc899","da7b898e754d77fb708ac5036919829ec6180e989afbdc419bbca77afe9a9cd0","continuation","False","108","71","37","0.343","4","4","16","12"
"2026-04-13T11:37:10.115820Z","final-24h-tenant","7e915de8c02ff5f900b33e2b9a64938387ea98540633e521f73a6ccb35a88ad4","codex","bca6294c3a4a7c704de5545932dd1731d0f9ceee4795b6e25f57bed8a3f91183","53b3aae46d4d26d697d3fed6e279a20d306de6142aa471f8b73e7c5f49cc8e18","continuation","False","108","71","37","0.343","4","4","16","12"
"2026-04-13T11:37:40.321907Z","final-24h-tenant","7e915de8c02ff5f900b33e2b9a64938387ea98540633e521f73a6ccb35a88ad4","codex","01e59df8533e9931c0d692a4ba41d624e941c2c553ab8dbe93f67678ef6ff178","c105e401631263550cb9253171c7daa7125a74308d7e5e9e0c83bfb3b91849d2","continuation","False","108","71","37","0.343","4","4","16","12"
"2026-04-13T11:38:10.525223Z","final-24h-tenant","7e915de8c02ff5f900b33e2b9a64938387ea98540633e521f73a6ccb35a88ad4","codex","6fca352e99bbe73d5f538375092397a20418c3a82db66d4dbda220033fa5c0f3","0ef4f4c0bd68af6da15c256f336168b0e536ba3be2c4f4954ac0f5af2a8f3cc9","continuation","False","108","71","37","0.343","4","4","16","12"
"2026-04-13T11:38:40.723192Z","final-24h-tenant","7e915de8c02ff5f900b33e2b9a64938387ea98540633e521f73a6ccb35a88ad4","codex","707a05ebf6542dedff7346205f1bb19102f15e354d934c0c59483d2451fbd307","22a49c158d6e7988c0debfb79db7aa777058bc8177bc50e4e88ebe7490102991","continuation","False","108","71","37","0.343","4","4","16","12"
"2026-04-13T11:39:10.913832Z","final-24h-tenant","7e915de8c02ff5f900b33e2b9a64938387ea98540633e521f73a6ccb35a88ad4","codex","8a6a1307aba15f131e8d5340e7ad275c7dbce09cb8bd9e765987cdf7ad476fac","5ef1f7b305d275b6d1d107208372fae0f4a74684e63f91562b9eab3af4a54b56","continuation","False","108","71","37","0.343","4","4","16","12"
"2026-04-13T11:39:41.096946Z","final-24h-tenant","7e915de8c02ff5f900b33e2b9a64938387ea98540633e521f73a6ccb35a88ad4","codex","bf354c2350fd85e91bf9f81c5c951d0497721e4007711af252013e5c82f4e1c3","80a3b49016f2bae026be4db2cff3fecfedaef550ef7bbedb7384b26e4406f26c","continuation","False","108","71","37","0.343","4","4","16","12"
"2026-04-13T11:40:11.291213Z","final-24h-tenant","7e915de8c02ff5f900b33e2b9a64938387ea98540633e521f73a6ccb35a88ad4","codex","21f31e6fd286c8c4e38a619a1d076a4cd97be6111367eadd6554099eadf5c43a","7240f67b7f4145a42f9bae88ebbc7bc28cb63136eaf4eb24b48f43c4f7bcc6be","continuation","False","108","71","37","0.343","4","4","16","12"
"2026-04-13T11:40:41.461151Z","final-24h-tenant","7e915de8c02ff5f900b33e2b9a64938387ea98540633e521f73a6ccb35a88ad4","codex","ed6388b492a5a5e788d46d5edef14f482b313cdb45f8a6ff8b10c09a323033e4","4ffc5dc7bf6d5a8a4f97bba44a0748e75832a861eb8b3d756f11ceccbf7469ab","continuation","False","108","71","37","0.343","4","4","16","12"
"2026-04-13T11:41:11.654338Z","final-24h-tenant","7e915de8c02ff5f900b33e2b9a64938387ea98540633e521f73a6ccb35a88ad4","codex","2d6e7b27b5904b43d91f2013869ac2ea0068802f780114c94eeb9307ef256250","dcc8c59dcd2c209c0e5a7a6983efb556b72865435a92f6e31d7a471616d349c3","continuation","False","108","71","37","0.343","4","4","16","12"
"2026-04-13T11:41:41.846418Z","final-24h-tenant","7e915de8c02ff5f900b33e2b9a64938387ea98540633e521f73a6ccb35a88ad4","codex","ded8a5fb1a9350a527e4e0f8ef312748a84f42bc7ed5294e21624ab8686edacf","d1932594123f56c24df9a4de73d1c6d982031b0159ab7c312fba88bcc839d8b6","continuation","False","108","71","37","0.343","4","4","16","12"
"2026-04-13T11:42:12.040050Z","final-24h-tenant","7e915de8c02ff5f900b33e2b9a64938387ea98540633e521f73a6ccb35a88ad4","codex","1e4fe6c37b0a1ddfac9ebaa82aa84c4b3f6cbc9c15eb20cebc1e81a9a1df470f","71a444d5ca3d06f35b0fbef03b10620f8a3602913ede89b7f367dda27b048d47","continuation","False","108","71","37","0.343","4","4","16","12"
"2026-04-13T11:42:42.224897Z","final-24h-tenant","7e915de8c02ff5f900b33e2b9a64938387ea98540633e521f73a6ccb35a88ad4","codex","f31f5901199cc1f0ea7b55327676afd6d56b4967defb41b89fe79b99899eff7c","068d5ec42af152d72c9f30b7b7bd97ce05df8fff72fd6da823e90eca0ee29bf1","continuation","False","108","71","37","0.343","4","4","16","12"
"2026-04-13T11:43:12.425614Z","final-24h-tenant","7e915de8c02ff5f900b33e2b9a64938387ea98540633e521f73a6ccb35a88ad4","codex","df5c418d8447e2a6bd61a6301bfd10b39178024fcf27deab0c201cd5a4583e3c","6fb69da09c47ebd07a0455c748523361246db0f055ebbf45208afd3b7b7e98f2","continuation","False","108","71","37","0.343","4","4","16","12"
"2026-04-13T11:43:42.624097Z","final-24h-tenant","7e915de8c02ff5f900b33e2b9a64938387ea98540633e521f73a6ccb35a88ad4","codex","ca3477f71a73e3bfc84af73674a6e020cdc8dd937cc5d9b5efcf4e8f35201e51","2f666ad1127854715200d9cab4f70acc5ba863fcd5504f23d419be496c765d02","continuation","False","108","71","37","0.343","4","4","16","12"
"2026-04-13T11:44:12.814713Z","final-24h-tenant","7e915de8c02ff5f900b33e2b9a64938387ea98540633e521f73a6ccb35a88ad4","codex","f2fe06ced2148ef8c20a36f0411648717a7d804018acea5e68cfdd9e1973a8b1","191aa6bbfc4aec1dce89710165f46af4b3331b95233fe1a11d1b4aed4ea0c9c1","continuation","False","108","71","37","0.343","4","4","16","12"
"2026-04-13T11:44:47.672580Z","final-24h-tenant","7e915de8c02ff5f900b33e2b9a64938387ea98540633e521f73a6ccb35a88ad4","codex","a863ca3345eb263224b88177d670d5dcecba896d680c156aab3c43152e83e8d2","7b4223bfb7e50b99270c6395c97456e233e5b6adc1529b46862dce74ad51b6b6","continuation","False","108","71","37","0.343","4","4","16","12"
"2026-04-13T11:45:11.524354Z","openclaw","7e915de8c02ff5f900b33e2b9a64938387ea98540633e521f73a6ccb35a88ad4","openclaw-agent","22311eee18906ec70a24676268b25ba38a8c7d8a792eaceba48521f168dca43e","99a81371af04b652847d30213f9527a5dcddad8987cd747ec3d33ee9343d12d6","continuation","False","108","71","37","0.343","4","4","16","12"
"2026-04-13T11:45:17.846022Z","final-24h-tenant","7e915de8c02ff5f900b33e2b9a64938387ea98540633e521f73a6ccb35a88ad4","codex","784d413dc299ef07adb6a68cf33c574dc6917aa6d2ede01cff4f3c6296587b32","885de11d650c727e4f3fd4a83a478d3f5ff9c7bf608573aee54c11cca4f6d356","continuation","False","108","71","37","0.343","4","4","16","12"
"2026-04-13T11:45:23.817182Z","openclaw","7e915de8c02ff5f900b33e2b9a64938387ea98540633e521f73a6ccb35a88ad4","openclaw-agent","7846d9ace49fe82904e3c942eea65a38ef6d23274bb6b520910e9499e31bd89a","b6b306e6a4d6ef7392efaf952a076df36a4a0c927095454a30f7cefb7d817bb2","continuation","False","98","56","42","0.429","3","3","16","13"
"2026-04-13T11:45:32.953486Z","openclaw","7e915de8c02ff5f900b33e2b9a64938387ea98540633e521f73a6ccb35a88ad4","openclaw-agent","95edcb93a8c58e8f788495e2b292132aa080989fa82e03998156aadbae16d6fc","b6b306e6a4d6ef7392efaf952a076df36a4a0c927095454a30f7cefb7d817bb2","continuation","False","98","56","42","0.429","3","3","16","13"
"2026-04-13T11:45:48.033480Z","final-24h-tenant","7e915de8c02ff5f900b33e2b9a64938387ea98540633e521f73a6ccb35a88ad4","codex","a25b76c0fb1b57662195c7aaaa11926ced068f3f850fa242247c31348a77240c","78d15c4ac36c66299fd4bcbd19e786e0330c1ab90e3b548fba41a8b6e81a4c42","continuation","False","108","71","37","0.343","4","4","16","12"
"2026-04-13T11:46:10.148366Z","test","7e915de8c02ff5f900b33e2b9a64938387ea98540633e521f73a6ccb35a88ad4","test-agent","da0471c9918ba3b00066f5da79666bda91124ce907532ce574da708ce7b92048","d241c236404837fc64ca6c4b2edd0acc5e3cb276763ff09b8480b2a9fd8c521c","continuation","False","108","71","37","0.343","4","4","16","12"
"2026-04-13T11:46:18.250424Z","final-24h-tenant","7e915de8c02ff5f900b33e2b9a64938387ea98540633e521f73a6ccb35a88ad4","codex","ef6a1d1d2d9bef1fc49bd1140d2d4d892640a7716ef0bbb8e7d84869632168a2","91b62e1b0e30f1e528de75e18deb977932747fce24d39eb923418a496afa6819","continuation","False","108","71","37","0.343","4","4","16","12"
"2026-04-13T11:46:48.438965Z","final-24h-tenant","7e915de8c02ff5f900b33e2b9a64938387ea98540633e521f73a6ccb35a88ad4","codex","6f1adacdac136e405259e1928bf26754f0cc258b7966bda0df1a528ce2538433","77ff95655501981c783bb96c280a3674d48cb4924e672818c3e753c7c53f6e1f","continuation","False","108","71","37","0.343","4","4","16","12"
"2026-04-13T11:47:18.660018Z","final-24h-tenant","7e915de8c02ff5f900b33e2b9a64938387ea98540633e521f73a6ccb35a88ad4","codex","fe31bfb3602b409c55e3d33afbdba66b62018d2c6aacb3748d51ea17ad5d2f73","a9b66447da25ba162035ab5df87d4bd30344aea048c3ca37207ea3af6c08069d","continuation","False","108","71","37","0.343","4","4","16","12"
"2026-04-13T11:47:48.904619Z","final-24h-tenant","7e915de8c02ff5f900b33e2b9a64938387ea98540633e521f73a6ccb35a88ad4","codex","064659bc9dc202ce4898cb11559d26fca91cb07e8e011928271c0a6705ad461a","e82cb8130a833325e01028c4891c54a713d17294193a6ee45058faea09f00bab","continuation","False","108","71","37","0.343","4","4","16","12"
"2026-04-13T11:48:19.110901Z","final-24h-tenant","7e915de8c02ff5f900b33e2b9a64938387ea98540633e521f73a6ccb35a88ad4","codex","149385a147cf8e9fc9aeb11605bf81a94bb13336bfdda236753f193a44b00efb","9f1806a89b6c6884f0af455c27db28069d18a14ffacd6ca2f318c730ef0c9550","continuation","False","108","71","37","0.343","4","4","16","12"
"2026-04-13T11:48:49.305301Z","final-24h-tenant","7e915de8c02ff5f900b33e2b9a64938387ea98540633e521f73a6ccb35a88ad4","codex","6b9d9154b218e202fea48fb984436b7b20ff9a3bff69eb05cef448cf173ea9e1","8481f12be064feda45b2c9883b25764208f084bb31dd199e47f2ddb4f5e6b4ce","continuation","False","108","71","37","0.343","4","4","16","12"
"2026-04-13T11:49:19.509898Z","final-24h-tenant","7e915de8c02ff5f900b33e2b9a64938387ea98540633e521f73a6ccb35a88ad4","codex","6598d771d10e3c243417a23d3ce3503e779c7e04cfb53ae473c23eedcf328095","6ddb464e40765352411e3d24bfc42e825774ad824b02d43220666bda4bad127e","continuation","False","108","71","37","0.343","4","4","16","12"
"2026-04-13T11:49:49.701728Z","final-24h-tenant","7e915de8c02ff5f900b33e2b9a64938387ea98540633e521f73a6ccb35a88ad4","codex","9d44e9c66948e016f3334f94e57504cb97d724715939c1171477e9bb01dea4c0","cdcfda6cc6ac257e9f78aa0f1ef1ffd18f8bf6899304e13fd847538bf17b537c","continuation","False","108","71","37","0.343","4","4","16","12"
"2026-04-13T11:50:19.919942Z","final-24h-tenant","7e915de8c02ff5f900b33e2b9a64938387ea98540633e521f73a6ccb35a88ad4","codex","9145956b7fe5a3598b34cb326e8725172274420d701914d10fd98986f93da57f","a3496786c56a0aaff5ccb482ec8dc6a4e55ccba5b46542e7da098453a1eec266","continuation","False","108","71","37","0.343","4","4","16","12"
"2026-04-13T11:50:50.110649Z","final-24h-tenant","7e915de8c02ff5f900b33e2b9a64938387ea98540633e521f73a6ccb35a88ad4","codex","5d78e50dde4f3ba80f3be7ea54f0463cc9895825fbc4d3e0a57fef720cd64a4e","36531deac1ff9e00e985a39e6d6bdd27a519a8db530ea3d101f80e786651d35d","continuation","False","108","71","37","0.343","4","4","16","12"
"2026-04-13T11:51:20.311806Z","final-24h-tenant","7e915de8c02ff5f900b33e2b9a64938387ea98540633e521f73a6ccb35a88ad4","codex","9e104cf18cfeb27e03a601c10c5a905b18e0f0f5eaaf0ba281afa153907b379a","0aa099f67150e013b26f2a64075927df9ae281c83ec0ae92042cc9ae83e6dd2b","continuation","False","108","71","37","0.343","4","4","16","12"
"2026-04-13T11:51:50.519231Z","final-24h-tenant","7e915de8c02ff5f900b33e2b9a64938387ea98540633e521f73a6ccb35a88ad4","codex","4891e82a1697b3d58769a88954a4ba7be446e1ed5adec9b77e960c739c4f9286","4087858b276f0bcce2ac17dea4ddc56a155166782f59e2b74c72c0693a9098c8","continuation","False","108","71","37","0.343","4","4","16","12"
"2026-04-13T11:52:20.741628Z","final-24h-tenant","7e915de8c02ff5f900b33e2b9a64938387ea98540633e521f73a6ccb35a88ad4","codex","8624b04919bd48f4d7c9a9506b890902af68eeb9e7ed8fffa547487dcd371542","f9b2d1f0a73044c5c4240236ae00b43a78990902be489d0b0b521b7ea2b57f28","continuation","False","108","71","37","0.343","4","4","16","12"
"2026-04-13T11:52:50.932498Z","final-24h-tenant","7e915de8c02ff5f900b33e2b9a64938387ea98540633e521f73a6ccb35a88ad4","codex","fd0d9e2442814edb802a297b8f6cecbb32ffe6765c07d5e7b57c0b39c9d6c975","a3c489b1b5ca138daa880ed410b6659c954f670c263d7c2bd4d6479da33791ec","continuation","False","108","71","37","0.343","4","4","16","12"
"2026-04-13T11:53:21.122590Z","final-24h-tenant","7e915de8c02ff5f900b33e2b9a64938387ea98540633e521f73a6ccb35a88ad4","codex","a038329329d7698a39af2f3696ed704dd15fea5428a824c7dff2a31aec8b4ef4","c282baa3ce5432b4a1158f4bce407194c3be6c084a0507977b132027fa51facf","continuation","False","108","71","37","0.343","4","4","16","12"
"2026-04-13T11:53:51.315945Z","final-24h-tenant","7e915de8c02ff5f900b33e2b9a64938387ea98540633e521f73a6ccb35a88ad4","codex","3f2314dc0db346e5548ecc4eb1c2b81f10dcf492ba9c8cc34436893744b37a25","785070be772a4e75f450ce15e439f4f45ec8deb38ed258326f8049efef34a20d","continuation","False","108","71","37","0.343","4","4","16","12"
"2026-04-13T11:54:21.514580Z","final-24h-tenant","7e915de8c02ff5f900b33e2b9a64938387ea98540633e521f73a6ccb35a88ad4","codex","dce6b86a3c34598291f800f5edd1a6552cfe831b5f3815a0744d0c64cb39c7d9","a7f44ed87a3149cfbbacdcd5e796eb6bdd2ad9aefff465d1641bc9e64ed4743a","continuation","False","108","71","37","0.343","4","4","16","12"
"2026-04-13T11:54:51.718327Z","final-24h-tenant","7e915de8c02ff5f900b33e2b9a64938387ea98540633e521f73a6ccb35a88ad4","codex","203000115d96ca4afc5f5a2bdd768ad72eb41c2cf9cf5f2aaa22221ac86cd6e2","68830ff6ccde1e08144e416ffccfecbe84349236153e065ed9404d6adf625469","continuation","False","108","71","37","0.343","4","4","16","12"
"2026-04-13T11:55:21.924602Z","final-24h-tenant","7e915de8c02ff5f900b33e2b9a64938387ea98540633e521f73a6ccb35a88ad4","codex","ca4c86c441ce2e142c39ba860927035e3d67e2fb9ace2d946036b053fb2df7be","d27ea6b6b9679571b1b6fe2c89685305c5e7436fecf8ea9b0712347eccc7ad87","continuation","False","108","71","37","0.343","4","4","16","12"
"2026-04-13T11:55:52.103884Z","final-24h-tenant","7e915de8c02ff5f900b33e2b9a64938387ea98540633e521f73a6ccb35a88ad4","codex","4e2d215a6a73a8f7482b0582749946a6d1380c137e7a6696478e18b560757e0f","c4973ca148c6d3b13ff13827e60c6c9b0ab27729b00d29dd084420ba288f6789","continuation","False","108","71","37","0.343","4","4","16","12"
"2026-04-13T11:56:22.305462Z","final-24h-tenant","7e915de8c02ff5f900b33e2b9a64938387ea98540633e521f73a6ccb35a88ad4","codex","a51fa1cc130929e97eec1f7a1d3f5b5fe60652b35d2bc03f8d3c5a73309b1e44","068d5970c2bb6991f31537996c21c62c5cefb850acd3bff05e5fa06046c62261","continuation","False","108","71","37","0.343","4","4","16","12"
"2026-04-13T11:56:52.518965Z","final-24h-tenant","7e915de8c02ff5f900b33e2b9a64938387ea98540633e521f73a6ccb35a88ad4","codex","2cb44f50cb5a51ff890e202693a6ddd91dd1e3026a918e59e1bcd6473c98c7e3","d29d34ddf3ce970c83fcc0f6fbb4747d10f0bbd486405cbc3fe9de761eb8f6f6","continuation","False","108","71","37","0.343","4","4","16","12"
"2026-04-13T11:57:22.728875Z","final-24h-tenant","7e915de8c02ff5f900b33e2b9a64938387ea98540633e521f73a6ccb35a88ad4","codex","e28cb474117bf65b259c7bb534d2cac6a5bb40d123ea371a958cd6506c6ed588","a1591ce1d5bd1bb6202acdae392e43802c25023e694bd3c33c36e14e26f0927b","continuation","False","108","71","37","0.343","4","4","16","12"
"2026-04-13T11:57:23.911595Z","openclaw","7e915de8c02ff5f900b33e2b9a64938387ea98540633e521f73a6ccb35a88ad4","openclaw-agent","523d6429a64cc98b2cc0f156ff9f7ba322c3967e805feee0bf2d4b78c930cc25","b6b306e6a4d6ef7392efaf952a076df36a4a0c927095454a30f7cefb7d817bb2","continuation","False","110","56","54","0.491","3","3","16","13"
"2026-04-13T11:57:52.955869Z","final-24h-tenant","7e915de8c02ff5f900b33e2b9a64938387ea98540633e521f73a6ccb35a88ad4","codex","eba0ad30bcc037d8797685ae52696df61f76021226a36c06a28a03dd8ff89f79","10dbdc9c8815a0c77a5fde1d43a9ee4b7726a83cb013e3d4e9dbf62b5bed280c","continuation","False","108","71","37","0.343","4","4","16","12"
"2026-04-13T11:58:23.163691Z","final-24h-tenant","7e915de8c02ff5f900b33e2b9a64938387ea98540633e521f73a6ccb35a88ad4","codex","e12754ba710152801ebcc6caad143eac3ca8d3b9da6192e23de3e48ca316cb5e","95e960f807030efa4a4d4052aab02ac32d4d22725e35da1f1b3733632255645c","continuation","False","108","71","37","0.343","4","4","16","12"
"2026-04-13T11:58:53.354882Z","final-24h-tenant","7e915de8c02ff5f900b33e2b9a64938387ea98540633e521f73a6ccb35a88ad4","codex","aeb2fd991c6666a6c3427e473a34388ce22cc998c517ab4135b19194574d0ae0","a97bfa67ee6c2ed7f885a34b41672349dc316eec33364b552a73aefd973e48ad","continuation","False","108","71","37","0.343","4","4","16","12"
"2026-04-13T11:59:23.581721Z","final-24h-tenant","7e915de8c02ff5f900b33e2b9a64938387ea98540633e521f73a6ccb35a88ad4","codex","8c94597be2fe83edd9013ac143b0f8355d251d31b9d6dcccfc6b9f214c246d52","f481a976aebdfea2916811c60496d423256b6c94d45a2cd9a2685742db82936f","continuation","False","108","71","37","0.343","4","4","16","12"
"2026-04-13T11:59:53.794291Z","final-24h-tenant","7e915de8c02ff5f900b33e2b9a64938387ea98540633e521f73a6ccb35a88ad4","codex","f23096f5f15b60d10878eab70d590a78ee474e9e2f92489ca85d9ff15462e8f8","329ef0cf6921aa127755f135a4c9666536476457b53fa739b18f07c1fd72179c","continuation","False","108","71","37","0.343","4","4","16","12"
"2026-04-13T12:00:24.003219Z","final-24h-tenant","7e915de8c02ff5f900b33e2b9a64938387ea98540633e521f73a6ccb35a88ad4","codex","a3b01d62a18a5b86537271c07e2e58a4bbcd7166667f66c5ac8482e6a424e02f","7ec67919a5784a80f782daea98c84a2551a1b099f8ca798eeac066b2255cb505","continuation","False","108","71","37","0.343","4","4","16","12"
"2026-04-13T12:00:54.195949Z","final-24h-tenant","7e915de8c02ff5f900b33e2b9a64938387ea98540633e521f73a6ccb35a88ad4","codex","13ce34944d9384616606007cf0e02d53e053e896a60e94ed9feac3e66b29be93","8546fde05db46521efa213c4fc9a8702ba943dc46f1f121a8292599e89f406c4","continuation","False","108","71","37","0.343","4","4","16","12"
"2026-04-13T12:01:24.412376Z","final-24h-tenant","7e915de8c02ff5f900b33e2b9a64938387ea98540633e521f73a6ccb35a88ad4","codex","4068bee54cd3d62bdfbb5fe31b0f3a6795ab7f216fbf378c574d8cd185bf6cc3","548c11e7b3f82acc88edee56655fce83a24935f882a42728320da3a79abbc838","continuation","False","108","71","37","0.343","4","4","16","12"
"2026-04-13T12:01:54.600042Z","final-24h-tenant","7e915de8c02ff5f900b33e2b9a64938387ea98540633e521f73a6ccb35a88ad4","codex","82cfe771048e6e862bb69fe40e0262697224d343ed7ff9179a968a6b04b4389e","299e93e4f97ca4e688b79bf61fee7a8b0c153259c4cf837da71a5e4d11bf9d8f","continuation","False","108","71","37","0.343","4","4","16","12"
"2026-04-13T12:02:24.822251Z","final-24h-tenant","7e915de8c02ff5f900b33e2b9a64938387ea98540633e521f73a6ccb35a88ad4","codex","b753b49d84fe7eae32d7125ee70f8081bce9bba86a34d6c25b7cbf63019e8635","d7cd0e9e19f47881417a63b592d6ab774fdcf2afcd972f07a43a09be79953102","continuation","False","108","71","37","0.343","4","4","16","12"
"2026-04-13T12:02:47.435322Z","openclaw","7e915de8c02ff5f900b33e2b9a64938387ea98540633e521f73a6ccb35a88ad4","openclaw-agent","ea6d733f4a3121a664cb9187b25b0224ca381f0b99787808b8f56f2bc495688c","b6b306e6a4d6ef7392efaf952a076df36a4a0c927095454a30f7cefb7d817bb2","continuation","False","110","56","54","0.491","3","3","16","13"
"2026-04-13T12:02:55.066119Z","final-24h-tenant","7e915de8c02ff5f900b33e2b9a64938387ea98540633e521f73a6ccb35a88ad4","codex","a5b490ce9fc2982e099c77ce1d703f0473362b05d7e9074d1e11adbabc180120","01d57a5d5278760ea23b50374baa08ec1179e6480c8b075c662565aa96d681db","continuation","False","108","71","37","0.343","4","4","16","12"
"2026-04-13T12:03:04.041832Z","openclaw","7e915de8c02ff5f900b33e2b9a64938387ea98540633e521f73a6ccb35a88ad4","openclaw-agent","e40813b09def6de1b138389e59e879ce7fb5ba819e556f8a18013200f901123e","6631a4b76f86170c8c132af550839b56a1eaea80523a5397abeeec4ce1014e35","continuation","False","110","56","54","0.491","3","3","16","13"
"2026-04-13T12:03:25.257434Z","final-24h-tenant","7e915de8c02ff5f900b33e2b9a64938387ea98540633e521f73a6ccb35a88ad4","codex","d0b2ef8f152550510dac68295024d8b018e79127fd43f41bc8b34d5a12457168","f42c1733116098700086f6682893749a4b2a4ac17b18bdfb0925ba384aabd77e","continuation","False","101","67","34","0.337","4","4","16","12"
"2026-04-13T12:03:55.120487Z","openclaw","7e915de8c02ff5f900b33e2b9a64938387ea98540633e521f73a6ccb35a88ad4","openclaw-agent","6a145859eae3e1c679270496e9e933dc9316f30910b1f8165a10e85576b44d92","6631a4b76f86170c8c132af550839b56a1eaea80523a5397abeeec4ce1014e35","continuation","False","118","51","67","0.568","3","3","16","13"
"2026-04-13T12:03:55.470330Z","final-24h-tenant","7e915de8c02ff5f900b33e2b9a64938387ea98540633e521f73a6ccb35a88ad4","codex","d494f39dd165db414c3dca009e2e760774fc2ca8a9bd2779d4910d17472505d0","a2a6f3c94c53655e236be1f5342da2890b9ef612e82600711149c95749dd67ce","continuation","False","101","67","34","0.337","4","4","16","12"
"2026-04-13T12:04:25.680083Z","final-24h-tenant","7e915de8c02ff5f900b33e2b9a64938387ea98540633e521f73a6ccb35a88ad4","codex","b8f354402cc583c0fe208649b37e02f4c40a8431e67bde4a176f0bb5f9b0c533","d0a3762227514a9f6c398829940f26f8f597318234f13fe2901f47167c365b71","continuation","False","111","66","45","0.405","4","4","16","12"
"2026-04-13T12:04:55.898575Z","final-24h-tenant","7e915de8c02ff5f900b33e2b9a64938387ea98540633e521f73a6ccb35a88ad4","codex","98d0e4d819307643503258ac0dbe304958bb27eac0cb8a1c4fa2188d914e2ca8","3a7949a6b87f5c5c8ac226e5d1e4f89483cf6488312e26272713b5aef827bf33","continuation","False","111","66","45","0.405","4","4","16","12"
"2026-04-13T12:05:26.104228Z","final-24h-tenant","7e915de8c02ff5f900b33e2b9a64938387ea98540633e521f73a6ccb35a88ad4","codex","a236758c44f68f71df2e19b33a1d7a49444acf7a3a9564e791959ab48dbbc23f","688bf70608cfb1c2d07d2ae8984a5acefb420899f5870d77a92b286f8096a528","continuation","False","111","66","45","0.405","4","4","16","12"
"2026-04-13T12:05:56.306076Z","final-24h-tenant","7e915de8c02ff5f900b33e2b9a64938387ea98540633e521f73a6ccb35a88ad4","codex","2eaa59e5d6e4b346908df2ccbe17b724f14005fae040385db1c0122824624d6d","79471747332471b565eec6dce678237ffa6d8db1b7b429459f128c434312f9d2","continuation","False","111","66","45","0.405","4","4","16","12"
"2026-04-13T12:06:27.123475Z","final-24h-tenant","7e915de8c02ff5f900b33e2b9a64938387ea98540633e521f73a6ccb35a88ad4","codex","01a484db8f5c9e193f76757a2321f99f6dbfa5505c7dca10078692e4f7902d81","11a5dc95340ffa324a4668cea0fb64ec2008789323d969a230a7f96c27e1c000","continuation","False","111","66","45","0.405","4","4","16","12"
"2026-04-13T12:06:44.163101Z","openclaw","7e915de8c02ff5f900b33e2b9a64938387ea98540633e521f73a6ccb35a88ad4","openclaw-agent","1b6cb73c38e43bdefd41e084de0488c654545debbd929b55a49e23862e28bd76","6631a4b76f86170c8c132af550839b56a1eaea80523a5397abeeec4ce1014e35","continuation","False","126","50","76","0.603","3","3","16","13"
"2026-04-13T12:06:46.090371Z","openclaw","7e915de8c02ff5f900b33e2b9a64938387ea98540633e521f73a6ccb35a88ad4","openclaw-agent","015fa835ba41319c015f5d99d5895593ab3c80876d2af023dca08800afe67f8e","6631a4b76f86170c8c132af550839b56a1eaea80523a5397abeeec4ce1014e35","continuation","False","132","49","83","0.629","3","3","16","13"
"2026-04-13T12:06:57.314481Z","final-24h-tenant","7e915de8c02ff5f900b33e2b9a64938387ea98540633e521f73a6ccb35a88ad4","codex","f1583b3c9b436e847ee9a3015f3465db40507194b22e28532bf49c66157942b2","98a2e275c14adf6e2be15a5c2e02985df0f17551452a66b401afce571244bbc7","continuation","False","121","65","56","0.463","4","4","16","12"
"2026-04-13T12:07:27.534572Z","final-24h-tenant","7e915de8c02ff5f900b33e2b9a64938387ea98540633e521f73a6ccb35a88ad4","codex","bafd014dc80ff7ebb5057388fdb278251b7aafaf015a23ad49cd2c3ebaec652c","f700035a3fe54e2cf9d43f45afd0d3fb6fb83263f155984728fa125c2e853c32","continuation","False","121","65","56","0.463","4","4","16","12"
"2026-04-13T12:07:57.734390Z","final-24h-tenant","7e915de8c02ff5f900b33e2b9a64938387ea98540633e521f73a6ccb35a88ad4","codex","5acafee5801bbf6d74eee5a2ca1f1f99e3edc5269c8ed218e1d02ad27cca2e1a","c7a6f07af489bbe08e89e934af5b39340b6b993d2ff3fc42a86f07bbeae14a12","continuation","False","121","65","56","0.463","4","4","16","12"
"2026-04-13T12:08:27.960449Z","final-24h-tenant","7e915de8c02ff5f900b33e2b9a64938387ea98540633e521f73a6ccb35a88ad4","codex","603c152ef2990095d07725354307536625ebc91a09785a77d5d38a94eafa8a04","6f813c7572730493c9942da209ee65f9b1490ec49bd620eceba49b4635f7a527","continuation","False","121","65","56","0.463","4","4","16","12"
"2026-04-13T12:08:58.167347Z","final-24h-tenant","7e915de8c02ff5f900b33e2b9a64938387ea98540633e521f73a6ccb35a88ad4","codex","99a023fa2ca624d70e95f61358071d199c3cf6bcf2584d12f4bde17068464ed6","79326e07890aac497118033b1bd2d90a39506d5eebaaa9ef830751b38dd4f9cd","continuation","False","121","65","56","0.463","4","4","16","12"
"2026-04-13T12:09:28.376197Z","final-24h-tenant","7e915de8c02ff5f900b33e2b9a64938387ea98540633e521f73a6ccb35a88ad4","codex","3cf5a3100cef2676d8010e53ceaaa69cc88db2981ae984bd8e84359a45bae01e","289d7834af3da1506e2ce74c587792c9dbe1e377274b1077175c6a39d684a440","continuation","False","121","65","56","0.463","4","4","16","12"
"2026-04-13T12:09:50.871115Z","openclaw","7e915de8c02ff5f900b33e2b9a64938387ea98540633e521f73a6ccb35a88ad4","openclaw-agent","8bd9b8048e486120eaa1a1b20db208c75aa4cb5c95aec50b4bddd2509b5d4b98","6631a4b76f86170c8c132af550839b56a1eaea80523a5397abeeec4ce1014e35","continuation","False","132","49","83","0.629","3","3","16","13"
"2026-04-13T12:09:58.591585Z","final-24h-tenant","7e915de8c02ff5f900b33e2b9a64938387ea98540633e521f73a6ccb35a88ad4","codex","795ef60a58950f415feec882513bf7d88ed545ddc6cf9edea629cf9255b206d3","3d27e33045601133a5ade127e3650bd1dc7ef9bf9f5e2955b4728093959b2b4f","continuation","False","121","65","56","0.463","4","4","16","12"
"2026-04-13T12:10:28.830264Z","final-24h-tenant","7e915de8c02ff5f900b33e2b9a64938387ea98540633e521f73a6ccb35a88ad4","codex","a29b239313d37065e799c05be67d5d1e083170936b87e63706adb699318daa7b","993b407c24205d10ed26ff1149a39a42aa9b8438340e19b025c3591692769210","continuation","False","121","65","56","0.463","4","4","16","12"
"2026-04-13T12:10:59.032934Z","final-24h-tenant","7e915de8c02ff5f900b33e2b9a64938387ea98540633e521f73a6ccb35a88ad4","codex","8496e4264cb11a9e4b839ae5acd8e57e75f8d2fc1e60f67ab5b75b00f8e48356","c231b0d9217b73288f9eee7c52e94f0265ceb0a28fda7697dcf869d8a98fad1d","continuation","False","121","65","56","0.463","4","4","16","12"
"2026-04-13T12:11:29.407573Z","final-24h-tenant","7e915de8c02ff5f900b33e2b9a64938387ea98540633e521f73a6ccb35a88ad4","codex","f9ef10f84c6a6fb95e039fa05dfdbfad7c44842e04b620a9e16f7d56629d09c1","be2b6be1446af4f1867da7606bc062147a1441071c3a02f19cde8642e5a44507","continuation","False","121","65","56","0.463","4","4","16","12"
"2026-04-13T12:11:59.628476Z","final-24h-tenant","7e915de8c02ff5f900b33e2b9a64938387ea98540633e521f73a6ccb35a88ad4","codex","d0dd182168a5cad49d80e6cdfbe7fc9d5349dfdf47986a583a8010e276705361","b0021ae1a423fdac51e78fbe0f355b88499d28770f40cf3b7d3a6b0f1b168527","continuation","False","121","65","56","0.463","4","4","16","12"
"2026-04-13T12:12:29.835709Z","final-24h-tenant","7e915de8c02ff5f900b33e2b9a64938387ea98540633e521f73a6ccb35a88ad4","codex","72daf81e7d73ee15c739d46c5ecf92926bb05f795518127cf57d616577067293","86857991fcf4068b6b20a362e0999beabc47edbb50c0cc17cfac23ac486d7e3e","continuation","False","121","65","56","0.463","4","4","16","12"
"2026-04-13T12:12:56.789716Z","openclaw","7e915de8c02ff5f900b33e2b9a64938387ea98540633e521f73a6ccb35a88ad4","openclaw-agent","fcdcf43cce6c54fde00fe22c8d837fd8e8093f2a6b3699450a26baa489de61c3","99a81371af04b652847d30213f9527a5dcddad8987cd747ec3d33ee9343d12d6","continuation","False","132","49","83","0.629","3","3","16","13"
"2026-04-13T12:13:00.043441Z","final-24h-tenant","7e915de8c02ff5f900b33e2b9a64938387ea98540633e521f73a6ccb35a88ad4","codex","6305b57253c7a67942f9f44bc3cb83c29c39a2579749844658668f282a8cd0f8","d5719db7f8c91874d62623685258ad3c72c86cfc5719655976e8dfc836afd354","continuation","False","121","65","56","0.463","4","4","16","12"
"2026-04-13T12:13:30.259803Z","final-24h-tenant","7e915de8c02ff5f900b33e2b9a64938387ea98540633e521f73a6ccb35a88ad4","codex","3345c7c79606f00a251bc97d0fb904c58ad3b8cea68d87f63a999c14849c293b","7dd461b1189f03d4f3aca506e84c381f33df16a42ca9caa716b88e6ecd9a64a9","continuation","False","121","65","56","0.463","4","4","16","12"
"2026-04-13T12:14:00.476915Z","final-24h-tenant","7e915de8c02ff5f900b33e2b9a64938387ea98540633e521f73a6ccb35a88ad4","codex","9cc1b4576d973a5ea98645ae2db56936e06d00d0371eec36b85071c9618a4016","c812c362ae426e2233ebd565467b937be7cdd7c83950632cef3acd5bdb4560c8","continuation","False","121","65","56","0.463","4","4","16","12"
"2026-04-13T12:14:30.682399Z","final-24h-tenant","7e915de8c02ff5f900b33e2b9a64938387ea98540633e521f73a6ccb35a88ad4","codex","2028abe812018f08278b38f818275aa4cf4be12a519000918563e61b6f52db27","57b365f4d2e5a7ad9cbfd096e437132bdb811b6f31dad2cfd0092c5aba8e1ad5","continuation","False","121","65","56","0.463","4","4","16","12"
"2026-04-13T12:15:00.901959Z","final-24h-tenant","7e915de8c02ff5f900b33e2b9a64938387ea98540633e521f73a6ccb35a88ad4","codex","ab77d9957d723e60955d2c3fbc7de33d8b7cfa3d6b0200d060884fe226006166","fb880c04f792e48fe2cec59b49f89f20d3edd17ec24cd4a500edac0a9750a34d","continuation","False","121","65","56","0.463","4","4","16","12"
"2026-04-13T12:15:31.101755Z","final-24h-tenant","7e915de8c02ff5f900b33e2b9a64938387ea98540633e521f73a6ccb35a88ad4","codex","63c7fe931e79d1d22f9d3237382ec7cc04db7ce8b272b4dc0816f2536992c19a","2ad1ceb7342e3384381cd7c0da55561c851d9b25ee662e851ae77fac087240e6","continuation","False","121","65","56","0.463","4","4","16","12"
"2026-04-13T12:16:01.299467Z","final-24h-tenant","7e915de8c02ff5f900b33e2b9a64938387ea98540633e521f73a6ccb35a88ad4","codex","83bfa4f1de5e3ea7706a545885d36aa83c0aaad0a4e5d7caf636bbea8ebba268","b502012dca14100cd53c0a35d5d542f2cbafd6d4072c933de7d9e3108f2e93cf","continuation","False","121","65","56","0.463","4","4","16","12"
"2026-04-13T12:16:31.505343Z","final-24h-tenant","7e915de8c02ff5f900b33e2b9a64938387ea98540633e521f73a6ccb35a88ad4","codex","9298334aef59f12e952161dd6dffe8b4aa22474280b29fb5136d5208ce237def","e6ab85ff6adb926d794be9d20cc1105ea1a9e8f3d0c8573d303037e523d04775","continuation","False","121","65","56","0.463","4","4","16","12"
"2026-04-13T12:17:01.758716Z","final-24h-tenant","7e915de8c02ff5f900b33e2b9a64938387ea98540633e521f73a6ccb35a88ad4","codex","28a8e62be9c112d9062a1eff208f1fc33cefbabf1366d49941f5a2ee88662ebb","225b7ece40debc3676619adcd7b61b1858ec389c0f65c7d6bd46090d81d4a20e","continuation","False","121","65","56","0.463","4","4","16","12"
"2026-04-13T12:17:31.987731Z","final-24h-tenant","7e915de8c02ff5f900b33e2b9a64938387ea98540633e521f73a6ccb35a88ad4","codex","d2add936cc9994eb26c259dec6953f44cfef60642d218bc53f56e89e34c6f2da","7e5ae8155b5f62a5fb88d4a913640ee3222179a4a29d35e97641bd2e8145d3e0","continuation","False","121","65","56","0.463","4","4","16","12"
"2026-04-13T12:18:02.209791Z","final-24h-tenant","7e915de8c02ff5f900b33e2b9a64938387ea98540633e521f73a6ccb35a88ad4","codex","ea6d8b36ed14cae80a67581cfb266d7668fffcad7552e78c5d94fd40ad9e7585","a27e2f4ffd980f8aa738ac9127b00b2d38e82cf4b0811853dc32096ebaac9102","continuation","False","121","65","56","0.463","4","4","16","12"
"2026-04-13T12:18:32.433871Z","final-24h-tenant","7e915de8c02ff5f900b33e2b9a64938387ea98540633e521f73a6ccb35a88ad4","codex","cb7e659b5ad96ed22c335fd641184e6847630cc61d367991a8f791b964d52e80","bf8356713cf84dbd0b5169d3764f4b7e523dd1ed4cf4156aaa0e84488fd0c09e","continuation","False","121","65","56","0.463","4","4","16","12"
"2026-04-13T12:19:02.652926Z","final-24h-tenant","7e915de8c02ff5f900b33e2b9a64938387ea98540633e521f73a6ccb35a88ad4","codex","16bb7d40448e025b2461f7e5347e9d942eafc5cfac71a1323429be57dda7fd5a","8ea987a5e0e2bdd6d0c48732bb316b91b7f3e52a37f048298fe4b8f6236bd506","continuation","False","121","65","56","0.463","4","4","16","12"
"2026-04-13T12:19:32.873934Z","final-24h-tenant","7e915de8c02ff5f900b33e2b9a64938387ea98540633e521f73a6ccb35a88ad4","codex","758151b19f5dd4a890abd881f1dc27e2c4b488b365ca6482af4c97b6bc1548e2","f5a56f0371e4738aa252ba7071307476ab8c10dbd392558e8ae58c2f1fe257f4","continuation","False","121","65","56","0.463","4","4","16","12"
"2026-04-13T12:20:03.089808Z","final-24h-tenant","7e915de8c02ff5f900b33e2b9a64938387ea98540633e521f73a6ccb35a88ad4","codex","a50254cf187a59be37ed0a3e9253cdc7c1b1c696cd287c9813a2b050b5ddce72","6d42c0d4f2f076a6836aff98da32079a6d276fb4714d29fcdaf1124e8a3462f6","continuation","False","121","65","56","0.463","4","4","16","12"
"2026-04-13T12:20:33.299538Z","final-24h-tenant","7e915de8c02ff5f900b33e2b9a64938387ea98540633e521f73a6ccb35a88ad4","codex","ad3dd217c475e48a5b66e3fff2502e0ed34857c95e52e7b2eb027faed97ac5b6","d48dcf539799aff58c00421feefe31a0f82471cfd80bf1b36678b42fb6887134","continuation","False","121","65","56","0.463","4","4","16","12"
"2026-04-13T12:21:03.523013Z","final-24h-tenant","7e915de8c02ff5f900b33e2b9a64938387ea98540633e521f73a6ccb35a88ad4","codex","cd5a291333190c07518d672f377be6224559a0f328c0b361000ccc0f6d82c07a","43d71bd78219fea93b819700546225409828211122d5e0002954bfa8d5deea10","continuation","False","121","65","56","0.463","4","4","16","12"
"2026-04-13T12:21:33.739595Z","final-24h-tenant","7e915de8c02ff5f900b33e2b9a64938387ea98540633e521f73a6ccb35a88ad4","codex","0d2e191f67de4d507e1c64fe7d744b27f5758ddbc654de97b25360a0ff4bb1ce","d353cd6b78086404b3c4342fb550035dd3411a20c8336d7cd11c81b857bbb830","continuation","False","121","65","56","0.463","4","4","16","12"
"2026-04-13T12:22:03.965205Z","final-24h-tenant","7e915de8c02ff5f900b33e2b9a64938387ea98540633e521f73a6ccb35a88ad4","codex","72f3abd61dea35b1146aaceedbef8d87e3747659840ebe37a91dfc56f5c39615","4eb761cf54b5385868c0ce3a28738eeeaa0be44e9e9d1f4498c5da4aac78c12a","continuation","False","121","65","56","0.463","4","4","16","12"
"2026-04-13T12:22:34.204577Z","final-24h-tenant","7e915de8c02ff5f900b33e2b9a64938387ea98540633e521f73a6ccb35a88ad4","codex","0116121c260b899a6bb44fa3bd0915aa98062166bcb5450461e4492c3c68d6c8","0e341b38ca56fc70427bf3bb6dec437740361905dca94e0bf4c41c5262533871","continuation","False","121","65","56","0.463","4","4","16","12"
"2026-04-13T12:23:04.426989Z","final-24h-tenant","7e915de8c02ff5f900b33e2b9a64938387ea98540633e521f73a6ccb35a88ad4","codex","141ab2418bced73d5870e1cd284cafea5e08c9d7f83854258518d22bb3685284","a831d4692eb6db3d8ef1bfbb6a38b61ed6fb96ecea15e959dff3d0faa82a8f2d","continuation","False","121","65","56","0.463","4","4","16","12"
"2026-04-13T12:23:34.673217Z","final-24h-tenant","7e915de8c02ff5f900b33e2b9a64938387ea98540633e521f73a6ccb35a88ad4","codex","281e7939e1c464690f7738b32692bea97f9e87fcb334fe066c7d09e83931e4ec","350a1f7b36a54d0ab604633de39d6c21d734a103a932c6300af44f7fcad9b90b","continuation","False","121","65","56","0.463","4","4","16","12"
"2026-04-13T12:24:04.934682Z","final-24h-tenant","7e915de8c02ff5f900b33e2b9a64938387ea98540633e521f73a6ccb35a88ad4","codex","7fe84a6e899ef4305e8f8d7a6d9b0b37e577f8e8d9269ab4923293e67b131100","032810be5e6ef43bea82a71b51474668329d46826c1dd5ac1895f181d8b908bd","continuation","False","121","65","56","0.463","4","4","16","12"
"2026-04-13T12:24:35.175293Z","final-24h-tenant","7e915de8c02ff5f900b33e2b9a64938387ea98540633e521f73a6ccb35a88ad4","codex","11113241533cd79eecf85deabc12535f093181fd9c2b3408bf535637da492134","ce261f98df99b1841140aa208ba768097e41c10b95e0c64eba232c47d9f184c0","continuation","False","121","65","56","0.463","4","4","16","12"
"2026-04-13T12:25:05.384986Z","final-24h-tenant","7e915de8c02ff5f900b33e2b9a64938387ea98540633e521f73a6ccb35a88ad4","codex","002ef8ec31bd8d5d709ba02a352c3beabd2cfd60a90c9022a8ea486006af09cf","a70b85fb8c650ce252f7dffc175e15a114367441ad9b74ac1ef73192ef79a6a7","continuation","False","121","65","56","0.463","4","4","16","12"
"2026-04-13T12:25:35.602534Z","final-24h-tenant","7e915de8c02ff5f900b33e2b9a64938387ea98540633e521f73a6ccb35a88ad4","codex","196485a962908690c0b3d4beb99f9bdea40ce2f0173160922446e6498b8ebb77","77ecc21541ec1df752525d71d7b8cd6f2b9edb941c72efaea55749b5f03ccf09","continuation","False","121","65","56","0.463","4","4","16","12"
"2026-04-13T12:26:05.849538Z","final-24h-tenant","7e915de8c02ff5f900b33e2b9a64938387ea98540633e521f73a6ccb35a88ad4","codex","95dd9c99295df5bff5ab32948fc742845266def00a0c5d571cf81e2ae3b16054","c97543c8bc66d260ac6bbf7f7c55aaa4b3b50ab80604486b620e92c6e7e1256a","continuation","False","121","65","56","0.463","4","4","16","12"
"2026-04-13T12:26:36.093983Z","final-24h-tenant","7e915de8c02ff5f900b33e2b9a64938387ea98540633e521f73a6ccb35a88ad4","codex","50c0c89cbeb2aafb02c6250528501f02b0c2843ae94b8dbf902403f14b95e41a","a016ae6a9e7f7d3ac94dabfd25282f3987882421d6badc5a81433a65cf711e87","continuation","False","121","65","56","0.463","4","4","16","12"
"2026-04-13T12:27:06.330455Z","final-24h-tenant","7e915de8c02ff5f900b33e2b9a64938387ea98540633e521f73a6ccb35a88ad4","codex","f695099e2d0d87ddc368434576b03fef305bfb58c68428c1ac2308db7a19a588","c131989ce12b68d9fe161e2384654b92a3540c30d16f7715e912c4fe48dccaf0","continuation","False","121","65","56","0.463","4","4","16","12"
"2026-04-13T12:27:36.578759Z","final-24h-tenant","7e915de8c02ff5f900b33e2b9a64938387ea98540633e521f73a6ccb35a88ad4","codex","395e4832337618d033e29afc43642691e265c5a190bba6c7de21b00d644d2cba","7a9ddb9341313da78224ebff15c8358e55fbc91596f0e92457002cd18272f5f1","continuation","False","121","65","56","0.463","4","4","16","12"
"2026-04-13T12:28:06.833221Z","final-24h-tenant","7e915de8c02ff5f900b33e2b9a64938387ea98540633e521f73a6ccb35a88ad4","codex","c3345018ab9a8d1aab0a25d98620c11a27957b8d6c0631463b775b0e7465072e","e990ff0aa9d1618f4ee4a0345dd00496051ea3dd91f763e092637609bd0eddf8","continuation","False","121","65","56","0.463","4","4","16","12"
"2026-04-13T12:28:37.063555Z","final-24h-tenant","7e915de8c02ff5f900b33e2b9a64938387ea98540633e521f73a6ccb35a88ad4","codex","be45ac47ca36f15b987c3aa2864f1431566056a01509e6bb2d149aca2d5edb4c","cd823ec532a94d0c9b6f2d622c6fd2167b90a94998e270ee27cd5773f2f4ac5e","continuation","False","121","65","56","0.463","4","4","16","12"
"2026-04-13T12:29:07.295287Z","final-24h-tenant","7e915de8c02ff5f900b33e2b9a64938387ea98540633e521f73a6ccb35a88ad4","codex","2e4621d9dc578c6d1f18733ab7216e929f4e75a13865bcafd14fe43155426640","4cce57c78e75c16b25cf140a0f9e45e7f61e4d3c81d09ddbf0ec49fb0490a238","continuation","False","121","65","56","0.463","4","4","16","12"
"2026-04-13T12:29:37.539866Z","final-24h-tenant","7e915de8c02ff5f900b33e2b9a64938387ea98540633e521f73a6ccb35a88ad4","codex","e78100c9e68240b79cd158c74ab41803d9763e2c86affdf311c01ec80a78633d","0eb55985ad5236709684ab7f494c8d6a7261a0e68cf726f2f6157e05308e3420","continuation","False","121","65","56","0.463","4","4","16","12"
"2026-04-13T12:30:07.801037Z","final-24h-tenant","7e915de8c02ff5f900b33e2b9a64938387ea98540633e521f73a6ccb35a88ad4","codex","195ef7ee1506975db6d3caa024c25043c017229826069d0327f11dd2afb133f8","b1810624b52ca2f30669872bf5c6c76bdc85e5470f83ca36917e43ef5e7c708f","continuation","False","121","65","56","0.463","4","4","16","12"
"2026-04-13T12:30:38.031989Z","final-24h-tenant","7e915de8c02ff5f900b33e2b9a64938387ea98540633e521f73a6ccb35a88ad4","codex","bbc78f383ee6e45b3e2794d8836abb0e6826fd6ae686559893c75aa1615f8781","8a86c6f1756817e3d63434c74b642ea7d9e7cf119a01ed02ae7327daa5d41f4d","continuation","False","121","65","56","0.463","4","4","16","12"
"2026-04-13T12:31:08.330363Z","final-24h-tenant","7e915de8c02ff5f900b33e2b9a64938387ea98540633e521f73a6ccb35a88ad4","codex","eb0cd0c81088e06b888e974f5d11fa634e8c558154d902f038da57694da197db","b58897987f522dfec1b25e15d3ec5f042721f8d36d7477adf97b617e21ae9f6c","continuation","False","121","65","56","0.463","4","4","16","12"
"2026-04-13T12:31:38.607138Z","final-24h-tenant","7e915de8c02ff5f900b33e2b9a64938387ea98540633e521f73a6ccb35a88ad4","codex","49e3467cb7bbc47919e5bbd2a294a17dcd9d6ec5c6966770c8be334718de1186","584e8fe0cca2808d5c9324f8f9d1ff81ea5beae10e73cabae9173adf2d3e3f89","continuation","False","121","65","56","0.463","4","4","16","12"
"2026-04-13T12:32:08.886167Z","final-24h-tenant","7e915de8c02ff5f900b33e2b9a64938387ea98540633e521f73a6ccb35a88ad4","codex","69ae2f80fc8a5c1a2172aa2cdb2e6dc09f1a108b066d24f263120d1ecb47f640","1e47988f52b4f4115d2e24d136f792dd6efb0978fd52c1f6c39ae7ce6abf3c22","continuation","False","121","65","56","0.463","4","4","16","12"
"2026-04-13T12:32:39.127290Z","final-24h-tenant","7e915de8c02ff5f900b33e2b9a64938387ea98540633e521f73a6ccb35a88ad4","codex","0512219a581e237280640a4853cfa9a11a91ab1610ccf807ade8b20f55a96605","fff43c1936e0d34623849b94f5386b8e9cd0dbf0131b5df5c0c9dd3f84b7f061","continuation","False","121","65","56","0.463","4","4","16","12"
"2026-04-13T12:33:09.384978Z","final-24h-tenant","7e915de8c02ff5f900b33e2b9a64938387ea98540633e521f73a6ccb35a88ad4","codex","98c811e6fa26cf3b988ce482f8217dc975cebeca83d63bcbecaf16efc75f3c90","ec637ec51c2d13a704835ee70f5fe05bde068e488709ba3a9a262757393639c1","continuation","False","121","65","56","0.463","4","4","16","12"
"2026-04-13T12:33:39.634587Z","final-24h-tenant","7e915de8c02ff5f900b33e2b9a64938387ea98540633e521f73a6ccb35a88ad4","codex","423b3840e1501ea662c808159cc3b0324392c111e1573e1810e5f584a4e32729","705b0defc9db1e8f9bb1b281a96ba766b39c1df248635e07e4edb170f3ceabb4","continuation","False","121","65","56","0.463","4","4","16","12"
"2026-04-13T12:34:09.867985Z","final-24h-tenant","7e915de8c02ff5f900b33e2b9a64938387ea98540633e521f73a6ccb35a88ad4","codex","948b98d5a3faff3550071623c452b0d0c1cd3daaf322e551925d2455be4ac41c","e3453d730a7342626aa92212d66670c9c50b34bca2ae2a01fd05797d0d55c15a","continuation","False","121","65","56","0.463","4","4","16","12"
"2026-04-13T12:34:40.106930Z","final-24h-tenant","7e915de8c02ff5f900b33e2b9a64938387ea98540633e521f73a6ccb35a88ad4","codex","3c6fbfa6b0ff1e72ce6b374d17af8e048ee969468d7c020e805a93f166ee0ca6","0e046e56a0437e8567db13958dabbf1e822101927c0de84f56c46c0eb0dc5267","continuation","False","121","65","56","0.463","4","4","16","12"
"2026-04-13T12:35:10.351946Z","final-24h-tenant","7e915de8c02ff5f900b33e2b9a64938387ea98540633e521f73a6ccb35a88ad4","codex","ad315d8bedff16e324231be8d66d7fd888abf973dff36a606fd252b120b9920d","5239b6ee5fafa3018788445a063429a1b204e883ce0d1b1262d0e8626ef6d58f","continuation","False","121","65","56","0.463","4","4","16","12"
"2026-04-13T12:35:40.598594Z","final-24h-tenant","7e915de8c02ff5f900b33e2b9a64938387ea98540633e521f73a6ccb35a88ad4","codex","c8c1654e74a1ea5f0752105b135afaf11caa18d32f42018e0b7cc25ba04377c3","3674619deaafc8ca257c9857f200320df15158cf69f0b33879b3d7f41766f0f5","continuation","False","121","65","56","0.463","4","4","16","12"
"2026-04-13T12:36:10.864498Z","final-24h-tenant","7e915de8c02ff5f900b33e2b9a64938387ea98540633e521f73a6ccb35a88ad4","codex","0a8b70a305ee535199ef9ba001f02cb4971a7a46b534a2c02960102fd5907597","5567527cf12acb5788164dc9a90608a9439ee663f8cc44a462913eb076aac8d2","continuation","False","121","65","56","0.463","4","4","16","12"
"2026-04-13T12:36:41.105811Z","final-24h-tenant","7e915de8c02ff5f900b33e2b9a64938387ea98540633e521f73a6ccb35a88ad4","codex","0e450d0fcaa948432cc42a940c75579d4e8377ed1559fdedbd62a5d2da422680","39b06c53b0c443c3e413359f4b9ee4dd454f6eb7d66fbbd9247d7860fb52bff9","continuation","False","121","65","56","0.463","4","4","16","12"
"2026-04-13T12:37:11.360132Z","final-24h-tenant","7e915de8c02ff5f900b33e2b9a64938387ea98540633e521f73a6ccb35a88ad4","codex","a82f6741d26824e52d16a1916b2b5658727bfc62ca91c05f48586c692159381e","dbb7ee0ddefaf24c2ba86374e79f9471322bf66c68a123a1ecba588aedcb6ca7","continuation","False","121","65","56","0.463","4","4","16","12"
"2026-04-13T12:37:41.598667Z","final-24h-tenant","7e915de8c02ff5f900b33e2b9a64938387ea98540633e521f73a6ccb35a88ad4","codex","a4287d0f3bb58dfc8c1b5e4881b7c423d7c3c933d5f25bd50437f6daf9a2dacf","a303dd790671bf0fc5c82638f998a1d21af0ae72454352aa23ca49677c69b3fc","continuation","False","121","65","56","0.463","4","4","16","12"
"2026-04-13T12:38:11.862946Z","final-24h-tenant","7e915de8c02ff5f900b33e2b9a64938387ea98540633e521f73a6ccb35a88ad4","codex","639901dda223fd6becef0f4d7089b59764b87f5ad1b5ecd32e0ecbe86622e4c8","a19eafd697a5f11cea6702689b33dc40168b503fc4df77157a943e9c80858941","continuation","False","121","65","56","0.463","4","4","16","12"
"2026-04-13T12:38:42.105433Z","final-24h-tenant","7e915de8c02ff5f900b33e2b9a64938387ea98540633e521f73a6ccb35a88ad4","codex","2de9ca70bf029ebb683ec696f2b624f69c496e70561088c0dde18c81235abd98","bdc71bc974733c35b3ac3dffd8ad04ffe13423184798eb2f626604af1186980a","continuation","False","121","65","56","0.463","4","4","16","12"
"2026-04-13T12:39:12.358592Z","final-24h-tenant","7e915de8c02ff5f900b33e2b9a64938387ea98540633e521f73a6ccb35a88ad4","codex","b75cdff99524a3962e5d4b89e954c242a6b10b9c14c15e2557bdaa54d7ce1d2c","a9f0e347f1eb8ffd9c3d356fa6191e8ff4ad410db6abb56cd0ff3324b77f8660","continuation","False","121","65","56","0.463","4","4","16","12"
"2026-04-13T12:39:42.611854Z","final-24h-tenant","7e915de8c02ff5f900b33e2b9a64938387ea98540633e521f73a6ccb35a88ad4","codex","d1a8da737ea2661cd3e499da460273a01930d1c4e7c19361102be2609871e2f2","342493b4741af589b508b510987c3b0f400434758729ced5cecb1d70443e7b67","continuation","False","121","65","56","0.463","4","4","16","12"
"2026-04-13T12:40:12.880700Z","final-24h-tenant","7e915de8c02ff5f900b33e2b9a64938387ea98540633e521f73a6ccb35a88ad4","codex","c09552d0d2dcb9600c34489b949ca5433d6d81fa7267bec0acc571946ac043d4","2043498f8e552cdb47576bd09e120132d08c8b87c1d3406953c1c950b9bcc1f7","continuation","False","121","65","56","0.463","4","4","16","12"
"2026-04-13T12:40:43.115159Z","final-24h-tenant","7e915de8c02ff5f900b33e2b9a64938387ea98540633e521f73a6ccb35a88ad4","codex","0208e16a8445a2ae6c2fa41c2fd870adbf1f3871d1d0a138d9369c18c01ebf9c","c3a4672b60dfb56a81180e927c935dfa8e676ec2cca16c29337d72a2b445f31e","continuation","False","121","65","56","0.463","4","4","16","12"
"2026-04-13T12:41:13.357051Z","final-24h-tenant","7e915de8c02ff5f900b33e2b9a64938387ea98540633e521f73a6ccb35a88ad4","codex","1c1d56a04cdf3835591f8eac062266791dbef097cbcf48a5eea9137e6fd09682","ce11a7dc831ecc7e27e1f4b07c22523823be222bab006421d01ca8ed5f5a27f1","continuation","False","121","65","56","0.463","4","4","16","12"
"2026-04-13T12:41:43.661871Z","final-24h-tenant","7e915de8c02ff5f900b33e2b9a64938387ea98540633e521f73a6ccb35a88ad4","codex","adbcad28501a0299bdea0f972824c25820c4e9141f7306ca6ba1b8c1a1d30dab","dbf1a2b563f516817908bf69d848d7d122509b97013660c70ec69def63e67a17","continuation","False","121","65","56","0.463","4","4","16","12"
"2026-04-13T12:42:13.917564Z","final-24h-tenant","7e915de8c02ff5f900b33e2b9a64938387ea98540633e521f73a6ccb35a88ad4","codex","f870a31fc1f5edaac43896f0ac4c33c40982c83d9a8a53e5936744019f8024f6","833b26a12c72970385081b0a49fb123d99ed796bfcde75c66ceabf2726a0cdea","continuation","False","121","65","56","0.463","4","4","16","12"
"2026-04-13T12:42:44.157729Z","final-24h-tenant","7e915de8c02ff5f900b33e2b9a64938387ea98540633e521f73a6ccb35a88ad4","codex","d3929273e5cc627fc250083556ed537ffc7d2546525eb56b5518b126d4696697","04e73ca8d4df83035ec43f66a51be6142523f6f06b0891f3e223fcf9bb929c5b","continuation","False","121","65","56","0.463","4","4","16","12"
"2026-04-13T12:43:14.423985Z","final-24h-tenant","7e915de8c02ff5f900b33e2b9a64938387ea98540633e521f73a6ccb35a88ad4","codex","c12f207e4584bf8cabababdfd688b8c031b8b1d072fac8a28442e4e5cfcae905","35a9cb31191a199fd6a067314d6de74282d309e4844e8562a7cd042b57234349","continuation","False","121","65","56","0.463","4","4","16","12"
"2026-04-13T12:43:44.680399Z","final-24h-tenant","7e915de8c02ff5f900b33e2b9a64938387ea98540633e521f73a6ccb35a88ad4","codex","9d726665f6b3e0ec957d1364720b67504da9c77315e7c6bc8138b8342483979d","26cffbcd8185fc2f609900446c3a8ec90323ce89f1a9e22902f6855941911482","continuation","False","121","65","56","0.463","4","4","16","12"
"2026-04-13T12:44:14.943917Z","final-24h-tenant","7e915de8c02ff5f900b33e2b9a64938387ea98540633e521f73a6ccb35a88ad4","codex","50a790ede95cf8ad43e5949ece4b8eaa6231e69dc77308fcf3286be1a6079362","9331e38edfe29de02c1400cf2baed05810f83266ddbc4843912d197c7a0e238d","continuation","False","121","65","56","0.463","4","4","16","12"
"2026-04-13T12:44:45.218853Z","final-24h-tenant","7e915de8c02ff5f900b33e2b9a64938387ea98540633e521f73a6ccb35a88ad4","codex","884c5448c52840193a15ce3ae701a4da5242931e3f7c754ee8e6e7b6a5e5e6fd","d601aaec96a5f0d63443090a7237e193630a4fb6372711e4e08e9210a6afc56b","continuation","False","121","65","56","0.463","4","4","16","12"
"2026-04-13T12:45:15.497238Z","final-24h-tenant","7e915de8c02ff5f900b33e2b9a64938387ea98540633e521f73a6ccb35a88ad4","codex","2e714d54be19512713e675092bf68732a8c52fb6449d0e7b1abce1ead42bf262","42f381fdc6f2c85c32dec1ccae813736a8d6fd3e85bc3b40fab4ffeaa1816986","continuation","False","121","65","56","0.463","4","4","16","12"
"2026-04-13T12:45:45.734947Z","final-24h-tenant","7e915de8c02ff5f900b33e2b9a64938387ea98540633e521f73a6ccb35a88ad4","codex","bf54267248e2016e98d8ff54b8c096428a69c52d3550391129fd147f79e119eb","ba92d2f4f1f6988aaf45e9e8584bc28f4f4ee257d8a8602ac61c30b354817ee5","continuation","False","121","65","56","0.463","4","4","16","12"
"2026-04-13T12:46:15.979161Z","final-24h-tenant","7e915de8c02ff5f900b33e2b9a64938387ea98540633e521f73a6ccb35a88ad4","codex","0ed2e2f93dbe716389a981db5610b2ccbe70ce5d5f0ca7e1cf9d23ffb0ca1a50","24273321aeb24bf4948a98853cb6859ac385219d457c5d366f354c67ef2fad7f","continuation","False","121","65","56","0.463","4","4","16","12"
"2026-04-13T12:46:46.235553Z","final-24h-tenant","7e915de8c02ff5f900b33e2b9a64938387ea98540633e521f73a6ccb35a88ad4","codex","44321396856354f691eecaeddedf0f43e53a1791da7430a8dd994e7bf82d96e0","12016c4c83abf62d02c37c1717e8a78781966ec10f4d2b8748b1ae55b16c0ad8","continuation","False","121","65","56","0.463","4","4","16","12"
"2026-04-13T12:47:16.507484Z","final-24h-tenant","7e915de8c02ff5f900b33e2b9a64938387ea98540633e521f73a6ccb35a88ad4","codex","9aa5ea3af7279b71f8d100e7f94d53cfa8bec72d6dc84dc92913c31617ce48bd","15e09763015877cfc40ddf4ddb14acfa6f528c80535d1e206f23259daa58fcbf","continuation","False","121","65","56","0.463","4","4","16","12"
"2026-04-13T12:47:46.782842Z","final-24h-tenant","7e915de8c02ff5f900b33e2b9a64938387ea98540633e521f73a6ccb35a88ad4","codex","d000db7d14fd89b1ec803957dd9e2c1dfca8cfe54e1a6dfdcbf570122228b134","aca4450b53991bb957c49ce4d913b740eb01878d20983ac04692d1c01d29c188","continuation","False","121","65","56","0.463","4","4","16","12"
"2026-04-13T12:48:17.052185Z","final-24h-tenant","7e915de8c02ff5f900b33e2b9a64938387ea98540633e521f73a6ccb35a88ad4","codex","0348fa2c311d8ff92aa52f00be687c028fa111b696f642e55589f2bc5a2c4f64","d0e9caaa98f5ebea558022cc21a0a14b48f6f9efcf1a5525f885aea05f59ca82","continuation","False","121","65","56","0.463","4","4","16","12"
"2026-04-13T12:48:47.320483Z","final-24h-tenant","7e915de8c02ff5f900b33e2b9a64938387ea98540633e521f73a6ccb35a88ad4","codex","c9de2ce9ce8f33d1502409af72e7b98692c0f1e073ab66d06666a0bdcec8a6ba","f3674750884dc3d8b2044c454bd773f9f7177b9df2bc6f45a64814fab7721dce","continuation","False","121","65","56","0.463","4","4","16","12"
"2026-04-13T12:49:17.585115Z","final-24h-tenant","7e915de8c02ff5f900b33e2b9a64938387ea98540633e521f73a6ccb35a88ad4","codex","ef26bbf55e8c842055fe550e6be2c57ff3f18c23f2d7bb5ec2187d8a01916df4","a36d6ba0a61b0383b606b57fe01a459ac35c78c7de4f7fc1a6305ce2d2411ad7","continuation","False","121","65","56","0.463","4","4","16","12"
"2026-04-13T12:49:47.852170Z","final-24h-tenant","7e915de8c02ff5f900b33e2b9a64938387ea98540633e521f73a6ccb35a88ad4","codex","fc973a0aae22ae7415a64c01e5f77d7f18a9b6be7cee791ad17535839730269e","61cdec93a061b0729b0ae2b03e1c5c5f5c9e50232c37dd8ceee0bfaded1c2553","continuation","False","121","65","56","0.463","4","4","16","12"
"2026-04-13T12:50:18.110495Z","final-24h-tenant","7e915de8c02ff5f900b33e2b9a64938387ea98540633e521f73a6ccb35a88ad4","codex","0f727739a29fa456176b16049077a408f4292ced87cd3acc22b3d7d8b6a1b414","ed739486bdb212785dcab2f2c6457eff997f0f26ed2d6cc52fcd4d7e2a585c17","continuation","False","121","65","56","0.463","4","4","16","12"
"2026-04-13T12:50:48.369769Z","final-24h-tenant","7e915de8c02ff5f900b33e2b9a64938387ea98540633e521f73a6ccb35a88ad4","codex","4758e4407926f3a57630a204eced88fb55f2e50cda5c7c2a3bc25096c8be00a1","988d34701187fad6fc8a3fb64247d540e90939900e5bd3193fcb11f559c38094","continuation","False","121","65","56","0.463","4","4","16","12"
"2026-04-13T12:51:18.614607Z","final-24h-tenant","7e915de8c02ff5f900b33e2b9a64938387ea98540633e521f73a6ccb35a88ad4","codex","ee397a2ac2a37a97138aac780ec0c8bf059c8e110636fb28607e7a79223cc131","9b7dab1757a9e9689c7368ad678b06fd1f5d8d0b20ed2c3fbe65415ba2fdc33d","continuation","False","121","65","56","0.463","4","4","16","12"
"2026-04-13T12:51:48.865369Z","final-24h-tenant","7e915de8c02ff5f900b33e2b9a64938387ea98540633e521f73a6ccb35a88ad4","codex","c8dd40c843b512e51b708d973b6ff6cd9a76225541c733ac17b86c8f80797b0a","aa88cc13ee56523681af63c7ad967f066afa5c2616ae11c553ccccbd82f060dd","continuation","False","121","65","56","0.463","4","4","16","12"
"2026-04-13T12:52:19.125290Z","final-24h-tenant","7e915de8c02ff5f900b33e2b9a64938387ea98540633e521f73a6ccb35a88ad4","codex","af2423dae9e5026ef5bfd68ff1c0fa075ad656b031cfdcb0c8c40d7d24a38d7f","41533559b887aef5bed79e1f9e90f1f24d4dda75055a0c66f8e6195dee0a28e0","continuation","False","121","65","56","0.463","4","4","16","12"
"2026-04-13T12:52:49.405666Z","final-24h-tenant","7e915de8c02ff5f900b33e2b9a64938387ea98540633e521f73a6ccb35a88ad4","codex","3484e5f54137c34709aec8b5b4468d433b7b3926cc2b6082ba6dbae5a14887a6","e97fee8b1cc777d4d71982f59533d2f137d900cc91b064c7bf3eea9b7596d091","continuation","False","121","65","56","0.463","4","4","16","12"
"2026-04-13T12:53:19.670772Z","final-24h-tenant","7e915de8c02ff5f900b33e2b9a64938387ea98540633e521f73a6ccb35a88ad4","codex","06f530fb3ec47c23aa36838c2c92173e141ad0fb7a416822e6f0a47df0693764","c9429ec21881317b44d7b264101e816e284b83cb7841db70286b0c733bbc1a2e","continuation","False","121","65","56","0.463","4","4","16","12"
"2026-04-13T12:53:49.923858Z","final-24h-tenant","7e915de8c02ff5f900b33e2b9a64938387ea98540633e521f73a6ccb35a88ad4","codex","798ac55b37a036a522672a2e77bf1412743ea91e2f76adcea8687a66201e60f0","593c1528dd1481873c3d691ca7616a048ff7adbb038c30d535346bf7ac1e12c2","continuation","False","121","65","56","0.463","4","4","16","12"
"2026-04-13T12:54:20.156006Z","final-24h-tenant","7e915de8c02ff5f900b33e2b9a64938387ea98540633e521f73a6ccb35a88ad4","codex","c773f73e34290466a4b9bddb52cf6f3d7df44c0cfb751a5720ed8a2fd54a6e38","5c0ac96f8119eaca4a08c4436bffb9e2699b1f69f82bf168d0ccb7aab8950f43","continuation","False","121","65","56","0.463","4","4","16","12"
"2026-04-13T12:54:50.413079Z","final-24h-tenant","7e915de8c02ff5f900b33e2b9a64938387ea98540633e521f73a6ccb35a88ad4","codex","e10e918facd2a8e4b5e8710c579975727753c44b79297aada9c88fe61f90fa56","e99256d43b3c72cfc94043ed898d5900aa12842e55bf712ce86d29c1ce37c3f8","continuation","False","121","65","56","0.463","4","4","16","12"
"2026-04-13T12:55:20.694422Z","final-24h-tenant","7e915de8c02ff5f900b33e2b9a64938387ea98540633e521f73a6ccb35a88ad4","codex","857347d7fce43d804c5f346d8e860c254f84826bcc0ca458af49337ced521d18","edf7be523ba4f947a605f6b085dd6ec9b4a7c948e447967fa9d6d508d1492b0a","continuation","False","121","65","56","0.463","4","4","16","12"
"2026-04-13T12:55:50.944367Z","final-24h-tenant","7e915de8c02ff5f900b33e2b9a64938387ea98540633e521f73a6ccb35a88ad4","codex","e543973c4034edb34ffac89870613946895c685165cc6b7d061ed2f85fd555b9","fbe16ef2fef6e058f4aac1b77b4036db5e95605b73b57de6d7553c5cc2ea80a2","continuation","False","121","65","56","0.463","4","4","16","12"
"2026-04-13T12:56:21.214860Z","final-24h-tenant","7e915de8c02ff5f900b33e2b9a64938387ea98540633e521f73a6ccb35a88ad4","codex","0f4844fa1b682e606cf54885a1c903d46287cdd4efb1d5583c6526e9ee272a86","ae59b7a3399053ef15755276cef8547c19fcf5943d0d2e99264a2ff2c8fd9f8d","continuation","False","121","65","56","0.463","4","4","16","12"
"2026-04-13T12:56:51.473186Z","final-24h-tenant","7e915de8c02ff5f900b33e2b9a64938387ea98540633e521f73a6ccb35a88ad4","codex","8dece7a6838ea83db470929cb66a3a51bb9132142a3f9dbca7dd9e196be94af3","d6138dcaa0652097786e286ba98cc3e0dd1bc17e9c5de141aac4ee72ea98627e","continuation","False","121","65","56","0.463","4","4","16","12"
"2026-04-13T12:57:21.740701Z","final-24h-tenant","7e915de8c02ff5f900b33e2b9a64938387ea98540633e521f73a6ccb35a88ad4","codex","387b3185c0e592d5f80adffe58b8f1d115ef623fe52c9f458ef721c57c9a2c56","b2ea6b7876adfb8218a58b4ed29ba2668c4995e6d35ab192a1715e2acda08188","continuation","False","121","65","56","0.463","4","4","16","12"
"2026-04-13T12:57:47.237890Z","openclaw","7e915de8c02ff5f900b33e2b9a64938387ea98540633e521f73a6ccb35a88ad4","openclaw-agent","a416689e5d42b3b56bce3cfcfd82aab2ddedaffdb857deef04af0650de8f4ff4","99a81371af04b652847d30213f9527a5dcddad8987cd747ec3d33ee9343d12d6","continuation","False","132","49","83","0.629","3","3","16","13"
"2026-04-13T12:57:51.996313Z","final-24h-tenant","7e915de8c02ff5f900b33e2b9a64938387ea98540633e521f73a6ccb35a88ad4","codex","4bc2ee54899631cce3595e3ec6c20e809b763289be8b2cfa57d00cc27e6835bf","946a9c4d31e7484bf6b078d96bb0c373b4252cd6715fef97f18c174bb98860c0","continuation","False","121","65","56","0.463","4","4","16","12"
"2026-04-13T12:58:22.267036Z","final-24h-tenant","7e915de8c02ff5f900b33e2b9a64938387ea98540633e521f73a6ccb35a88ad4","codex","cdee56341b0d1bfff73700b34f6d0df41165eb962ea74d60f6e4abfd071b4160","ef68464f65b185bc6db818a5639136f46e6ed58e0ca6a96298cf15c0b32f9acc","continuation","False","121","65","56","0.463","4","4","16","12"
"2026-04-13T12:58:52.537863Z","final-24h-tenant","7e915de8c02ff5f900b33e2b9a64938387ea98540633e521f73a6ccb35a88ad4","codex","d375c6263349c3ba7a4607c01841e2f7b0900d828a92fe433622900d9f18f40d","cdccbc0bcb1f77cb3be0c9a2701ea74af13737394b758a93cd0010b5ff1ac1d9","continuation","False","121","65","56","0.463","4","4","16","12"
"2026-04-13T12:59:20.832002Z","openclaw","7e915de8c02ff5f900b33e2b9a64938387ea98540633e521f73a6ccb35a88ad4","openclaw-agent","53f68f15bee6eba74fe5385e55a83055a3b37129bda3e2afdef451e7ab97c781","a4ad45a16357093c55fa9fc53fb79326bca12680345bd9d03f6c3247bb337f19","implementation","True","150","0","150","1","0","0","0","0"
"2026-04-13T12:59:22.804751Z","final-24h-tenant","7e915de8c02ff5f900b33e2b9a64938387ea98540633e521f73a6ccb35a88ad4","codex","e2ee8fd367d714537c9fb66d8a81f5e43882d1425dd3cb22fa15cbed3423ccf6","923d19846b1aa0507f15cb05a728551596157f48453476d62ed1c6617d4e3b58","continuation","False","121","65","56","0.463","4","4","16","12"
"2026-04-13T12:59:29.140292Z","openclaw","7e915de8c02ff5f900b33e2b9a64938387ea98540633e521f73a6ccb35a88ad4","openclaw-agent","97ee6cb8fba9fba247a3a8578279b1c1bb2258cc24c5e5eaf8688ff48ca67064","8d34516dfe2790cec1d04d3e5e9445f5ef1dca1d52c01ac6213dd7c57dee9673","continuation","False","132","49","83","0.629","3","3","16","13"
"2026-04-13T12:59:53.071961Z","final-24h-tenant","7e915de8c02ff5f900b33e2b9a64938387ea98540633e521f73a6ccb35a88ad4","codex","1c11376ba374edee33af311535cf537fed5d0984de040e1a50a2f78cdc4d3797","9d776d36fd9579c19f84b64e37b08a3b563d764ea6e72809be0158a1526d949c","continuation","False","121","65","56","0.463","4","4","16","12"
"2026-04-13T13:00:23.359805Z","final-24h-tenant","7e915de8c02ff5f900b33e2b9a64938387ea98540633e521f73a6ccb35a88ad4","codex","ea8b8f89b3222ebb388eeddb201708a915bf495e94125a57edfebc0203f27ee7","d13e216d3161778af0a64d7bf59f0c5ba9862edca3b70d87efa132d56aaf1433","continuation","False","121","65","56","0.463","4","4","16","12"
"2026-04-13T13:00:53.614561Z","final-24h-tenant","7e915de8c02ff5f900b33e2b9a64938387ea98540633e521f73a6ccb35a88ad4","codex","c70f254c6c5d52c373c9dd961d86defa97ae2daf51794edddb9ef47d8030c383","ef9241e6dbbbc5217ad69becc92f88d0df222e228ffa5956c158ad753cd776bc","continuation","False","121","65","56","0.463","4","4","16","12"
"2026-04-13T13:00:57.917058Z","openclaw","7e915de8c02ff5f900b33e2b9a64938387ea98540633e521f73a6ccb35a88ad4","openclaw-agent","5fa736229c153c8e548df110efce040b4b63dadb4007a01e73716ecade2609bf","5da86e4e1caf3abdf915f1d146d008e65a0a9f59fa4f62721ea0512f158c8567","continuation","False","132","49","83","0.629","3","3","16","13"
"2026-04-13T13:01:23.910342Z","final-24h-tenant","7e915de8c02ff5f900b33e2b9a64938387ea98540633e521f73a6ccb35a88ad4","codex","e0c6525bb3e51e49c0b72879b5f82fb9c0e08a1c27d5592818310e8f12c2dd07","fab79db6c19ffcacbee677ec1ec6b3662efdcb842d2f45b587cc72ed9d4b8b8e","continuation","False","121","65","56","0.463","4","4","16","12"
"2026-04-13T13:01:54.171172Z","final-24h-tenant","7e915de8c02ff5f900b33e2b9a64938387ea98540633e521f73a6ccb35a88ad4","codex","5e9110a63bfccdf3c7fb5afbc8aabf48dc68067d76301b83d79b47df0ef9f81c","8349a3325e483b82b618ad8c7b3b7d4186fe0c9d70cf54ecb8740fe235dc4987","continuation","False","121","65","56","0.463","4","4","16","12"
"2026-04-13T13:02:24.453310Z","final-24h-tenant","7e915de8c02ff5f900b33e2b9a64938387ea98540633e521f73a6ccb35a88ad4","codex","ec973200d866b4a917e51b4bd0f0434100177ae27bcb45d11ebb2712d051b3a8","37b0af196dccb1f65a480b5a04a711bb2dffcf44afd1d53cacc5464a28f82eef","continuation","False","121","65","56","0.463","4","4","16","12"
"2026-04-13T13:02:54.724519Z","final-24h-tenant","7e915de8c02ff5f900b33e2b9a64938387ea98540633e521f73a6ccb35a88ad4","codex","8056d0ae2842d20b4bca42e49fbb466e31213d4b0347d35e28e9eb3456b14f44","c0f246d4fb1d7881f860171558a2662e5deb3a10f5ec9e4f640cabb2ed49ad50","continuation","False","121","65","56","0.463","4","4","16","12"
"2026-04-13T13:03:24.984201Z","final-24h-tenant","7e915de8c02ff5f900b33e2b9a64938387ea98540633e521f73a6ccb35a88ad4","codex","49fb86e3bbe3ea396f2a460384dca7c2fc35a7a5da6852166d840fa98277d72d","5a13ed659a1722b4dfa8194c766328f8714d716d07913b45de3bdf69b22fcc02","continuation","False","121","65","56","0.463","4","4","16","12"
"2026-04-13T13:03:55.253586Z","final-24h-tenant","7e915de8c02ff5f900b33e2b9a64938387ea98540633e521f73a6ccb35a88ad4","codex","c5208576242be86db77d51ad02365c72466464c53bf2aec4187c9e6bb212ea5c","9b25bfca0f71f81c7c20b421023540da83869bbc71f51aa121e926e3487349af","continuation","False","121","65","56","0.463","4","4","16","12"
"2026-04-13T13:04:25.542795Z","final-24h-tenant","7e915de8c02ff5f900b33e2b9a64938387ea98540633e521f73a6ccb35a88ad4","codex","c73c8c3b29c992096ffba99c956b2a274c9d3a3edbd7929452fb78cf5d7fa039","0277351509e7f4787a5f8ff334bbe9004e08d63e3305f0cc942e8600abca37b8","continuation","False","121","65","56","0.463","4","4","16","12"
"2026-04-13T13:04:55.840629Z","final-24h-tenant","7e915de8c02ff5f900b33e2b9a64938387ea98540633e521f73a6ccb35a88ad4","codex","ac48acf67d2e508c54c39122ed63aebf12a0cfe51216c5d888d7a638c05b1a70","bef6967240991dc8e5ddce080a54d32fae2afee15711b2e038c685e4ae56f035","continuation","False","121","65","56","0.463","4","4","16","12"
"2026-04-13T13:05:26.108381Z","final-24h-tenant","7e915de8c02ff5f900b33e2b9a64938387ea98540633e521f73a6ccb35a88ad4","codex","aba972292e4601378526a31a4dd947bb97f4e6f8dc83abebfdc17ec3bd34cb77","97f8f5ad530b230caa9a50933994f4a45daad5de8f3573bc6a14d213eb0db890","continuation","False","121","65","56","0.463","4","4","16","12"
"2026-04-13T13:05:56.978306Z","final-24h-tenant","7e915de8c02ff5f900b33e2b9a64938387ea98540633e521f73a6ccb35a88ad4","codex","06a206a4444602a177e20db9e5092a2bd94aa96ef55c37e333e6bdfd13d7b1e1","45b38718432a532432480f87cb1d969293efe72d8df23993db04f8844f6f3157","continuation","False","121","65","56","0.463","4","4","16","12"
"2026-04-13T13:06:11.259598Z","openclaw","7e915de8c02ff5f900b33e2b9a64938387ea98540633e521f73a6ccb35a88ad4","openclaw-agent","574b3531d939bc5e37a11a07454b65564427105b7259996ff350db515de86f05","595fca7d9bcd48b67dbb48b80e45a87dcef6360de19526d5be8f706aba6a0b4a","continuation","False","148","49","99","0.669","3","3","16","13"
"2026-04-13T13:06:22.289378Z","openclaw","7e915de8c02ff5f900b33e2b9a64938387ea98540633e521f73a6ccb35a88ad4","openclaw-agent","573650b84ab88db4a07516ea2dde1008e00f0e0958dc98436a70fd625f92ff2f","1b739ae3dc692d0a9e3fb8282e752d30b40773b5b1c3c511d2a6e6315d97d6c1","continuation","False","138","49","89","0.645","3","3","16","13"
"2026-04-13T13:06:27.246784Z","final-24h-tenant","7e915de8c02ff5f900b33e2b9a64938387ea98540633e521f73a6ccb35a88ad4","codex","6b122a174a24f221d1c3327a5783bb76e45d772a059382939626632a78ca7dc4","2deba2951268814355d153f8a0990127222a79502506b2ea08f43f0b46560966","continuation","False","121","65","56","0.463","4","4","16","12"
"2026-04-13T13:06:57.517563Z","final-24h-tenant","7e915de8c02ff5f900b33e2b9a64938387ea98540633e521f73a6ccb35a88ad4","codex","37e27a73c273874bc57c4db406aeae3ac0ca5f620664732415f2489a6bd65ff3","6b0e8bdfc237039b4b407a2ea992ec08db399200c72f7656fb0159760f13696a","continuation","False","121","65","56","0.463","4","4","16","12"
"2026-04-13T13:07:27.798462Z","final-24h-tenant","7e915de8c02ff5f900b33e2b9a64938387ea98540633e521f73a6ccb35a88ad4","codex","d37836078c6117090c94c79fbb3f8a052a9ff3120f24a594077783f308913db6","1e4d359a900a3ca572eb647ba910f54865095bc06f3da238bd4cd768d46b706e","continuation","False","121","65","56","0.463","4","4","16","12"
"2026-04-13T13:07:58.064735Z","final-24h-tenant","7e915de8c02ff5f900b33e2b9a64938387ea98540633e521f73a6ccb35a88ad4","codex","99acebfb1ae84d74ec3366e6d774863ce5573b1a6aa8909d1472f003b5891705","6c65455392d6af689e204d60c242ff54d9524384d869532dc45a634857e0769d","continuation","False","121","65","56","0.463","4","4","16","12"
"2026-04-13T13:08:28.339961Z","final-24h-tenant","7e915de8c02ff5f900b33e2b9a64938387ea98540633e521f73a6ccb35a88ad4","codex","0ffaeaf88593ab33032195cb6e065dc533947cbc3fa5dc5cfdf1f2fda1020ef1","8d00f4f611c2fc69dda91d8d66463bbdb14537ff380ca7f6f5cf9721fe9c7bb6","continuation","False","121","65","56","0.463","4","4","16","12"
"2026-04-13T13:08:58.612326Z","final-24h-tenant","7e915de8c02ff5f900b33e2b9a64938387ea98540633e521f73a6ccb35a88ad4","codex","3dc7fd145b4b9b963f68f716b76437c3ae637981b70024f1d5c212a026c200cb","fd452024836103f6c2f9315a7f12f442cbd97ac32f6a47cc90a1c9ff6ceb77dd","continuation","False","121","65","56","0.463","4","4","16","12"
"2026-04-13T13:09:28.892470Z","final-24h-tenant","7e915de8c02ff5f900b33e2b9a64938387ea98540633e521f73a6ccb35a88ad4","codex","569d68a8052bc2cfcbf18f2a47072787913fe25bf6fac0fee8ff42714618cf7b","6af90ece702c4256decd5220bb1415094d34d6baa9d1c680c0fde025ba37574c","continuation","False","121","65","56","0.463","4","4","16","12"
"2026-04-13T13:09:59.169362Z","final-24h-tenant","7e915de8c02ff5f900b33e2b9a64938387ea98540633e521f73a6ccb35a88ad4","codex","d05d5803e13caa92d5f42e6b46b1c8e001e218c8ee9fea9a52ddbc6e28a949e0","225543abf4fa639511e612ac59c91eb3322e3b12bc019e71fed544ec327446bf","continuation","False","121","65","56","0.463","4","4","16","12"
"2026-04-13T13:10:29.459276Z","final-24h-tenant","7e915de8c02ff5f900b33e2b9a64938387ea98540633e521f73a6ccb35a88ad4","codex","8441c3e2f8890195799d090529b2bbe70a0e992f92f70fbf235780297db4e9bb","186d7ea279bf22575fb3a0353bfc01875c10f511c5ccaf7938f7da536b85540f","continuation","False","121","65","56","0.463","4","4","16","12"
"2026-04-13T13:10:59.743615Z","final-24h-tenant","7e915de8c02ff5f900b33e2b9a64938387ea98540633e521f73a6ccb35a88ad4","codex","42f3ee8d55e7bea98a905389b2829e6f90ff59038f6c0000b64ae34c479a2bd5","1d37b2f6ea76530451d44d8e83b5aa5bdea6da264e1dedd58e51dc52f2a72b5c","continuation","False","121","65","56","0.463","4","4","16","12"
"2026-04-13T13:11:30.029788Z","final-24h-tenant","7e915de8c02ff5f900b33e2b9a64938387ea98540633e521f73a6ccb35a88ad4","codex","a3968592c51f234c55106523e178befa0da8015532276e840a3cd50b9bb9bddd","c8e75ea2f5d5026ed883a2333aa78f09004cca613cb73f3b45790f503a4c9175","continuation","False","121","65","56","0.463","4","4","16","12"
"2026-04-13T13:12:00.319898Z","final-24h-tenant","7e915de8c02ff5f900b33e2b9a64938387ea98540633e521f73a6ccb35a88ad4","codex","8d6b6943d25aaf09308aacc2a4246f47390b2d684553efca301d0870a7048e8e","5594fb690d43be06ee587888e29e7bbb7632e55f5a7faa41e816ccfba5d84456","continuation","False","121","65","56","0.463","4","4","16","12"
"2026-04-13T13:12:30.586477Z","final-24h-tenant","7e915de8c02ff5f900b33e2b9a64938387ea98540633e521f73a6ccb35a88ad4","codex","c12f3e835b329d11bd4500cdd0189662b599b83de6d5e938332d7d1529ac8401","ed6f20b248f62664761210d3882b10b97d6c8f5e09016f2e691dfdb6abc4365e","continuation","False","121","65","56","0.463","4","4","16","12"
"2026-04-13T13:13:00.866444Z","final-24h-tenant","7e915de8c02ff5f900b33e2b9a64938387ea98540633e521f73a6ccb35a88ad4","codex","a11d5ea2ff79b04a153929aea4867578705bdfdb727b2ae6dd5cf666faa11ed3","2fb8920937ecd18d7c9086a3c26bcbdc05aa95534c19a25b475f4ca754502d24","continuation","False","121","65","56","0.463","4","4","16","12"
"2026-04-13T13:13:31.155950Z","final-24h-tenant","7e915de8c02ff5f900b33e2b9a64938387ea98540633e521f73a6ccb35a88ad4","codex","4279c515302130344d3b0149b083b2eedee42a7fd20af8b90798cdc257322e37","38e8aa3b29cc34c36389be892b0944356807a07d11364224b0959ff05e52f0d5","continuation","False","121","65","56","0.463","4","4","16","12"
"2026-04-13T13:14:01.438644Z","final-24h-tenant","7e915de8c02ff5f900b33e2b9a64938387ea98540633e521f73a6ccb35a88ad4","codex","60747d22a9e361b135a13746e473d8dcec7099219291defe37266bd7c2279a7c","a6179673ca4515c92a4b6e7548fbf86b432a32cadac7a6fc35b934d5d5d877f2","continuation","False","121","65","56","0.463","4","4","16","12"
"2026-04-13T13:14:31.710273Z","final-24h-tenant","7e915de8c02ff5f900b33e2b9a64938387ea98540633e521f73a6ccb35a88ad4","codex","7d0936dbd3361f167774594ef54d5109232bc34dd41b425e055c98dbbe9300f2","df495efcc8cb791df5e3d8cfefe8d7b0772342d316b6c5c4b4eed223d11b1923","continuation","False","121","65","56","0.463","4","4","16","12"
"2026-04-13T13:15:01.996110Z","final-24h-tenant","7e915de8c02ff5f900b33e2b9a64938387ea98540633e521f73a6ccb35a88ad4","codex","c9b907f1cedcbb2a033525e644f94ee23d2b80e3b023dabbacfedb718b8b5a6e","9453523c06c1ab1898c8e94aa42fd564983c2ccd5393b9df83f38eed1bbe095d","continuation","False","121","65","56","0.463","4","4","16","12"
"2026-04-13T13:15:32.280990Z","final-24h-tenant","7e915de8c02ff5f900b33e2b9a64938387ea98540633e521f73a6ccb35a88ad4","codex","14c8ef44f0c3702289d30bd874d7eacea317ce105a442e139829fe2543e74318","023dd7ab905682865fd163bd32abb78c2284ac8571452a633aeed30d34fe9da1","continuation","False","121","65","56","0.463","4","4","16","12"
"2026-04-13T13:16:02.551010Z","final-24h-tenant","7e915de8c02ff5f900b33e2b9a64938387ea98540633e521f73a6ccb35a88ad4","codex","330255a5268279d81414a72caf358539129baab20284ec649ab1e04a4ee6323e","6dee3a0671c25f79e78fb8a58809711acb6073f0e57289f06e3fb4fe100b6b9c","continuation","False","121","65","56","0.463","4","4","16","12"
"2026-04-13T13:16:32.833971Z","final-24h-tenant","7e915de8c02ff5f900b33e2b9a64938387ea98540633e521f73a6ccb35a88ad4","codex","86a7aaa258b7c4be1c08b5512fc2405e1fa3a335289b49f096611eac43f40dc3","e9debf16c7c05ed99fcab26a9d3d0c03637ad83ddff563d20232b2d131fe1c8e","continuation","False","121","65","56","0.463","4","4","16","12"
"2026-04-13T13:17:03.108239Z","final-24h-tenant","7e915de8c02ff5f900b33e2b9a64938387ea98540633e521f73a6ccb35a88ad4","codex","a7bd850b9fa2e66a7d5ad0db134b4b2d2d539bcb0a49557d1c46a940737f404d","464a53a4b9e44e82e6f2e68b097fa768cad408b5778fd15687978a657cf968e3","continuation","False","121","65","56","0.463","4","4","16","12"
"2026-04-13T13:17:33.386558Z","final-24h-tenant","7e915de8c02ff5f900b33e2b9a64938387ea98540633e521f73a6ccb35a88ad4","codex","52320ac08361d93f9fe4b878f6eb5996845c64d312d47fb25fe7bac4cd829ef0","ada3f2f3d29d969051f029d8593f8956f7eb30d8d26dcc00f4f7e1b25f4ec300","continuation","False","121","65","56","0.463","4","4","16","12"
"2026-04-13T13:18:03.686190Z","final-24h-tenant","7e915de8c02ff5f900b33e2b9a64938387ea98540633e521f73a6ccb35a88ad4","codex","bf467c1e1416e92e4ec25392ea2851c2f278d29ec8717fa0aca160117fe148a0","f0708ddfd4b8f5501f09a26037f556ffc3be091b7689005a31b72ea3b0dcd83b","continuation","False","121","65","56","0.463","4","4","16","12"
"2026-04-13T13:18:33.986502Z","final-24h-tenant","7e915de8c02ff5f900b33e2b9a64938387ea98540633e521f73a6ccb35a88ad4","codex","5143fee6e3fc11407b20ddd7a3fd68df75efab387795f9142cff60cea2af8e54","ac30eec5c93262e904ea0af2aa112c2abcb98f6fa8d0ed21dcee287389633cd7","continuation","False","121","65","56","0.463","4","4","16","12"
"2026-04-13T13:19:04.302855Z","final-24h-tenant","7e915de8c02ff5f900b33e2b9a64938387ea98540633e521f73a6ccb35a88ad4","codex","d73c68bb80678b840d9ce7d9f64f14b940e152ec6c0372205a2ff5a812447a4a","c2c2f7e07299fa36ac94bcc48550efa6f32fe3eed42e002be4dc35dfcd5c0293","continuation","False","121","65","56","0.463","4","4","16","12"
"2026-04-13T13:19:34.581919Z","final-24h-tenant","7e915de8c02ff5f900b33e2b9a64938387ea98540633e521f73a6ccb35a88ad4","codex","ccd86c69eeb3cfba772b39133f82bbbd64472f097a5cde942fc94e5cfbd4e890","91699627f9311ca6241c193e9cdde3cbae70a6782cc7ce10bc4d4eef90879cdc","continuation","False","121","65","56","0.463","4","4","16","12"
"2026-04-13T13:20:04.869649Z","final-24h-tenant","7e915de8c02ff5f900b33e2b9a64938387ea98540633e521f73a6ccb35a88ad4","codex","a803c465c13a0bd06847a6f65c45f6103dff4ea5c3c5cc090f4c0ebb1d712076","de65624e8d0b8bfadd9657cb11d736d141edac16b990b097d0ceeee8a213a0f4","continuation","False","121","65","56","0.463","4","4","16","12"
"2026-04-13T13:20:35.122835Z","final-24h-tenant","7e915de8c02ff5f900b33e2b9a64938387ea98540633e521f73a6ccb35a88ad4","codex","b080181e876ff5219e6835003e7a173287666bc3683f62f8d7471bb839fb7941","5dc7dc6e6d849f7c36a7e1f22b05b42109258e726a7974329cde7d80297f3fca","continuation","False","121","65","56","0.463","4","4","16","12"
"2026-04-13T13:21:05.376563Z","final-24h-tenant","7e915de8c02ff5f900b33e2b9a64938387ea98540633e521f73a6ccb35a88ad4","codex","eb53cfc6f90c20ec84ec23deaf07d01abbafa3746cb5ea12ab4b7e0525fd47ee","dec4b21dab3b904b211ae70944c0e965ab896c2a5611960f96e920db0d58d3aa","continuation","False","121","65","56","0.463","4","4","16","12"
"2026-04-13T13:21:35.673053Z","final-24h-tenant","7e915de8c02ff5f900b33e2b9a64938387ea98540633e521f73a6ccb35a88ad4","codex","802b0a5f6ea33ab034a2e30ad2694840409032295537ae945f63abf60d482dbe","5f2b95528f409c96174e127c4f4ecd460deb6259d558b1ad1ec0b0eeb122804d","continuation","False","121","65","56","0.463","4","4","16","12"
"2026-04-13T13:22:05.967635Z","final-24h-tenant","7e915de8c02ff5f900b33e2b9a64938387ea98540633e521f73a6ccb35a88ad4","codex","aa289ea886e2effb561eaad46c4f33e9f63c1ea9713bca193de592ce4a4a10e7","d452c31915a9b267acd0d9e2c5bad6673eeeacfe5acb530d2d867d592f878af7","continuation","False","121","65","56","0.463","4","4","16","12"
"2026-04-13T13:22:36.253072Z","final-24h-tenant","7e915de8c02ff5f900b33e2b9a64938387ea98540633e521f73a6ccb35a88ad4","codex","c340baf7d88dde7cecdc13889cdcf0d84e0ebcc25f206c2b62c914fef4f9c383","9329edb5540b1d57f8e383e5ae4ae36a6f5a3be2c7bd7227d4b3a2c5bebd5ff1","continuation","False","121","65","56","0.463","4","4","16","12"
"2026-04-13T13:23:06.550131Z","final-24h-tenant","7e915de8c02ff5f900b33e2b9a64938387ea98540633e521f73a6ccb35a88ad4","codex","f8fae3e08e80881c1c19852fff4f07d51bca7febb733b2033ba0831c53b2c061","09f93d209211fc9da7fb863305b78753b6f9490555809235709a4be127251adf","continuation","False","121","65","56","0.463","4","4","16","12"
"2026-04-13T13:23:36.842693Z","final-24h-tenant","7e915de8c02ff5f900b33e2b9a64938387ea98540633e521f73a6ccb35a88ad4","codex","45dcdb9ea65e9034473277bd3b0ce6ce407ad0f5c272e9ead69106fecb695d06","415630ea8b1cc9e33584df8f0e95e32ff9a0be9f69e879ee9f381de2a81763d9","continuation","False","121","65","56","0.463","4","4","16","12"
"2026-04-13T13:24:07.116575Z","final-24h-tenant","7e915de8c02ff5f900b33e2b9a64938387ea98540633e521f73a6ccb35a88ad4","codex","52894e7955c81f48f88ca91a68cd2624a67e18c2c05e75e308dce0fc0a6cd2f8","3332d72bfdb09b7c7752ec3b4eb1a8884f4b83fe1637dd5269a277575c96484d","continuation","False","121","65","56","0.463","4","4","16","12"
"2026-04-13T13:24:37.393440Z","final-24h-tenant","7e915de8c02ff5f900b33e2b9a64938387ea98540633e521f73a6ccb35a88ad4","codex","e4db99bbe42c697d835aba219f6888fce06d789d0beddedbb86697a1ae7cded1","fc1f8d5a600d60ddd5437c541092318699ba4aeb1d32f5dbb8ebd191972bc228","continuation","False","121","65","56","0.463","4","4","16","12"
"2026-04-13T13:25:07.687206Z","final-24h-tenant","7e915de8c02ff5f900b33e2b9a64938387ea98540633e521f73a6ccb35a88ad4","codex","0378f08b47cf4e0c063f3bbb06b98266dfe44b99be4d2b9d433b08b0b66b9cf8","bad57066f9b6a1013dfe7fbd62c43cd61c8fdc99504c35639dfcbcfcb42e3592","continuation","False","121","65","56","0.463","4","4","16","12"
"2026-04-13T13:25:37.957555Z","final-24h-tenant","7e915de8c02ff5f900b33e2b9a64938387ea98540633e521f73a6ccb35a88ad4","codex","269689da19d6ead31e9b20d99e38e8c53cffe5b35d1b763f105918741915e5ac","6bb53309e7666ae53ce7c160f0da6c96a0b7d3998b75a37a71f01f00ef0cdd33","continuation","False","121","65","56","0.463","4","4","16","12"
"2026-04-13T13:26:08.250667Z","final-24h-tenant","7e915de8c02ff5f900b33e2b9a64938387ea98540633e521f73a6ccb35a88ad4","codex","cbdc61efad67db0f2106c8532392ff3929ecba9258f4172ae176ceb8e2ac1093","d5275f3ccde26da9310466f5ebf508c60fbf4213f645e357e18664cf615c8c70","continuation","False","121","65","56","0.463","4","4","16","12"
"2026-04-13T13:26:38.533866Z","final-24h-tenant","7e915de8c02ff5f900b33e2b9a64938387ea98540633e521f73a6ccb35a88ad4","codex","da387ae06b256883546cdc63980cdeff052b57788347601bf5afb28e412114f5","77a35c710327597b5fc1d8e93327ea176e6da08ed58cb08c8e013eb1338c2b5e","continuation","False","121","65","56","0.463","4","4","16","12"
"2026-04-13T13:27:08.887601Z","final-24h-tenant","7e915de8c02ff5f900b33e2b9a64938387ea98540633e521f73a6ccb35a88ad4","codex","5fe61eb9e155ee032abb0486ce8f5bf5dad10fb2b2cefd6b0381cb56193c603a","11c675c03e886f9c645a5044108e9d6a7b35e15dd195baf6a5ac35aac1b5511a","continuation","False","121","65","56","0.463","4","4","16","12"
"2026-04-13T13:27:39.178612Z","final-24h-tenant","7e915de8c02ff5f900b33e2b9a64938387ea98540633e521f73a6ccb35a88ad4","codex","9c1c50a1241426643e8dc96f849a2a541f1113bf0c47bb1c910d7e434476ce58","8804d7c1d6a25ea915369793db5d486176614c4e53bd8d635be4b260438e818b","continuation","False","121","65","56","0.463","4","4","16","12"
"2026-04-13T13:28:09.487777Z","final-24h-tenant","7e915de8c02ff5f900b33e2b9a64938387ea98540633e521f73a6ccb35a88ad4","codex","6b7316c2192500d83c574e6e8ba6718718d1e80c5deaed12983b47851480a741","5771394590015095699e90f79cb49e8508e9b6de4c904cef8498ad85b822f26d","continuation","False","121","65","56","0.463","4","4","16","12"
"2026-04-13T13:28:39.781438Z","final-24h-tenant","7e915de8c02ff5f900b33e2b9a64938387ea98540633e521f73a6ccb35a88ad4","codex","cf74dbf31d2e91108825753c88c975eb3e49f46a608b25847a35214c82d3b916","d421c46721f66cb1fcd03f35f534ddf0d31902c95e3c4568683d2106a092e8f9","continuation","False","121","65","56","0.463","4","4","16","12"
"2026-04-13T13:29:10.107552Z","final-24h-tenant","7e915de8c02ff5f900b33e2b9a64938387ea98540633e521f73a6ccb35a88ad4","codex","7b39e6403cdd0f0e4a39933733242f244b751403ee923f4067605c3d4c800ed2","c46c36be9d9698c1170b004abc6b168ad9d34a61f852a5eb8713ea11f62cd87c","continuation","False","121","65","56","0.463","4","4","16","12"
"2026-04-13T13:29:40.398655Z","final-24h-tenant","7e915de8c02ff5f900b33e2b9a64938387ea98540633e521f73a6ccb35a88ad4","codex","95509f2bea148bf5a34bf98293abf7f57ab457b86aa8fee7a30cc78278dd37e6","2528b3634cb1089cc8f2a20a4f1b33408b36ace5e6bba3e8dd6d4a34cd21bc53","continuation","False","121","65","56","0.463","4","4","16","12"
"2026-04-13T13:30:10.684192Z","final-24h-tenant","7e915de8c02ff5f900b33e2b9a64938387ea98540633e521f73a6ccb35a88ad4","codex","8b344db2b102bf79e68d183ed605ba314ba0b40dd27cb210de114610f1360e80","705c19415422841b3cf1494b1aaf4a55ca2696a77d826056491537cdc0f17c5d","continuation","False","121","65","56","0.463","4","4","16","12"
"2026-04-13T13:30:40.977759Z","final-24h-tenant","7e915de8c02ff5f900b33e2b9a64938387ea98540633e521f73a6ccb35a88ad4","codex","1290576d9d3c93e9f14f520eea19c63c323476669ed10fcc7540f512916eda72","8c81b85e1573c5bba4064bfa6c89fa594dedb868350e1b35721d784c151686ba","continuation","False","121","65","56","0.463","4","4","16","12"
"2026-04-13T13:31:11.291656Z","final-24h-tenant","7e915de8c02ff5f900b33e2b9a64938387ea98540633e521f73a6ccb35a88ad4","codex","dee115876f52da75dd8c51cfda0a3e0577ea1c5ea304b4aff7ca9db9c9b7b5b1","03524ea7eb0bd2dbe7f40fb3b5a5ec14766e5028247e165f54c6aed46582db0f","continuation","False","121","65","56","0.463","4","4","16","12"
"2026-04-13T13:31:41.592446Z","final-24h-tenant","7e915de8c02ff5f900b33e2b9a64938387ea98540633e521f73a6ccb35a88ad4","codex","5a8970a69c9fcdb0b2544a8ace34d0e1ccb7afb15e1d645f0d77654dfa2e0986","c605d0e4d9b9cab780149d99415b9a3fb736bedb33ff366cc1c55335e3a189dd","continuation","False","121","65","56","0.463","4","4","16","12"
"2026-04-13T13:32:11.897593Z","final-24h-tenant","7e915de8c02ff5f900b33e2b9a64938387ea98540633e521f73a6ccb35a88ad4","codex","9d1c32fdcea4fd55259f16d17a01d0a70dbc536854f42f6606c49bdec270bce7","653978aac39bb47475dd3bc1bfdccc3e62ffe40684c0607c98c0d395c575b0e0","continuation","False","121","65","56","0.463","4","4","16","12"
"2026-04-13T13:32:42.213128Z","final-24h-tenant","7e915de8c02ff5f900b33e2b9a64938387ea98540633e521f73a6ccb35a88ad4","codex","c1bc0e967e67faeb21d129f2d330df61afcb7487f0d7d5b6c78c06b8c1ce653c","f9398d0a35032e0c3b0ef6ecf4098ae50deb82efe260629cc9640471f5541c02","continuation","False","121","65","56","0.463","4","4","16","12"
"2026-04-13T13:33:12.543922Z","final-24h-tenant","7e915de8c02ff5f900b33e2b9a64938387ea98540633e521f73a6ccb35a88ad4","codex","952a22e3c165717afbb18fc8f316e8d509e0f37283fafa15ddbe8be908c7e506","c370c755099b1ce8077936c3e7153336e5b67b9e54fd8f69fcafce7b3fdca07e","continuation","False","121","65","56","0.463","4","4","16","12"
"2026-04-13T13:33:42.857386Z","final-24h-tenant","7e915de8c02ff5f900b33e2b9a64938387ea98540633e521f73a6ccb35a88ad4","codex","b8c2b759ad4a1d15011a7e174cdf5b35904859b2738d4ce364fb723e2f2f7e3c","74b25d368f131d7927aa216e3347abe8efcdc855a19e51c0fd444e2296bd82f4","continuation","False","121","65","56","0.463","4","4","16","12"
"2026-04-13T13:34:13.168084Z","final-24h-tenant","7e915de8c02ff5f900b33e2b9a64938387ea98540633e521f73a6ccb35a88ad4","codex","0203bf55aa4f7a3c75ce5e3c99a851009df94738738869f82de3b751714f1462","70eeaec174592056a4d2811226cc589a8f4d7a8224ee72b0777222cedff6e220","continuation","False","121","65","56","0.463","4","4","16","12"
"2026-04-13T13:34:43.452946Z","final-24h-tenant","7e915de8c02ff5f900b33e2b9a64938387ea98540633e521f73a6ccb35a88ad4","codex","1d87b8208f3ba25631695235106c3a3657461a3570a2f94417de96fc8bec3148","a25b65a11c87bb5f7f0fba75876140722f90a46d81d399dd2eedb8914cf5dbc0","continuation","False","121","65","56","0.463","4","4","16","12"
"2026-04-13T13:35:13.755197Z","final-24h-tenant","7e915de8c02ff5f900b33e2b9a64938387ea98540633e521f73a6ccb35a88ad4","codex","c298ddfeb612ae139a9c57159c9c22f3054afb44a5321ebf0fa108289347baa5","766bf76c16e712b572ac7e7044ffaf382f6c0acbbda4c29a302c3b34b2f5fb4a","continuation","False","121","65","56","0.463","4","4","16","12"
"2026-04-13T13:35:44.041665Z","final-24h-tenant","7e915de8c02ff5f900b33e2b9a64938387ea98540633e521f73a6ccb35a88ad4","codex","6b8ec78db058331cdc492a8b19dcfe6051d54dcc7d3ef13a3e889beb8503a71b","909bb80c3f63fa3f2d7de4a98bd38d9f2f893d409c27eec82f807e6ac572c925","continuation","False","121","65","56","0.463","4","4","16","12"
"2026-04-13T13:36:14.353565Z","final-24h-tenant","7e915de8c02ff5f900b33e2b9a64938387ea98540633e521f73a6ccb35a88ad4","codex","fe5316514ddfb0874977ba1b8ce9190488fb9cd41ba4ba8c334ac0666418740c","e8411b97c495353a152200e2dde4be3a80695068fa0ad2c31556709a6e7e51b8","continuation","False","121","65","56","0.463","4","4","16","12"
"2026-04-13T13:36:44.658390Z","final-24h-tenant","7e915de8c02ff5f900b33e2b9a64938387ea98540633e521f73a6ccb35a88ad4","codex","72ff82263dddf66cc9e3f2392a8147d4173fb60a0f73fcf73aacf135ebdbf777","381f4beae325ba41c4ee9fdd5d1b73451fd4984211ba6fcf11c2e8b01f26a93c","continuation","False","121","65","56","0.463","4","4","16","12"
"2026-04-13T13:37:14.948890Z","final-24h-tenant","7e915de8c02ff5f900b33e2b9a64938387ea98540633e521f73a6ccb35a88ad4","codex","f6b4d04e8850f63923abd28ba10c1a27f0de459e8cb6d630249b68701ad30d06","eb6b1ffd15b3f526665c37a5feddb0a80164c79b916ef7c12a5e975c7f23ddf0","continuation","False","121","65","56","0.463","4","4","16","12"
"2026-04-13T13:37:45.251684Z","final-24h-tenant","7e915de8c02ff5f900b33e2b9a64938387ea98540633e521f73a6ccb35a88ad4","codex","2b28b27443a2bb6821306516d2ba1412998998d33d3617ea24bac0b5f1e04c52","9f6f17426a84f0cda5d1061b4ca2698413a6108eb9abebc7a0e48150319b7748","continuation","False","121","65","56","0.463","4","4","16","12"
"2026-04-13T13:38:15.547248Z","final-24h-tenant","7e915de8c02ff5f900b33e2b9a64938387ea98540633e521f73a6ccb35a88ad4","codex","11e5bc5a5d34129409517003d2c10b3a15306846a8a03c2879f2b18aa9143bc3","ed096af23568a123b39a544c39e1a259d3ddbbedecaefa41a9803a97ce11f955","continuation","False","121","65","56","0.463","4","4","16","12"
"2026-04-13T13:38:45.870059Z","final-24h-tenant","7e915de8c02ff5f900b33e2b9a64938387ea98540633e521f73a6ccb35a88ad4","codex","75cc2721284bc0c05be9913c8e5a422835611d3364ed963a7e7f9d4781e3c9fe","4325ea028e93089a3d4bddb8cc097e0ffab2f80a5eee99d99c2f45a4cc7d0ef7","continuation","False","121","65","56","0.463","4","4","16","12"
"2026-04-13T13:39:16.152359Z","final-24h-tenant","7e915de8c02ff5f900b33e2b9a64938387ea98540633e521f73a6ccb35a88ad4","codex","9a7df023e111d2a6decc1f8a183d08fe9a877fa98706fd2b4183f6ac37be6d1b","1dfc98294ed6546fcc723b4a71bb8755f20bd6e1eff3e7fb5f1a07b91839328b","continuation","False","121","65","56","0.463","4","4","16","12"
"2026-04-13T13:39:46.459998Z","final-24h-tenant","7e915de8c02ff5f900b33e2b9a64938387ea98540633e521f73a6ccb35a88ad4","codex","ce7cee9fc2749893c769111681cd54666bf03fb2a180027882ab19b525345ea0","6d2333465b37747d14dd4f98a909e11772c5cdc867dbe3c1b368964ce8410ef0","continuation","False","121","65","56","0.463","4","4","16","12"
"2026-04-13T13:40:16.763629Z","final-24h-tenant","7e915de8c02ff5f900b33e2b9a64938387ea98540633e521f73a6ccb35a88ad4","codex","a532d49d3dcc6890760211ba5764ee14bae76489c514041f12e7fc5abac364b8","a8c64c4e6bfcb5fd2bea08bac51ff99f83f2297812277b21e50fbda62d54caa4","continuation","False","121","65","56","0.463","4","4","16","12"
"2026-04-13T13:40:47.037995Z","final-24h-tenant","7e915de8c02ff5f900b33e2b9a64938387ea98540633e521f73a6ccb35a88ad4","codex","2e9a8020b8d9daf1d74fe68a18b31f21d52cec0ab7a27fee2948c24537e4da9f","07ad9102f74e5d381bf8724961217ca4213a2db73fe42be2e1d765505d4a5db2","continuation","False","121","65","56","0.463","4","4","16","12"
"2026-04-13T13:41:17.350401Z","final-24h-tenant","7e915de8c02ff5f900b33e2b9a64938387ea98540633e521f73a6ccb35a88ad4","codex","ee56d2ecdafca29e358845eb5a3f488bee5aab67bbbae62d5ab5c506c51aa220","ac904d6daf897ff7458b9778572f18506587e0a479dcc49a991fd39a2f92cd4c","continuation","False","121","65","56","0.463","4","4","16","12"
"2026-04-13T13:41:47.657301Z","final-24h-tenant","7e915de8c02ff5f900b33e2b9a64938387ea98540633e521f73a6ccb35a88ad4","codex","52c85af4311c34d3115e95ec016b4b8a6ac8d4e60f5d5fbb6bd3d99c473953b7","5befbd0354a344049aca9250d0b221476d3576c0923c8f1541d5d816bf2faeb6","continuation","False","121","65","56","0.463","4","4","16","12"
"2026-04-13T13:42:17.948068Z","final-24h-tenant","7e915de8c02ff5f900b33e2b9a64938387ea98540633e521f73a6ccb35a88ad4","codex","affc5ffeca1cb00bedc62ff6b5c91236b2ac26faf56a4c57eae1768cbd85e79c","703136646944512c78a0d3ca3b6ed379422c5fa97ba414fc69c515c327257afe","continuation","False","121","65","56","0.463","4","4","16","12"
"2026-04-13T13:42:48.251009Z","final-24h-tenant","7e915de8c02ff5f900b33e2b9a64938387ea98540633e521f73a6ccb35a88ad4","codex","93bea3bd39899c8a68a05d7b1bd2d03594ef604e47f3db9191bdb9c08a45ad65","5c1e15aac3abcc2fa318e7f4ca0bf7f2df404cc9af5fffa7a70fa42e6b5a4173","continuation","False","121","65","56","0.463","4","4","16","12"
"2026-04-13T13:43:18.574049Z","final-24h-tenant","7e915de8c02ff5f900b33e2b9a64938387ea98540633e521f73a6ccb35a88ad4","codex","1b278deb58cf18630d464864e001e9d31eb989c414319e6e909a61605f2d3f84","50d7c97e4c49f24f452e5ee5d0fa46011b726ec7d1d566d06e814dcfe61a4ae8","continuation","False","121","65","56","0.463","4","4","16","12"
"2026-04-13T13:43:48.889546Z","final-24h-tenant","7e915de8c02ff5f900b33e2b9a64938387ea98540633e521f73a6ccb35a88ad4","codex","fe85b9c86254f6b668b5498e478f90b7e0b7c2ed7c6dbd02d6cf173c488af286","d8ecaaebbe1f5bb07182aefcdbdec480270cb8312d8eb27e99b524812be32b32","continuation","False","121","65","56","0.463","4","4","16","12"
"2026-04-13T13:44:19.187047Z","final-24h-tenant","7e915de8c02ff5f900b33e2b9a64938387ea98540633e521f73a6ccb35a88ad4","codex","9c62edbb0663b17700eb90fdbe07d7e69630fb7b3ce2ce9b5e2893478764d624","4f19e8ae97f2643b18c47ea38808f27658b6393782505268325ef65d3897d03a","continuation","False","121","65","56","0.463","4","4","16","12"
"2026-04-13T13:44:49.502481Z","final-24h-tenant","7e915de8c02ff5f900b33e2b9a64938387ea98540633e521f73a6ccb35a88ad4","codex","21315f9dda41ec1da0dbfd5b03104f56911564176ab99c4f881efc475b8357ff","52a8624e9d324dcb72d25e0499eeb9ed073803dbe083373419af5bb230d032c4","continuation","False","121","65","56","0.463","4","4","16","12"
"2026-04-13T13:45:19.830001Z","final-24h-tenant","7e915de8c02ff5f900b33e2b9a64938387ea98540633e521f73a6ccb35a88ad4","codex","4c1113599d78a8bad782cda88cfc649bbf763c253a58b05270e8f1708e146533","07ae096ca94c883dc5fde70829dc95a72e9ca93689ef77c8497fd45e2bce4485","continuation","False","121","65","56","0.463","4","4","16","12"
"2026-04-13T13:45:50.110451Z","final-24h-tenant","7e915de8c02ff5f900b33e2b9a64938387ea98540633e521f73a6ccb35a88ad4","codex","07edcc5f29d13d7cb90bd2f541340ec3b8c80dc096c68885a26335ab44a5a732","7fb0ee3c0677a9675f4162f6cd663e0d0a06eff5363e2c4203a55f5b8e18d5b2","continuation","False","121","65","56","0.463","4","4","16","12"
"2026-04-13T13:46:20.452498Z","final-24h-tenant","7e915de8c02ff5f900b33e2b9a64938387ea98540633e521f73a6ccb35a88ad4","codex","74df288a1a1abaa88256ee267000b00c50d548b3e7097b6f60b79cf3ed081657","01676eb1ac774ebdaa456e53b07dfcf51ea18cd9a59387d90667407ac42dd98e","continuation","False","121","65","56","0.463","4","4","16","12"
"2026-04-13T13:46:50.744430Z","final-24h-tenant","7e915de8c02ff5f900b33e2b9a64938387ea98540633e521f73a6ccb35a88ad4","codex","5176436e822444fba0477429d588a39154db1b3c6fcc4b13307f8e9eac8b4eb1","2d0294f02c017b1a2af31938e11680e1989332ab26c4de573d6fcc2a647e157c","continuation","False","121","65","56","0.463","4","4","16","12"
"2026-04-13T13:47:21.049404Z","final-24h-tenant","7e915de8c02ff5f900b33e2b9a64938387ea98540633e521f73a6ccb35a88ad4","codex","a47ffcab4bd30ece1e6d94b36a7986495fda31ecf9b3f504f0f0e5cc7ebfccf5","eb6c6fdd9ab67270f7bd7e4418724887e1c7ece6eff320017294f349148361e5","continuation","False","121","65","56","0.463","4","4","16","12"
"2026-04-13T13:47:51.364578Z","final-24h-tenant","7e915de8c02ff5f900b33e2b9a64938387ea98540633e521f73a6ccb35a88ad4","codex","b924df6ac9e735f7d4cf056824994efe4641b5735f293a7788b4dfc8847ada41","d07c3a13ee049e713c22606610ee2b0226812f34f53ce5645cada17138812d30","continuation","False","121","65","56","0.463","4","4","16","12"
"2026-04-13T13:48:21.680125Z","final-24h-tenant","7e915de8c02ff5f900b33e2b9a64938387ea98540633e521f73a6ccb35a88ad4","codex","1bdaa1896ec133ee9c594a338236dd00a48fdea7c70360af894058df0fa86fdd","9a244f3b6722da11ff74b3609327e6bd934984a367ee31e3028ab8234c006cd5","continuation","False","121","65","56","0.463","4","4","16","12"
"2026-04-13T13:48:51.987692Z","final-24h-tenant","7e915de8c02ff5f900b33e2b9a64938387ea98540633e521f73a6ccb35a88ad4","codex","d9c08fab47b6bf07f9240faf6d739b8575396390bd9b740c328a83dd97182357","a2ac439620851c5707633c39d649500e452d52001611ccaf10d54f0a54070197","continuation","False","121","65","56","0.463","4","4","16","12"
"2026-04-13T13:49:22.295450Z","final-24h-tenant","7e915de8c02ff5f900b33e2b9a64938387ea98540633e521f73a6ccb35a88ad4","codex","15e91a157d2ab23f1a410d2d4f44898a7feb091e948bb1af64d075408c6cf67b","b668c3ec1b095d9ddd685ecad7e90c6dc9dbeea82b727482d83ef429059e77f6","continuation","False","121","65","56","0.463","4","4","16","12"
"2026-04-13T13:49:52.579908Z","final-24h-tenant","7e915de8c02ff5f900b33e2b9a64938387ea98540633e521f73a6ccb35a88ad4","codex","f061b3d0c2cc9dd70dfc291fa174530c50fbee183c4c62af500874062461d612","c24717ff3b30d2efc3c34de8a6cf18a3119de437cd47d0ce19792992db3db4d1","continuation","False","121","65","56","0.463","4","4","16","12"
"2026-04-13T13:50:22.880128Z","final-24h-tenant","7e915de8c02ff5f900b33e2b9a64938387ea98540633e521f73a6ccb35a88ad4","codex","4368ece73deb1609dc8f3c4b7c22af1ddcad416d4cfe595fe7c12a1cb4abddc4","3ea8f07f7e498559f400592ad0f93e0e62805e8007d603ad98e5e63e28ef445f","continuation","False","121","65","56","0.463","4","4","16","12"
"2026-04-13T13:50:53.178866Z","final-24h-tenant","7e915de8c02ff5f900b33e2b9a64938387ea98540633e521f73a6ccb35a88ad4","codex","d5b6246baada14846c32960022b4dc90a0fa8c0794483e3478e608704368b18a","cd8527b6d53044b35e7e4ccd7ea7e3f1dd785128e8244c141f0b61c354cbdd91","continuation","False","121","65","56","0.463","4","4","16","12"
"2026-04-13T13:51:23.506379Z","final-24h-tenant","7e915de8c02ff5f900b33e2b9a64938387ea98540633e521f73a6ccb35a88ad4","codex","8f6cc2fefbd441694280bae5ac16f4e9f73fad877c1820417810b76337688ed6","91a97dbcc4ab867de9cf834a147f88296f8f005201f295aaf0c6a95aace5d1b3","continuation","False","121","65","56","0.463","4","4","16","12"
"2026-04-13T13:51:53.813694Z","final-24h-tenant","7e915de8c02ff5f900b33e2b9a64938387ea98540633e521f73a6ccb35a88ad4","codex","c19a11f4e13b7da8ad3e21842674eeee0954fec7d67c3d849efb8396cc3ff464","e7effdba718d0a8124f8f46b9e0fc9f243beb7581d6c4816cc22f6553ae9f56a","continuation","False","121","65","56","0.463","4","4","16","12"
"2026-04-13T13:52:24.123068Z","final-24h-tenant","7e915de8c02ff5f900b33e2b9a64938387ea98540633e521f73a6ccb35a88ad4","codex","89c170a50a74c8d07146b36824674edd0a518e41708da5152a2e69e11c046438","e496b09687899ed3c245b18d3dc153dba06fe90d6e0f05e940314235e1c2896a","continuation","False","121","65","56","0.463","4","4","16","12"
"2026-04-13T13:52:54.440466Z","final-24h-tenant","7e915de8c02ff5f900b33e2b9a64938387ea98540633e521f73a6ccb35a88ad4","codex","08c25f1f41e972b49d1062050addc9f5b93485035ca5cd531b52c9475b691c98","0b3660077a0323755d4d7b30dd7127be787108e45c765ec100e6facd1d680345","continuation","False","121","65","56","0.463","4","4","16","12"
"2026-04-13T13:53:24.765684Z","final-24h-tenant","7e915de8c02ff5f900b33e2b9a64938387ea98540633e521f73a6ccb35a88ad4","codex","e8060024b1bbfdb3c5ba7cc8068bd7584ec40d633807227173513bc9e2849516","5ec50f59fc82c46faff9a786a317bae1829a72faae83074d0401ef13dbb2f444","continuation","False","121","65","56","0.463","4","4","16","12"
"2026-04-13T13:53:55.084293Z","final-24h-tenant","7e915de8c02ff5f900b33e2b9a64938387ea98540633e521f73a6ccb35a88ad4","codex","d5ab44c7e576ec48902d430f136a8e1a40b56237e57fa66f89d34d4a812e3d3a","4420e537eb72d2a5fade14c861c6ce8cf9924dfa29edcced6d3b5532a420128e","continuation","False","121","65","56","0.463","4","4","16","12"
"2026-04-13T13:54:25.402276Z","final-24h-tenant","7e915de8c02ff5f900b33e2b9a64938387ea98540633e521f73a6ccb35a88ad4","codex","915713156e9e0a443ae20c28cc241e257b29b7cce3484467104424cec51f0329","60d98f835463a1a940a8babb566fc0d3ff1f13e93cf0a364a93b44a64a4f9997","continuation","False","121","65","56","0.463","4","4","16","12"
"2026-04-13T13:54:55.698902Z","final-24h-tenant","7e915de8c02ff5f900b33e2b9a64938387ea98540633e521f73a6ccb35a88ad4","codex","844aa176b71c20aafda50b9e4d86e4275dc0c737b96353d73540d568bd233911","f12c5869093cc1c0b2bf1174aff50352e4e6d3ff6c14519b77672b5e6af8edd5","continuation","False","121","65","56","0.463","4","4","16","12"
"2026-04-13T13:55:26.007069Z","final-24h-tenant","7e915de8c02ff5f900b33e2b9a64938387ea98540633e521f73a6ccb35a88ad4","codex","32dc056f85535b6173fd69815ca135ffb2fee086b1061ae42c317855d8b7c0b2","c93ecbb9b71af29b30c63d6cba2347438a7b5084e1ef1365030bbce82963e661","continuation","False","121","65","56","0.463","4","4","16","12"
"2026-04-13T13:55:56.307177Z","final-24h-tenant","7e915de8c02ff5f900b33e2b9a64938387ea98540633e521f73a6ccb35a88ad4","codex","3ffcb161cef6dde0be0e37b9773f294c84c74cda0c0820d850033315d7afcb95","e5610377c0bb320d18c6b30aa93643cdde00eb38b91d48015b28757b9c20c68d","continuation","False","121","65","56","0.463","4","4","16","12"
"2026-04-13T13:56:26.612229Z","final-24h-tenant","7e915de8c02ff5f900b33e2b9a64938387ea98540633e521f73a6ccb35a88ad4","codex","c42d9b23b93f4d01b010435456730fa7fb11836605e6ec5c039599cdf3189e4a","f34e346b4234ec9405511194b38b9e08e54cde87b45db07a0e4c33f157fadc62","continuation","False","121","65","56","0.463","4","4","16","12"
"2026-04-13T13:56:56.918080Z","final-24h-tenant","7e915de8c02ff5f900b33e2b9a64938387ea98540633e521f73a6ccb35a88ad4","codex","07fbfc920ea8deffdd3c21390e4acdf55fbd59a34e2ff6ad6adf5bf2962938d4","35213cf3372e141849189c0680498a3016dcfd02b0f090857c842f8207dc209c","continuation","False","121","65","56","0.463","4","4","16","12"
"2026-04-13T13:57:27.255735Z","final-24h-tenant","7e915de8c02ff5f900b33e2b9a64938387ea98540633e521f73a6ccb35a88ad4","codex","25c86073ee6930d01f4fb026edeb6d76968d3ccdf7fac0b3bfd14dca441f907e","e45f7a328e6383c9b55d34addcb18fe67a2de5547274af8e5025970a0582b09c","continuation","False","121","65","56","0.463","4","4","16","12"
"2026-04-13T13:57:57.546039Z","final-24h-tenant","7e915de8c02ff5f900b33e2b9a64938387ea98540633e521f73a6ccb35a88ad4","codex","79d074d547a028fca683c2aab3923385354e1d4e50e3e5f4f9837482d80ba275","63d9a3a6a5806bee8799d91f010df757795bbdf9615de4c0d5419384a843499c","continuation","False","121","65","56","0.463","4","4","16","12"
"2026-04-13T13:58:27.881987Z","final-24h-tenant","7e915de8c02ff5f900b33e2b9a64938387ea98540633e521f73a6ccb35a88ad4","codex","8be54a1a35b43ed092a6d4fbc7e3b9136ddd95ec878e243b0cd6ec238b4f1b36","c4fd6375cec797e3fca46061cbb37ec94d21eab025336a0899534c0f136a07a0","continuation","False","121","65","56","0.463","4","4","16","12"
"2026-04-13T13:58:58.213010Z","final-24h-tenant","7e915de8c02ff5f900b33e2b9a64938387ea98540633e521f73a6ccb35a88ad4","codex","e779f13bda9e9b6eef3746d825628832b6285fc4fa62cc5a35b1a5e211feaabd","f0c7635879be463482a275d4494eec5cc9470e74cd244839c76601535325e19c","continuation","False","121","65","56","0.463","4","4","16","12"
"2026-04-13T13:59:28.560986Z","final-24h-tenant","7e915de8c02ff5f900b33e2b9a64938387ea98540633e521f73a6ccb35a88ad4","codex","9a8bcd2711393595f39d3005d71b5a03aeb06a7fb85942bee837fe53122b4ed3","f122eaa63bef8f9fdddab266c40a78ae6006c89a190d041ae0cf1b8197f239da","continuation","False","121","65","56","0.463","4","4","16","12"
"2026-04-13T13:59:58.874183Z","final-24h-tenant","7e915de8c02ff5f900b33e2b9a64938387ea98540633e521f73a6ccb35a88ad4","codex","3f0e895834bb46de8927509984b28d78f44a8b6d7ae45a95fc43e08b0b077db6","d6e9fa31934e51034e112954168682f0ab301de75f06a9fd38e85085fb8815f5","continuation","False","121","65","56","0.463","4","4","16","12"
"2026-04-13T14:00:29.185100Z","final-24h-tenant","7e915de8c02ff5f900b33e2b9a64938387ea98540633e521f73a6ccb35a88ad4","codex","34fd39bd67e9b3567be6acbdb9ef12a80603d1b3fca432e05b6a6626b89d8de1","df48c5e08ae0cf74a8ed3c7cb7f8decf01a8d55c9167db500d040efdd0709dc5","continuation","False","121","65","56","0.463","4","4","16","12"
"2026-04-13T14:00:59.466107Z","final-24h-tenant","7e915de8c02ff5f900b33e2b9a64938387ea98540633e521f73a6ccb35a88ad4","codex","8a13296f7d408d66a0a5309acd83777815a2a21fa2518adea91d6e91d4aa4e3e","63e809a7aec019b77f1b4d753947b18fd14ffb516cd26f9a6afdb74f90e0c30b","continuation","False","121","65","56","0.463","4","4","16","12"
"2026-04-13T14:01:29.762550Z","final-24h-tenant","7e915de8c02ff5f900b33e2b9a64938387ea98540633e521f73a6ccb35a88ad4","codex","3230a90cc013ae5d6a3fdbb5e4ce5b1f944a9cb8d7983171e6f49b0b6c460453","4167b3e4eabf9f3c183a077978c99d5bdef9c0c9160584917ef319d24e86217a","continuation","False","121","65","56","0.463","4","4","16","12"
"2026-04-13T14:02:00.063110Z","final-24h-tenant","7e915de8c02ff5f900b33e2b9a64938387ea98540633e521f73a6ccb35a88ad4","codex","49258864c829f0dbdec7bb5daea18232203cdb3cb07c822467e35ac867e88ebd","0f721da405337693d114b06df6b380fa669e99a3716afaab8a9f0c1d00d4cb14","continuation","False","121","65","56","0.463","4","4","16","12"
"2026-04-13T14:02:30.382778Z","final-24h-tenant","7e915de8c02ff5f900b33e2b9a64938387ea98540633e521f73a6ccb35a88ad4","codex","ce9df709ce84694f0f8477c28bc2efc56881346207b64d2957a9dc2622d61748","627be9828ccfba2f3d5182848b8ce8adde6dd775cf32a9e9fc8a029630a42c6e","continuation","False","121","65","56","0.463","4","4","16","12"
"2026-04-13T14:03:00.706091Z","final-24h-tenant","7e915de8c02ff5f900b33e2b9a64938387ea98540633e521f73a6ccb35a88ad4","codex","46281a693e7807e5c658b34f41d9c250719ac8e60bff362f1f05aee9a145dc94","4ea0db2589c258e780d17aeb53e2052ed8694c7db56452552fe7aa30add6c7b4","continuation","False","121","65","56","0.463","4","4","16","12"
"2026-04-13T14:03:31.030657Z","final-24h-tenant","7e915de8c02ff5f900b33e2b9a64938387ea98540633e521f73a6ccb35a88ad4","codex","c43e68f9891dcb3615829dece413ce4baf8993c43e2f35e8ef6c5e4d08c83869","be30888e7c49a0a2cee888914188c3293dd8df5aed0c3fbf5e4cdc23ed43939e","continuation","False","121","65","56","0.463","4","4","16","12"
"2026-04-13T14:04:01.367038Z","final-24h-tenant","7e915de8c02ff5f900b33e2b9a64938387ea98540633e521f73a6ccb35a88ad4","codex","1b6959cdc2865dab0307f8bb181cdecd5dc46f3197ad661344f22267862465d1","0423243e68b9ac008d06353b230bbfa2d9b354692c4f4f1bacb39c07c9068110","continuation","False","121","65","56","0.463","4","4","16","12"
"2026-04-13T14:04:31.689683Z","final-24h-tenant","7e915de8c02ff5f900b33e2b9a64938387ea98540633e521f73a6ccb35a88ad4","codex","b036e9039317061f72ab9449fcb61d9e98395c409a0cf29283014c0228816d35","ff512c5e8125d659e473f010444717157dc3d5a8215d7253e84cc93283605d1f","continuation","False","121","65","56","0.463","4","4","16","12"
"2026-04-13T14:05:02.019843Z","final-24h-tenant","7e915de8c02ff5f900b33e2b9a64938387ea98540633e521f73a6ccb35a88ad4","codex","6daf0f69afc66744895a232f955d8583760f637e607edf82ef60170add184dc8","92fca4803054e223d6db0b92770f914468f067e3b14a4dce3203d9f7bdd2ec2a","continuation","False","121","65","56","0.463","4","4","16","12"
"2026-04-13T14:05:32.347137Z","final-24h-tenant","7e915de8c02ff5f900b33e2b9a64938387ea98540633e521f73a6ccb35a88ad4","codex","cffbefa1aebd2ad5b463d3de958ccf3a60f3274298f58bdf869210c4b2aa4a79","7c7ec755099d7c04c52378a7d425adc27844dc0a0b8e2287bd6c12ef06edbce6","continuation","False","121","65","56","0.463","4","4","16","12"
"2026-04-13T14:06:02.680630Z","final-24h-tenant","7e915de8c02ff5f900b33e2b9a64938387ea98540633e521f73a6ccb35a88ad4","codex","628a9b577ba84aac5f59f60210a54727c2ae9ae4c60370640ef438791f3147c5","b69c65307bb7e95c67dc915716b1aa7fa47425d9978754764409fb22cd3892ab","continuation","False","121","65","56","0.463","4","4","16","12"
"2026-04-13T14:06:32.994714Z","final-24h-tenant","7e915de8c02ff5f900b33e2b9a64938387ea98540633e521f73a6ccb35a88ad4","codex","f973ffca31fd552502198c829ec294b44a1aa610875d4d5700dc2f2246789189","75144ac25ad319a47cdc0353770f0a44d69d8d686214d580536d06c4dd978f5b","continuation","False","121","65","56","0.463","4","4","16","12"
"2026-04-13T14:07:03.318788Z","final-24h-tenant","7e915de8c02ff5f900b33e2b9a64938387ea98540633e521f73a6ccb35a88ad4","codex","67f634ab1deadd2ce6310e685adddfcdae144eb77f79ed9916f2f506e2181b8b","44487efbc8063debd3be29b4d175456bd7dbdda8216fa3336f7f8a505cc5b645","continuation","False","121","65","56","0.463","4","4","16","12"
"2026-04-13T14:07:33.640301Z","final-24h-tenant","7e915de8c02ff5f900b33e2b9a64938387ea98540633e521f73a6ccb35a88ad4","codex","18b7b06cebbb9ce19d72acd3609be1ea668ec879d1f7e1b5e6644de5476a89e7","d2538dd70187eea8f42116b713f55c05e0418e60de912b3706671349d030be67","continuation","False","121","65","56","0.463","4","4","16","12"
"2026-04-13T14:08:03.969305Z","final-24h-tenant","7e915de8c02ff5f900b33e2b9a64938387ea98540633e521f73a6ccb35a88ad4","codex","023dca1967b45ac0591a1f2498d6b8c9ce0a639c9586d526236da434a7444c91","0c88c49955d6928915af1d4fad921722e7e80fb19d13bd3b5993e68110c87381","continuation","False","121","65","56","0.463","4","4","16","12"
"2026-04-13T14:08:34.309807Z","final-24h-tenant","7e915de8c02ff5f900b33e2b9a64938387ea98540633e521f73a6ccb35a88ad4","codex","3c3b5d682b39918c728a5e08907cd331e6a744db604ff55382162dfd7c8552d3","184c9a941679b303d55b31996c4e5c294c6e5a202efa8b01eb5f6df727579307","continuation","False","121","65","56","0.463","4","4","16","12"
"2026-04-13T14:09:04.643208Z","final-24h-tenant","7e915de8c02ff5f900b33e2b9a64938387ea98540633e521f73a6ccb35a88ad4","codex","40832eaf6505353a2184396a153d419282ed1c1cb78b04ca05efa6998a442fbd","66f85701086d7652bda39f260777d3b2dd63efe0ea7a6ea491a205cbd834053a","continuation","False","121","65","56","0.463","4","4","16","12"
"2026-04-13T14:09:34.982309Z","final-24h-tenant","7e915de8c02ff5f900b33e2b9a64938387ea98540633e521f73a6ccb35a88ad4","codex","8211f89d0eb53b10c65b4b5590ef10bcc65eb1a106148a4e9fea4c736e8832ac","11400591b91f5a05b39125e94712eb2308abdf2a94ccc28f76041458b43c19ad","continuation","False","121","65","56","0.463","4","4","16","12"
"2026-04-13T14:10:05.316027Z","final-24h-tenant","7e915de8c02ff5f900b33e2b9a64938387ea98540633e521f73a6ccb35a88ad4","codex","da2dfba76eeb3ba2064648322fc0c29d30f24f1e5fd789b0eea8d079f992afa5","a50dc1fa81d69f915902c5a35fa02a46f521c625a07da78d908ce1a03e690667","continuation","False","121","65","56","0.463","4","4","16","12"
"2026-04-13T14:10:35.652824Z","final-24h-tenant","7e915de8c02ff5f900b33e2b9a64938387ea98540633e521f73a6ccb35a88ad4","codex","62bdec0e43ba8717d80ae02a1c9ab800e59d39e91dee8afdf6a704a29b86e099","7f935be487b3a6df42dfbf11b8b0854366fc586c71320372c48c53b00305c4f3","continuation","False","121","65","56","0.463","4","4","16","12"
"2026-04-13T14:11:05.961056Z","final-24h-tenant","7e915de8c02ff5f900b33e2b9a64938387ea98540633e521f73a6ccb35a88ad4","codex","af7631449bb65eb994828a6b2254a3c10543dfc33ef6f21eb2c4d48ff8fa131f","b57e22765bf71f9309f44c3ef3534814a7ef365b75d1b5a47525e3f6473ca8f2","continuation","False","121","65","56","0.463","4","4","16","12"
"2026-04-13T14:11:36.293601Z","final-24h-tenant","7e915de8c02ff5f900b33e2b9a64938387ea98540633e521f73a6ccb35a88ad4","codex","d4118e9ad363a0d0f778b32c84ecf8c1b50e45fd6ea9a9b853b9f6743b695d0c","83a3aaf331fbcec43d43173c86e6c4ba2212d268c753ff282366ac5bc29a8ffe","continuation","False","121","65","56","0.463","4","4","16","12"
"2026-04-13T14:12:06.631352Z","final-24h-tenant","7e915de8c02ff5f900b33e2b9a64938387ea98540633e521f73a6ccb35a88ad4","codex","87ee022d7db6a0bcf46dd162b1afc5e85aeb9e1b3fd6baf333ad96b33fb5d2b9","2b02fd862e1f55c1db8eed60bc1fa7432dac25af65fc49a01bf1f4ff7baf9ba2","continuation","False","121","65","56","0.463","4","4","16","12"
"2026-04-13T14:12:36.963975Z","final-24h-tenant","7e915de8c02ff5f900b33e2b9a64938387ea98540633e521f73a6ccb35a88ad4","codex","ab904deff35d302dbda4912854f07fa95b2c826b49b6ff8acf4ad93c0b0d5c3f","75d26d2ad5520e60286bccfbbe3401fade32285f54e7320961c88f651ce937dd","continuation","False","121","65","56","0.463","4","4","16","12"
"2026-04-13T14:13:07.289437Z","final-24h-tenant","7e915de8c02ff5f900b33e2b9a64938387ea98540633e521f73a6ccb35a88ad4","codex","170d2aefa716cc2c8d44ac2da61c901f1772540093c25afe80af992b9319423a","250dd2287f1c662ca08acf2bb4b1e2dc239a7201aa8ef9e0f94fcc8db633e960","continuation","False","121","65","56","0.463","4","4","16","12"
"2026-04-13T14:13:37.627444Z","final-24h-tenant","7e915de8c02ff5f900b33e2b9a64938387ea98540633e521f73a6ccb35a88ad4","codex","8ac50ea84cfddff632a028968ba296be181075a0d5f583598f9a184345100c70","78d6a32314d69c1e3690873acdd754511185be819c9e2b4bbf4090e5d4a2b538","continuation","False","121","65","56","0.463","4","4","16","12"
"2026-04-13T14:14:07.982477Z","final-24h-tenant","7e915de8c02ff5f900b33e2b9a64938387ea98540633e521f73a6ccb35a88ad4","codex","66cc4499e291f446e1e7fcc820b83b94b89f70f2a9189d3b41b341bd5aff69dd","11e3958f4900a8f75034e9266f4a18f4cbc6719a3cdb6661036b4b84459774c1","continuation","False","121","65","56","0.463","4","4","16","12"
"2026-04-13T14:14:38.334750Z","final-24h-tenant","7e915de8c02ff5f900b33e2b9a64938387ea98540633e521f73a6ccb35a88ad4","codex","d9adccb346a8af9a1d5a3388ff6e51fd280ba49c0773a6ad1cb9a513688e36e2","beb223d29808e8975d0da79002bd32ad5604551d87ed3249557f304417447257","continuation","False","121","65","56","0.463","4","4","16","12"
"2026-04-13T14:15:08.669064Z","final-24h-tenant","7e915de8c02ff5f900b33e2b9a64938387ea98540633e521f73a6ccb35a88ad4","codex","4a5b5801f18d3d60e10580f8dad8b35fbf9ee0422a4ea475547718a987dbf2ef","b981ca24dc7795a27f2c147cf80a5ae36df4741211a81ba71159fa05e959ab57","continuation","False","121","65","56","0.463","4","4","16","12"
"2026-04-13T14:15:39.018652Z","final-24h-tenant","7e915de8c02ff5f900b33e2b9a64938387ea98540633e521f73a6ccb35a88ad4","codex","af42c4c0f57cb0a1002d99fa4713831496f928e248d6c7f828f31d2f28f75a88","7831ef82fdd348e9b0293b71b33ba5167cd12f8b19f4ccc2056390f2b876616d","continuation","False","121","65","56","0.463","4","4","16","12"
"2026-04-13T14:16:09.334516Z","final-24h-tenant","7e915de8c02ff5f900b33e2b9a64938387ea98540633e521f73a6ccb35a88ad4","codex","038bf117806a7bf908b78af9404338d9696a3ad855499ac9369ee7a239590c56","f118d12264a890822c88b253edda0bfc775ab5f3bdf6f73dcc8319d94fbe2538","continuation","False","121","65","56","0.463","4","4","16","12"
"2026-04-13T14:16:39.657003Z","final-24h-tenant","7e915de8c02ff5f900b33e2b9a64938387ea98540633e521f73a6ccb35a88ad4","codex","6986daeb9c2b7f06d9f21b170b69dda97336b3be4e473a57ac038a290319f70d","a0f7e57dca4f83bf4e61b359e072a741a0f7610c70612b04607b4d2303df00de","continuation","False","121","65","56","0.463","4","4","16","12"
"2026-04-13T14:17:09.987909Z","final-24h-tenant","7e915de8c02ff5f900b33e2b9a64938387ea98540633e521f73a6ccb35a88ad4","codex","cacf87526cfadd857a5c1146461c4f640dc0d527ad2e2c8197dd194aae421032","e5500971261da127d1b7b77836a28040bdfa3764ccc260f47c071d1df2c154d7","continuation","False","121","65","56","0.463","4","4","16","12"
"2026-04-13T14:17:40.316112Z","final-24h-tenant","7e915de8c02ff5f900b33e2b9a64938387ea98540633e521f73a6ccb35a88ad4","codex","a5547beea6b44abae29828de4eff27bb2b91293ce5a6885bbd7d65a2a4afe861","42ec9ca4820c6cdcd77f498073f121c02f156d562cb805cd30e2be7ea9a652f5","continuation","False","121","65","56","0.463","4","4","16","12"
"2026-04-13T14:18:10.651166Z","final-24h-tenant","7e915de8c02ff5f900b33e2b9a64938387ea98540633e521f73a6ccb35a88ad4","codex","728e106e1acf3040494b27bff6cf2893e562b5456048ee9fa523d9022cb7b647","2ba59a38d97b759db94299e8d0c7f653bf896f453c6bb59327d8d3ff0cc4b5ed","continuation","False","121","65","56","0.463","4","4","16","12"
"2026-04-13T14:18:40.986737Z","final-24h-tenant","7e915de8c02ff5f900b33e2b9a64938387ea98540633e521f73a6ccb35a88ad4","codex","962c9841a395f639977ce5297b4bd0a376c17f3d84c3a4e19ad2f81a3d779479","356c29004310249854dd2304a89d9bbc4984f4f5634e46a22592081504f47f87","continuation","False","121","65","56","0.463","4","4","16","12"
"2026-04-13T14:19:11.318055Z","final-24h-tenant","7e915de8c02ff5f900b33e2b9a64938387ea98540633e521f73a6ccb35a88ad4","codex","57b244cccc11fd9b5d14c33e9d29acaa3c4f518a9d8df03b79c70c1e3c36f42c","d138a2ca5c0d40f4d86a919b8f2e5219131010f36a267058f2211a3a0e6476b7","continuation","False","121","65","56","0.463","4","4","16","12"
"2026-04-13T14:19:41.661713Z","final-24h-tenant","7e915de8c02ff5f900b33e2b9a64938387ea98540633e521f73a6ccb35a88ad4","codex","032d6b565dba746ee99b998d75767a83a3c4bf3a3b5e75d5324a00b670f6e374","c1ab038b75dee8794d1f0fcf249ead9396fa53d97c02dc21d543906e5363a407","continuation","False","121","65","56","0.463","4","4","16","12"
"2026-04-13T14:20:12.007446Z","final-24h-tenant","7e915de8c02ff5f900b33e2b9a64938387ea98540633e521f73a6ccb35a88ad4","codex","525dddb6c63abeaae99513042a2fd9345d2b5e294b06f06a048707219964ba2a","ef7c5b0bf6e0fba346c35076a93584b8b77fcedb4f34faf591e5f22a7bec99f8","continuation","False","121","65","56","0.463","4","4","16","12"
"2026-04-13T14:20:42.332230Z","final-24h-tenant","7e915de8c02ff5f900b33e2b9a64938387ea98540633e521f73a6ccb35a88ad4","codex","1ca90cf671b38a5267c6269d7e1010382060a6e73fcc3b4711e9fbd1a94f6cb6","c771a5ff0ea6cacac6821bfcee5ae0f1b42af614a8335b0e374ffd5631c0ef0a","continuation","False","121","65","56","0.463","4","4","16","12"
"2026-04-13T14:21:12.659903Z","final-24h-tenant","7e915de8c02ff5f900b33e2b9a64938387ea98540633e521f73a6ccb35a88ad4","codex","3d0813bdf47e33d52f3c69cd6bcf95ece1264000dfef1f3bdc828871c377341c","cefeb418987b41a2122705b646347156a06eab25b92be4042cbb3e2ef94d718f","continuation","False","121","65","56","0.463","4","4","16","12"
"2026-04-13T14:21:42.986920Z","final-24h-tenant","7e915de8c02ff5f900b33e2b9a64938387ea98540633e521f73a6ccb35a88ad4","codex","d0742b71ad5e840fc54895f2adce1376091bff6b291b92f16067b58e977c6f91","a9a98b70d8a66ead0beb2356434538a4f9c68764712c9f4afb74860ec155341e","continuation","False","121","65","56","0.463","4","4","16","12"
"2026-04-13T14:22:13.317451Z","final-24h-tenant","7e915de8c02ff5f900b33e2b9a64938387ea98540633e521f73a6ccb35a88ad4","codex","ce2d338b82c16929f88d84cc9c3f90ae4b347899983c3402f14ab887db1bd67a","49fb32b1bff1461313a9df6bf0e12bce642ea7a257dfcd793211799aea7b8b1c","continuation","False","121","65","56","0.463","4","4","16","12"
"2026-04-13T14:22:43.644898Z","final-24h-tenant","7e915de8c02ff5f900b33e2b9a64938387ea98540633e521f73a6ccb35a88ad4","codex","0af6b96c11eea26dacc0a264881d64eaa68bef68c299cca6838d5d246c502d6e","2fd1780b79e6643ffade6a8b2f7e77c19d812276e10c627d5bcd9b1f4f9ed365","continuation","False","121","65","56","0.463","4","4","16","12"
"2026-04-13T14:23:13.982156Z","final-24h-tenant","7e915de8c02ff5f900b33e2b9a64938387ea98540633e521f73a6ccb35a88ad4","codex","bd5a9eadf21424cb5058e69c0da16e0a28db96d9afccd31884660b9039a0e847","5301aebd898fe0eb916fa864caea60ebcecd156ca85527598b2e132949237ebb","continuation","False","121","65","56","0.463","4","4","16","12"
"2026-04-13T14:23:44.297376Z","final-24h-tenant","7e915de8c02ff5f900b33e2b9a64938387ea98540633e521f73a6ccb35a88ad4","codex","c4ab45e8c132090b03e68ad15ecad3819f473f89c48b0367c3584f3e96afebde","5750294f7081a1ef5ffcba590e7674036f42f86d5c73abdef416627a34a08440","continuation","False","121","65","56","0.463","4","4","16","12"
"2026-04-13T14:24:14.621330Z","final-24h-tenant","7e915de8c02ff5f900b33e2b9a64938387ea98540633e521f73a6ccb35a88ad4","codex","16086d4e557722857e293f5bc9d051d4f216b2c7ebaa3d1b31554cac4c2e0442","928c9c3e37705fdd935568ba2fc1904daf7b593381e5f5fa7bba97c77f6b6849","continuation","False","121","65","56","0.463","4","4","16","12"
"2026-04-13T14:24:44.942880Z","final-24h-tenant","7e915de8c02ff5f900b33e2b9a64938387ea98540633e521f73a6ccb35a88ad4","codex","2a86317e2763a654e9416f4461d935b7fa4f9538e5d60f7d6251f47d2ebeac0c","3dc0ddecc43a29af54e1223ea6c56430e98ac98c2ca52b185fc3554fef6aaba8","continuation","False","121","65","56","0.463","4","4","16","12"
"2026-04-13T14:25:15.278951Z","final-24h-tenant","7e915de8c02ff5f900b33e2b9a64938387ea98540633e521f73a6ccb35a88ad4","codex","10dfcbf1f30b0c8bc31b607642139972ac3e44176735421a4ec5dd7b487b8984","1dbff5416ee610558ef6e78acbd4ef5ee24cf76034d6bb1b4ddd1d143e7156d2","continuation","False","121","65","56","0.463","4","4","16","12"
"2026-04-13T14:25:45.595273Z","final-24h-tenant","7e915de8c02ff5f900b33e2b9a64938387ea98540633e521f73a6ccb35a88ad4","codex","d1377ed03b0a60910f27cb6ce78533f3f7a434abc346743d91df2e0b35dd3548","9f9b041c27143e3e1e3baac12f68019864b777296fb5efe9774bb47ed3b2a349","continuation","False","121","65","56","0.463","4","4","16","12"
"2026-04-13T14:26:15.927366Z","final-24h-tenant","7e915de8c02ff5f900b33e2b9a64938387ea98540633e521f73a6ccb35a88ad4","codex","aca470a7d8bd63aa072fb0a9026ae063322322be3e73a6591abcdf81c42c501f","b9d2be9db0325adf0c7d10f4222c68d26413964d32ae61de452b24696b014d79","continuation","False","121","65","56","0.463","4","4","16","12"
"2026-04-13T14:26:46.265927Z","final-24h-tenant","7e915de8c02ff5f900b33e2b9a64938387ea98540633e521f73a6ccb35a88ad4","codex","e8367cac7e06b7c37acba634788283a48458ba6d2e52d11783c45d73d0be5890","f373c17180c91c47404e51e93f97ba72d6153b691dbb9d17dc9deb5de617e82d","continuation","False","121","65","56","0.463","4","4","16","12"
"2026-04-13T14:27:16.634715Z","final-24h-tenant","7e915de8c02ff5f900b33e2b9a64938387ea98540633e521f73a6ccb35a88ad4","codex","5b007b07058f24ae0a88cf3d07cd40b72379ccfb5241fd63c930fa71ad019b23","8351a790a3df6e05ee7d154ceee469d26d4feac44a39629a167196ea196ec891","continuation","False","121","65","56","0.463","4","4","16","12"
"2026-04-13T14:27:46.998472Z","final-24h-tenant","7e915de8c02ff5f900b33e2b9a64938387ea98540633e521f73a6ccb35a88ad4","codex","71af5fc03b18e0306c6a956909df5ea5db685653d24c566a63bac3eb35c93ad1","61866688dab8e056e24a9fc8c93e33f3970283fae6d68dd3a21f408fe3ef7afe","continuation","False","121","65","56","0.463","4","4","16","12"
"2026-04-13T14:28:17.347580Z","final-24h-tenant","7e915de8c02ff5f900b33e2b9a64938387ea98540633e521f73a6ccb35a88ad4","codex","6d7784e444c7db6acc447eabef8f8e6f88b9d1241cd39fbcf1f32c5d1281c9e4","98eec90490d44241f748a1ef0e166a8486276cd804cc9072f4523f69fbd1cbbc","continuation","False","121","65","56","0.463","4","4","16","12"
"2026-04-13T14:28:47.692415Z","final-24h-tenant","7e915de8c02ff5f900b33e2b9a64938387ea98540633e521f73a6ccb35a88ad4","codex","cfe56345279b9ecd035fd7913b4d5ab2520116cc2ecb41a2d9a68f2046af3f18","3ba0ccdac66b3c6621112a08545ffe2dabf679ebfcd32ae0e809f687747eee1a","continuation","False","121","65","56","0.463","4","4","16","12"
"2026-04-13T14:29:18.000115Z","final-24h-tenant","7e915de8c02ff5f900b33e2b9a64938387ea98540633e521f73a6ccb35a88ad4","codex","00c21caf429eb3ec2514ed3747a6b137a819c0b34b09d24acad528c28ec58fed","235652acbf080107df1b28ea9b90700c72fe19236630b5fd48487f1b601b48bd","continuation","False","121","65","56","0.463","4","4","16","12"
"2026-04-13T14:29:48.319794Z","final-24h-tenant","7e915de8c02ff5f900b33e2b9a64938387ea98540633e521f73a6ccb35a88ad4","codex","0f30278a697c6a80ac5cc7119268a15846605eb79c13b6c4babca30d94c1c314","f46cd831852160994e2a39279e376a7e98e3b6ce32b868eb0d47bea4ec2ab1dd","continuation","False","121","65","56","0.463","4","4","16","12"
"2026-04-13T14:30:18.632334Z","final-24h-tenant","7e915de8c02ff5f900b33e2b9a64938387ea98540633e521f73a6ccb35a88ad4","codex","e70d7ce4b8c6f3d074e0e7bec786f8f087c357530ea3b3794d38e62d15897360","b31ee7faee5a216e09544b27e7e4e27693b3468a6fb1937555daa761e66d4522","continuation","False","121","65","56","0.463","4","4","16","12"
"2026-04-13T14:30:48.937380Z","final-24h-tenant","7e915de8c02ff5f900b33e2b9a64938387ea98540633e521f73a6ccb35a88ad4","codex","bd876060ea3f0249190994d3cc9f9ff95ed151fc59d4fa032b5538f861b180cc","592ea8a12a264d7ccd38ccf6a38a58bf3231a72f8b7104263afb230818dd49cf","continuation","False","121","65","56","0.463","4","4","16","12"
"2026-04-13T14:31:19.260683Z","final-24h-tenant","7e915de8c02ff5f900b33e2b9a64938387ea98540633e521f73a6ccb35a88ad4","codex","5aafc4dfa774759e7826b36af86920ff3364176e36b996ad95c444ef7a24a675","2baa63c69cd0f4df2ced221a3252d3773e5aa6873ac8336ee8bb2ff39a4b134c","continuation","False","121","65","56","0.463","4","4","16","12"
"2026-04-13T14:31:49.586563Z","final-24h-tenant","7e915de8c02ff5f900b33e2b9a64938387ea98540633e521f73a6ccb35a88ad4","codex","0ca05f99f3b232594f50a7a058a52792bd021051fea29019ef7551f52c793358","09a40f6efb0573d3b664df8efbb111569188baa8babf874896726959e9ce9de2","continuation","False","121","65","56","0.463","4","4","16","12"
"2026-04-13T14:32:19.907312Z","final-24h-tenant","7e915de8c02ff5f900b33e2b9a64938387ea98540633e521f73a6ccb35a88ad4","codex","3e30f458537938150a7140f30476fa261c902e4976fb2cee1414cd0055a5982f","99428ae2ce5a33d1945d84d3ca2b8144f0a1fad5debbd503de2655e2700e3b09","continuation","False","121","65","56","0.463","4","4","16","12"
"2026-04-13T14:32:50.244289Z","final-24h-tenant","7e915de8c02ff5f900b33e2b9a64938387ea98540633e521f73a6ccb35a88ad4","codex","f9e6de11411a15c3c7fe7262efdc5b19c01f45248387befb91e245b2a199bcfa","90cc9b3ed1e386a91a75c6468ac3dafcca6d6b140ff1edda82aa575e40647cdb","continuation","False","121","65","56","0.463","4","4","16","12"
"2026-04-13T14:33:20.566947Z","final-24h-tenant","7e915de8c02ff5f900b33e2b9a64938387ea98540633e521f73a6ccb35a88ad4","codex","bf15031ec9972218ef8aa791ad9ffa9117ca5a28a2d45209d688ab3593338909","69b07bf24741decf8a578e402e805037d38e61561b142c1c46a7028b14237e99","continuation","False","121","65","56","0.463","4","4","16","12"
"2026-04-13T14:33:50.888261Z","final-24h-tenant","7e915de8c02ff5f900b33e2b9a64938387ea98540633e521f73a6ccb35a88ad4","codex","1704fc250a7c7ef70d9613fdde7fb1b522e6d6746a186604f5231413a8edfa41","b0c2e6c39fbaef33b9c78b2e0044001141987e7068b0677465dbcfdfd311c415","continuation","False","121","65","56","0.463","4","4","16","12"
"2026-04-13T14:34:21.227849Z","final-24h-tenant","7e915de8c02ff5f900b33e2b9a64938387ea98540633e521f73a6ccb35a88ad4","codex","54ec847fd6bf30f64f859f0d26978d926276057d5829a309b2a1017be2511c87","ff841e74666161773798e4616feb778e7fe2ce6c346b3c1a6f94cb7efffeb7b0","continuation","False","121","65","56","0.463","4","4","16","12"
"2026-04-13T14:34:51.545913Z","final-24h-tenant","7e915de8c02ff5f900b33e2b9a64938387ea98540633e521f73a6ccb35a88ad4","codex","fad830bfd54c3b51a359590edd8040ddf83aa5bdf8181412febe9a9daf56afff","1ebee14eb3b1be276b87fb6007b7698b77541b392f662f3e60e1380648e69e44","continuation","False","121","65","56","0.463","4","4","16","12"
"2026-04-13T14:35:21.873459Z","final-24h-tenant","7e915de8c02ff5f900b33e2b9a64938387ea98540633e521f73a6ccb35a88ad4","codex","36704425d2cde96d8fb017d2723ff4fb41b5d91677e1674e1f3aff283c289f5a","dbca2f019cce70cab32f0cfb3e2db05a5b0cbbb24f8c185c46df6c4e714ea729","continuation","False","121","65","56","0.463","4","4","16","12"
"2026-04-13T14:35:52.192673Z","final-24h-tenant","7e915de8c02ff5f900b33e2b9a64938387ea98540633e521f73a6ccb35a88ad4","codex","c8ce1e526688cbeabc7756fc6f10fb0cbc951a02d8d304749992078fe3073d50","a7fd2a13b53bbaee73e66376b70628cfea9cc263560dbdc80a601f94716fdf18","continuation","False","121","65","56","0.463","4","4","16","12"
"2026-04-13T14:36:22.508731Z","final-24h-tenant","7e915de8c02ff5f900b33e2b9a64938387ea98540633e521f73a6ccb35a88ad4","codex","4151f6948726d38873af771fb9b0153e98b1948aa490a2a3dabd50cb96f40708","c173b9f40483ef3d5b6ba2ea11ae7ecdc86018858dda614c84dd6e7c91ea39e3","continuation","False","121","65","56","0.463","4","4","16","12"
"2026-04-13T14:36:52.857720Z","final-24h-tenant","7e915de8c02ff5f900b33e2b9a64938387ea98540633e521f73a6ccb35a88ad4","codex","5994853788b78969a42734f5501ed5e51c5528516f3dc4c5794afcba9db906a5","99f96ce219c67495eb855e666349c286c51a6584cfd25126e6017149761625ca","continuation","False","121","65","56","0.463","4","4","16","12"
"2026-04-13T14:37:23.247964Z","final-24h-tenant","7e915de8c02ff5f900b33e2b9a64938387ea98540633e521f73a6ccb35a88ad4","codex","967ef21454772a45b02ddfe017d8302eef38957b2993163f07138ba6dc96599b","f134002c994b6c0e58eace01349e0222f70000085b693d1706e1016ef35f8bb6","continuation","False","121","65","56","0.463","4","4","16","12"
"2026-04-13T14:37:53.579941Z","final-24h-tenant","7e915de8c02ff5f900b33e2b9a64938387ea98540633e521f73a6ccb35a88ad4","codex","799d4e5b3ea26d0ceb9dd0205b76981661f599c57146523f13e90172f2b7e042","2d5c09cff8d989241221f86cd344bab335755758354e93c181cd3125958b19f9","continuation","False","121","65","56","0.463","4","4","16","12"
"2026-04-13T14:38:23.902635Z","final-24h-tenant","7e915de8c02ff5f900b33e2b9a64938387ea98540633e521f73a6ccb35a88ad4","codex","948bda1bc9be7f0f9e19c7a59fb9301cc6381fe87b461e7bd1658b871fcc5019","14f94ad6e56c7a3a7ac1ab82b944f4defc4b011d411b9d33880babb01b0e7bd9","continuation","False","121","65","56","0.463","4","4","16","12"
"2026-04-13T14:38:54.229989Z","final-24h-tenant","7e915de8c02ff5f900b33e2b9a64938387ea98540633e521f73a6ccb35a88ad4","codex","0e2d448bb753a23893cbe14b7855697651020070442bf92d4078e7412906cbe9","9681533f0c839945ae543524e60c6002bc5080f8a7a6c183eb1d48834cc39a48","continuation","False","121","65","56","0.463","4","4","16","12"
"2026-04-13T14:39:24.552754Z","final-24h-tenant","7e915de8c02ff5f900b33e2b9a64938387ea98540633e521f73a6ccb35a88ad4","codex","01bb4e08bb541ecf7e64cdf875ebd3a6580d10c5ab3b040e61d9108b177378f4","ad2fa42aa81c9cdc8c5f3ba0e3cd94f1e23620fefac392fba1aea3ea8ab5cbb0","continuation","False","121","65","56","0.463","4","4","16","12"
"2026-04-13T14:39:54.861252Z","final-24h-tenant","7e915de8c02ff5f900b33e2b9a64938387ea98540633e521f73a6ccb35a88ad4","codex","b179164d2f0ed4b4e5fd4e05b2f15fdf99fba5e540650e3b72c711eab2e9953a","b804c6c84bfa80dd78df3d39eb0be7ca0a347c7f0871a111a32dd42af001d272","continuation","False","121","65","56","0.463","4","4","16","12"
"2026-04-13T14:40:25.175081Z","final-24h-tenant","7e915de8c02ff5f900b33e2b9a64938387ea98540633e521f73a6ccb35a88ad4","codex","b369c20847244631d0e1ceb67c88745d567a3a3361484ea980a3dca786eb54ff","5c59c643ddfedf613371cec277d9e1f21051c10a3de0e258dd3816954a79ba4e","continuation","False","121","65","56","0.463","4","4","16","12"
"2026-04-13T14:40:55.467293Z","final-24h-tenant","7e915de8c02ff5f900b33e2b9a64938387ea98540633e521f73a6ccb35a88ad4","codex","850697222a935237ec6b25d578b4bf3ad73bde3eea103f36ed7911791c659656","eeac0dbc424d69fe1cf703d69d5a7afda9be9315e8d932f19b1493809cf6177c","continuation","False","121","65","56","0.463","4","4","16","12"
"2026-04-13T14:41:25.791276Z","final-24h-tenant","7e915de8c02ff5f900b33e2b9a64938387ea98540633e521f73a6ccb35a88ad4","codex","91da44e77fa5586de1c7a7c8858291fb2918acfc05f2ce31efe76452bb917977","4bd348a899b7a278c81cd14ce84abde097d6972252d230b2bf7ee76371b6f242","continuation","False","121","65","56","0.463","4","4","16","12"
"2026-04-13T14:41:56.119107Z","final-24h-tenant","7e915de8c02ff5f900b33e2b9a64938387ea98540633e521f73a6ccb35a88ad4","codex","5761a702b4f4988691203bd50bf2056ab72e89b2d1a1acfb923cd27e39b8f935","29d816acc8d69988ab45d0ef75dc5c739fa4873e315344cc0da79d594d748a62","continuation","False","121","65","56","0.463","4","4","16","12"
"2026-04-13T14:41:57.595711Z","openclaw","7e915de8c02ff5f900b33e2b9a64938387ea98540633e521f73a6ccb35a88ad4","openclaw-agent","63488eb340623d7631866e719517c56e602cdc90a2427412cc34e6fc546d1d9d","91ebae47b2114428a842692fb0c73700b616c811309fe670c16a02634a091efb","continuation","False","133","49","84","0.632","3","3","16","13"
"2026-04-13T14:42:26.430669Z","final-24h-tenant","7e915de8c02ff5f900b33e2b9a64938387ea98540633e521f73a6ccb35a88ad4","codex","14f45c0b0ce41690ceb2427e0bb443945038e833c4307e5a5caba91e2831ca1e","11d4840dcc4278620d2230c2c9b86378cf021348da2eff5f79e766da1ceb2944","continuation","False","121","65","56","0.463","4","4","16","12"
"2026-04-13T14:42:56.765475Z","final-24h-tenant","7e915de8c02ff5f900b33e2b9a64938387ea98540633e521f73a6ccb35a88ad4","codex","6d4191f4eba2aaf159df1556f60e4a962de31be6a88b8e096bb8fcb03d8ca688","13009340e34d40a950c01d8fb9d4d6063c498ca9252017e8f85575154e679bbf","continuation","False","121","65","56","0.463","4","4","16","12"
"2026-04-13T14:43:27.124468Z","final-24h-tenant","7e915de8c02ff5f900b33e2b9a64938387ea98540633e521f73a6ccb35a88ad4","codex","c15a6da87e20f64985545e04b92d3aef5db5ed89ad5b5c73608c17c2fdf46ad1","c627927ecb7b065aa35c3f566fc09bf7f56f04826794997e2f3495c7a7cd4d1c","continuation","False","121","65","56","0.463","4","4","16","12"
"2026-04-13T14:43:57.469633Z","final-24h-tenant","7e915de8c02ff5f900b33e2b9a64938387ea98540633e521f73a6ccb35a88ad4","codex","524b2da5f32067fdb2e65aa1994736ad088776230465c82a8a1a2c52c9499624","2c519866e013b1eb5473a5fbdd87682277709b8a1a8e2fb0ad5279751ebb3914","continuation","False","121","65","56","0.463","4","4","16","12"
"2026-04-13T14:44:27.804766Z","final-24h-tenant","7e915de8c02ff5f900b33e2b9a64938387ea98540633e521f73a6ccb35a88ad4","codex","417209a9fbb95bfb14adb18db461a82e11aa38962298f741e04d964e4e1f1e18","91819e84b52fbe7c381d921e0a3bb98ac83ed3ea7056a0cd4d771d558fce1217","continuation","False","121","65","56","0.463","4","4","16","12"
"2026-04-13T14:44:58.134290Z","final-24h-tenant","7e915de8c02ff5f900b33e2b9a64938387ea98540633e521f73a6ccb35a88ad4","codex","eab906815500f846a66fd571481d2f391e435810a6146fc01e27bfab82d0bc03","45b5b432abf41dc12dea4a91355d13933f69f70b5ca0f49972a8a5e9ae574082","continuation","False","121","65","56","0.463","4","4","16","12"
"2026-04-13T14:45:28.470151Z","final-24h-tenant","7e915de8c02ff5f900b33e2b9a64938387ea98540633e521f73a6ccb35a88ad4","codex","2ccb6c723c31956faa641426fe6919aac0225ebeebdb6a4cb5f818f8018f2a37","768ffe11757e3e7d5aa28c2c3d0d3a2e69ac3de0ffed861c5483f0b4a13ae8d3","continuation","False","121","65","56","0.463","4","4","16","12"
"2026-04-13T14:45:58.782407Z","final-24h-tenant","7e915de8c02ff5f900b33e2b9a64938387ea98540633e521f73a6ccb35a88ad4","codex","96ea2f1ea193442f5c97bc3c0b1d824fb1c6c9523022542f03eae2770ed41ae4","6d1ec7a120f050eadc7c3cbfabe362f3b1ea46cd8ad328fd0483acb17bf05205","continuation","False","121","65","56","0.463","4","4","16","12"
"2026-04-13T14:46:29.109496Z","final-24h-tenant","7e915de8c02ff5f900b33e2b9a64938387ea98540633e521f73a6ccb35a88ad4","codex","ba74a7187498af5c8e7ede1c158060bec601c8b1a8ad3c08494f66e2edf3b5b5","22e1867409a36827d435df504107671a29a9095d6fb599f8cfcbfe2851371ecd","continuation","False","121","65","56","0.463","4","4","16","12"
"2026-04-13T14:46:59.438542Z","final-24h-tenant","7e915de8c02ff5f900b33e2b9a64938387ea98540633e521f73a6ccb35a88ad4","codex","493d1313df873f44b093b8137ccc3c2e0c78ccab8ef19250db24cab54e71435b","6c2cb23237c5333c94c591cc0fc080cd4679a0d6e97002e652c741a52ce1a762","continuation","False","121","65","56","0.463","4","4","16","12"
"2026-04-13T14:47:29.780495Z","final-24h-tenant","7e915de8c02ff5f900b33e2b9a64938387ea98540633e521f73a6ccb35a88ad4","codex","7c9d8d0b980615863988e3ae6e85c37a78912cbc10662af274c532e28c500453","7b2b383eda048d674eaae2839def07d2a26508ec5c690b74018eaa0eecfdb97f","continuation","False","121","65","56","0.463","4","4","16","12"
"2026-04-13T14:48:00.099935Z","final-24h-tenant","7e915de8c02ff5f900b33e2b9a64938387ea98540633e521f73a6ccb35a88ad4","codex","0a6e86f0d081c2fbbc8cab58219f57a6f1d28bae3db988046eb0e8f305d4067b","5efe9f39b640473fb416b82354c1cea3892b8bbebc03a366d7ec345e63975c73","continuation","False","121","65","56","0.463","4","4","16","12"
"2026-04-13T14:48:30.409401Z","final-24h-tenant","7e915de8c02ff5f900b33e2b9a64938387ea98540633e521f73a6ccb35a88ad4","codex","7db9b76862f59752d9e93a42c4eec2a7a6e5bacdd9f5de36d39aade136b88838","b3577c20b7765008f71b1a132d67ce78ead61fb93f0d689bf6d929c2f1a29888","continuation","False","121","65","56","0.463","4","4","16","12"
"2026-04-13T14:49:00.761686Z","final-24h-tenant","7e915de8c02ff5f900b33e2b9a64938387ea98540633e521f73a6ccb35a88ad4","codex","82a538ffa005d5dc7ea794e045b99f894fdb898168b90852b108190565945706","643e6d391cb498fc967ba6044bc35370ce5d7c9bc9f524d2fb4b4755afd55d48","continuation","False","121","65","56","0.463","4","4","16","12"
"2026-04-13T14:49:31.090965Z","final-24h-tenant","7e915de8c02ff5f900b33e2b9a64938387ea98540633e521f73a6ccb35a88ad4","codex","0e7be9cc606c7a45c17990e308968f455f9495b604206dab18eb540f7fa20be0","f2001e690f0dba293eb5bbe94495a3f47caeb8b8517acc213aec7901f1d93314","continuation","False","121","65","56","0.463","4","4","16","12"
"2026-04-13T14:50:01.424872Z","final-24h-tenant","7e915de8c02ff5f900b33e2b9a64938387ea98540633e521f73a6ccb35a88ad4","codex","a15438c08c70331906a1cadb252b93d672a1786eff709a8975de86362f5670a2","fcc8c2773c13b0cc3f6c0de0cf0df0fd0b38684c3fe53ae8707e3ffde90972b2","continuation","False","121","65","56","0.463","4","4","16","12"
"2026-04-13T14:50:31.778308Z","final-24h-tenant","7e915de8c02ff5f900b33e2b9a64938387ea98540633e521f73a6ccb35a88ad4","codex","e45a520595ad86bda0b8dd67c976ba8657c0d9830064a06b20fe0fd0b743f0bd","d2bdda2632b956894ab28b87e167bd7d8ba71b004d37b206f5acc8be89c7bc7b","continuation","False","121","65","56","0.463","4","4","16","12"
"2026-04-13T14:51:02.120839Z","final-24h-tenant","7e915de8c02ff5f900b33e2b9a64938387ea98540633e521f73a6ccb35a88ad4","codex","d6c4d1a10bae0ae2816f79f4b284df4ef968cc1bf46644e72cd5095e717fe6ad","b38a83814b09120ead623a3cd0c665a2f2245dba1fa8d9c08b3e26efb792b52f","continuation","False","121","65","56","0.463","4","4","16","12"
"2026-04-13T14:51:32.527060Z","final-24h-tenant","7e915de8c02ff5f900b33e2b9a64938387ea98540633e521f73a6ccb35a88ad4","codex","9394bb230a308a3f95f757363e6420610b806680eaf22c8660a55cce7162df14","4ec67f14a3cd1cee1e92084542043c4bf4523683c41a3a00d5ee928a7884578f","continuation","False","121","65","56","0.463","4","4","16","12"
"2026-04-13T14:52:02.905027Z","final-24h-tenant","7e915de8c02ff5f900b33e2b9a64938387ea98540633e521f73a6ccb35a88ad4","codex","bdc9151ff55212bbcf39705d52d7b989c15339139a7b5e1fb6b13413d360ba75","2455e516897b2e8a348f9c824a0fbd7d5b41f567b3b5444b7ec17007de6aa68e","continuation","False","121","65","56","0.463","4","4","16","12"
"2026-04-13T14:52:33.235480Z","final-24h-tenant","7e915de8c02ff5f900b33e2b9a64938387ea98540633e521f73a6ccb35a88ad4","codex","0ea5b9070a68abd3b3e26206f56f7313532f5cde647c848c1fab83fa6fdb4f67","0f24c13cfa43220c42b9084aa0f2f1f5a80c6a25bbcf5441dbb0cdb2059e83d7","continuation","False","121","65","56","0.463","4","4","16","12"
"2026-04-13T14:53:03.570798Z","final-24h-tenant","7e915de8c02ff5f900b33e2b9a64938387ea98540633e521f73a6ccb35a88ad4","codex","64d15c4b91acd72a33252d522eb9bf0c7d53215833c9fc4c69d397713243bcf6","08a1483488107d4cb4616e32fe831a4cfa891e19538d8b3c17872f75839de82b","continuation","False","121","65","56","0.463","4","4","16","12"
"2026-04-13T14:53:33.920980Z","final-24h-tenant","7e915de8c02ff5f900b33e2b9a64938387ea98540633e521f73a6ccb35a88ad4","codex","4b7055403655ee487bf8dd1a9ce14117dcfe081e9d5e7c8a6db952a3f391ca22","230e583b697ea91c1aaaeb76ad3103deb66ac9adb194f2fdce8b25bde33c495b","continuation","False","121","65","56","0.463","4","4","16","12"
"2026-04-13T14:54:04.252494Z","final-24h-tenant","7e915de8c02ff5f900b33e2b9a64938387ea98540633e521f73a6ccb35a88ad4","codex","0ef15ab6747c7bb20ceed119cde495060a2882504953cd37ac379dec903762ce","e1b3331ff465ea6718fe68b50d4e90f45495d3d0e3413056bb7a18327a75af2a","continuation","False","121","65","56","0.463","4","4","16","12"
"2026-04-13T14:54:34.599996Z","final-24h-tenant","7e915de8c02ff5f900b33e2b9a64938387ea98540633e521f73a6ccb35a88ad4","codex","685885cf3c7befee0d399ea3a58cdbd647466a6e792517c246c328eb2c25fbf7","d390c4ac56caa8f895e12f5651cccfa83758f8b0a4426625a290db40cca3f7db","continuation","False","121","65","56","0.463","4","4","16","12"
"2026-04-13T14:55:04.972771Z","final-24h-tenant","7e915de8c02ff5f900b33e2b9a64938387ea98540633e521f73a6ccb35a88ad4","codex","2a84854d5303f5d238c7dadfdf25fab655e12207cb5a8429e53dfd20a0ea994b","13f4f3943a7f198cb3cf7568b6a39bb4e3db7f02243881d6a438bea8181b3ab5","continuation","False","121","65","56","0.463","4","4","16","12"
"2026-04-13T14:55:35.292862Z","final-24h-tenant","7e915de8c02ff5f900b33e2b9a64938387ea98540633e521f73a6ccb35a88ad4","codex","fa451ae0ff48181351484e9355f2b9c9d9a89793ccaf9c52c14af790b3ab820a","958fe30f78d67d03b8f35a83eb058ffe8992f3474134ecc02d9264b8bed25ed1","continuation","False","121","65","56","0.463","4","4","16","12"
"2026-04-13T14:56:05.618733Z","final-24h-tenant","7e915de8c02ff5f900b33e2b9a64938387ea98540633e521f73a6ccb35a88ad4","codex","4fe7282f2708d7fe9b691ed3db9910ee71c8684c60d4bd68080b6d300e96bd1e","024dd4fbba880e350869ae0352039e964159e4e03cb872b3203d82cbcab1bc9b","continuation","False","121","65","56","0.463","4","4","16","12"
"2026-04-13T14:56:35.950988Z","final-24h-tenant","7e915de8c02ff5f900b33e2b9a64938387ea98540633e521f73a6ccb35a88ad4","codex","25d44392d31e92a8d3a8c92f6fbd733f2e64ac75d272e9b7dff316e9d7c1e39f","da1c5008fc1ee154c29e6c730f16b6a8de12b8f390c85832d6c49dc1f334fe1d","continuation","False","121","65","56","0.463","4","4","16","12"
"2026-04-13T14:57:06.298963Z","final-24h-tenant","7e915de8c02ff5f900b33e2b9a64938387ea98540633e521f73a6ccb35a88ad4","codex","f5bee8b572c20b84114096659e51c52d36141bd78f23f962e63d0c641fe3b0b6","189784510cbca71b6410396fb15cf1231d8a6527f5079ac54a26d15665a7ea7b","continuation","False","121","65","56","0.463","4","4","16","12"
"2026-04-13T14:57:36.650018Z","final-24h-tenant","7e915de8c02ff5f900b33e2b9a64938387ea98540633e521f73a6ccb35a88ad4","codex","1b38ee95d269154467d20c2ffde6c73ae2f38bf67475fff1c491f0e124fb7aca","7d2d98150ee4ab113bd2a311d705e01d1133624a72e945a8b3acf8e2e5ef1a8b","continuation","False","121","65","56","0.463","4","4","16","12"
"2026-04-13T14:58:06.988173Z","final-24h-tenant","7e915de8c02ff5f900b33e2b9a64938387ea98540633e521f73a6ccb35a88ad4","codex","bad9cbc0424f12fc88b87d743bafdaf51e8f4ad12ba9479686b6ba019260961f","304e7ae4e64c988d1806fa0857d73334ecc18e95026d8270bcfd88f493d4f289","continuation","False","121","65","56","0.463","4","4","16","12"
"2026-04-13T14:58:37.321887Z","final-24h-tenant","7e915de8c02ff5f900b33e2b9a64938387ea98540633e521f73a6ccb35a88ad4","codex","9daa5dbd6f02d456a6c5b427177c9624b1fe0b8e5bee1fff6f3d46910fbbae89","3e52e0a96e555e5b40d5bb395b90e261844e63e5c721345562199d26318e8c09","continuation","False","121","65","56","0.463","4","4","16","12"
"2026-04-13T14:59:07.653008Z","final-24h-tenant","7e915de8c02ff5f900b33e2b9a64938387ea98540633e521f73a6ccb35a88ad4","codex","6bb787ffe55cfa3115ee38e870fc54e6be685ddcf28c731fc082505381c5ceef","e30addb5a56c7ea5899fabbacc9b4a2e885487e61c0d1a16e80c416a5d5a28f0","continuation","False","121","65","56","0.463","4","4","16","12"
"2026-04-13T14:59:37.998123Z","final-24h-tenant","7e915de8c02ff5f900b33e2b9a64938387ea98540633e521f73a6ccb35a88ad4","codex","cbb3916f847ae160459e886eac65a999e48b5772ab301ca8a37da329acc52fba","331a377fa012b5ea361fbbb44318de98d2ea38996b5c47dc85c6d4390d6f4ae6","continuation","False","121","65","56","0.463","4","4","16","12"
"2026-04-13T15:00:08.338956Z","final-24h-tenant","7e915de8c02ff5f900b33e2b9a64938387ea98540633e521f73a6ccb35a88ad4","codex","358e6d8caa363aaa133ad4399a51afb7436191ab4762933214b8478b78dfe70c","f7b8f44a8eb2050aace5278dc11eb63ffaf44e654de9f74bb472d4a76dae68fc","continuation","False","121","65","56","0.463","4","4","16","12"
"2026-04-13T15:00:38.709881Z","final-24h-tenant","7e915de8c02ff5f900b33e2b9a64938387ea98540633e521f73a6ccb35a88ad4","codex","e1be14c9f589db867a9b5e699b8f8d7dae1663d4954d1338b7e59840872598b2","b29f5f05f3aa86ed3bea3d7d1d9933552d3b2b53d629d0f8c39563064db0ef7e","continuation","False","121","65","56","0.463","4","4","16","12"
"2026-04-13T15:01:09.061653Z","final-24h-tenant","7e915de8c02ff5f900b33e2b9a64938387ea98540633e521f73a6ccb35a88ad4","codex","58fa6dcb8172960048edffca6158c90b202b548f02bb07cf6331e76b01c2647e","fdc84f1140eef2dcc44c12937b10a31ab6ae97ebba9a922e22fc5c4576655464","continuation","False","121","65","56","0.463","4","4","16","12"
"2026-04-13T15:01:39.402881Z","final-24h-tenant","7e915de8c02ff5f900b33e2b9a64938387ea98540633e521f73a6ccb35a88ad4","codex","0527ff5c797b3a844ac303b05b6d3ed58b88942db752915bbda43ce463c0c477","9d71095ec979e22da168d91f003644ba8884a079f6514dab87a8a64748be0fdd","continuation","False","121","65","56","0.463","4","4","16","12"
"2026-04-13T15:02:09.821286Z","final-24h-tenant","7e915de8c02ff5f900b33e2b9a64938387ea98540633e521f73a6ccb35a88ad4","codex","1bbeb0393aa680e13088248789a8a2215887e81b825bd835449a34abc52dc597","f148a1fdca518f4fcb18eb668af31bd08843595300b651178107b83b04919fff","continuation","False","121","65","56","0.463","4","4","16","12"
"2026-04-13T15:02:40.181555Z","final-24h-tenant","7e915de8c02ff5f900b33e2b9a64938387ea98540633e521f73a6ccb35a88ad4","codex","bfe018eeed2e982aa00f68bb7c43d187f54947936c329e886bdb854f274a9b17","e03918387b9a215c7567db05040f81f11182c9deb879fed00c8a9234682edd4f","continuation","False","121","65","56","0.463","4","4","16","12"
"2026-04-13T15:03:10.553202Z","final-24h-tenant","7e915de8c02ff5f900b33e2b9a64938387ea98540633e521f73a6ccb35a88ad4","codex","2f7ff0bc1612f7e7b68053feb90909644aa0b240d850b3def0d29227c7abfb60","7bc1731d5ad041e0c7093c920f30350730ddf162613a4b83d67655c28f57fddb","continuation","False","121","65","56","0.463","4","4","16","12"
"2026-04-13T15:03:40.890673Z","final-24h-tenant","7e915de8c02ff5f900b33e2b9a64938387ea98540633e521f73a6ccb35a88ad4","codex","3c98b0acf7d88b469f1a15fad04e62f3f6adc97f88b7ddd7ab540a5fdbe03f63","191278ff6af3d7ff4a1b7c011eec6cc482b53ea9b00bdce33b346a37f90fbf54","continuation","False","121","65","56","0.463","4","4","16","12"
"2026-04-13T15:04:11.224626Z","final-24h-tenant","7e915de8c02ff5f900b33e2b9a64938387ea98540633e521f73a6ccb35a88ad4","codex","dd8bcb1160e72bde798814a8348513da49b98d8831e2ea55313fddd4060bcf39","de6b5f8935a6db154b435254d2e86a6a7adfcd8313f8da58a4cd890258839bc7","continuation","False","121","65","56","0.463","4","4","16","12"
"2026-04-13T15:04:41.572979Z","final-24h-tenant","7e915de8c02ff5f900b33e2b9a64938387ea98540633e521f73a6ccb35a88ad4","codex","09486e0f35f557ae0dd8a54412d2e7c1f323b36ed75005e3e1981f95389d2f24","b98d56e434e5120183ce3bdedb6005578a82546d75496cd00089c9a99ea7b166","continuation","False","121","65","56","0.463","4","4","16","12"
"2026-04-13T15:05:11.917231Z","final-24h-tenant","7e915de8c02ff5f900b33e2b9a64938387ea98540633e521f73a6ccb35a88ad4","codex","2212ce00b994d4bba602d66293c6b45c53a30374bf92cfe0d89f9b60bdb9cf79","13d038e67a0b60ab4592fb71703f6b1195f499026868af089dcacd1c6498b8b7","continuation","False","121","65","56","0.463","4","4","16","12"
"2026-04-13T15:05:42.230302Z","final-24h-tenant","7e915de8c02ff5f900b33e2b9a64938387ea98540633e521f73a6ccb35a88ad4","codex","13fb19f74b15780cb3b21cea7708c8a7234b136b012a177877e8a86f464aa8ab","216e994b5fcc0d843a73d8a354691c61b7823072adfe1d3eccda624ac733e99c","continuation","False","121","65","56","0.463","4","4","16","12"
"2026-04-13T15:06:12.589451Z","final-24h-tenant","7e915de8c02ff5f900b33e2b9a64938387ea98540633e521f73a6ccb35a88ad4","codex","43739a6988777ebafd81462515050150d5b512bd84f86aee473e2a6c660216d2","794593491bdc6eecf699fe90b9436b1620b4c47542a6dbdf732a9b200397a0d4","continuation","False","121","65","56","0.463","4","4","16","12"
"2026-04-13T15:06:42.950353Z","final-24h-tenant","7e915de8c02ff5f900b33e2b9a64938387ea98540633e521f73a6ccb35a88ad4","codex","c76411fe70544ce7095cf9d89909d34beef636525a9b635233c0352a5a4c2a5f","cf5aa923ac77569e91a7b34b76944a72b46b1116310182abafd2a2d2f0916c6f","continuation","False","121","65","56","0.463","4","4","16","12"
"2026-04-13T15:07:13.301759Z","final-24h-tenant","7e915de8c02ff5f900b33e2b9a64938387ea98540633e521f73a6ccb35a88ad4","codex","acf1b3167884a4fef79ec805239ad95dbd0d95a5c854f96423a00f4dfb6fd941","5a4a7695b35e716a9c41990c00d4820b2a2724fb52d0656880f3cd18849bf0ae","continuation","False","121","65","56","0.463","4","4","16","12"
"2026-04-13T15:07:43.660784Z","final-24h-tenant","7e915de8c02ff5f900b33e2b9a64938387ea98540633e521f73a6ccb35a88ad4","codex","d69d77a0fda9844a96c2cc416e7c66b3b9b2b059a3037bb936529022869669e1","bc78c4dbca92599547ea3ec114da24814ac090e1105fc592e02777e7df9adf3a","continuation","False","121","65","56","0.463","4","4","16","12"
"2026-04-13T15:08:14.021860Z","final-24h-tenant","7e915de8c02ff5f900b33e2b9a64938387ea98540633e521f73a6ccb35a88ad4","codex","1331019424f62cbde3a9b91d941ad8c6b8e8289499d230bdcc54ea2ad7365fdb","3dab5379f9bbf5cde07401462da767c3ce08cfaaa3cf110fa27135a8c3968ed8","continuation","False","121","65","56","0.463","4","4","16","12"
"2026-04-13T15:08:44.351735Z","final-24h-tenant","7e915de8c02ff5f900b33e2b9a64938387ea98540633e521f73a6ccb35a88ad4","codex","36b299669d6c8796762080ba7d3def6ebc9ef695bb743dbbcf50c5b9dc26f5c9","1987763369865e13ac47ad53ec9cb68677ee0558daf33dc96e976290dd97c3bb","continuation","False","121","65","56","0.463","4","4","16","12"
"2026-04-13T15:09:14.710801Z","final-24h-tenant","7e915de8c02ff5f900b33e2b9a64938387ea98540633e521f73a6ccb35a88ad4","codex","57be224ed30164f135180d5c90c38d1e6a4f7553f81b33e20bf0c4d94d89d729","be5f03c5ebc2a51b74ebc10d3fa0abadd47af6e2f17167cca7c2da342fbea6da","continuation","False","121","65","56","0.463","4","4","16","12"
"2026-04-13T15:09:45.029758Z","final-24h-tenant","7e915de8c02ff5f900b33e2b9a64938387ea98540633e521f73a6ccb35a88ad4","codex","c4adad335973d78fa0a74877acd8616752f485e00b29699839b519960cefd54d","ddfc783750f702a601f44d398d6d9539a5dc84362afb0d1b4d0de0a6acade130","continuation","False","121","65","56","0.463","4","4","16","12"
"2026-04-13T15:10:15.389241Z","final-24h-tenant","7e915de8c02ff5f900b33e2b9a64938387ea98540633e521f73a6ccb35a88ad4","codex","ad8fef88272417d6e11b481c6145f3bd5fda4d89b6df3b0cd7ffeb46ffed382c","6475bbca56393332971af1aaae326ea32f579e27e6044abcf4bc71d088a9a2e2","continuation","False","121","65","56","0.463","4","4","16","12"
"2026-04-13T15:10:45.757630Z","final-24h-tenant","7e915de8c02ff5f900b33e2b9a64938387ea98540633e521f73a6ccb35a88ad4","codex","bceb7304fb10df4f91d4501ba2bf5eb03ffaa760f98d977163fce15679e5a34c","28d0e5ae78a193e5f709c8dd3724efc92b2d28529c2a47ed3a288c9f10071069","continuation","False","121","65","56","0.463","4","4","16","12"
"2026-04-13T15:11:16.101116Z","final-24h-tenant","7e915de8c02ff5f900b33e2b9a64938387ea98540633e521f73a6ccb35a88ad4","codex","8c62e89100110bfb74e521ed927aeae8b129585aacbfe485427dde79cad70a62","a57385b56d4d1a0078beb4f7301225d87c79e14d241f938d5b4c19cba8cb3abb","continuation","False","121","65","56","0.463","4","4","16","12"
"2026-04-13T15:11:46.445636Z","final-24h-tenant","7e915de8c02ff5f900b33e2b9a64938387ea98540633e521f73a6ccb35a88ad4","codex","014552eba5ea41b90cdcf2035c01ca2663449eb566ce011b45f02baa1f11cdcd","0f24cd278be76be6eaabc676d6ae57c46604f4df8424d18fcf7ef4eb8da07cbc","continuation","False","121","65","56","0.463","4","4","16","12"
"2026-04-13T15:12:16.806014Z","final-24h-tenant","7e915de8c02ff5f900b33e2b9a64938387ea98540633e521f73a6ccb35a88ad4","codex","43b8a1a88d5ea41333d686636e587f27c2e1b41ab3fbafef17ecc01068e60fb4","bc1f6ec6b5862069ca4e98f535f561a43de6a884120c37cbdcf7fc65959cdb6d","continuation","False","121","65","56","0.463","4","4","16","12"
"2026-04-13T15:12:47.167671Z","final-24h-tenant","7e915de8c02ff5f900b33e2b9a64938387ea98540633e521f73a6ccb35a88ad4","codex","5b12f916de40496f995dac7bd7d7dd78a0300f609c6c2d746c2da95fb9b91ada","2b244025efea71610da2e1f79d73a5f4cb2eb92cb45fc36bcefbcfe778fdeaf6","continuation","False","121","65","56","0.463","4","4","16","12"
"2026-04-13T15:13:17.523133Z","final-24h-tenant","7e915de8c02ff5f900b33e2b9a64938387ea98540633e521f73a6ccb35a88ad4","codex","3ce748df0c4aa452b30fd4ac51dd34c376c0ad278d769feb41c49d1243904cd3","25e1a080dffca6cf2be420b550c4060dad504d10b5e8d0d94d885fa700c51182","continuation","False","121","65","56","0.463","4","4","16","12"
"2026-04-13T15:13:47.858903Z","final-24h-tenant","7e915de8c02ff5f900b33e2b9a64938387ea98540633e521f73a6ccb35a88ad4","codex","44e7f3394ab730665ac0873041e8bf760cae606648bf0924521414c62f1dea26","1a5972aa7b7a10520714b54092ea0b256204eea204ec715dff11bb948db305b3","continuation","False","121","65","56","0.463","4","4","16","12"
"2026-04-13T15:14:18.217851Z","final-24h-tenant","7e915de8c02ff5f900b33e2b9a64938387ea98540633e521f73a6ccb35a88ad4","codex","5148d40396bc62c0ae3e4ed00960ac64638118a65b11163998516e3a253bad71","a9c22f97d500f2045cb550c6f54de723815b29e08981e86a1bb95a3ec9e3fcd5","continuation","False","121","65","56","0.463","4","4","16","12"
"2026-04-13T15:14:48.576697Z","final-24h-tenant","7e915de8c02ff5f900b33e2b9a64938387ea98540633e521f73a6ccb35a88ad4","codex","c5c716c4e782fe724e4b78d1e6c6d9513c6946139d7f2cab254847c1916f6fcf","6b8dad98ad3eaabc0a8f3b16bfbc705ed2062138ca7bee490c49af8f31ea2edd","continuation","False","121","65","56","0.463","4","4","16","12"
"2026-04-13T15:15:18.968258Z","final-24h-tenant","7e915de8c02ff5f900b33e2b9a64938387ea98540633e521f73a6ccb35a88ad4","codex","3a02c075c526e27e713a68b24549a523a447616a8db103048b4570cc9945d8d6","b18a1a5dab009a1f4346822286100c87c415bdad08df55f2ab488bae052bd71b","continuation","False","121","65","56","0.463","4","4","16","12"
"2026-04-13T15:15:49.342601Z","final-24h-tenant","7e915de8c02ff5f900b33e2b9a64938387ea98540633e521f73a6ccb35a88ad4","codex","c9df3b03f2c10f9ff61d15f0383e1f40ab253f712071427e5f9e1372deae2f33","2a11d783d9ddbe3e916cef52692f5f2751f1c4015f1dc37d9a6c75d7df349ecd","continuation","False","121","65","56","0.463","4","4","16","12"
"2026-04-13T15:16:19.699470Z","final-24h-tenant","7e915de8c02ff5f900b33e2b9a64938387ea98540633e521f73a6ccb35a88ad4","codex","3721a5c149b6662dffe275a74e3e80b048db98f90b3eb7e41405a10ebe32ab83","621cbca968010de9d23e687c7bf5a27ef3c3c58c060734ba2901a4dea972efa3","continuation","False","121","65","56","0.463","4","4","16","12"
"2026-04-13T15:16:50.053386Z","final-24h-tenant","7e915de8c02ff5f900b33e2b9a64938387ea98540633e521f73a6ccb35a88ad4","codex","fcd5d4b98831ea8e1a59a90c711cbebdaa11cd51b8a034269423312b9f8f2c2e","038d8659d976951ee8c5da545282ba6d0b95996c62b445a232f883ea22ea14e2","continuation","False","121","65","56","0.463","4","4","16","12"
"2026-04-13T15:17:20.426309Z","final-24h-tenant","7e915de8c02ff5f900b33e2b9a64938387ea98540633e521f73a6ccb35a88ad4","codex","66037b9dea684e570a89ab5d49ae6b917fdf085f058b41327acd5d088a682cf0","77a6480f06a34295058ad6f1f603cbab86d3b78c602b97b2d8576368b1f53b40","continuation","False","121","65","56","0.463","4","4","16","12"
"2026-04-13T15:17:50.764773Z","final-24h-tenant","7e915de8c02ff5f900b33e2b9a64938387ea98540633e521f73a6ccb35a88ad4","codex","5745491c7f2631f770b7bb11cec9711e3fde3f3b87614af1303e31b16a8abb0d","e03b6e749f999cf673d30193fbe91adc6060c84d07ae8f30547b81df390fb259","continuation","False","121","65","56","0.463","4","4","16","12"
"2026-04-13T15:18:21.101051Z","final-24h-tenant","7e915de8c02ff5f900b33e2b9a64938387ea98540633e521f73a6ccb35a88ad4","codex","1339f52a9aa8d3f46f52ddaaa0d41dfa5bf6c9fe1f2041c4b2660f2e17b0ab13","22ee4418c3989b1923eceae6d4be5ee5cfd801837128fc9933642f7492ac71e7","continuation","False","121","65","56","0.463","4","4","16","12"
"2026-04-13T15:18:51.450219Z","final-24h-tenant","7e915de8c02ff5f900b33e2b9a64938387ea98540633e521f73a6ccb35a88ad4","codex","7d3e74ec26b6f6d5cafd6291e72ebae259f793f5a1eb4eb1f04b1c2ca76d105b","266b2f9a5541541caa74c12bf90edc21efa2433e003e7287e52219a2449a011a","continuation","False","121","65","56","0.463","4","4","16","12"
"2026-04-13T15:19:21.808210Z","final-24h-tenant","7e915de8c02ff5f900b33e2b9a64938387ea98540633e521f73a6ccb35a88ad4","codex","6ddd408442957b2264b8604b95c4dd21e503e29f8eb9696e6ecdcb54661c6eb1","60639dcb42d604fdad32b441cda54d1c1bcade8a98dd39b1880536041d519296","continuation","False","121","65","56","0.463","4","4","16","12"
"2026-04-13T15:19:52.165451Z","final-24h-tenant","7e915de8c02ff5f900b33e2b9a64938387ea98540633e521f73a6ccb35a88ad4","codex","ea6bd1c9dac564ce1085a6ea14bac0817b8c8b4978f837e723c65e2fd997ef3e","29358cf0f6f51285f77cfd02c49796cf89d98354d19101d57bb4dc9b2df87949","continuation","False","121","65","56","0.463","4","4","16","12"
"2026-04-13T15:20:22.519611Z","final-24h-tenant","7e915de8c02ff5f900b33e2b9a64938387ea98540633e521f73a6ccb35a88ad4","codex","1b17e5dcf83cbd14c48eaff1ed2d59f1128c9fd8b4e1c3656bc7309940dedec9","c040718e5322cc6a034bac095f1e79909636470dfe7aaa2cc3b421085eecb285","continuation","False","121","65","56","0.463","4","4","16","12"
"2026-04-13T15:20:52.891235Z","final-24h-tenant","7e915de8c02ff5f900b33e2b9a64938387ea98540633e521f73a6ccb35a88ad4","codex","bcacc2225d7b8f0dd26ee05cf79507bb9fbd26ab64053c8e6d87a08ecfe4a098","e3020a9d4dc52efb20484aaf66f299785b22e13081e6c25210b0d42c005c3897","continuation","False","121","65","56","0.463","4","4","16","12"
"2026-04-13T15:21:23.247782Z","final-24h-tenant","7e915de8c02ff5f900b33e2b9a64938387ea98540633e521f73a6ccb35a88ad4","codex","4fc41aee5050fdf222bf206577b9d4962241d8b64614650c4dc5fa430b2f76c9","93882ecc9da69bd814d9103592244b37dd0952a1555393f123d171c1e69fa3ee","continuation","False","121","65","56","0.463","4","4","16","12"
"2026-04-13T15:21:53.599894Z","final-24h-tenant","7e915de8c02ff5f900b33e2b9a64938387ea98540633e521f73a6ccb35a88ad4","codex","1c6bc656107105f7c9cd56bbec8959ced4eb5baabe689443265aded8f4be4e38","9c84c22e787dff4ad6c209435a670140c7082c58e787116ba63360b3267b8aee","continuation","False","121","65","56","0.463","4","4","16","12"
"2026-04-13T15:22:23.961352Z","final-24h-tenant","7e915de8c02ff5f900b33e2b9a64938387ea98540633e521f73a6ccb35a88ad4","codex","cd7a09616a6286dcfdf929956d0cc70580a928b218b4e40ef672c50bb3714263","2f5c5b69bc3d90b66bd1aae0fa64efbd77d9c946de29fd81083e29d1f679a950","continuation","False","121","65","56","0.463","4","4","16","12"
"2026-04-13T15:22:54.314431Z","final-24h-tenant","7e915de8c02ff5f900b33e2b9a64938387ea98540633e521f73a6ccb35a88ad4","codex","a2b31bf57138f0aaf15bd973edae6e24f64ea5703a3c58a976661101ff94acb0","d73a618ffbc325d7ab2062dd0621c178ae382efd6e9f9e289c3a3928c52ce723","continuation","False","121","65","56","0.463","4","4","16","12"
"2026-04-13T15:23:24.675918Z","final-24h-tenant","7e915de8c02ff5f900b33e2b9a64938387ea98540633e521f73a6ccb35a88ad4","codex","648090e7875a90145dbdb859e6fa6a14c47241a76bcb86dfe84893761eca1800","4824e4d91dc8c5185ffe40fdaf296bf6724cf4c2865416b64e1f99e0f9aa271e","continuation","False","121","65","56","0.463","4","4","16","12"
"2026-04-13T15:23:55.041680Z","final-24h-tenant","7e915de8c02ff5f900b33e2b9a64938387ea98540633e521f73a6ccb35a88ad4","codex","c0579a36ff6f06eaddb54e969d1b5b6d740fe003eb3ece6585eb75f5533dca83","830b94a86ef06f7f9ad03ab9d363ffd326be1278c15222fc87c2026ee3108255","continuation","False","121","65","56","0.463","4","4","16","12"
"2026-04-13T15:24:25.420656Z","final-24h-tenant","7e915de8c02ff5f900b33e2b9a64938387ea98540633e521f73a6ccb35a88ad4","codex","3dffe3a09691b14b9e6829a5932edc9f7fa7621e1eeec28ba93177a0febed67c","1a4980417009e7550c233223103a0af16f23fcf1cd2161018b896c4163252086","continuation","False","121","65","56","0.463","4","4","16","12"
"2026-04-13T15:24:55.759322Z","final-24h-tenant","7e915de8c02ff5f900b33e2b9a64938387ea98540633e521f73a6ccb35a88ad4","codex","e33c8fc3dcd24330f73305a99a09dc306982b2bd27000d53536ab18111868dc0","5724e11a6c4f9bf69cecf3a2c6ee9a49f4b4d7f9ef8dd54be2d931bdfe29cd37","continuation","False","121","65","56","0.463","4","4","16","12"
"2026-04-13T15:25:26.121370Z","final-24h-tenant","7e915de8c02ff5f900b33e2b9a64938387ea98540633e521f73a6ccb35a88ad4","codex","c0f0a35a02a62a52349c8e4fce3ba447c256cd8b38674d8fbd42856c3a543fb7","94da2ccb5179638cb34dde1bfac042953dddda8f5b71f6ee83fe3fc1281e10e9","continuation","False","121","65","56","0.463","4","4","16","12"
"2026-04-13T15:25:56.474000Z","final-24h-tenant","7e915de8c02ff5f900b33e2b9a64938387ea98540633e521f73a6ccb35a88ad4","codex","363913e0d375b8d6b6d30ff8190fcc9306df488b15c9416e7e06a008fb8c43af","4aeb2af6e46d18814411b5d9093a0c3167e4cfc8bf61203c35b592deb3030c90","continuation","False","121","65","56","0.463","4","4","16","12"
"2026-04-13T15:26:26.830067Z","final-24h-tenant","7e915de8c02ff5f900b33e2b9a64938387ea98540633e521f73a6ccb35a88ad4","codex","97059e0822545f5c561cacda06aed09207dbfd79b146cee4708d908669c7f327","5f753fe330e283da60900ed78c2181c2cb07bf1e2cf6f3f2d647f9bfdfbe467b","continuation","False","121","65","56","0.463","4","4","16","12"
"2026-04-13T15:26:57.208481Z","final-24h-tenant","7e915de8c02ff5f900b33e2b9a64938387ea98540633e521f73a6ccb35a88ad4","codex","37b87a9f03b2dc0261648930f37bc7586edba2c19e5bdf13abf04e2059534cd6","9ee2e4c3507e5dcd1c967b3113b3f59a5191eee6bf32e6fb7265c42467d1dfa5","continuation","False","121","65","56","0.463","4","4","16","12"
"2026-04-13T15:27:27.563488Z","final-24h-tenant","7e915de8c02ff5f900b33e2b9a64938387ea98540633e521f73a6ccb35a88ad4","codex","8ff9f340d39474a9534c79d3e7f4c0c2f961b64dbb3d11ac4a5bd33345099e12","75bbf1805e5810070ce35be988c81bb67cb45bbb6a94c77e97e87b91711fb6dc","continuation","False","121","65","56","0.463","4","4","16","12"
"2026-04-13T15:27:57.917792Z","final-24h-tenant","7e915de8c02ff5f900b33e2b9a64938387ea98540633e521f73a6ccb35a88ad4","codex","261c71ae199f2f88b58d61dd322530d4813ca6b96fc76aef8c246a909917e712","547b9d28d42962b14804e0206b959876bb9c462d9c835c0efc6f40fdda7e1080","continuation","False","121","65","56","0.463","4","4","16","12"
"2026-04-13T15:28:28.292627Z","final-24h-tenant","7e915de8c02ff5f900b33e2b9a64938387ea98540633e521f73a6ccb35a88ad4","codex","3c17a978bb4807d158cee42f322fd26b00076e3d3dfc3aa400f9ca9f8568faa8","245f27f81cdafe49007051d8571688cadd78c9fe8aa7ebef58f7d9035a6f26f3","continuation","False","121","65","56","0.463","4","4","16","12"
"2026-04-13T15:28:58.659949Z","final-24h-tenant","7e915de8c02ff5f900b33e2b9a64938387ea98540633e521f73a6ccb35a88ad4","codex","70d14be098a3926392aeb27e55228df3ffc1bdd6629503bfa098f55ece4a28ae","e6d8a6f0e352a71e2f9acc89423dc68e64c530af772864e8b560fe649ead9d0a","continuation","False","121","65","56","0.463","4","4","16","12"
"2026-04-13T15:29:29.018742Z","final-24h-tenant","7e915de8c02ff5f900b33e2b9a64938387ea98540633e521f73a6ccb35a88ad4","codex","ec3251c87f73ab18c06285e83b6f6565bcce8c3a3dbbf92534eb784a64f25ffd","f3daa1db6fcdbf5c34cee8c10911f0429073cdb61636827cb5856594a04c90f9","continuation","False","121","65","56","0.463","4","4","16","12"
"2026-04-13T15:29:59.407483Z","final-24h-tenant","7e915de8c02ff5f900b33e2b9a64938387ea98540633e521f73a6ccb35a88ad4","codex","d70d99ded298855e7f483cf54bbd7810831615d78dcae79878fccbceca7f5149","79ad80c9c5f9d41fa8f7ef3a196d59e5539d8085646a78b04224c6f2db815c32","continuation","False","121","65","56","0.463","4","4","16","12"
"2026-04-13T15:30:29.793360Z","final-24h-tenant","7e915de8c02ff5f900b33e2b9a64938387ea98540633e521f73a6ccb35a88ad4","codex","0983e3e01f1ae46a1911b8c1ea4bf57406d1b3008bf18c14f82a7b7458333f30","c8d14b605a147b7811e7ce658b9af2c08448e997a2aad0624bfddbab29dfca34","continuation","False","121","65","56","0.463","4","4","16","12"
"2026-04-13T15:31:00.135776Z","final-24h-tenant","7e915de8c02ff5f900b33e2b9a64938387ea98540633e521f73a6ccb35a88ad4","codex","dc41bf8e427a9aac4b1185ec1f08d013e715ac4fe9ebdb58947d1ed63e297c1e","c4de997cffde0eadc9240eafe3d7eff69602bcace9c6b43c8502c811387b61e5","continuation","False","121","65","56","0.463","4","4","16","12"
"2026-04-13T15:31:30.505809Z","final-24h-tenant","7e915de8c02ff5f900b33e2b9a64938387ea98540633e521f73a6ccb35a88ad4","codex","d41d62d2e9fbcec2856d8e549b87968d14a19d752955dcc61d5642caff0aafa1","df65911f3848b9b2e01df84f3999226bf4988d5a8f46a4b1f8bbc80a81573a98","continuation","False","121","65","56","0.463","4","4","16","12"
"2026-04-13T15:32:00.862678Z","final-24h-tenant","7e915de8c02ff5f900b33e2b9a64938387ea98540633e521f73a6ccb35a88ad4","codex","7d90af4c95d98f7c0e5111bbf8437675cb4d2ba0207127d00c72c5711fca93dd","dec1246b876f8f2d2c9eb1b71ae9bb2fe5b1d72e6aac3aa232a8f14c8793bf02","continuation","False","121","65","56","0.463","4","4","16","12"
"2026-04-13T15:32:31.236701Z","final-24h-tenant","7e915de8c02ff5f900b33e2b9a64938387ea98540633e521f73a6ccb35a88ad4","codex","b50709389cba667b4ddcfb199e853618752165cddc624569dacbc0a9e40dd583","236ae746195f41369c42a8c28e2194235a25a9a4494cccfd350403e3e07b3f2c","continuation","False","121","65","56","0.463","4","4","16","12"
"2026-04-13T15:33:01.609043Z","final-24h-tenant","7e915de8c02ff5f900b33e2b9a64938387ea98540633e521f73a6ccb35a88ad4","codex","b1876850c2dee79a419f71e15ea32def85125a79aa2e64fd1eefca6d657102a6","ade8aface2d5933e4aa590b0305054b5be53a3ccf22393266cf7d85fb8bd67ff","continuation","False","121","65","56","0.463","4","4","16","12"
"2026-04-13T15:33:31.977029Z","final-24h-tenant","7e915de8c02ff5f900b33e2b9a64938387ea98540633e521f73a6ccb35a88ad4","codex","18dab2d0ced07f336cd1a17095977e819b3ff6c9b8173f4680a43961c64b9c5f","617582a2e9832b8f76b9a70df443200628e9917d0380be1377e13cafd5248adf","continuation","False","121","65","56","0.463","4","4","16","12"
"2026-04-13T15:34:02.356894Z","final-24h-tenant","7e915de8c02ff5f900b33e2b9a64938387ea98540633e521f73a6ccb35a88ad4","codex","fe2973c3d238342e94ef3f569a7170054aea779f83f2e4aa48440190a0d96501","7a24da5e7f376a2ac6d81f042e79a2947c1048adc2ce2ac7c13fbb6ab0d3ff2b","continuation","False","121","65","56","0.463","4","4","16","12"
"2026-04-13T15:34:32.743759Z","final-24h-tenant","7e915de8c02ff5f900b33e2b9a64938387ea98540633e521f73a6ccb35a88ad4","codex","6639aa5d4d8bc1f47425717d96e5fc339adcaf5403e4f9ba0950efab469b3d8b","98d66ff3a39359810e30563e34624350fa13b87349d35578fb62ac4a82a41bf0","continuation","False","121","65","56","0.463","4","4","16","12"
"2026-04-13T15:35:03.098962Z","final-24h-tenant","7e915de8c02ff5f900b33e2b9a64938387ea98540633e521f73a6ccb35a88ad4","codex","3e83230a2881ca1bb686a7a832550bfcdc840da9e6d778bcaae4540989c4fd15","cd4d63ad957a7cf4432accdcd2fcd6e12455bcb4160ef956330d08227cd79346","continuation","False","121","65","56","0.463","4","4","16","12"
"2026-04-13T15:35:33.444780Z","final-24h-tenant","7e915de8c02ff5f900b33e2b9a64938387ea98540633e521f73a6ccb35a88ad4","codex","eb88c608d42a22e3e3e24b24cfcb6bb618b5b9a14bc8a1c8c232107f68199773","23453106659131ce918bb924ba731c76ab2cf28f55805f98822282bd0c36dcc8","continuation","False","121","65","56","0.463","4","4","16","12"
"2026-04-13T15:36:03.818954Z","final-24h-tenant","7e915de8c02ff5f900b33e2b9a64938387ea98540633e521f73a6ccb35a88ad4","codex","83b5654aedf02f659a007b519960bd4e3608a450aea3e502d31b468d9338f1fd","b152eefd94c0e2eef125da438153b61c7f105b5d186224b5175d9b259cd8fef5","continuation","False","121","65","56","0.463","4","4","16","12"
"2026-04-13T15:36:34.169786Z","final-24h-tenant","7e915de8c02ff5f900b33e2b9a64938387ea98540633e521f73a6ccb35a88ad4","codex","72890bdfbefe2218380ef0e47868e199a520c545efab9f2dcfd6a5cf95753832","a34d3b03d25417db2384b353ce005cffed32631335f81236df2040dc96af9d95","continuation","False","121","65","56","0.463","4","4","16","12"
"2026-04-13T15:37:04.589089Z","final-24h-tenant","7e915de8c02ff5f900b33e2b9a64938387ea98540633e521f73a6ccb35a88ad4","codex","6874f9f5b642ddeaab0f03aa03483f3c980e283f1bdbb3140b165d77d516a8d1","ee73b6918a1ce019a77fe8710a412285f5c0b8d4056400094eeb9e5ba9cb0e08","continuation","False","121","65","56","0.463","4","4","16","12"
"2026-04-13T15:37:34.943217Z","final-24h-tenant","7e915de8c02ff5f900b33e2b9a64938387ea98540633e521f73a6ccb35a88ad4","codex","4cf1c689c60b849afdbe3cc1d0a43265283ae9595aa61f5b6906b3ded60d4a63","f61ac24169041eff7917ea31bae29f8629e03c40205c6683ac0484c911996454","continuation","False","121","65","56","0.463","4","4","16","12"
"2026-04-13T15:38:05.309216Z","final-24h-tenant","7e915de8c02ff5f900b33e2b9a64938387ea98540633e521f73a6ccb35a88ad4","codex","3f5b7970d67592e1a90bcc96b3e9489107b5733a7e544886b8f5cd3e8b3f0f01","50c3a90469b4b3c4260f7849035798b889604b96fcdff7f5cc634fb042c382a1","continuation","False","121","65","56","0.463","4","4","16","12"
"2026-04-13T15:38:35.682321Z","final-24h-tenant","7e915de8c02ff5f900b33e2b9a64938387ea98540633e521f73a6ccb35a88ad4","codex","7913685e9bfd830fafa59e7f33dfc559886e183b6e6614c51948ef925f98a4e3","d72600d6dc884b0e86d2d7bb2def1ba0d5fef3302bea9e6e6743391d383e7f13","continuation","False","121","65","56","0.463","4","4","16","12"
"2026-04-13T15:39:06.081144Z","final-24h-tenant","7e915de8c02ff5f900b33e2b9a64938387ea98540633e521f73a6ccb35a88ad4","codex","797f2c2a678438d72fd42b63a1ac7ee46ba247041e6cd5974270d7c84317a868","376672b47a397034df03c1c58571126b2904640dd53399dd219ef4b0b479010c","continuation","False","121","65","56","0.463","4","4","16","12"
"2026-04-13T15:39:36.451262Z","final-24h-tenant","7e915de8c02ff5f900b33e2b9a64938387ea98540633e521f73a6ccb35a88ad4","codex","e1146c29d5a9bdfe517eff1f546729c0d3cd967ab795c0b89ef431c01e329d5e","4400c2f47603a014fd9282b8e994e3fc7d706bc47ebb410d8fc34f321e46f769","continuation","False","121","65","56","0.463","4","4","16","12"
"2026-04-13T15:40:06.819837Z","final-24h-tenant","7e915de8c02ff5f900b33e2b9a64938387ea98540633e521f73a6ccb35a88ad4","codex","5d01d1ea0704058ebe9607dfa1980c64c4a4d62297077e2367868a88b6e2a7ee","884ecc4d54d4275db47d00549e805499387582bd0e59ae0859fd3006b13056fb","continuation","False","121","65","56","0.463","4","4","16","12"
"2026-04-13T15:40:37.226408Z","final-24h-tenant","7e915de8c02ff5f900b33e2b9a64938387ea98540633e521f73a6ccb35a88ad4","codex","07ee10ea3d607f946531676d19758a8a0143674090682eab93316727d450d4ea","5bb3d608d289295c79ee27b405bb84dd46aef831157b79409018346a36a1fbaf","continuation","False","121","65","56","0.463","4","4","16","12"
"2026-04-13T15:41:07.589735Z","final-24h-tenant","7e915de8c02ff5f900b33e2b9a64938387ea98540633e521f73a6ccb35a88ad4","codex","9ccf09af82de7034082aad8d683cbcd83dfda5ef5d20bf18e38a95d048ce3385","4a8e84ee211deb4204fda9171c8047d56f88a682ea16d01b55d838a14fd00ef5","continuation","False","121","65","56","0.463","4","4","16","12"
"2026-04-13T15:41:38.023148Z","final-24h-tenant","7e915de8c02ff5f900b33e2b9a64938387ea98540633e521f73a6ccb35a88ad4","codex","e6a7adaaaf4ef450553991cfd5552c6fdc31328510cfced9021e4687f2602a54","1b4d06c9cf5c2b3b3783ec3d57542844cbd4f2620d93fff0e207d28154388a4d","continuation","False","121","65","56","0.463","4","4","16","12"
"2026-04-13T15:42:08.421439Z","final-24h-tenant","7e915de8c02ff5f900b33e2b9a64938387ea98540633e521f73a6ccb35a88ad4","codex","4b40b951a022004cf0e4e4b86935317a5de0a9ff4acd1a1559c76c8c8d37bd0d","917e3828a3bb446c77189c5c81eef692334a48381069071d49618293ddea8aed","continuation","False","121","65","56","0.463","4","4","16","12"
"2026-04-13T15:42:38.778330Z","final-24h-tenant","7e915de8c02ff5f900b33e2b9a64938387ea98540633e521f73a6ccb35a88ad4","codex","0f2cd610cc1cd500d9a161b362a779eac603490ff09c7ee3fc9aaa134d163888","7d316783d4055e9de6454260b9fbaaa01eb6137b4c73b429031e856ac8b0a254","continuation","False","121","65","56","0.463","4","4","16","12"
"2026-04-13T15:43:09.143556Z","final-24h-tenant","7e915de8c02ff5f900b33e2b9a64938387ea98540633e521f73a6ccb35a88ad4","codex","f9690ad3d966bf3f1520a472aa4847f7edb1ab3dd926295a418bfbfa2fbc4e53","71f5bd47e96ad46695a2ac861297f32b4025fd8801cdc897c7e6c319f3998a89","continuation","False","121","65","56","0.463","4","4","16","12"
"2026-04-13T15:43:39.810777Z","final-24h-tenant","7e915de8c02ff5f900b33e2b9a64938387ea98540633e521f73a6ccb35a88ad4","codex","480eec9c5fb808952fd6a6585a5a66095f80a28919fef54eca7c09f9a22a5dc9","921e7687e8f9375fda1e90d859b28c5f0d785677c95ab57c05b68e95f86e7f00","continuation","False","121","65","56","0.463","4","4","16","12"
"2026-04-13T15:44:10.451185Z","final-24h-tenant","7e915de8c02ff5f900b33e2b9a64938387ea98540633e521f73a6ccb35a88ad4","codex","92564afd18ffca48b6b30a289d4db3bfba08f58c3daa5fdafc9216396fc329af","39e6df89f7cee0d6de64feb021f57cf81e67f1e9679ff08faff223cba424c7cd","continuation","False","121","65","56","0.463","4","4","16","12"
"2026-04-13T15:44:41.129630Z","final-24h-tenant","7e915de8c02ff5f900b33e2b9a64938387ea98540633e521f73a6ccb35a88ad4","codex","d7bd0d8e4caa8ac12ed90f8c1672a7c86cb605500f1858237a9d5fa02bedc5f5","3a2819039ebfd4db35c7950417b09aca77fbb52e1f9aa7fc41e66f50b1001064","continuation","False","121","65","56","0.463","4","4","16","12"
"2026-04-13T15:45:11.819521Z","final-24h-tenant","7e915de8c02ff5f900b33e2b9a64938387ea98540633e521f73a6ccb35a88ad4","codex","d8c4c23e6a241fcd48865ab69f36609fc3a2d81758b49b7305659be96b34eefc","1143b79618dbed41a262bc9fb5c8015252a7b6b6a1fcd1d20f9255d74dadf2d4","continuation","False","121","65","56","0.463","4","4","16","12"
"2026-04-13T15:45:42.468435Z","final-24h-tenant","7e915de8c02ff5f900b33e2b9a64938387ea98540633e521f73a6ccb35a88ad4","codex","7642ecf41c63c02550b9d3b7aa7787fb10053d2518717dbb2ab67d2d7662976c","0a23fdf0f0aeb114476ea8ca2979045becd65d1e32c6d1aa22feeabffe78bdb3","continuation","False","121","65","56","0.463","4","4","16","12"
"2026-04-13T15:46:13.159937Z","final-24h-tenant","7e915de8c02ff5f900b33e2b9a64938387ea98540633e521f73a6ccb35a88ad4","codex","564117fe9a373712e17deb1c4bdb909aec191c3d6202fec2781534e3a795f2f7","202125a37c2b413993a7e91fa4248ddd74b93ead441847bc92b37c7897909f6a","continuation","False","121","65","56","0.463","4","4","16","12"
"2026-04-13T15:46:43.843632Z","final-24h-tenant","7e915de8c02ff5f900b33e2b9a64938387ea98540633e521f73a6ccb35a88ad4","codex","0602644cc199c1bfddd39f4176152caaf84e9caf93eb9ab139b08e1f1ddb564a","45b86d8778bd630be40c968b83f8c000f49417e059441cd9bb2353d0db2d0b02","continuation","False","121","65","56","0.463","4","4","16","12"
"2026-04-13T15:47:14.518102Z","final-24h-tenant","7e915de8c02ff5f900b33e2b9a64938387ea98540633e521f73a6ccb35a88ad4","codex","0ef092dc8c350440c191eed0b61f25279e4c5d8925177d0f8729aa1ad2a1e13a","2d2e2a3e5511699ef11e0f56ccdeea2c218f086d75643bf614e63640fd53095c","continuation","False","121","65","56","0.463","4","4","16","12"
"2026-04-13T15:47:45.164637Z","final-24h-tenant","7e915de8c02ff5f900b33e2b9a64938387ea98540633e521f73a6ccb35a88ad4","codex","455992b9307b90dc0bb2b80baef07ef1496f76d12e6f331ceb8bdbc2c02eb154","6f27ceb0563abc0cb0a80816fd94cad8b7553867568be80ccfed72336469c86b","continuation","False","121","65","56","0.463","4","4","16","12"
"2026-04-13T15:48:15.811344Z","final-24h-tenant","7e915de8c02ff5f900b33e2b9a64938387ea98540633e521f73a6ccb35a88ad4","codex","f8b89409ba011ee4e707b5abcea89f63447e61aa9f41b08bdea767c0c72f47f4","7c4c93b2775c24ed5fde9457b9dd4c7f93dfe917dc51e29b5d2b273d55f3c565","continuation","False","121","65","56","0.463","4","4","16","12"
"2026-04-13T15:48:46.541905Z","final-24h-tenant","7e915de8c02ff5f900b33e2b9a64938387ea98540633e521f73a6ccb35a88ad4","codex","8829292c2dbd6f0ae2d96b70aed83424a07ed970f63e0576f4f4117ce9c36e69","1ae39fdb7ea7af353a8bbe2f0b46dae9e9b7370580153a68c663cf9214969101","continuation","False","121","65","56","0.463","4","4","16","12"
"2026-04-13T15:49:17.315678Z","final-24h-tenant","7e915de8c02ff5f900b33e2b9a64938387ea98540633e521f73a6ccb35a88ad4","codex","18b9f00175db1856a8ac7746769b9414b2d4c749469a33eab853f295aa237bbd","b7c24d68c078eacdd69972835960656b6c61fda6566de5909d17c04c2f831346","continuation","False","121","65","56","0.463","4","4","16","12"
"2026-04-13T15:50:25.645147Z","final-24h-tenant","7e915de8c02ff5f900b33e2b9a64938387ea98540633e521f73a6ccb35a88ad4","codex","bcf3882a9f918bfdd2c93e27ee0ba08f58e65888947523ccc1abb33bf67acc03","492db7aab04d86d114b8dbb654b3e14133ead13741eeb75b303bf31efb174e25","continuation","False","121","65","56","0.463","4","4","16","12"
"2026-04-13T15:50:56.035753Z","final-24h-tenant","7e915de8c02ff5f900b33e2b9a64938387ea98540633e521f73a6ccb35a88ad4","codex","ca81830ad11ebde42b12f0bbc0316ad20ca2c0e1814f3b48173ba0366a6e060e","18ae947baeb6206ac1525b7644d70026d83c11bc23929dd633709558ffe0b960","continuation","False","121","65","56","0.463","4","4","16","12"
"2026-04-13T15:51:26.396829Z","final-24h-tenant","7e915de8c02ff5f900b33e2b9a64938387ea98540633e521f73a6ccb35a88ad4","codex","bf59290c61db6216beaf2d29223f67fedd95d7714602636b651b79a3b6de039f","9650edce18819b8245b68fe3b2e051be8886aad229f058068c71f457f98fbc66","continuation","False","121","65","56","0.463","4","4","16","12"
"2026-04-13T15:51:56.804388Z","final-24h-tenant","7e915de8c02ff5f900b33e2b9a64938387ea98540633e521f73a6ccb35a88ad4","codex","8b93b40e74e4c8cdb4cf7afcb949b64170ed5987350f968c3fd34c3189cdc218","61568a8266300b16802b9bcfaeb16832ccbdc1d789a37d5dc922b525fe77bfe5","continuation","False","121","65","56","0.463","4","4","16","12"
"2026-04-13T15:52:27.190857Z","final-24h-tenant","7e915de8c02ff5f900b33e2b9a64938387ea98540633e521f73a6ccb35a88ad4","codex","f081e3596de225016e8d1b5a1b04473495c9e6a8d20b3da9066ff1913890bcca","572aebd0ca556b1f0f056c41e56e78bdf242383568ea1cf64dd1664305fac6a5","continuation","False","121","65","56","0.463","4","4","16","12"
"2026-04-13T15:52:57.564026Z","final-24h-tenant","7e915de8c02ff5f900b33e2b9a64938387ea98540633e521f73a6ccb35a88ad4","codex","792bb89d93a7c3ef22c40ec10eb9f137eabe2de77c649b9403d90edaa6b91d57","3c638a0509f46e0572488836132d997dc7a1054d312454662e71a5a6127da412","continuation","False","121","65","56","0.463","4","4","16","12"
"2026-04-13T15:53:27.919119Z","final-24h-tenant","7e915de8c02ff5f900b33e2b9a64938387ea98540633e521f73a6ccb35a88ad4","codex","bdada93c3580a2887080191c76a1ebab559ebc6338655d1c01c13d8815a759f5","2649434e2465de459171f3605adaf0d0a80159318f051c3ddd6816c44101eab4","continuation","False","121","65","56","0.463","4","4","16","12"
"2026-04-13T15:53:58.320937Z","final-24h-tenant","7e915de8c02ff5f900b33e2b9a64938387ea98540633e521f73a6ccb35a88ad4","codex","a9b789174b5de72b9150ea5fb0b035a628d10fcf38c6daf163c317d7dde4d1ef","5860f1272515fcb8a56781b930f8643f18feaaeed195689deaf1d893a7a29822","continuation","False","121","65","56","0.463","4","4","16","12"
"2026-04-13T15:54:28.718044Z","final-24h-tenant","7e915de8c02ff5f900b33e2b9a64938387ea98540633e521f73a6ccb35a88ad4","codex","6dbdbc148dce7ef4afe92a5d8f2aedaf6750215f543a80299319e96b41ad774a","2f251823c69d40c51d23b2e1f8bf4439f135f7aee35ec6575a82a79b57925875","continuation","False","121","65","56","0.463","4","4","16","12"
"2026-04-13T15:54:59.102107Z","final-24h-tenant","7e915de8c02ff5f900b33e2b9a64938387ea98540633e521f73a6ccb35a88ad4","codex","2995b905eb01d94373a97c51abb7acde5e218a08ca8fd39e3229a67c63f6b78b","300482ffe60f67ea399fa9a42931ec1604773f656b09d2b08c9a1f7a57e18939","continuation","False","121","65","56","0.463","4","4","16","12"
"2026-04-13T15:55:29.465047Z","final-24h-tenant","7e915de8c02ff5f900b33e2b9a64938387ea98540633e521f73a6ccb35a88ad4","codex","af10cf110c9a81ba2e32392614d42547b2dde063e905cdb51871c68e2382c63c","ebe7c4f1c5e7d546a3707e4aa1bfd28daf1893a2fbbbed3e7ead985a9e47f704","continuation","False","121","65","56","0.463","4","4","16","12"
"2026-04-13T15:55:59.856046Z","final-24h-tenant","7e915de8c02ff5f900b33e2b9a64938387ea98540633e521f73a6ccb35a88ad4","codex","441c1b30fbeaf34cfdba17b2391b31273889410a77bf7683527419f3e85f2af2","7aa5ef37446930b0d27a73d15cb7cebc283c5501764948f39c7b7bac12e3df61","continuation","False","121","65","56","0.463","4","4","16","12"
"2026-04-13T15:56:30.230109Z","final-24h-tenant","7e915de8c02ff5f900b33e2b9a64938387ea98540633e521f73a6ccb35a88ad4","codex","ded47dbdafc8d3c2eea0c9e78bb4a67528924df154e09c9a775a302885632b9c","f1be572f49cb5c3c0fab68fc034143af11c87558ed708a91d65cecde34f15d2d","continuation","False","121","65","56","0.463","4","4","16","12"
"2026-04-13T15:57:00.594107Z","final-24h-tenant","7e915de8c02ff5f900b33e2b9a64938387ea98540633e521f73a6ccb35a88ad4","codex","f6de02cc359732dba0f7c20c3558e61f6f8173651d5134d42eeef7ece199f8f0","bbfdbfe7f536608663f44351fff3598d0716d370a575de8c39a1fcb5a1fae592","continuation","False","121","65","56","0.463","4","4","16","12"
"2026-04-13T15:57:30.957370Z","final-24h-tenant","7e915de8c02ff5f900b33e2b9a64938387ea98540633e521f73a6ccb35a88ad4","codex","73cc5a296c2da8fceb5503113d8bfd4b373a4da9b7db9e57a5a3a1f9e80791f8","393d50c1b13110934cd518b268a5abf2acf77b3335f46d756b5802b86ff1f254","continuation","False","121","65","56","0.463","4","4","16","12"
"2026-04-13T15:58:01.348946Z","final-24h-tenant","7e915de8c02ff5f900b33e2b9a64938387ea98540633e521f73a6ccb35a88ad4","codex","382378d9d597549a9ada334f40a5ccd8abbc9fb09e38d711b02455d53e29c15d","60edfeefcc847c6d3c94f015a56df27c0739fae3800d037a4d6460d849431e2c","continuation","False","121","65","56","0.463","4","4","16","12"
"2026-04-13T15:58:31.716168Z","final-24h-tenant","7e915de8c02ff5f900b33e2b9a64938387ea98540633e521f73a6ccb35a88ad4","codex","c332248b95f6ee197d6c3d43bddc0c699dbc3b9adb580f40d9d7fd943f7a8493","ca60b24e6a644023c9e5f6533a64aeb96c74b57b06fbe8beb294d5a338847db4","continuation","False","121","65","56","0.463","4","4","16","12"
"2026-04-13T15:59:02.111360Z","final-24h-tenant","7e915de8c02ff5f900b33e2b9a64938387ea98540633e521f73a6ccb35a88ad4","codex","760326c9d61f12e91c8af91e4f8c45bf4284ca5420d1a4a4a5a5f76476715c2a","efc7ef781abda0bb210ca850468c241b0cdbd854032713829c87cd050ea83d85","continuation","False","121","65","56","0.463","4","4","16","12"
"2026-04-13T15:59:32.503323Z","final-24h-tenant","7e915de8c02ff5f900b33e2b9a64938387ea98540633e521f73a6ccb35a88ad4","codex","9c3e1e2b95766dd2b67c2114c2fa3b60f3921bbfc6cb4f0a8e6d420a1275bc28","8a5ab9298f2dda6f86ad147613bd30d3c8e912ee7b9cc15223c8d2c808473c45","continuation","False","121","65","56","0.463","4","4","16","12"
"2026-04-13T16:00:02.899621Z","final-24h-tenant","7e915de8c02ff5f900b33e2b9a64938387ea98540633e521f73a6ccb35a88ad4","codex","688530ce4b7c0f53805b06cf0a57022e62c871b0100875f44f95576209210868","94a5f6522df8b82364efbff1856bc4c02e63c2cb65b83d0e348762ad3ecaf13a","continuation","False","121","65","56","0.463","4","4","16","12"
"2026-04-13T16:00:33.296351Z","final-24h-tenant","7e915de8c02ff5f900b33e2b9a64938387ea98540633e521f73a6ccb35a88ad4","codex","55efc0584cefc8a64f48db3e9d74fe12aeb8a9e27511c4c6cd5fdabf94cde6d9","683d8f55f54b3cf5615762c58fb3a96b37c2f0cfaaae43515f2d943d6a1c09d0","continuation","False","121","65","56","0.463","4","4","16","12"
"2026-04-13T16:01:03.665337Z","final-24h-tenant","7e915de8c02ff5f900b33e2b9a64938387ea98540633e521f73a6ccb35a88ad4","codex","2e0362bbe7a3227253e60f6259ef588e93dbcef31d81dbd3fd5d8a6e5cc7bb64","1db424102def83ac280edd268c856529ad51432046af98393986826507077fb8","continuation","False","121","65","56","0.463","4","4","16","12"
"2026-04-13T16:01:34.058508Z","final-24h-tenant","7e915de8c02ff5f900b33e2b9a64938387ea98540633e521f73a6ccb35a88ad4","codex","3b804186d8a2400c9b6851856f6d4353f0ea1306ee0f195fd16be4fa863bc185","a8df9230632367f4e97043f8d666dc5461d1781ee4df797b7d13f0af330bc3ad","continuation","False","121","65","56","0.463","4","4","16","12"
"2026-04-13T16:02:04.466041Z","final-24h-tenant","7e915de8c02ff5f900b33e2b9a64938387ea98540633e521f73a6ccb35a88ad4","codex","03bee78978ed141ae711dd8b1bf642907ac9d724030a02d612c145e318d9286b","b4c21f5a87b5568b9de27ae22b97af9ac6eadf91dbb844adff5806e1a9ba0fd4","continuation","False","121","65","56","0.463","4","4","16","12"
"2026-04-13T16:02:34.857230Z","final-24h-tenant","7e915de8c02ff5f900b33e2b9a64938387ea98540633e521f73a6ccb35a88ad4","codex","c866b14c6840490e204056fe1e1b3ef6142ad1c465a2c3b66e02960ee1775ae3","06d97e9b198f370245f89801dd5230cde42e77dc2d3288a46e5012b6714c0eb2","continuation","False","121","65","56","0.463","4","4","16","12"
"2026-04-13T16:03:05.239246Z","final-24h-tenant","7e915de8c02ff5f900b33e2b9a64938387ea98540633e521f73a6ccb35a88ad4","codex","301b55f1bfc04e0996ab04576cb8c0ae89f2079646eefb9f02b6480a9a255b95","debe1a7bc941a0ca70ab07e33fdc570dc4714de6532f5ee048ca4cb91ac8b200","continuation","False","121","65","56","0.463","4","4","16","12"
"2026-04-13T16:03:35.637568Z","final-24h-tenant","7e915de8c02ff5f900b33e2b9a64938387ea98540633e521f73a6ccb35a88ad4","codex","3026adf37bcf7d25867d514dbee8ea48f0dcc1a852f9df1f3a0227fa0a53343c","8385aaf150dd1e8e00748963c0795a79faf2cb9e1189603d28e5c0894e2dbede","continuation","False","121","65","56","0.463","4","4","16","12"
"2026-04-13T16:04:06.007610Z","final-24h-tenant","7e915de8c02ff5f900b33e2b9a64938387ea98540633e521f73a6ccb35a88ad4","codex","4279abf63887c86ffa147714fba9dff041c8905483c9a8cbcb3be8371d7a482a","aebd36b5f7283a76fda21668641c58028d342736e802e36538e8db946bab71b0","continuation","False","121","65","56","0.463","4","4","16","12"
"2026-04-13T16:04:36.383580Z","final-24h-tenant","7e915de8c02ff5f900b33e2b9a64938387ea98540633e521f73a6ccb35a88ad4","codex","572bef865e7ff2e8d9f116eb00744b223f8ec9b9212c7d5defa9cd4504d7d145","e525f6557b27c02fde37b5054a9ecb656d676380bd5a314a3a8131bcba9467a4","continuation","False","121","65","56","0.463","4","4","16","12"
"2026-04-13T16:05:06.751987Z","final-24h-tenant","7e915de8c02ff5f900b33e2b9a64938387ea98540633e521f73a6ccb35a88ad4","codex","2cf9b9a371d2c07d5bbd5c37f7855f213ffd9df3bd8943d58024f7fdb3300af5","577d6277d169448ccd6b6a70536b7ab863f18b2f97393b986d53dbc6f81e2e01","continuation","False","121","65","56","0.463","4","4","16","12"
"2026-04-13T16:05:37.136655Z","final-24h-tenant","7e915de8c02ff5f900b33e2b9a64938387ea98540633e521f73a6ccb35a88ad4","codex","61a52d0a4bd53bc0c84323acc881384dd763bbf940f851e3f384779e4f802d6a","b0766af6f1752f67339abdada5448dd217df70d7646a0fb1c7d1ec9c58cb1984","continuation","False","121","65","56","0.463","4","4","16","12"
"2026-04-13T16:06:07.542639Z","final-24h-tenant","7e915de8c02ff5f900b33e2b9a64938387ea98540633e521f73a6ccb35a88ad4","codex","951bd28a83584eda9b7ba7cd5094ecb056f2cc479e5241c861e331f2f9d7faf7","a3037c065314b00321f80af9d36ce411258c66379e56464cf70213c40fc19c92","continuation","False","121","65","56","0.463","4","4","16","12"
"2026-04-13T16:06:37.932725Z","final-24h-tenant","7e915de8c02ff5f900b33e2b9a64938387ea98540633e521f73a6ccb35a88ad4","codex","48a60bd05d2603ee336b35e0a1d8283e6270c87d0909f80a5c19714d2f0065d5","40bdbcf09457bfeb5808724072c43bc7f00ce9dc85fff71dc23b9a24642fc9e1","continuation","False","121","65","56","0.463","4","4","16","12"
"2026-04-13T16:07:08.315790Z","final-24h-tenant","7e915de8c02ff5f900b33e2b9a64938387ea98540633e521f73a6ccb35a88ad4","codex","dfb374ec9c21b77be85ce76eedef80cbb57ae31ccdf9c6abceb84feab64682c2","fdc9ac13051235e3734e4481f6fe7afce2bfad69e273d8d6c4d3aac0b1cb2a54","continuation","False","121","65","56","0.463","4","4","16","12"
"2026-04-13T16:07:38.727799Z","final-24h-tenant","7e915de8c02ff5f900b33e2b9a64938387ea98540633e521f73a6ccb35a88ad4","codex","96e65699a40411595ee4efb6d6a595dae5bd2d4e83c4bf4771350c82646959c5","e09f6e15bbd7167c520467e69957355a3dc563437158517835f6db8328a0bbf0","continuation","False","121","65","56","0.463","4","4","16","12"
"2026-04-13T16:08:09.111450Z","final-24h-tenant","7e915de8c02ff5f900b33e2b9a64938387ea98540633e521f73a6ccb35a88ad4","codex","4f1a3e99efbfc091474fbadda66af25e78317a1e38373df4998859076fe4ec0e","1614a60cf6e6d11e40fdb53bc8be3c2aa0208afacc57c6ba03ebc20135b936b4","continuation","False","121","65","56","0.463","4","4","16","12"
"2026-04-13T16:08:39.501178Z","final-24h-tenant","7e915de8c02ff5f900b33e2b9a64938387ea98540633e521f73a6ccb35a88ad4","codex","f5bb16d69de666196320b4bd4567240015c7c3807e16c87faaadbadd72dc01e1","57a088e913ec1acb40c841750144e8a9a1138c26801e0db897d1d461ee862ca7","continuation","False","121","65","56","0.463","4","4","16","12"
"2026-04-13T16:09:09.925743Z","final-24h-tenant","7e915de8c02ff5f900b33e2b9a64938387ea98540633e521f73a6ccb35a88ad4","codex","4ff828ecc7f2360742c61fb47c02f4a8e38a3b272b149d22b9f29016057b3ec5","33e03e4cd92d24cce2c79fd9deb4dbdb17961fe944067510862339f699cd03b0","continuation","False","121","65","56","0.463","4","4","16","12"
"2026-04-13T16:09:40.319182Z","final-24h-tenant","7e915de8c02ff5f900b33e2b9a64938387ea98540633e521f73a6ccb35a88ad4","codex","5d646db7b91dce472f39e392182700377b59f46dead17a11ab343af7536cd7af","2015b1d87b77e9e49a06641ad4d4534d24b51be1870a68998ad7e0ddea2baa85","continuation","False","121","65","56","0.463","4","4","16","12"
"2026-04-13T16:10:10.706366Z","final-24h-tenant","7e915de8c02ff5f900b33e2b9a64938387ea98540633e521f73a6ccb35a88ad4","codex","9338361cb404464b8e98d7757d765580e17d294795aa629bb3fef7abbf93a86c","088677b7307e315823c9813b9efcc3db60dceef3cb255fefa1da41c266f699b2","continuation","False","121","65","56","0.463","4","4","16","12"
"2026-04-13T16:10:41.088189Z","final-24h-tenant","7e915de8c02ff5f900b33e2b9a64938387ea98540633e521f73a6ccb35a88ad4","codex","16ae09c2a1a47b59eb59dd84e59d34a89513300f23bf46ddbb3097e4babb8dba","4e8725ab605c78cf2f221472bf5fdd1d17560489e0555975d71738a4eef82160","continuation","False","121","65","56","0.463","4","4","16","12"
"2026-04-13T16:11:11.465948Z","final-24h-tenant","7e915de8c02ff5f900b33e2b9a64938387ea98540633e521f73a6ccb35a88ad4","codex","0b6318dcf73040bcf166d635840988241d62e7da193d99a69980520c1342876f","3d927b92fd52b4bd6ad8b702a5219e17b51bb19445428a9f67a93fa5a46ef878","continuation","False","121","65","56","0.463","4","4","16","12"
"2026-04-13T16:11:21.428934Z","openclaw","7e915de8c02ff5f900b33e2b9a64938387ea98540633e521f73a6ccb35a88ad4","openclaw-agent","18bd854e59b569c2c7d9a9f1102d97deb784b42710edb2b273ab2ae43298ba23","f0edbd5deefff26a135d2460349b8d8d52cd5dbd72be6dcbdb30014b81813be3","continuation","False","132","49","83","0.629","3","3","16","13"
"2026-04-13T16:11:41.854198Z","final-24h-tenant","7e915de8c02ff5f900b33e2b9a64938387ea98540633e521f73a6ccb35a88ad4","codex","f5a6e37df4a96ee1d4a481dd300e0e970ac58674027f24f910ce0d0ee422262a","b640cfdfd56a5fd18dc6577b4a7d3b2bacfea2706d022390fea5dfc25deddc15","continuation","False","121","65","56","0.463","4","4","16","12"
"2026-04-13T16:12:12.239072Z","final-24h-tenant","7e915de8c02ff5f900b33e2b9a64938387ea98540633e521f73a6ccb35a88ad4","codex","ecdcd8c994f1bc775ee000a9d3afbbe9126c901e8eb54ff5370409a0b748d713","277010880396f7b07f92bfc690d23dd69e64044f755579659e51121e00d622cd","continuation","False","121","65","56","0.463","4","4","16","12"
"2026-04-13T16:12:42.626227Z","final-24h-tenant","7e915de8c02ff5f900b33e2b9a64938387ea98540633e521f73a6ccb35a88ad4","codex","34a530e526a512ea121e99d21511305044816f960a304bfcccfcb997c081a845","c1546c6bcb2c55d19f53fb2fba1d1e4e4f4f19b5487592d6c17b6e4f901313e3","continuation","False","121","65","56","0.463","4","4","16","12"
"2026-04-13T16:13:13.549313Z","final-24h-tenant","7e915de8c02ff5f900b33e2b9a64938387ea98540633e521f73a6ccb35a88ad4","codex","890da1e0f8e9f6ddd1673432542917748127565926116fb19762d5a9f95fb14f","9855fdeead23e013083677c17b699d0135c5074cdeb10fa53e0ec25fbedba775","continuation","False","121","65","56","0.463","4","4","16","12"
"2026-04-13T16:13:36.856353Z","openclaw","7e915de8c02ff5f900b33e2b9a64938387ea98540633e521f73a6ccb35a88ad4","openclaw-agent","c0f43e608114c50b6379ac3dfa7a28ce1d2caae945d76d4105cc425af1742975","c4ae15a6590db8999a8caba0a3ae74b717c0b2a3356e2a15f59cc74aa899392f","continuation","False","132","49","83","0.629","3","3","16","13"
"2026-04-13T16:13:43.925493Z","final-24h-tenant","7e915de8c02ff5f900b33e2b9a64938387ea98540633e521f73a6ccb35a88ad4","codex","e8b13f312b269cb3fdd04783336f99b7d375b1a6c321bedcc8ca63b0c0f7f04a","333690e81309f796d386e84da91353ac02634661f13b93be6be1fadd799aad18","continuation","False","121","65","56","0.463","4","4","16","12"
"2026-04-13T16:13:52.027105Z","openclaw","7e915de8c02ff5f900b33e2b9a64938387ea98540633e521f73a6ccb35a88ad4","openclaw-agent","93b9be513677df54170101c3700053450ec44986d284c8795d2c202545c1d81c","edfdda25966835da0527bc3acdb0d41da41a2ee1c83c4025d75e4f7166588348","continuation","False","132","49","83","0.629","3","3","16","13"
"2026-04-13T16:13:52.266162Z","openclaw","7e915de8c02ff5f900b33e2b9a64938387ea98540633e521f73a6ccb35a88ad4","openclaw-agent","d66e1712e9aea0dc9173a2039108c56efc1405d32e24b18d1c62bc988098d4f0","e920e2409f23edc4c6fc330645b32f159ecf2fdc26b3fa857e35cd3e92686c9b","continuation","False","132","49","83","0.629","3","3","16","13"
"2026-04-13T16:13:52.514203Z","openclaw","7e915de8c02ff5f900b33e2b9a64938387ea98540633e521f73a6ccb35a88ad4","openclaw-agent","15b91c0b94d56dc09f23f37cec5afea02921c1307b1d2fafc95985ecc2ce35a6","fa38cdc65ea9a103b673864f572d1f5d8eba0d71993cfcdf2d294d0c645714ca","continuation","False","132","49","83","0.629","3","3","16","13"
"2026-04-13T16:14:14.314226Z","final-24h-tenant","7e915de8c02ff5f900b33e2b9a64938387ea98540633e521f73a6ccb35a88ad4","codex","113f2c316ccbee0b53e8ad7dc486e5d0b14ca7af354ba3ace2619089f0047923","beb432b02b463c4f7c1ea11bab145cb16bd928ba69ee72745182e6700f48b66f","continuation","False","121","65","56","0.463","4","4","16","12"
"2026-04-13T16:14:29.256646Z","openclaw","7e915de8c02ff5f900b33e2b9a64938387ea98540633e521f73a6ccb35a88ad4","openclaw-agent","36ec9f6a06e10342993696feb9f6ca625c8747f02ffadeac766bc08e63083ad0","0121f64a0a5a41da5041539bfe648860ecd9816d71c69f659b77e91da88c9ebb","continuation","False","132","49","83","0.629","3","3","16","13"
"2026-04-13T16:14:44.723437Z","final-24h-tenant","7e915de8c02ff5f900b33e2b9a64938387ea98540633e521f73a6ccb35a88ad4","codex","66bea8722e7400b8aee20ca42ecb4d10f3cc5276ab171ad340a549b865637088","ab68e07cdc6097afd069767284db34ee75ce6f0ea73ad06e904111dbce43af18","continuation","False","121","65","56","0.463","4","4","16","12"
"2026-04-13T16:15:09.351228Z","openclaw","7e915de8c02ff5f900b33e2b9a64938387ea98540633e521f73a6ccb35a88ad4","openclaw-agent","ce2745770fbb7bb60ac8eba1e38f312a86ba48eb3a65f8aa018f7c15febc3516","7d403a5bf9c1579700ad48a41cd0b381d27086d4fb423bd024a358e3b3d927bf","continuation","False","132","49","83","0.629","3","3","16","13"
"2026-04-13T16:15:15.090299Z","final-24h-tenant","7e915de8c02ff5f900b33e2b9a64938387ea98540633e521f73a6ccb35a88ad4","codex","27402a2c2c76f278b58eb37da31a8c55cbc63e9932f52858bbd6a591fa997de5","2058ed4e544e429690f371c3516edc8d7cd966a5c039ae8fa4d2afee0641c4da","continuation","False","121","65","56","0.463","4","4","16","12"
"2026-04-13T16:15:31.704593Z","openclaw","7e915de8c02ff5f900b33e2b9a64938387ea98540633e521f73a6ccb35a88ad4","openclaw-agent","87353598fe052b6544c07310dbc9a27ab25ebb691ee6e15e2bd3980fbd135e87","0f790c2181465cc63f65c8189d019dc09c42448bb556d40bdf66060256c09e79","implementation","True","150","0","150","1","0","0","0","0"
"2026-04-13T16:15:46.167309Z","final-24h-tenant","7e915de8c02ff5f900b33e2b9a64938387ea98540633e521f73a6ccb35a88ad4","codex","19845507e0b440b823e91d8e4891a3ae268b67ac5241629ff88f55b71e96ab42","66f7f1c50bd141fbf346f09256719fd94e0fbfcbc9eb54a7d94285c0d87ec3be","continuation","False","121","65","56","0.463","4","4","16","12"
"2026-04-13T16:16:16.569177Z","final-24h-tenant","7e915de8c02ff5f900b33e2b9a64938387ea98540633e521f73a6ccb35a88ad4","codex","f4ce6bcba83c411f410d8bc0dc155af97e9e3f946fe90e3c7f936c03c6443971","72f668ce14ebbe0c2becaf07e22d2a31970f8cf8f6e5cef00f10fd1894c3c041","continuation","False","121","65","56","0.463","4","4","16","12"
"2026-04-13T16:16:47.058762Z","final-24h-tenant","7e915de8c02ff5f900b33e2b9a64938387ea98540633e521f73a6ccb35a88ad4","codex","8aec58808cbeae5a44f8de4ca9a1013d0b8b71ca1de23768ca3f94a31a474408","fc76f2aff99ab2be21f5d6fab763ab44c129bc2194827e6b9ede0b28bac2b22c","continuation","False","121","65","56","0.463","4","4","16","12"
"2026-04-13T16:17:17.444140Z","final-24h-tenant","7e915de8c02ff5f900b33e2b9a64938387ea98540633e521f73a6ccb35a88ad4","codex","bd875b650310ae30e8268c48c36a7b33a75d2e8655c38a6b457b01db4f0f0682","3ac1b9f3ce83eb09c1272935afe31d665eac15d63efa754f8e798e0c46e559c6","continuation","False","121","65","56","0.463","4","4","16","12"
"2026-04-13T16:17:47.829849Z","final-24h-tenant","7e915de8c02ff5f900b33e2b9a64938387ea98540633e521f73a6ccb35a88ad4","codex","58cecf61a38dff8024dad6468d1d5334c1187b68ab4dec6c785e3d6192bd545e","0a21aa2a5f32e11744333cf1342ae3de2666ebc9d19d3e53924ffac4983375bd","continuation","False","121","65","56","0.463","4","4","16","12"
"2026-04-13T16:18:18.403701Z","final-24h-tenant","7e915de8c02ff5f900b33e2b9a64938387ea98540633e521f73a6ccb35a88ad4","codex","27ce658478154c8561702f3426482d70981120207522f848da5d69e8d9aa6489","c401adb08e6178a8ac5f86d1cc48a600ab8307de98dc77de70dbe638a5788c36","continuation","False","121","65","56","0.463","4","4","16","12"
"2026-04-13T16:18:48.806263Z","final-24h-tenant","7e915de8c02ff5f900b33e2b9a64938387ea98540633e521f73a6ccb35a88ad4","codex","22ed93880267deaf1c8ac1594ee8ba45aaf6a4f96d64032c650dd2d11073e767","9419d3dda9ff04009ff0e3092b989ee6aa33438e817dbb825f0f1e0616282dcf","continuation","False","121","65","56","0.463","4","4","16","12"
"2026-04-13T16:19:19.198035Z","final-24h-tenant","7e915de8c02ff5f900b33e2b9a64938387ea98540633e521f73a6ccb35a88ad4","codex","9fa295e395d5e4a842406a3bee34e391d424ae2dfbf0b4ff2da23a32a2e6ea21","657489266a87679cefbfc09bef23f729acb5823675fbe0e5662f2b7a1ee6ccd9","continuation","False","121","65","56","0.463","4","4","16","12"
"2026-04-13T16:19:49.609663Z","final-24h-tenant","7e915de8c02ff5f900b33e2b9a64938387ea98540633e521f73a6ccb35a88ad4","codex","f25be5001722a7c50ce58fb8ee935d141428d5889bdf9466efa32cba80cdade8","ebbb8b7a71a36e6a08add411b0b7903c889f3e834391d76ad6e104ca6d3521c8","continuation","False","121","65","56","0.463","4","4","16","12"
"2026-04-13T16:20:20.018800Z","final-24h-tenant","7e915de8c02ff5f900b33e2b9a64938387ea98540633e521f73a6ccb35a88ad4","codex","b10251f716fc33be5f989e65f7a973f0d2eb009e73edf7e7e2e9613b88f15458","457d3648e5d3f3277f8b1b5a4561aa04f3d8280281da8bce553a9bac0d16825e","continuation","False","121","65","56","0.463","4","4","16","12"
"2026-04-13T16:20:50.416889Z","final-24h-tenant","7e915de8c02ff5f900b33e2b9a64938387ea98540633e521f73a6ccb35a88ad4","codex","4831112dfbe9c5e5b1cfca248d3abe2c399b0d58377e07da04da912b84c20e72","852da080c9124a690f3a4a73781e0e5800715b5e91bc0ce44f1079b5383b9d4e","continuation","False","121","65","56","0.463","4","4","16","12"
"2026-04-13T16:21:20.845637Z","final-24h-tenant","7e915de8c02ff5f900b33e2b9a64938387ea98540633e521f73a6ccb35a88ad4","codex","cc642ece3d042f5fa910da807c821967859ac8500f4e93cfcfb5d906846747a9","a1b06ff9cca8360a27f0b8c5a08a1965081a2a1a024b46eb841bb602d545368d","continuation","False","121","65","56","0.463","4","4","16","12"
"2026-04-13T16:21:51.243934Z","final-24h-tenant","7e915de8c02ff5f900b33e2b9a64938387ea98540633e521f73a6ccb35a88ad4","codex","df69c3490ddfe30266d1963a990f7178a7be0f48230e99cccfa190911311085f","45f4e02853136165173a409c5eb5435e3c212c46b6c2fe3d9c4ea636cf9e1b70","continuation","False","121","65","56","0.463","4","4","16","12"
"2026-04-13T16:22:21.649189Z","final-24h-tenant","7e915de8c02ff5f900b33e2b9a64938387ea98540633e521f73a6ccb35a88ad4","codex","fe4bdbc4e6d13298f6ca1b8d42d822b0da82a05dacb0e252c9f47e997eb1d1ca","c72f4ddc0985267b02dd1da1f1f9e3cf03a43d14868ecaeb61c03d955b60d448","continuation","False","121","65","56","0.463","4","4","16","12"
"2026-04-13T16:22:52.024822Z","final-24h-tenant","7e915de8c02ff5f900b33e2b9a64938387ea98540633e521f73a6ccb35a88ad4","codex","35db7699f4fd7a17470933d547161e9d0bd9dffa88d9db91a0617c0b1ef91819","5895576b942d7af9df5a62696b923c2e16755660fe216c1f6db61e6f09f6ea41","continuation","False","121","65","56","0.463","4","4","16","12"
"2026-04-13T16:23:22.416835Z","final-24h-tenant","7e915de8c02ff5f900b33e2b9a64938387ea98540633e521f73a6ccb35a88ad4","codex","7412a19f4b2e9378a3f8277ba8dd4064ad929c8a52f02196df2aa9d29292c050","8e755801e5a0d10557e3f9d11237a83fbb020b0af5a588da36b57e7d62ce1b11","continuation","False","121","65","56","0.463","4","4","16","12"
"2026-04-13T16:23:52.840077Z","final-24h-tenant","7e915de8c02ff5f900b33e2b9a64938387ea98540633e521f73a6ccb35a88ad4","codex","9f1692821616e3f96456682be4ab3828cd30061df04041dc28de2ae8a7ebd7a2","a3ec3aa0a8d9fd40d1c4cfd669097c8da2211aa3b1b55c318e172cfc6fa088f9","continuation","False","121","65","56","0.463","4","4","16","12"
"2026-04-13T16:24:23.257211Z","final-24h-tenant","7e915de8c02ff5f900b33e2b9a64938387ea98540633e521f73a6ccb35a88ad4","codex","961be7ff6957c244e6faabb12d410a9cdd08cc8917e3c085877c64f1ac5ac3f2","db8c1b9260f0139965e4cc39892a50a31264fbc688ea9dd6997955b9d87dba6d","continuation","False","121","65","56","0.463","4","4","16","12"
"2026-04-13T16:24:53.665080Z","final-24h-tenant","7e915de8c02ff5f900b33e2b9a64938387ea98540633e521f73a6ccb35a88ad4","codex","ae9c9146e030edf3fcd04b363070eb312cabe1a6eaa6e58a6044cf900f21c37d","b5781942bf8f6f5771ded4f34c8d699843572776488faeb8a00e0a57a5e6a618","continuation","False","121","65","56","0.463","4","4","16","12"
"2026-04-13T16:25:24.070287Z","final-24h-tenant","7e915de8c02ff5f900b33e2b9a64938387ea98540633e521f73a6ccb35a88ad4","codex","9fe1a8965f97d8d5e1b7d51349a8c180bdbb01664d88962728dd44558fcaf7d3","048fceadb3b67506feecc4cb64fb14ad5638a98ec5308ca29e2a714b3d6793b7","continuation","False","121","65","56","0.463","4","4","16","12"
"2026-04-13T16:25:54.478256Z","final-24h-tenant","7e915de8c02ff5f900b33e2b9a64938387ea98540633e521f73a6ccb35a88ad4","codex","356d0c964289b9bb00e13c169497d3131308e13e8c4ae7b81c74b71005d90d96","6d50aa7143703526bf015248295244a5c7f7d45da85c554cc893dbea9e7b1cd4","continuation","False","121","65","56","0.463","4","4","16","12"
"2026-04-13T16:26:24.878996Z","final-24h-tenant","7e915de8c02ff5f900b33e2b9a64938387ea98540633e521f73a6ccb35a88ad4","codex","4b2295b048f1534613da99a9c873cb9f851e600d325a3c65a9fb9493ce3c47f2","4b51e94c04415e96043e235c05439e9468a5654b1442fc332f7d62dae733108f","continuation","False","121","65","56","0.463","4","4","16","12"
"2026-04-13T16:26:55.301181Z","final-24h-tenant","7e915de8c02ff5f900b33e2b9a64938387ea98540633e521f73a6ccb35a88ad4","codex","b4c1ca0987e7bd1377cee70e4f254af2c522eca39b032813c9b0fe5327aabda4","c847790491466d690ed4c5bf20af163c4063c8450c1b037dfcde34ff67fa5dba","continuation","False","121","65","56","0.463","4","4","16","12"
"2026-04-13T16:27:25.685930Z","final-24h-tenant","7e915de8c02ff5f900b33e2b9a64938387ea98540633e521f73a6ccb35a88ad4","codex","dc14867679669fb84c1d647c3835037e6e6ba8d42b735444975ab3e32f6f82ff","8fbe718b5531f3312b61722cc1c69965810bf8daacd887a65ad180490b53916d","continuation","False","121","65","56","0.463","4","4","16","12"
"2026-04-13T16:27:56.094177Z","final-24h-tenant","7e915de8c02ff5f900b33e2b9a64938387ea98540633e521f73a6ccb35a88ad4","codex","fbf9c45eb0a37632e2d59e9d5db1dffe8b0df10b91a85d859d28a3f4a738c21a","36a8f955ee265fd3af94452fc779c1ee0e305fb7c87e08e8bba954c9f7016f2d","continuation","False","121","65","56","0.463","4","4","16","12"
"2026-04-13T16:28:26.503347Z","final-24h-tenant","7e915de8c02ff5f900b33e2b9a64938387ea98540633e521f73a6ccb35a88ad4","codex","e84e2a6e69fd446e93bba68712e302decad19175df56488851109f5060c5f4bc","1b01a540d33ab0e323f51c76cb52bf0c07c61fd69e061954184e5a781289f8f6","continuation","False","121","65","56","0.463","4","4","16","12"
"2026-04-13T16:28:56.950335Z","final-24h-tenant","7e915de8c02ff5f900b33e2b9a64938387ea98540633e521f73a6ccb35a88ad4","codex","7e96faf96a328925039813eef62f4f24a22383e7111973f52088bfd8db319444","c6ca49282b23f3f0ce5e6a254ea76c60a959dbe382153e31f1a8d1ef843f2b51","continuation","False","121","65","56","0.463","4","4","16","12"
"2026-04-13T16:29:27.351420Z","final-24h-tenant","7e915de8c02ff5f900b33e2b9a64938387ea98540633e521f73a6ccb35a88ad4","codex","1be94da37e169b54652fd4ee953aec9fe64af2253dd8233eb3a36c69abe9f9ad","51d194907f0340876f32e308ebb71d739c494918e9ba4509aa404c9bc3eaefeb","continuation","False","121","65","56","0.463","4","4","16","12"
"2026-04-13T16:29:57.753376Z","final-24h-tenant","7e915de8c02ff5f900b33e2b9a64938387ea98540633e521f73a6ccb35a88ad4","codex","db44caddfc939517ada7cedbe263243003d72dd9da8aaab669bb1079326c3d8d","2e9c1df993bedae0ef41a61fe5fd9f72fafc375e0965cae3fda5724263df5413","continuation","False","121","65","56","0.463","4","4","16","12"
"2026-04-13T16:30:28.142272Z","final-24h-tenant","7e915de8c02ff5f900b33e2b9a64938387ea98540633e521f73a6ccb35a88ad4","codex","288d0454dae9f30cc41a8f41536b9d9da6d68dc84cc5b05d8faeedc5daf45186","fe9a3b6882a058320da82ae7a155fee34db68e9172a17dca5c5c1ee48aeb09f2","continuation","False","121","65","56","0.463","4","4","16","12"
"2026-04-13T16:30:58.529287Z","final-24h-tenant","7e915de8c02ff5f900b33e2b9a64938387ea98540633e521f73a6ccb35a88ad4","codex","119fe7f963f1a104e070929e07695456eb95c90e0f57f0634622b2fe299d01d7","522edc492c2fc082634e173ae678d30a9a666bcf943954d11d3b3c66b43aa20f","continuation","False","121","65","56","0.463","4","4","16","12"
"2026-04-13T16:31:28.958233Z","final-24h-tenant","7e915de8c02ff5f900b33e2b9a64938387ea98540633e521f73a6ccb35a88ad4","codex","5cf61c64299bdf680ff6341e46becfc70fb15d855e6c40fc9f7312ca34e61a08","b3f43e56c8a2d2380540a41c8c814a9abbf1510a209b6bb5a50dd527682c211d","continuation","False","121","65","56","0.463","4","4","16","12"
"2026-04-13T16:31:59.385327Z","final-24h-tenant","7e915de8c02ff5f900b33e2b9a64938387ea98540633e521f73a6ccb35a88ad4","codex","4b2336c6eb68e225b11848d71ab9dcd2fe6782b126dac4a509e390ac35e37d7a","928b7a586abcaca689aaa54005fc5ef2d933f8e37e59638afcc856d8b771e56f","continuation","False","121","65","56","0.463","4","4","16","12"
"2026-04-13T16:32:29.795649Z","final-24h-tenant","7e915de8c02ff5f900b33e2b9a64938387ea98540633e521f73a6ccb35a88ad4","codex","495818eb6ba8cf6d14d86d4e5fc8870877c18170714da0fa281d71b523cdb030","3353c9988a0c58d8e00b968c37b1184965637862afd8fe6e97192b1be9c83632","continuation","False","121","65","56","0.463","4","4","16","12"
"2026-04-13T16:33:00.234827Z","final-24h-tenant","7e915de8c02ff5f900b33e2b9a64938387ea98540633e521f73a6ccb35a88ad4","codex","2462971bafcfe1b3d39b0d711a2265f8610c7f16633117974c6b37fa0043dfca","1c507dd2dd0ca395250d378774eb68e39749b83adff98c696a96272bc5dd2627","continuation","False","121","65","56","0.463","4","4","16","12"
"2026-04-13T16:33:30.634603Z","final-24h-tenant","7e915de8c02ff5f900b33e2b9a64938387ea98540633e521f73a6ccb35a88ad4","codex","f786988d0d0630ee8c8f066fd4721a561c7bc6bfcd770b4df6b11e3f78272534","019635367a319f7d7ca85f95bca07cd658c0b644728a8cba0a98d08dc69dca11","continuation","False","121","65","56","0.463","4","4","16","12"
"2026-04-13T16:34:01.051276Z","final-24h-tenant","7e915de8c02ff5f900b33e2b9a64938387ea98540633e521f73a6ccb35a88ad4","codex","6a8de1961055f7cabaf33650fdbd96faacfc248aede4d354008daa569188e0c7","d22d20273037fa4ce109d41ec4472725a703901bc0c6e55be4700a8953def610","continuation","False","121","65","56","0.463","4","4","16","12"
"2026-04-13T16:34:31.480821Z","final-24h-tenant","7e915de8c02ff5f900b33e2b9a64938387ea98540633e521f73a6ccb35a88ad4","codex","ef3cc5f43bf3adcda835cc9deecc9a1f54c754b633d10328982952a25e9c88d3","4b7ab0bcdcbdd606a48d40151355d967781de7b2c3342e2b090d62c2e01e201c","continuation","False","121","65","56","0.463","4","4","16","12"
"2026-04-13T16:35:01.908420Z","final-24h-tenant","7e915de8c02ff5f900b33e2b9a64938387ea98540633e521f73a6ccb35a88ad4","codex","565d82e7028b6e1fba9195410342ab45239e010f4249f498f6b3ec43c2e6479b","1c87e0bd95b42b3e86508d55f8571250ec300749abcd9708579171a63332b639","continuation","False","121","65","56","0.463","4","4","16","12"
"2026-04-13T16:35:32.327315Z","final-24h-tenant","7e915de8c02ff5f900b33e2b9a64938387ea98540633e521f73a6ccb35a88ad4","codex","e9bbc79f7f3d466e7baede09b541769979a764d1e8a1e8c467e0eb01b9afb394","aec0b743a13aa427a331b7a1492c65ed936d5e52d14f0b24f02d0fcf80379854","continuation","False","121","65","56","0.463","4","4","16","12"
"2026-04-13T16:36:02.712306Z","final-24h-tenant","7e915de8c02ff5f900b33e2b9a64938387ea98540633e521f73a6ccb35a88ad4","codex","6d2cee21b5cb380c94daedd7c560e0a4d188c46c9351be90bc7802c31ce0ab33","4e171dbb166efbd68097b534e6c28a1945d8323273c4204b39ccc8b486acf1b2","continuation","False","121","65","56","0.463","4","4","16","12"
"2026-04-13T16:36:33.110710Z","final-24h-tenant","7e915de8c02ff5f900b33e2b9a64938387ea98540633e521f73a6ccb35a88ad4","codex","112732f512d3a4098bd3bf39087e8773fc691c0b2c26f60fe6d0958fcf01cebe","72f1511c7b301130b168f6b6ef1bbc1720af0244302bad216aa0795c381a31aa","continuation","False","121","65","56","0.463","4","4","16","12"
"2026-04-13T16:37:03.529679Z","final-24h-tenant","7e915de8c02ff5f900b33e2b9a64938387ea98540633e521f73a6ccb35a88ad4","codex","2933f4dc0bdf8d05aab21bfcfbe01e48f1a9d69205e178b31379e2607e772e65","479368549aa34f03c352ca7f5bb105cd2f3f7982b0c28de0934a1bcf800c778e","continuation","False","121","65","56","0.463","4","4","16","12"
"2026-04-13T16:37:33.921975Z","final-24h-tenant","7e915de8c02ff5f900b33e2b9a64938387ea98540633e521f73a6ccb35a88ad4","codex","ddf9b85064cee90f3f6a760c7278859d17127b0e3eaabadc0df1bff6af7cbdc3","f46784e792d27bec78c6de788c807dd37fc6e6b2a7935b3b8dcbbfdb1cd7d05c","continuation","False","121","65","56","0.463","4","4","16","12"
"2026-04-13T16:38:04.320832Z","final-24h-tenant","7e915de8c02ff5f900b33e2b9a64938387ea98540633e521f73a6ccb35a88ad4","codex","599da685446563bd0440665310c25c4b04ceee2f1aea5f6f9f6f7e449328c2ab","9fbc12fc162563ac3fceb6ec19036a195d7ca598b970dec72eed314094db3c30","continuation","False","121","65","56","0.463","4","4","16","12"
"2026-04-13T16:38:34.739189Z","final-24h-tenant","7e915de8c02ff5f900b33e2b9a64938387ea98540633e521f73a6ccb35a88ad4","codex","cfa5a60e16fc53a58636461ada5a9f716652faca29eaa8c02a5e025e96882975","2800af671cee04d24c7c7941cd1a4e0a870d1af297fec03e389d4de4bde2517e","continuation","False","121","65","56","0.463","4","4","16","12"
"2026-04-13T16:38:45.750100Z","openclaw","7e915de8c02ff5f900b33e2b9a64938387ea98540633e521f73a6ccb35a88ad4","openclaw-agent","992e3b39872ac7029995281b7d031b7ccf98c7af92cce9affd052eaede2467b0","f90d36440596c0d86a7886fb0ff1fa1bdc5bbed8c11f9635574a1f302ac6fa41","continuation","False","132","49","83","0.629","3","3","16","13"
"2026-04-13T16:38:45.994503Z","openclaw","7e915de8c02ff5f900b33e2b9a64938387ea98540633e521f73a6ccb35a88ad4","openclaw-agent","c0bf53f50fddefa4c202c8163e96de2abf3d2e9db2180f4119369613f15ac7d7","04cb00532530ad3ff3f7c72a58d98b049fb5191efc7e4a250d5d1747eb19113c","continuation","False","132","49","83","0.629","3","3","16","13"
"2026-04-13T16:38:46.241492Z","openclaw","7e915de8c02ff5f900b33e2b9a64938387ea98540633e521f73a6ccb35a88ad4","openclaw-agent","56988de9db9142f425900e593fe813a20303bcfd33ab13358175006ba9ba249e","eb441cd534a45f815a98a8523fae9ccdf9ff27a6cfc46dfc2597ca39a82c0973","continuation","False","132","49","83","0.629","3","3","16","13"
"2026-04-13T16:38:46.490448Z","openclaw","7e915de8c02ff5f900b33e2b9a64938387ea98540633e521f73a6ccb35a88ad4","openclaw-agent","cdddcaeaddb221cdab5b6b1488ccfad59ec22ef25985b7a820fc44b5279bdfdf","9b15dae87a8b447ccf11d59dc71b3f9a3f2233d02d6e11b977251f4adc8623d6","continuation","False","132","49","83","0.629","3","3","16","13"
"2026-04-13T16:38:46.757944Z","openclaw","7e915de8c02ff5f900b33e2b9a64938387ea98540633e521f73a6ccb35a88ad4","openclaw-agent","3538ccf763bda658da47c9169d69381f74e2259930aaa8ec771f015305560a99","0d07c08afc8fb37d0643a6c02f4f5f40a5469fbbd0adf8bbce9c3e9eef8eb314","continuation","False","132","49","83","0.629","3","3","16","13"
"2026-04-13T16:39:05.124562Z","final-24h-tenant","7e915de8c02ff5f900b33e2b9a64938387ea98540633e521f73a6ccb35a88ad4","codex","841446962afbe220a8eda82c6a30c654794979b807fa49ba17062f05e1c9f770","4f9335acdde15697eb33eb0155585c0898697c207629d823c29b96c63ccea9e7","continuation","False","121","65","56","0.463","4","4","16","12"
"2026-04-13T16:39:35.530318Z","final-24h-tenant","7e915de8c02ff5f900b33e2b9a64938387ea98540633e521f73a6ccb35a88ad4","codex","3d4c531b86f54e82db7c9899cf3d3918cfbeb4a4f46fa028ca747b09a499ee91","6a3b3988e4d210501f9e67c6ded395b239dc3b9320b8f623b85717b800b6bb30","continuation","False","121","65","56","0.463","4","4","16","12"
"2026-04-13T16:39:59.047547Z","openclaw","7e915de8c02ff5f900b33e2b9a64938387ea98540633e521f73a6ccb35a88ad4","openclaw-agent","58b6dd30252e4c3fb450b49fea40d0bfecca43e6e18a3001650418ef72128f48","d64fa9dcae87591119495e32a46559d8c5f90cb0bad7365f47fe85c3e82cdfe3","continuation","False","132","49","83","0.629","3","3","16","13"
"2026-04-13T16:39:59.299663Z","openclaw","7e915de8c02ff5f900b33e2b9a64938387ea98540633e521f73a6ccb35a88ad4","openclaw-agent","4ac9d4b831e96152bb0c5ad449240ce1a8c3902d5f96f9d97a4fa4758862bfc4","c7c29c0aac8e49197d86bc253da56c4f3b49050514bc7582dc9916544826054f","continuation","False","132","49","83","0.629","3","3","16","13"
"2026-04-13T16:39:59.552461Z","openclaw","7e915de8c02ff5f900b33e2b9a64938387ea98540633e521f73a6ccb35a88ad4","openclaw-agent","2cebe465ee1641b6b8fdb135982b62b26f87fb4321a9bd64801ad502510abccd","6e47e85f60e5ffed6e88752f74c83d4d9489409d4a1ba1c64604e1466aaa5fc2","continuation","False","132","49","83","0.629","3","3","16","13"
"2026-04-13T16:39:59.804638Z","openclaw","7e915de8c02ff5f900b33e2b9a64938387ea98540633e521f73a6ccb35a88ad4","openclaw-agent","f27d811ec20babe75617345b37d8a01445f429cf303c77636bbbfd4a5d5a4304","6a64dc7d08d81e6931ecc42a82d42f5517bc0f78adce1ed46da9afad203e453e","continuation","False","132","49","83","0.629","3","3","16","13"
"2026-04-13T16:40:00.056481Z","openclaw","7e915de8c02ff5f900b33e2b9a64938387ea98540633e521f73a6ccb35a88ad4","openclaw-agent","d9700a4e1275f66c61f1a53874db745c20f806252a8b83cfecf8849c87132b4d","5f0559423ca333dff01ad64c32c397b41e55beaf2e5e0dd8f6699db515a79f12","continuation","False","132","49","83","0.629","3","3","16","13"
"2026-04-13T16:40:00.303679Z","openclaw","7e915de8c02ff5f900b33e2b9a64938387ea98540633e521f73a6ccb35a88ad4","openclaw-agent","9b08634d018f58d1e75e56655da8e9bd8064d7d2413cfd1e105b2c863ef1a65a","b36ddc15078191cef2c8c09770cf3d4baabd760905e0cf1021e62eba64fc9c22","continuation","False","132","49","83","0.629","3","3","16","13"
"2026-04-13T16:40:00.563446Z","openclaw","7e915de8c02ff5f900b33e2b9a64938387ea98540633e521f73a6ccb35a88ad4","openclaw-agent","dd6b0c7352f928fda6eccfedd69f30661bbc768d921f24c41d54dde0d7e03a9c","e8412ae25b7202c642bccde7e737f056b49555637c0a5b2c90292817b373147d","continuation","False","132","49","83","0.629","3","3","16","13"
"2026-04-13T16:40:00.810461Z","openclaw","7e915de8c02ff5f900b33e2b9a64938387ea98540633e521f73a6ccb35a88ad4","openclaw-agent","f162b66a18742a99e8ec54e576860cb4853789a9a6f18588f3b3b38881cf21cd","b20a29d1ee0eb3245733e70b65af351dcf545e6530823deb0d40b122baab595e","continuation","False","132","49","83","0.629","3","3","16","13"
"2026-04-13T16:40:01.059498Z","openclaw","7e915de8c02ff5f900b33e2b9a64938387ea98540633e521f73a6ccb35a88ad4","openclaw-agent","756f03168dcc515815eb9e2ec02455db0807b05f31d858d4b8a14fc748a36076","8eef3ee3cb2dd8685028f0ec08098f98f89250562b085b0558fdd605199617df","continuation","False","132","49","83","0.629","3","3","16","13"
"2026-04-13T16:40:01.310876Z","openclaw","7e915de8c02ff5f900b33e2b9a64938387ea98540633e521f73a6ccb35a88ad4","openclaw-agent","0f2d1831011e0cbacaf22e8cd78030a748b73fffb127f30dfcf6d69d1b2998db","4b2f682e41ac1d2bc02faa9afb495fc672a93771496aab6aafd102a754e8b5b8","continuation","False","132","49","83","0.629","3","3","16","13"
"2026-04-13T16:40:05.955278Z","final-24h-tenant","7e915de8c02ff5f900b33e2b9a64938387ea98540633e521f73a6ccb35a88ad4","codex","e432e27684d08a72b7096780a0ff085f8b365b7fbaf318a56c661edb16577095","e0895680de5159f2d51df9d6e3eee484f4f517c00f9b3433fc28f0754bd67168","continuation","False","121","65","56","0.463","4","4","16","12"
"2026-04-13T16:40:36.373713Z","final-24h-tenant","7e915de8c02ff5f900b33e2b9a64938387ea98540633e521f73a6ccb35a88ad4","codex","5d3f261adce45c8a971af55797101c8942d204a5b7c7bd63a61bf5d8e86244ba","f5cc0dca934c4ab876e55718d9020dc2ce6219896e242e51eeb4074931f062f7","continuation","False","121","65","56","0.463","4","4","16","12"
"2026-04-13T16:40:57.552613Z","openclaw","7e915de8c02ff5f900b33e2b9a64938387ea98540633e521f73a6ccb35a88ad4","openclaw-agent","3d3fed2390e6b56d4f6e899d78ad53f695e138d5128db8d342cdf43d0ae3298f","9b912b9bdb958e3330af3a116438e76dd4db623970fcadf01429a6a87c3333e3","continuation","False","132","49","83","0.629","3","3","16","13"
"2026-04-13T16:40:57.802639Z","openclaw","7e915de8c02ff5f900b33e2b9a64938387ea98540633e521f73a6ccb35a88ad4","openclaw-agent","68e4849e5b08b6505d669d37db7367751927309c28c8f7b10cb53befdf7ae9de","8a88a9d830661453ccf88eb954fb1bdf0453e0913c5482b317fbfb60a418a644","continuation","False","132","49","83","0.629","3","3","16","13"
"2026-04-13T16:40:58.056488Z","openclaw","7e915de8c02ff5f900b33e2b9a64938387ea98540633e521f73a6ccb35a88ad4","openclaw-agent","1de6583c428652c893e4edd31338236b7178b55f3735e0829e4a4be0fc7195ee","a064bbc1050b6681febf9625de2caac9b5ffd0a1350c889c87a1439012719515","continuation","False","132","49","83","0.629","3","3","16","13"
"2026-04-13T16:40:58.312757Z","openclaw","7e915de8c02ff5f900b33e2b9a64938387ea98540633e521f73a6ccb35a88ad4","openclaw-agent","439d1cdc56039cb5204f3d36793386d1caf874ff60640f662d65546c498907bf","cadab0a96c101f1ff928447a1579ebd5d30542f24c7d4140ee2a8d339e538173","continuation","False","132","49","83","0.629","3","3","16","13"
"2026-04-13T16:40:58.570557Z","openclaw","7e915de8c02ff5f900b33e2b9a64938387ea98540633e521f73a6ccb35a88ad4","openclaw-agent","becb0f6e847e3a14507946703f67d25af9927fe88fec1397468d50ed476a351c","18268a2617ba8ab3d2705f061504d94c909c3bae3f02cc9e6e6459a95537d336","continuation","False","132","49","83","0.629","3","3","16","13"
"2026-04-13T16:41:06.763527Z","final-24h-tenant","7e915de8c02ff5f900b33e2b9a64938387ea98540633e521f73a6ccb35a88ad4","codex","4de8b68ddf534943007c6e6c8a052825c1a096148928b09ad1278b32f126ca48","1c2b13e30125a5da960423a855a5e1681afb88184b2226fb0334a3382b8a8230","continuation","False","121","65","56","0.463","4","4","16","12"
"2026-04-13T16:41:37.177851Z","final-24h-tenant","7e915de8c02ff5f900b33e2b9a64938387ea98540633e521f73a6ccb35a88ad4","codex","75981b7a700135254f9ebf45175245ff9199f63a32c982ca48609ed5cf00b5f5","7c1dd82c355baca945ed597da474ed932d7389bf769ad8082c9261cabd1526ac","continuation","False","121","65","56","0.463","4","4","16","12"
"2026-04-13T16:42:07.588904Z","final-24h-tenant","7e915de8c02ff5f900b33e2b9a64938387ea98540633e521f73a6ccb35a88ad4","codex","17b3e660a7e64378ca83299ee4be481f2f150b3e0d17128113b3e39c123fa7e4","3a15f288bff62a0519885be239eb1bd72ab6ad000f6d25537877c2dcedb35482","continuation","False","121","65","56","0.463","4","4","16","12"
"2026-04-13T16:42:38.015933Z","final-24h-tenant","7e915de8c02ff5f900b33e2b9a64938387ea98540633e521f73a6ccb35a88ad4","codex","f95c03f444754a24c5766dee660ca13a2c84742e172e2493d01e2f1423db98d6","ea74df638e00a46ea7aed0f7ea550c74ae9b41025eda7f7fff8eb0fc79c3a4c1","continuation","False","121","65","56","0.463","4","4","16","12"
"2026-04-13T16:43:08.430943Z","final-24h-tenant","7e915de8c02ff5f900b33e2b9a64938387ea98540633e521f73a6ccb35a88ad4","codex","d0061a03aec3440a5dd2012c87350319fdb5c4702d7370bf5893c3b4dcffc9c9","3bf1db719094ad17e86e99c0ef68e20763d2fb419c8a6d6b791cbca1a52d695a","continuation","False","121","65","56","0.463","4","4","16","12"
"2026-04-13T16:43:38.839247Z","final-24h-tenant","7e915de8c02ff5f900b33e2b9a64938387ea98540633e521f73a6ccb35a88ad4","codex","5c3115cd4b31f741a9e76a191605d4c81b2062ce2ec160496a1c1b2d059fa2f6","7a86564189f6d793ace09856af26a586722799255055b39e01859168e441049e","continuation","False","121","65","56","0.463","4","4","16","12"
"2026-04-13T16:44:09.243191Z","final-24h-tenant","7e915de8c02ff5f900b33e2b9a64938387ea98540633e521f73a6ccb35a88ad4","codex","fcd68fa9d87b664b141e93a6110fd700831308b3cb6caa919b573467f3e766b3","c7e75c5350a7e37129a120ebcb28735de829d4a83de7608b65a4c2675141498b","continuation","False","121","65","56","0.463","4","4","16","12"
"2026-04-13T16:44:39.661833Z","final-24h-tenant","7e915de8c02ff5f900b33e2b9a64938387ea98540633e521f73a6ccb35a88ad4","codex","a2be255a747e14b5d399f43c6a73dd24cb111ce453cd62c292100878c70532b5","6757966902852107823e7d1df8f0285b329f4dd9936eac8c7d844756e89eeeed","continuation","False","121","65","56","0.463","4","4","16","12"
"2026-04-13T16:45:10.087920Z","final-24h-tenant","7e915de8c02ff5f900b33e2b9a64938387ea98540633e521f73a6ccb35a88ad4","codex","0d2d5effdc1e59612a625fe70421960bbdeea513fe075e2f2e5bb167958b740b","8c64551b18f24b6068b6053e3a3e4e4c3956f053dcae3dc8df35e950d70989d3","continuation","False","121","65","56","0.463","4","4","16","12"
"2026-04-13T16:45:40.506152Z","final-24h-tenant","7e915de8c02ff5f900b33e2b9a64938387ea98540633e521f73a6ccb35a88ad4","codex","b79c852d8d01c2ebc637aa52924e050ba712604b68d29e07325cde69c220328b","88f4b288999ce552d5cf8e7c58752b08fa957a6d7fb50a85a086159aedaa5a13","continuation","False","121","65","56","0.463","4","4","16","12"
"2026-04-13T16:46:10.928124Z","final-24h-tenant","7e915de8c02ff5f900b33e2b9a64938387ea98540633e521f73a6ccb35a88ad4","codex","140324ebc2bddd989f7d4ace2167184e964c7b4153f24005869e7f27114b9d4d","52a9fd86c7e8aa11840aa339c91714418575a023ce47d002f05f8f092144ad36","continuation","False","121","65","56","0.463","4","4","16","12"
"2026-04-13T16:46:41.344207Z","final-24h-tenant","7e915de8c02ff5f900b33e2b9a64938387ea98540633e521f73a6ccb35a88ad4","codex","44091034442f2703f39b7c01364c599f9b55a780366c90e1f836b35d0b7a36f6","e9c54cdca6ef7aa03c5fb3f43a3e1244955972b491bc43b493f9400163e62ceb","continuation","False","121","65","56","0.463","4","4","16","12"
"2026-04-13T16:47:11.783931Z","final-24h-tenant","7e915de8c02ff5f900b33e2b9a64938387ea98540633e521f73a6ccb35a88ad4","codex","7fe4bad7150b59db1e6d3dcbb9ca1c5b6fa2fe9633be8db7d1d37415b40e5d00","b8e509d358c24ed3b95e3cca5c7b9cc83e3f37bdfe569dc7d1ae6d366cef1ec9","continuation","False","121","65","56","0.463","4","4","16","12"
"2026-04-13T16:47:42.229833Z","final-24h-tenant","7e915de8c02ff5f900b33e2b9a64938387ea98540633e521f73a6ccb35a88ad4","codex","88cd5c7d20259284c1983327c422dbc120dc2e331e86ea4f826e634b674c1293","3ab800b9a687cd6d67627b353ab981990c09df567f49e1e8a1c8291f050b32d1","continuation","False","121","65","56","0.463","4","4","16","12"
"2026-04-13T16:48:12.679229Z","final-24h-tenant","7e915de8c02ff5f900b33e2b9a64938387ea98540633e521f73a6ccb35a88ad4","codex","1c793885cae175ca93030035ded94eb752261dd5be1442f6d17e99a7733d27af","f5cb55d9462ca61d8b05388a90ec85bb76eda533756edc585774ee26586b6c77","continuation","False","121","65","56","0.463","4","4","16","12"
"2026-04-13T16:48:43.105195Z","final-24h-tenant","7e915de8c02ff5f900b33e2b9a64938387ea98540633e521f73a6ccb35a88ad4","codex","e7b15a582986ecbf630f28cc054abec19cd87d47426bbc52bb0bd2fed25325c2","77218a412d7ef5cd316f9e2afd8579bda391171327313e6d4816a604f5a46174","continuation","False","121","65","56","0.463","4","4","16","12"
"2026-04-13T16:49:13.520544Z","final-24h-tenant","7e915de8c02ff5f900b33e2b9a64938387ea98540633e521f73a6ccb35a88ad4","codex","817ac3472d825e1e169c9314eb0f5d9a45bb7fc1d8e64f2ca5257abdbf3dac6d","663a2aadd15028f1097ba53b90ef0805e4fcb2aeaacf6c2acf6b6eb83b4fc0be","continuation","False","121","65","56","0.463","4","4","16","12"
"2026-04-13T16:49:43.934093Z","final-24h-tenant","7e915de8c02ff5f900b33e2b9a64938387ea98540633e521f73a6ccb35a88ad4","codex","27e5c081aa0fc83a0fa9e038a0a49d297ec45ef8ee67ecea8040ba449cda18e8","42dde4132a4be14d88220522929b25125cbf1f69829f3468924a09fe8ac931bc","continuation","False","121","65","56","0.463","4","4","16","12"
"2026-04-13T16:50:14.346107Z","final-24h-tenant","7e915de8c02ff5f900b33e2b9a64938387ea98540633e521f73a6ccb35a88ad4","codex","55d75d8b1e4601395be9ccf2321bf02905014559dc77a14e47f870bae5758370","d81383fb142cb8e850af3325ed6f4c0695b1c56585a01ae82efe04a57b7d9664","continuation","False","121","65","56","0.463","4","4","16","12"
"2026-04-13T16:50:44.754235Z","final-24h-tenant","7e915de8c02ff5f900b33e2b9a64938387ea98540633e521f73a6ccb35a88ad4","codex","62ef63d5da705d8b16202fba01c8d22462c5df69505b2f5b8ce634f954f49690","09c42f14f3e57bebfc52c8afcb689585188ce97bc1a1f10e99cc605db75ddabb","continuation","False","121","65","56","0.463","4","4","16","12"
"2026-04-13T16:51:15.177383Z","final-24h-tenant","7e915de8c02ff5f900b33e2b9a64938387ea98540633e521f73a6ccb35a88ad4","codex","d3296c554069119250435ef007258a5ba2a07e3caf55c4d2c0b58faf35ca2a76","2a6174a0f0c8c03cb3d707b91749ce281dbbdf9e02f44c04e50b4ed8600abb35","continuation","False","121","65","56","0.463","4","4","16","12"
"2026-04-13T16:51:45.597383Z","final-24h-tenant","7e915de8c02ff5f900b33e2b9a64938387ea98540633e521f73a6ccb35a88ad4","codex","02f7d4d1da04cd3d8af5a5a2581888f7156510cc6c167eaf6eb10fc5811a972f","4558726f56c162f2866126917de21a773ce3b0b31abc5d5d7fec06dd6180730f","continuation","False","121","65","56","0.463","4","4","16","12"
"2026-04-13T16:52:16.004441Z","final-24h-tenant","7e915de8c02ff5f900b33e2b9a64938387ea98540633e521f73a6ccb35a88ad4","codex","45a829f14ff60dbe7d5a44a70ecdd7065c9aa45389c1e109379bcde0c34f898a","902e75a49b3f4050da98c649686d2c363a80cebe056215c04ec20682741fd205","continuation","False","121","65","56","0.463","4","4","16","12"
"2026-04-13T16:52:46.441148Z","final-24h-tenant","7e915de8c02ff5f900b33e2b9a64938387ea98540633e521f73a6ccb35a88ad4","codex","0b6c4399dd9e3499e9e03b02209efb74003f99908d35bbb45ad1eed67a24ba02","197481789c01140abda5cb0f2f7c1eac4adf3b144d7b69f3dc534099fa84bb6c","continuation","False","121","65","56","0.463","4","4","16","12"
"2026-04-13T16:53:16.877264Z","final-24h-tenant","7e915de8c02ff5f900b33e2b9a64938387ea98540633e521f73a6ccb35a88ad4","codex","1551a847fdfeb4855aa9bbb70d5550a8031bce1e81752c45cee1118f8a5e9105","3c7787cfbc7b77f9f578e59b4df49fe66145f7dd022dbe8bbeac259388693a3a","continuation","False","121","65","56","0.463","4","4","16","12"
"2026-04-13T16:53:47.299617Z","final-24h-tenant","7e915de8c02ff5f900b33e2b9a64938387ea98540633e521f73a6ccb35a88ad4","codex","03760fa0aab1daef5cb007ee94ba562de29a0f991c4f4aa2089870b76e1ff3d5","a09f72219bae6b71e1cf1693412dec2f3c13d25505510d0247ff9201fc734d80","continuation","False","121","65","56","0.463","4","4","16","12"
"2026-04-13T16:54:17.715776Z","final-24h-tenant","7e915de8c02ff5f900b33e2b9a64938387ea98540633e521f73a6ccb35a88ad4","codex","a17fb5e8d082826a7f60291565780512b3e2f80cf2f5de5809b7daeee29e00da","ff8df8f0530dfbb71a2c5995a365eefd6d8780c40009d6ae275b10bb39f5acf5","continuation","False","121","65","56","0.463","4","4","16","12"
"2026-04-13T16:54:48.127601Z","final-24h-tenant","7e915de8c02ff5f900b33e2b9a64938387ea98540633e521f73a6ccb35a88ad4","codex","c81b4fc3a4517d9ad3e8fdca0841e34bcf4b49ff666fbeb44eac3c333ae4c956","1783d6d0a2a4fc5844b73ab1832db9bf3b7edca7b4267eba0502398d73f2bc46","continuation","False","121","65","56","0.463","4","4","16","12"
"2026-04-13T16:55:18.570318Z","final-24h-tenant","7e915de8c02ff5f900b33e2b9a64938387ea98540633e521f73a6ccb35a88ad4","codex","a4c6070155f6dd3b5676c9c3dfa2a836c419a01de8651b95073dfee850fcf803","bb47924a284b225c6523469b2a2141bfccac43783489e3b69806769c19b56435","continuation","False","121","65","56","0.463","4","4","16","12"
"2026-04-13T16:55:48.983701Z","final-24h-tenant","7e915de8c02ff5f900b33e2b9a64938387ea98540633e521f73a6ccb35a88ad4","codex","77ec5e184ed9280be16d4a75c5dd751513c994c53f1cb1f7e7fa628c1d18e1a0","e221984f9bc6ef03fced417e1e407703f9fd8e4be3f8d470ff64177c9d9f1ec7","continuation","False","121","65","56","0.463","4","4","16","12"
"2026-04-13T16:56:19.408722Z","final-24h-tenant","7e915de8c02ff5f900b33e2b9a64938387ea98540633e521f73a6ccb35a88ad4","codex","0b80e58d52d529c3c78597de7896b9785a2db60fd532baca7c465fa117e2d96b","5e4c155ac5e6f8dc93ff91253080677be51b37e2e932b14a804cc2ee1f541a1d","continuation","False","121","65","56","0.463","4","4","16","12"
"2026-04-13T16:56:49.851757Z","final-24h-tenant","7e915de8c02ff5f900b33e2b9a64938387ea98540633e521f73a6ccb35a88ad4","codex","417961bf21f0c501b901c0bc1a62fd329a9bd3d74ce4cf3e142f3df7bff98958","78dd2d6ed58a1892330b7bca0fa7d79daf03d308805d924e020a9ec2ed131741","continuation","False","121","65","56","0.463","4","4","16","12"
"2026-04-13T16:57:20.289800Z","final-24h-tenant","7e915de8c02ff5f900b33e2b9a64938387ea98540633e521f73a6ccb35a88ad4","codex","0868590907c0dfddb82b0da3dcf044c982ae139a17ece610a987d5a4d26393a2","4d4ee68f55b200ffffbfa1e8f333eb622f185466dd069b69de7d08bec80f7178","continuation","False","121","65","56","0.463","4","4","16","12"
"2026-04-13T16:57:50.720604Z","final-24h-tenant","7e915de8c02ff5f900b33e2b9a64938387ea98540633e521f73a6ccb35a88ad4","codex","5fcef0eabc0da1f75ec66cdb1b4143d50b807c48eda148c57e432c378ce033e0","66adf1319096aba8739427293a77220e3d390105850fecbd0f097e08a6992ad4","continuation","False","121","65","56","0.463","4","4","16","12"
"2026-04-13T16:58:21.133771Z","final-24h-tenant","7e915de8c02ff5f900b33e2b9a64938387ea98540633e521f73a6ccb35a88ad4","codex","3944d08ed0ba21aae81af2a2367622d3700d08f6804d2cd3c579f5fb7bb1e0dd","2b13c08987b3c467db3e892138bcdd2259eccc1738a338b2c400c8e3fa386681","continuation","False","121","65","56","0.463","4","4","16","12"
"2026-04-13T16:58:51.617624Z","final-24h-tenant","7e915de8c02ff5f900b33e2b9a64938387ea98540633e521f73a6ccb35a88ad4","codex","cc92b51e01e915224b9c80707812074fb2eb87894660d5a0e62cc6987fc0cada","7710f369e090de2d9e87284d9f93c9872eb1df366135456a62ba2e9ea242bb82","continuation","False","121","65","56","0.463","4","4","16","12"
"2026-04-13T16:59:22.093466Z","final-24h-tenant","7e915de8c02ff5f900b33e2b9a64938387ea98540633e521f73a6ccb35a88ad4","codex","97124044b752861db8205aeea468bc2342ca9bd76022256af802814c0e0effab","c4afc04844d8c6c5002e43f1539f7961a4f69b7947e6f03e49cacefcd3e41b2a","continuation","False","121","65","56","0.463","4","4","16","12"
"2026-04-13T16:59:52.545674Z","final-24h-tenant","7e915de8c02ff5f900b33e2b9a64938387ea98540633e521f73a6ccb35a88ad4","codex","d5a318cd250bde5438a192b4e6a5dba6a76ca544cc96840081a22cd06c71542c","436883cb9027450fda9b8f894fdf24163f520b814eaf9b6064792c4e4aef6a13","continuation","False","121","65","56","0.463","4","4","16","12"
"2026-04-13T17:00:22.976882Z","final-24h-tenant","7e915de8c02ff5f900b33e2b9a64938387ea98540633e521f73a6ccb35a88ad4","codex","7f333d060c21ebed0e9def04b692ff440c22bb97f2042fa9c3245b6f368aa0b5","0f7878bb9c2a4d93f799021eade0fc71cda67a21b5d464c2b7f2b7929eb3b22d","continuation","False","121","65","56","0.463","4","4","16","12"
"2026-04-13T17:00:53.405585Z","final-24h-tenant","7e915de8c02ff5f900b33e2b9a64938387ea98540633e521f73a6ccb35a88ad4","codex","6ae61c806571abce0aeac7a6f56d2db634007738a988dd7a58d52044c4a5098c","bb1d636f95bfb533aa73807eed0c9aa3d3a3a46f654d2118776945285fbaffee","continuation","False","121","65","56","0.463","4","4","16","12"
"2026-04-13T17:01:23.844738Z","final-24h-tenant","7e915de8c02ff5f900b33e2b9a64938387ea98540633e521f73a6ccb35a88ad4","codex","737477eb4a4a041c81c3a76162a7e1cd5e47a80e69fce558d39254df0e22a92b","ec1adf8e7ab84aae027d739ee8e1930ce504aaea804bd16d4b068ef83a94a23b","continuation","False","121","65","56","0.463","4","4","16","12"
"2026-04-13T17:01:54.279762Z","final-24h-tenant","7e915de8c02ff5f900b33e2b9a64938387ea98540633e521f73a6ccb35a88ad4","codex","d621e5f3746a463407f8d150386d4b08dbdfbbfc10e8bafea131bcacd4c8cfc8","3b036cd2238d4a8f3643d70dbd5358a2c5e4bd27b43acc46910a85e0a4f85572","continuation","False","121","65","56","0.463","4","4","16","12"
"2026-04-13T17:02:24.740989Z","final-24h-tenant","7e915de8c02ff5f900b33e2b9a64938387ea98540633e521f73a6ccb35a88ad4","codex","dad7bd871f7e509e59907f87c474eba761bca8ebd4f21069b29094f1b6ed3c2c","6d6787f5b4d1ea484fedda7e05dc2cd9fb966f13010f236615c0bb8a2776dfd0","continuation","False","121","65","56","0.463","4","4","16","12"
"2026-04-13T17:02:55.196627Z","final-24h-tenant","7e915de8c02ff5f900b33e2b9a64938387ea98540633e521f73a6ccb35a88ad4","codex","9c2716730310a757ed99cb20adb7cbdd62d246c221c2eeea6303b14462e6c7df","e4b6a871c023ab1e31ae7cc894faee4877e948f2b8313807551e48f2c744d186","continuation","False","121","65","56","0.463","4","4","16","12"
"2026-04-13T17:03:25.634810Z","final-24h-tenant","7e915de8c02ff5f900b33e2b9a64938387ea98540633e521f73a6ccb35a88ad4","codex","112a165d581d3d3ac3a7ebb7749fee8a8043ea38aae8a3a567c1eb39c94f0357","fb4b3bf3618b58938edf8e80e81516e37be14e90d07ff2dca40e528e63191871","continuation","False","121","65","56","0.463","4","4","16","12"
"2026-04-13T17:03:56.078870Z","final-24h-tenant","7e915de8c02ff5f900b33e2b9a64938387ea98540633e521f73a6ccb35a88ad4","codex","0971d9c642d4d680e7a4b2c228a4867c6ffd9fdc5bb1f3040fb27fdce2d4c66a","45fb5e2a3b8408e9cd4dc040d46a0bfb0c941f6733b65db127999a9c26e17229","continuation","False","121","65","56","0.463","4","4","16","12"
"2026-04-13T17:04:26.514102Z","final-24h-tenant","7e915de8c02ff5f900b33e2b9a64938387ea98540633e521f73a6ccb35a88ad4","codex","4421363ac30a5e7f7f0065da3b8219bd0d088750dc5b2001c32a9deed6df454e","f308d358425a71b8be987f7d7631d278b801ec8949f244ab7f5f048f4d72e29b","continuation","False","121","65","56","0.463","4","4","16","12"
"2026-04-13T17:04:56.941009Z","final-24h-tenant","7e915de8c02ff5f900b33e2b9a64938387ea98540633e521f73a6ccb35a88ad4","codex","e549f2bf776cbc16c756ee025e2d3a13d103955051ed434fb46367a0d0edbf62","2099fd1ce2fab4658a8c4edcc9f673228341ae173cb332002816aa9c94104c56","continuation","False","121","65","56","0.463","4","4","16","12"
"2026-04-13T17:05:27.361073Z","final-24h-tenant","7e915de8c02ff5f900b33e2b9a64938387ea98540633e521f73a6ccb35a88ad4","codex","7c75bf284f57100c249ab2df18ab55f0ce9400fe260f4ee499aef833aa695de8","53498d93a135bc027594db0ccfaee8c26ef15bfec1670dd7d2e84a5b8d054b7e","continuation","False","121","65","56","0.463","4","4","16","12"
"2026-04-13T17:05:57.800845Z","final-24h-tenant","7e915de8c02ff5f900b33e2b9a64938387ea98540633e521f73a6ccb35a88ad4","codex","a362b79fe2f99a603d7281a06fdfdb0037fa76ce835bb0d78bbb4105299357ec","5b0f74be44781fdab44f0bd57ca0537e090ca012be975e086027608a1b27e79d","continuation","False","121","65","56","0.463","4","4","16","12"
"2026-04-13T17:06:28.262924Z","final-24h-tenant","7e915de8c02ff5f900b33e2b9a64938387ea98540633e521f73a6ccb35a88ad4","codex","84447d3d5ac0417332c925c6a3b244cc77c94cb8a7dd73353f96726beb430bb8","e3d73a603c617a650385e43a5d1855dc6b6855193386fcdcef4f3bfddca2638b","continuation","False","121","65","56","0.463","4","4","16","12"
"2026-04-13T17:06:58.719211Z","final-24h-tenant","7e915de8c02ff5f900b33e2b9a64938387ea98540633e521f73a6ccb35a88ad4","codex","c8cd739812b2a44b384bcb92dd0c42bfb74acd67522c55d89ec96725966aae4a","1efac9feedb1441f788e4c9d9ce8820911b39c7119c7d762630686f62a9b9836","continuation","False","121","65","56","0.463","4","4","16","12"
"2026-04-13T17:07:29.167720Z","final-24h-tenant","7e915de8c02ff5f900b33e2b9a64938387ea98540633e521f73a6ccb35a88ad4","codex","6fe6d776f5350b788448115ad8561072f74c368d2baea2921b86e48d895b4b10","28434acd137098b63fcd448c9322a71d97790ee2fc4a5bc85bfa0e90a2cd8ab7","continuation","False","121","65","56","0.463","4","4","16","12"
"2026-04-13T17:07:59.620493Z","final-24h-tenant","7e915de8c02ff5f900b33e2b9a64938387ea98540633e521f73a6ccb35a88ad4","codex","e37f29166b8a5bcd57a3cbe8612ed040d5081f374e98b3e5a11ec86d04101e95","d76d15407195f81db6fa5ed59f0814c97dcabe77f17d025c3aa13b3274fdd36e","continuation","False","121","65","56","0.463","4","4","16","12"
"2026-04-13T17:08:30.018199Z","final-24h-tenant","7e915de8c02ff5f900b33e2b9a64938387ea98540633e521f73a6ccb35a88ad4","codex","76bc360bc484cdd6d6e6d05ec24fcb6b928ab2a9e708894844047179a92fc0d9","5067ed455f93038a7b7d72f783895b15a71d2f5f23b39ba62f8a7372835e1bb9","continuation","False","121","65","56","0.463","4","4","16","12"
"2026-04-13T17:09:00.456263Z","final-24h-tenant","7e915de8c02ff5f900b33e2b9a64938387ea98540633e521f73a6ccb35a88ad4","codex","d081df2d989e7b87b91ff917f45f0ba3b8636745bafe891f02148a406248b4b7","f9a4ce1352d6c44c5549c3ded77f4fd07976187e65c96d96c7f2bf84c36fb903","continuation","False","121","65","56","0.463","4","4","16","12"
"2026-04-13T17:09:30.893937Z","final-24h-tenant","7e915de8c02ff5f900b33e2b9a64938387ea98540633e521f73a6ccb35a88ad4","codex","4288eaab2ed916f8f072b2049954c8079577fef7b874d245b6a4e512d1b86d2b","bbb06fcf033032049930355b316126a664244788e93c6a67beb6e765d5c7af0a","continuation","False","121","65","56","0.463","4","4","16","12"
"2026-04-13T17:10:01.356577Z","final-24h-tenant","7e915de8c02ff5f900b33e2b9a64938387ea98540633e521f73a6ccb35a88ad4","codex","310abc1e73986e49d34b3067b65648945c33f88f0ac558690023e6bcabd7dfeb","bfa1159893afea6ed22a60d5bb662fb47b44c44d7f25130c7f60b5103ace24dd","continuation","False","121","65","56","0.463","4","4","16","12"
"2026-04-13T17:10:31.793995Z","final-24h-tenant","7e915de8c02ff5f900b33e2b9a64938387ea98540633e521f73a6ccb35a88ad4","codex","9c946b5fb796899564e3ea43449d5ad6738f0bd7c7dbfa22e1be67512cb71a66","5b1ff82ff819d1e2cf2f23aca819fc5f9e3fa8dec924f6f22236a834ffe7e349","continuation","False","121","65","56","0.463","4","4","16","12"
"2026-04-13T17:11:02.226147Z","final-24h-tenant","7e915de8c02ff5f900b33e2b9a64938387ea98540633e521f73a6ccb35a88ad4","codex","f6abdf4e342e4d92cfe8342e9f0513f71dd4f7abaaba58a952b2d5f646544c05","91671d220cdfe0eba1563dbb22b50c6c6ef3413a9b5c1edc5c1da33b9598a0e8","continuation","False","121","65","56","0.463","4","4","16","12"
"2026-04-13T17:11:32.690201Z","final-24h-tenant","7e915de8c02ff5f900b33e2b9a64938387ea98540633e521f73a6ccb35a88ad4","codex","2f980563f95784ed0ad6bed82a2ab53a8caee3ce4bf6f0c0f6dd6b522e2c98b8","6c5c5ed541dffe2d77ff383d62021915901dd4ca494cbe1fe9dce81c53def850","continuation","False","121","65","56","0.463","4","4","16","12"
"2026-04-13T17:12:03.155255Z","final-24h-tenant","7e915de8c02ff5f900b33e2b9a64938387ea98540633e521f73a6ccb35a88ad4","codex","849eda30722d9a8fba0ac16ff1d6862d15f75f4a0b0d16ca55aab816154bacdd","10433a46f43ba1b2adc2c0056011d47d1557c14aa8b895ebb2f55f810326c511","continuation","False","121","65","56","0.463","4","4","16","12"
"2026-04-13T17:12:33.609871Z","final-24h-tenant","7e915de8c02ff5f900b33e2b9a64938387ea98540633e521f73a6ccb35a88ad4","codex","d1d80e22c17a54c090ddc526bec7f1d15eb232a886e66a964afbd10f96606e12","556418f8ccc55ad7af53300fbdb841b8d7d3ace322f2a7678c866d38d7177a76","continuation","False","121","65","56","0.463","4","4","16","12"
"2026-04-13T17:13:04.042307Z","final-24h-tenant","7e915de8c02ff5f900b33e2b9a64938387ea98540633e521f73a6ccb35a88ad4","codex","3204116adc955195f5902d0099fe1bc7b5e1732573da8742a3ec6899015c2030","f472e7e931820402912d8c5fbc4d1d131b49253c0c96cb0165729db98fbe0c6e","continuation","False","121","65","56","0.463","4","4","16","12"
"2026-04-13T17:13:34.472110Z","final-24h-tenant","7e915de8c02ff5f900b33e2b9a64938387ea98540633e521f73a6ccb35a88ad4","codex","d3c40bd75c2a8fce982f57fc43889020608a44f167f24de504c0bf9b721951b9","8774e733805d3e76f415ad3bbea26c491f6cf9c2fe7b07a34f093bdffb21e800","continuation","False","121","65","56","0.463","4","4","16","12"
"2026-04-13T17:14:04.907491Z","final-24h-tenant","7e915de8c02ff5f900b33e2b9a64938387ea98540633e521f73a6ccb35a88ad4","codex","1ff6e370d7c8633684030aa72c0c25b9a24b5626e74e4ec9435badab7629104d","e4d7dc8ef97702fb42f061cc653dfdb9d0c0d4475514068be427c1f19cc74741","continuation","False","121","65","56","0.463","4","4","16","12"
"2026-04-13T17:14:35.351407Z","final-24h-tenant","7e915de8c02ff5f900b33e2b9a64938387ea98540633e521f73a6ccb35a88ad4","codex","d403ed136a8b02ab8218e351e9a78d7e1b7aa40f2264d74bb3bb9fbd77056d4d","d5b97008ba04f00ae542455f4363996bb07828b22bee40c727ca81327cb84a20","continuation","False","121","65","56","0.463","4","4","16","12"
"2026-04-13T17:15:05.789967Z","final-24h-tenant","7e915de8c02ff5f900b33e2b9a64938387ea98540633e521f73a6ccb35a88ad4","codex","3ee5c27c7dfb28ea67aa9664fa02863b30a07c1615c1ce8b1ccbf6773dec6ee3","50a2db67495875b52bc265950a2a4b97538300497253ecd70cbdff8c2142257c","continuation","False","121","65","56","0.463","4","4","16","12"
"2026-04-13T17:15:36.243359Z","final-24h-tenant","7e915de8c02ff5f900b33e2b9a64938387ea98540633e521f73a6ccb35a88ad4","codex","a3adee717411e910df6275df347c10ebb912ed537003b9c78ede2d60e19220fa","08e688468e8786b26ef2324f5cb2eab48842ddfda0a3e358c8db988b5272d341","continuation","False","121","65","56","0.463","4","4","16","12"
"2026-04-13T17:16:06.672512Z","final-24h-tenant","7e915de8c02ff5f900b33e2b9a64938387ea98540633e521f73a6ccb35a88ad4","codex","c9bf1993524d6d2679a8792288686ffb9d5299a8fcdb85e1eaf5f14501fe3a4f","d104e735732c58729e257607654548b10f0c9efb58748c775c6b0a0b50d325b2","continuation","False","121","65","56","0.463","4","4","16","12"
"2026-04-13T17:16:37.105516Z","final-24h-tenant","7e915de8c02ff5f900b33e2b9a64938387ea98540633e521f73a6ccb35a88ad4","codex","bc7945917899bd9d77d5e50f44d66d9ef287cc32acb580b6cee5e8d52062d07c","ef194f4a8879268e62d5c3ad6549bb71218784245c7e47e0de7fce9773e4c427","continuation","False","121","65","56","0.463","4","4","16","12"
"2026-04-13T17:17:07.541276Z","final-24h-tenant","7e915de8c02ff5f900b33e2b9a64938387ea98540633e521f73a6ccb35a88ad4","codex","b4977d0c66f5262ca53e312649dfeee607873b5e0dea876055880d57b4db45a8","849caec21cd723526808386c66fd207315c4204207298c2e12bcfc2f169a1c76","continuation","False","121","65","56","0.463","4","4","16","12"
"2026-04-13T17:17:37.972950Z","final-24h-tenant","7e915de8c02ff5f900b33e2b9a64938387ea98540633e521f73a6ccb35a88ad4","codex","f74f169dcf17cac92a85456ed49d1f9ce83d9d6319841f7d70e0793036c23d85","c965a6d0047d1996857251277308a255c3dc2786294c5eda3324c0c90f673712","continuation","False","121","65","56","0.463","4","4","16","12"
"2026-04-13T17:18:08.418552Z","final-24h-tenant","7e915de8c02ff5f900b33e2b9a64938387ea98540633e521f73a6ccb35a88ad4","codex","d52c82b10bb255819bd484282a8ed7ac7f00209c5d18e27d56e742970ccbf5bb","45f4fe3d6de5e3c9e9f2ea9dcc11f583592cca8d5487e80f289b58a296406e20","continuation","False","121","65","56","0.463","4","4","16","12"
"2026-04-13T17:18:38.861118Z","final-24h-tenant","7e915de8c02ff5f900b33e2b9a64938387ea98540633e521f73a6ccb35a88ad4","codex","0e92fdc72bc7e49dc8cc996faf3cde6853ba2f25b93d8d524fff596dc5883213","5be5df47a8786410c6a998a3d455ed25553ac23c766d02e9f9ca3707c41ce273","continuation","False","121","65","56","0.463","4","4","16","12"
"2026-04-13T17:19:09.292624Z","final-24h-tenant","7e915de8c02ff5f900b33e2b9a64938387ea98540633e521f73a6ccb35a88ad4","codex","06f32f5c4bc2bef98837275b4b7b6a6debadb15beaf2630bf775ab9e0a1b96a5","b1d6f59bdfa3b5d29d546eb53700dbe5c38da55938ac4b0d052cc97bf32b1214","continuation","False","121","65","56","0.463","4","4","16","12"
"2026-04-13T17:19:39.730342Z","final-24h-tenant","7e915de8c02ff5f900b33e2b9a64938387ea98540633e521f73a6ccb35a88ad4","codex","f24d0e148e5698b7d4676e2fa8fb13b7bf24c390facf3966563af1e9adeea517","a479a10635b0112dbe85825b3674eae92f19501f2838b8323af3efbb329624b5","continuation","False","121","65","56","0.463","4","4","16","12"
"2026-04-13T17:20:10.188731Z","final-24h-tenant","7e915de8c02ff5f900b33e2b9a64938387ea98540633e521f73a6ccb35a88ad4","codex","481061a4d21cece0a5e4618719cc8c4a9507c786f84be94e21b85929d6e86992","7ed4a311f4ee7d527daa2e3dbbf098df578c7af1a6a3e463500e73a58aa48096","continuation","False","121","65","56","0.463","4","4","16","12"
"2026-04-13T17:20:22.129702Z","debug-tenant","7e915de8c02ff5f900b33e2b9a64938387ea98540633e521f73a6ccb35a88ad4","codex","289cd9434fe865af17447cca5361187b61a2e05481160e750bebe2f4b78d2a12","d75adec9f77efedf4c250a7ae34f010617cfc65be0b7246ba4ee0dae228a13f6","continuation","False","121","65","56","0.463","4","4","16","12"
"2026-04-13T17:20:41.728673Z","final-24h-tenant","7e915de8c02ff5f900b33e2b9a64938387ea98540633e521f73a6ccb35a88ad4","codex","266616b9514d9ac1ad96d169f49dd4a5142178908dd05dab69cb8c77f8bf3b07","900ab08b6d78dc9db9998fd1b91f985cc503c2cf8b0636d3620d871cc7afe00a","continuation","False","121","65","56","0.463","4","4","16","12"
"2026-04-13T17:20:54.821238Z","debug-tenant","7e915de8c02ff5f900b33e2b9a64938387ea98540633e521f73a6ccb35a88ad4","codex","2f91a35158befd2283fcb4bbc0fb919e490fde7c7b2ee462cc662aefc6af102d","d351f4ba8c0caa71a47a8f906e308551ab3c01d081d924dfb9449043778b8ad4","decision","False","121","65","56","0.463","4","4","16","12"
"2026-04-13T17:21:12.228212Z","final-24h-tenant","7e915de8c02ff5f900b33e2b9a64938387ea98540633e521f73a6ccb35a88ad4","codex","d0b3455053ce5c508f8cb5a217f1a7e54b3707cb2c5f593d78a3c1a27ade7c0c","ed6dd1c2e6ee90a072aeb780c54b60e49e7eb5581a10cbc3a6c6023a07cf647f","continuation","False","121","65","56","0.463","4","4","16","12"
"2026-04-13T17:24:11.921965Z","final-24h-tenant","7e915de8c02ff5f900b33e2b9a64938387ea98540633e521f73a6ccb35a88ad4","codex","9052c65723768901ebe1cc72d50ad5fcdfe1e0637e164f434fe14720d898c243","d859a2450ffbbb210b482c556c3eb676e6c1b99502169ac87d04820d9a61b388","continuation","False","121","65","56","0.463","4","4","16","12"
"2026-04-13T17:24:38.747811Z","debug-tenant","7e915de8c02ff5f900b33e2b9a64938387ea98540633e521f73a6ccb35a88ad4","codex","f9d1a234a807044a6d5e6f22ac0d1769d5a3acee4e6a6f9ea2e27fa4bc32e038","97ee50995dedf34feda49501a996a46d2364d2828dcbe5c1f0e34a1fa92554a7","continuation","False","121","65","56","0.463","4","4","16","12"
"2026-04-13T17:24:42.362897Z","final-24h-tenant","7e915de8c02ff5f900b33e2b9a64938387ea98540633e521f73a6ccb35a88ad4","codex","320c6b89cd228833c4e206fd82fc72a45aa4b750480d06eb7a57929391847733","8ea2e3edf433a1bb14729dc6a78000a2674a13c7114dd2b62384fd57eac33d3e","continuation","False","121","65","56","0.463","4","4","16","12"
"2026-04-13T17:24:44.895737Z","openclaw","7e915de8c02ff5f900b33e2b9a64938387ea98540633e521f73a6ccb35a88ad4","claude-code","923e7f71ecceb109c84b2a5092b2c94bfb1ed5899f9ff3a35ae4469b8494ec7b","587d7f060f23f0fbd74a655fc825718e453ad7338f0e8aee7a98e721cf668a48","continuation","False","113","133","0","0","8","8","16","8"
"2026-04-13T17:25:12.801914Z","final-24h-tenant","7e915de8c02ff5f900b33e2b9a64938387ea98540633e521f73a6ccb35a88ad4","codex","e3cd469fcde231af876845668fc2f90ea9985d4690ba332276c742dcfb7ee08e","67c6a8bf33353e132db8a157af0648aa17a0a8ffc047298ad28961435cdc378d","continuation","False","121","65","56","0.463","4","4","16","12"
"2026-04-13T17:25:43.232049Z","final-24h-tenant","7e915de8c02ff5f900b33e2b9a64938387ea98540633e521f73a6ccb35a88ad4","codex","8caee7524710dfacaa68f0a2b8c59dfe2bdebf72e8741d4581f3d5701c702d93","694ab9c6f6dd10261e073a1963843ffd3e0e1adcd281e156e14d6c4a0055f8a1","continuation","False","121","65","56","0.463","4","4","16","12"
"2026-04-13T17:26:13.668392Z","final-24h-tenant","7e915de8c02ff5f900b33e2b9a64938387ea98540633e521f73a6ccb35a88ad4","codex","18245c430944a0c225a4f665258f1f2c6bdeb33cf96001692aeafdb9e1dcd8d7","3cdd1e0c7996801acada4303137ae5ca60a9157d14e81cedf976db3d40ae570c","continuation","False","121","65","56","0.463","4","4","16","12"
"2026-04-13T17:26:44.151249Z","final-24h-tenant","7e915de8c02ff5f900b33e2b9a64938387ea98540633e521f73a6ccb35a88ad4","codex","8b2a5c10f8d430374adbe664b04c145f20433cf6feda548d0d874ef1b8481397","f0dd1537674a773b70a832c043693a1d1b8eac67e7c67170f658332c7bf76abc","continuation","False","121","65","56","0.463","4","4","16","12"
"2026-04-13T17:27:14.619007Z","final-24h-tenant","7e915de8c02ff5f900b33e2b9a64938387ea98540633e521f73a6ccb35a88ad4","codex","fc8ed2b722fc5bd6b1e41cd44ca27fd2b18bc41f956f420619019aec56dbd279","2df80def42b4a809a97c61614c74d30819440fe89fc697f72916b085d9aefba1","continuation","False","121","65","56","0.463","4","4","16","12"
"2026-04-13T17:27:45.069623Z","final-24h-tenant","7e915de8c02ff5f900b33e2b9a64938387ea98540633e521f73a6ccb35a88ad4","codex","8d708bd67ea6f1fa4a04d92b540a7afeaae7a776e151b5c7de785ff9408e99a5","3d75f56dc20ae919f8fe6bbb38a6fa93b6a93c6c50831901ad7c9ab4fe8bf897","continuation","False","121","65","56","0.463","4","4","16","12"
"2026-04-13T17:28:15.526972Z","final-24h-tenant","7e915de8c02ff5f900b33e2b9a64938387ea98540633e521f73a6ccb35a88ad4","codex","82af6f1cc46b110009821e68b9660fde659b7e64bded984e38fbb74379a3e6d1","f3d9ec0d11c48299fb72760373e1ee234945db9e1ddeeba0b16ac9395c415a91","continuation","False","121","65","56","0.463","4","4","16","12"
"2026-04-13T17:28:45.974895Z","final-24h-tenant","7e915de8c02ff5f900b33e2b9a64938387ea98540633e521f73a6ccb35a88ad4","codex","8faf601af05c221f1871d35c71fb4e7de4bda789ad28c6fb5d98432485803e7c","5d9ea61251387aacf9ae06e185529081ae35b35be3606e29236d6fbdae892a76","continuation","False","121","65","56","0.463","4","4","16","12"
"2026-04-13T17:29:16.441048Z","final-24h-tenant","7e915de8c02ff5f900b33e2b9a64938387ea98540633e521f73a6ccb35a88ad4","codex","e591de51efce65c9ebb3c9c0aee84c0c4a717bafb67627cf006c2b2d2b061b96","2a344b3b6d64bf366c2788d37ee25e711853316c0ce9281f78fd26fbee070e30","continuation","False","121","65","56","0.463","4","4","16","12"
"2026-04-13T17:29:46.925812Z","final-24h-tenant","7e915de8c02ff5f900b33e2b9a64938387ea98540633e521f73a6ccb35a88ad4","codex","e6b2a73b5eda34a41d102c3da3df2252ccbd0d5254ced9de4565705dd08bf70f","6122cda58ae07cbbf626d89d14a5c137ec3028ad0367b4a2ca69a20fa088bd40","continuation","False","121","65","56","0.463","4","4","16","12"
"2026-04-13T17:30:17.387100Z","final-24h-tenant","7e915de8c02ff5f900b33e2b9a64938387ea98540633e521f73a6ccb35a88ad4","codex","76b37632b9c47afdabcf4d162b2b5a825f495a9e74349e77424468587b182d16","70cb9941fa7233682a22a5013035edbc23ca43c8611e87298ade12bac3f22af2","continuation","False","121","65","56","0.463","4","4","16","12"
"2026-04-13T17:30:47.833427Z","final-24h-tenant","7e915de8c02ff5f900b33e2b9a64938387ea98540633e521f73a6ccb35a88ad4","codex","97d0ad061dccf66c6a4646b40abf668a286ec7b58c2185118c10d49800f73a42","f042a5cb199c2b4ceff9507bd166eff97fb1ebc793a56bef4ad5b59f5e3e0ca1","continuation","False","121","65","56","0.463","4","4","16","12"
"2026-04-13T17:31:18.390646Z","final-24h-tenant","7e915de8c02ff5f900b33e2b9a64938387ea98540633e521f73a6ccb35a88ad4","codex","57f93b64b50ae0a328b9fdcecb776e00217f225831f4b86499c3036a8d242eef","53dc6fe8ed7011740e1296f83906a7464c56b1ebdd72954910107ee60b0ab11f","continuation","False","121","65","56","0.463","4","4","16","12"
"2026-04-13T17:31:48.854825Z","final-24h-tenant","7e915de8c02ff5f900b33e2b9a64938387ea98540633e521f73a6ccb35a88ad4","codex","cfc567bcb1f5e7a374524a303757e5ed0ebd8be901d9f3716f3af6e0e4dc4504","6ae58be75fa20e560a47950180aa7fe041f146acde52031844a1cde2b894f8b5","continuation","False","121","65","56","0.463","4","4","16","12"
"2026-04-13T17:32:19.313148Z","final-24h-tenant","7e915de8c02ff5f900b33e2b9a64938387ea98540633e521f73a6ccb35a88ad4","codex","7314c4f28a844f26b93ca1a01921270c8caba7e2393722241c7468e32443fa0f","901af691bce3e0096c0ab082cfa69c63b9fc84810142c60e676ad71d9bc751c1","continuation","False","121","65","56","0.463","4","4","16","12"
"2026-04-13T17:32:49.755439Z","final-24h-tenant","7e915de8c02ff5f900b33e2b9a64938387ea98540633e521f73a6ccb35a88ad4","codex","b8579f79066e0b002b8a7b35ae4b1efe49c32df6c33ebe3d06331c197c5d3c1c","e97d97bdb5f51f095dbbc02acded1a8d9fe92e25f28662731bbbb3dc8f9de4fb","continuation","False","121","65","56","0.463","4","4","16","12"
"2026-04-13T17:33:20.219022Z","final-24h-tenant","7e915de8c02ff5f900b33e2b9a64938387ea98540633e521f73a6ccb35a88ad4","codex","6fa7951394818aa0f47614f3bb8cc5c048c43e6a986cd39d5bc2b529377e3009","d751c9fc9b06dfcc4578a80951315a511681ce21b54fd5ca1188fb80c85a3e07","continuation","False","121","65","56","0.463","4","4","16","12"
"2026-04-13T17:33:50.674597Z","final-24h-tenant","7e915de8c02ff5f900b33e2b9a64938387ea98540633e521f73a6ccb35a88ad4","codex","d0914e61d5ad1485f3c43474cf577a7a5c54216b91e7bca078275c11514902a4","ecd89d238d46858c38d2c2acd3d7ef84dfa407d929d066a7b1d0a03f88178486","continuation","False","121","65","56","0.463","4","4","16","12"
"2026-04-13T17:34:21.132440Z","final-24h-tenant","7e915de8c02ff5f900b33e2b9a64938387ea98540633e521f73a6ccb35a88ad4","codex","96cbbb0bf8863dbce04216510d4fb78b86db00b51e00ea215b74b12818255a53","c9843cdd52731efcee5090c055cef9087432ed781ae84f0d86873bc71d22e880","continuation","False","121","65","56","0.463","4","4","16","12"
"2026-04-13T17:34:51.590957Z","final-24h-tenant","7e915de8c02ff5f900b33e2b9a64938387ea98540633e521f73a6ccb35a88ad4","codex","50a1b53fc5b1b74b85f9d12addae6b4b73199512f32dedf9754a194d15fd58c0","e6462d9f6aef702a497a986b0c16adeffa8f64ca51685d5d497e7b1ffb97e41c","continuation","False","121","65","56","0.463","4","4","16","12"
"2026-04-13T17:35:22.059421Z","final-24h-tenant","7e915de8c02ff5f900b33e2b9a64938387ea98540633e521f73a6ccb35a88ad4","codex","54e81ed3161e589876bd45bd736dffff2bdbc3cbccebcd24d419295d2242680e","706d7adcd446ec62df2b12d11960374466e49391098f23d38d699c8c27aa131f","continuation","False","121","65","56","0.463","4","4","16","12"
"2026-04-13T17:35:52.505722Z","final-24h-tenant","7e915de8c02ff5f900b33e2b9a64938387ea98540633e521f73a6ccb35a88ad4","codex","5ba5affabf490f5a7210c278b81e685e1f115561674b832b332bcdf993aaf316","382d49c90ec1b88fc7c0bd3f5dd1902757020f043736a9b483acb3b96179abde","continuation","False","121","65","56","0.463","4","4","16","12"
"2026-04-13T17:36:22.951104Z","final-24h-tenant","7e915de8c02ff5f900b33e2b9a64938387ea98540633e521f73a6ccb35a88ad4","codex","62b0800ad985b36d89279bc48c143ab25a63395a6c4deae821fbc077869ea2ac","7c453fa700c826329b9640ee832929b58828e95ad3bcae103b91447ca5b75360","continuation","False","121","65","56","0.463","4","4","16","12"
"2026-04-13T17:36:54.746843Z","final-24h-tenant","7e915de8c02ff5f900b33e2b9a64938387ea98540633e521f73a6ccb35a88ad4","codex","39c085d572a34b5d8ab1bb3f2dd05e9b8e0fed3a7deec56ff58901d6b7e73f37","112f5c6e5e0fafe5e7c7bbf8d56765e86b9c416abfa607a9a6b5589a97ccec17","continuation","False","121","65","56","0.463","4","4","16","12"
"2026-04-13T17:37:25.171796Z","final-24h-tenant","7e915de8c02ff5f900b33e2b9a64938387ea98540633e521f73a6ccb35a88ad4","codex","2abeb90856b8c14383166d1736353359dccad4b42b8026d3d32bcfa63b922343","50a7a86420facfcf5d8da70156fe923a5fce5ae5e04ab7c316b573bb1e64dafe","continuation","False","121","65","56","0.463","4","4","16","12"
"2026-04-13T17:37:55.674236Z","final-24h-tenant","7e915de8c02ff5f900b33e2b9a64938387ea98540633e521f73a6ccb35a88ad4","codex","ba937b64bda220262abdd87927407f0983246e95134aba37efe6ad4381b319bc","587516cfdc91d525abfecbdd9531e847ecd313ffb357af2514aabdc54f51ffd6","continuation","False","121","65","56","0.463","4","4","16","12"
"2026-04-13T17:38:26.699729Z","final-24h-tenant","7e915de8c02ff5f900b33e2b9a64938387ea98540633e521f73a6ccb35a88ad4","codex","60270e83340cd8e08ee7509947e44a5b13e307e4ad5172691fd5457dc58da1c0","68902d2140d407a9d77039ff17c72440d20e2535fa8cf011d90e1d6bcd9eb98a","continuation","False","121","65","56","0.463","4","4","16","12"
"2026-04-13T17:38:57.170932Z","final-24h-tenant","7e915de8c02ff5f900b33e2b9a64938387ea98540633e521f73a6ccb35a88ad4","codex","b287640ab2cf742264de41c04a4c3614f33d6c7c34837cc9c20a93b37ed323ec","e007653325f55263441e706725aef87370f06ec9a891ea3942801fe5343486fc","continuation","False","121","65","56","0.463","4","4","16","12"
"2026-04-13T17:39:27.634342Z","final-24h-tenant","7e915de8c02ff5f900b33e2b9a64938387ea98540633e521f73a6ccb35a88ad4","codex","e6f8d383fdd889696c82a2769d9898fa9777d6bd16e38a85734ad7153d69679f","08eb58511f26322e3d8560d46d49b3f3a3833c965daf9223ddb3b349fa66538f","continuation","False","121","65","56","0.463","4","4","16","12"
"2026-04-13T17:39:58.095596Z","final-24h-tenant","7e915de8c02ff5f900b33e2b9a64938387ea98540633e521f73a6ccb35a88ad4","codex","c87e51acebfd34d82831685a517ff994b591c3c30244b454f4eb6e25a240c9a3","d799479a816a58da1a364165cc965e32a63b632085782709b2337a834a4dd5a1","continuation","False","121","65","56","0.463","4","4","16","12"
"2026-04-13T17:40:28.550347Z","final-24h-tenant","7e915de8c02ff5f900b33e2b9a64938387ea98540633e521f73a6ccb35a88ad4","codex","b3bb00389dbb2354f62ae28cb19c48fd6b6a9ffc3e39bc080e731638fee6668f","d4ce49eee1727e6dc9ba38863136939da3aff8b398ac02368a178fbf4a95a194","continuation","False","121","65","56","0.463","4","4","16","12"
"2026-04-13T17:40:58.996479Z","final-24h-tenant","7e915de8c02ff5f900b33e2b9a64938387ea98540633e521f73a6ccb35a88ad4","codex","4e018e06bd93a2c406e5c45656227c67deeaac04672e6acae22d3fd4ef648bb3","b67426caf8820bd3af968b58686aebbea774177b6d7669056ef6527e77d0307e","continuation","False","121","65","56","0.463","4","4","16","12"
"2026-04-13T17:41:29.459864Z","final-24h-tenant","7e915de8c02ff5f900b33e2b9a64938387ea98540633e521f73a6ccb35a88ad4","codex","dd9a95382241b69b22620619d6a3dde8d9ec9c152a2e473dd97ab9a45d3159be","abc09b0836d006a3501e58d644fafd8088bfbd5f6cd39f0a7d9b174ab4b40ccd","continuation","False","121","65","56","0.463","4","4","16","12"
"2026-04-13T17:41:59.930162Z","final-24h-tenant","7e915de8c02ff5f900b33e2b9a64938387ea98540633e521f73a6ccb35a88ad4","codex","da1c13092fefcca42c2a034525eda30dc3b0fae6c0ec49fff2f3e2ffff70d28b","7061c78911d2004e745a1096dd14c73050c8279dcf9f0200583000e8a3923619","continuation","False","121","65","56","0.463","4","4","16","12"
"2026-04-13T17:42:30.377947Z","final-24h-tenant","7e915de8c02ff5f900b33e2b9a64938387ea98540633e521f73a6ccb35a88ad4","codex","33f0dbcd3cac06f882b053afdfc357f3804ba5a94bf22c48efa4c36f9abde372","59f559c4762f5123f2ba6f33f48998f334cdae6c6abc1de10323d59faa6398c0","continuation","False","121","65","56","0.463","4","4","16","12"
"2026-04-13T17:43:00.906331Z","final-24h-tenant","7e915de8c02ff5f900b33e2b9a64938387ea98540633e521f73a6ccb35a88ad4","codex","42f04122bf402dee38434c966d170f4bf3d92cd8a0c7355c1d68bc9c4899f426","fea2b3ea774826cf04cc0117e4898afc684bb5dbcb046c6e8864217ec8a62f8e","continuation","False","121","65","56","0.463","4","4","16","12"
"2026-04-13T17:43:31.357733Z","final-24h-tenant","7e915de8c02ff5f900b33e2b9a64938387ea98540633e521f73a6ccb35a88ad4","codex","6cf853ddd3b9bd109df51c2b5a47319ac7de142a2de1105b9e93d6b8b39a5f79","b5e31a8b286470115d9b5d6a25480c454d9b46c93c969f57fe0193848ec2accf","continuation","False","121","65","56","0.463","4","4","16","12"
"2026-04-13T17:44:01.798987Z","final-24h-tenant","7e915de8c02ff5f900b33e2b9a64938387ea98540633e521f73a6ccb35a88ad4","codex","63949643227212435a293d37d84e1afb9c8c5451a8c2eff4d231b67e661c6331","d2860b2f508c64d7b28da74f03447653a7520e6214fd5e01e6b669de67247de0","continuation","False","121","65","56","0.463","4","4","16","12"
"2026-04-13T17:44:32.255619Z","final-24h-tenant","7e915de8c02ff5f900b33e2b9a64938387ea98540633e521f73a6ccb35a88ad4","codex","9216ec888320266c41ad676172ab81f6592d30d81e3c178c9d8f4b4590c4434b","3fbcf9322dbcd6e204b7a60c7cabd90a63b18e8d7e2278085e51f7d0ece32812","continuation","False","121","65","56","0.463","4","4","16","12"
"2026-04-13T17:45:02.711841Z","final-24h-tenant","7e915de8c02ff5f900b33e2b9a64938387ea98540633e521f73a6ccb35a88ad4","codex","5fa956fa9ad28fed06a9d3b945cec52eee564bf2c544ca637d43ff5a4f4daa43","f29b447a650a5a87640f7e55e01e305ad4fae31c40a6a1fa920fd58e568902e1","continuation","False","121","65","56","0.463","4","4","16","12"
"2026-04-13T17:45:33.148781Z","final-24h-tenant","7e915de8c02ff5f900b33e2b9a64938387ea98540633e521f73a6ccb35a88ad4","codex","0f8390113e524296b37c61fbf6ab1d545a6827edceb4f89c6862b1ab66b636ec","6d40b45162cf9c5ea6bf95d7d4cada3f7a7eebb157c826aebb13d1f865dbd4c3","continuation","False","121","65","56","0.463","4","4","16","12"
"2026-04-13T17:46:03.601956Z","final-24h-tenant","7e915de8c02ff5f900b33e2b9a64938387ea98540633e521f73a6ccb35a88ad4","codex","1c1cd21d06169f65f2333420ef28bb7659d4ddd506edec21962c5ea28d06d04f","f1fe87e630a300afb5aed7362074ccd5732968fe9335ce7e27882b43e12c1012","continuation","False","121","65","56","0.463","4","4","16","12"
"2026-04-13T17:46:34.058102Z","final-24h-tenant","7e915de8c02ff5f900b33e2b9a64938387ea98540633e521f73a6ccb35a88ad4","codex","79f3c8b64969dda60513ad127357e571c1f8b4549d1783f6af949e64cfc7af2c","972c0b75c0ef1b4f66e3a07f052d9b3c21a38abdd41fb767c1e9bd8b901080fe","continuation","False","121","65","56","0.463","4","4","16","12"
"2026-04-13T17:47:04.531203Z","final-24h-tenant","7e915de8c02ff5f900b33e2b9a64938387ea98540633e521f73a6ccb35a88ad4","codex","249bc1c66a0505e635396dbf5175ef9b14c0e964414e98534ec4c68f9712241c","6bd9573713d7872732e7189bef4b0a4b75ce6c6fcce6f9708858958ed2a63466","continuation","False","121","65","56","0.463","4","4","16","12"
"2026-04-13T17:47:34.993287Z","final-24h-tenant","7e915de8c02ff5f900b33e2b9a64938387ea98540633e521f73a6ccb35a88ad4","codex","b3c8e7a55ef70d4cf9fb29ebafbaf7769ee64742c4cc49fb02fd198df9646940","68d8487941ec7a8b6f11eb7fdd7d8ea690a51111fb8f8470111999221ec6dab0","continuation","False","121","65","56","0.463","4","4","16","12"
"2026-04-13T17:48:05.452223Z","final-24h-tenant","7e915de8c02ff5f900b33e2b9a64938387ea98540633e521f73a6ccb35a88ad4","codex","d29c872249c356de5359d8d99bab751a8f34fa6ade4c1a348f55094a97a8cf08","d0f2640fdacc3e54b75128c1be38dce8c0d5c84b6a62014d0dc23508488b04aa","continuation","False","121","65","56","0.463","4","4","16","12"
"2026-04-13T17:48:35.908334Z","final-24h-tenant","7e915de8c02ff5f900b33e2b9a64938387ea98540633e521f73a6ccb35a88ad4","codex","543c69641b500b9ad35b899533830d8cc88ade3783e0b839b3230fad198068e3","205ad5feb8dbb0f2f0f908f97ab9d676c903661607a2b3435803829c00d74277","continuation","False","121","65","56","0.463","4","4","16","12"
"2026-04-13T17:49:06.533387Z","final-24h-tenant","7e915de8c02ff5f900b33e2b9a64938387ea98540633e521f73a6ccb35a88ad4","codex","5f8af0700b2882c3cc1a1e81244254bad1e54e37a75757a44d6a1e4df64a9172","3f1d61a1cdf34487017f4006a88c0752eda6739a7eb12561d0d5821a1f9e70a3","continuation","False","121","65","56","0.463","4","4","16","12"
