"timestamp","tenant","user_hash","agent","request_id_hash","query_hash","task_type","context_bypass","baseline_tokens","actual_tokens","saved_tokens","savings_ratio","packed_memory_count","local_cards_used","remote_candidates_considered","remote_candidates_skipped"
"2026-04-12Z","test-tenant","20c97e05e8b145dcbc72f8a40fe5c316ada28dbec36d790c8b9a04b16932b7c3","test","932977dc3eaa75017a58635de720c0e4b25c23b6551fe89d96e383321d3772e1","20c97e05e8b145dcbc72f8a40fe5c316ada28dbec36d790c8b9a04b16932b7c3","continuation","False","25","12","13","0.52","2","2","16","14"
"2026-04-12T14:45:29.958210Z","engine","575d7bad584bd0ebbabd4c78c3a1672d3f211a34b1e8eaf0b4c872d35a444b5b","claude_code","28f99b821757a0842a39d7718fd5f8a75e5a2592538f831bfcf36546bfc88f7a","4e84e5fb75683b25509c9f5265b522fe393d36381bf29057251e93c80b526181",,"False","108","26","82","0.759","1","1","16","15"
"2026-04-12T14:47:00.614401Z","engine","575d7bad584bd0ebbabd4c78c3a1672d3f211a34b1e8eaf0b4c872d35a444b5b","codex","3273893aacf0321af33a119afe0a4146c53e504b5e89aa4a50554e3356f2e87d","efe23788c34a27d78cccc72be93c59d537d471914176540338bfb61296bdfda0","implementation","True","200","0","200","1","0","0","0","0"
"2026-04-12T14:48:55.248624Z","test","575d7bad584bd0ebbabd4c78c3a1672d3f211a34b1e8eaf0b4c872d35a444b5b","claude_code","553654b417d2f07f1229ca1fe4fc6bf35faa60626134075a1d4992ccb782a90f","03d8a9442c0c037c473a01a7dc55f3c8c080f73cde84435381fecd559ed723b9","continuation","False","108","64","44","0.407","4","4","16","12"
"2026-04-12T14:49:08.253453Z","prod","575d7bad584bd0ebbabd4c78c3a1672d3f211a34b1e8eaf0b4c872d35a444b5b","openclaw","f24d7342bb3e3f8fddd4eb93a464927d0c79875457ee8a40908de68d6838bcd6","4cca83f411315b2eae7a5d855da0dd1954f3b697ca80df2cf9759126d365b133","continuation","False","108","64","44","0.407","4","4","16","12"
"2026-04-12T14:49:08.293313Z","prod","575d7bad584bd0ebbabd4c78c3a1672d3f211a34b1e8eaf0b4c872d35a444b5b","claude_code","04adf0990bc3d1a88cba400cfcbb1c90c3f5e93104746d00a0ba30694cb964f0","557894967d9410460b9d857bd5f79576b42ab0e163c492680592e693ee12c1b8","continuation","False","108","64","44","0.407","4","4","16","12"
"2026-04-12T14:49:08.340108Z","prod","575d7bad584bd0ebbabd4c78c3a1672d3f211a34b1e8eaf0b4c872d35a444b5b","codex","0607428e3acf4bd180f240534e3e1c643585e78606b70181f1b13b8a3114bb5f","0bf82216f5a173a3bd65a0bdc9c42fa45e2b7707a4b2545e253c350ec990600d","continuation","False","108","64","44","0.407","4","4","16","12"
"2026-04-12T15:46:57.669942Z","stability-tenant","575d7bad584bd0ebbabd4c78c3a1672d3f211a34b1e8eaf0b4c872d35a444b5b","codex","398b2cf297409b76674b4b4a5f3bd59fef2f691c75efc21897221338fcacaf6f","443ab594769d3d7fc59b56141703691f4d6103b19a97ed93e6626a6cda169055","decision","False","108","64","44","0.407","4","4","16","12"
"2026-04-12T16:15:03.545881Z","phase1-tenant","575d7bad584bd0ebbabd4c78c3a1672d3f211a34b1e8eaf0b4c872d35a444b5b","codex","5dd604c6504ab15d40e4866f39c1e05087c66673ec09e997a89d267e2ae88ead","0b2e4643905658d74aa8b0acb58bb549b4207d081f1bf14edf0f22436545ab58","implementation","True","200","0","200","1","0","0","0","0"
"2026-04-12T16:16:46.959661Z","phase1-tenant","575d7bad584bd0ebbabd4c78c3a1672d3f211a34b1e8eaf0b4c872d35a444b5b","codex","6a72e1dee7d395fa4e92e637915c6fc3232f4b5f60f65ea52e0033ec121ff894","0616b6cd62caf0e0867efab3bf148da1ea34599b3e1a6a44cec96ac04bd23b29","continuation","False","108","64","44","0.407","4","4","16","12"
"2026-04-12T16:16:54.834271Z","phase1-tenant","575d7bad584bd0ebbabd4c78c3a1672d3f211a34b1e8eaf0b4c872d35a444b5b","codex","a100f8fab96e7d1c1148dc1f33b336a049cc9ef30b8cfb2f586657708ab0bf56","35c03a03668173f36f1c43d537d12f2dd82c85267ed3a353f19ba39fb268bb80","continuation","False","108","64","44","0.407","4","4","16","12"
"2026-04-12T16:17:02.594193Z","phase1-tenant","575d7bad584bd0ebbabd4c78c3a1672d3f211a34b1e8eaf0b4c872d35a444b5b","codex","80241daa9a70f0bb5b46b49657b6a0bd159f1c60439fa18a6eb2ef14bcfc3f00","a96e5829df1375072234e5b579a40e54e5e56aef090ee4b78f527a2e88efb146","continuation","False","108","64","44","0.407","4","4","16","12"
"2026-04-12T16:17:10.356373Z","phase1-tenant","575d7bad584bd0ebbabd4c78c3a1672d3f211a34b1e8eaf0b4c872d35a444b5b","codex","118f0a3602d990bd685c90d0bbdff0d25a9c5c467932cbde3f7a79f9c738fe2e","ae6c7e14f6cdcdeed55cf0672a494b6cae4d6c93af89f257692962b8d70d8959","continuation","False","108","64","44","0.407","4","4","16","12"
"2026-04-12T16:17:18.132235Z","phase1-tenant","575d7bad584bd0ebbabd4c78c3a1672d3f211a34b1e8eaf0b4c872d35a444b5b","codex","1619388c68c0488f2632808033c10f8eb59975810d8b4a28945ec15802d7add1","e5312639057778e9f243cfabd5873e99606e78d39bf9b5a6bd7bcfb6be97964e","continuation","False","108","64","44","0.407","4","4","16","12"
"2026-04-12T16:17:25.827366Z","phase1-tenant","575d7bad584bd0ebbabd4c78c3a1672d3f211a34b1e8eaf0b4c872d35a444b5b","codex","b64f354f6b3151a3bca9ce216245ef214323834ee3b427e67f33a4001f796e9f","f01d5ee56909d30f4055a8317a73699ab8214dea3380fd7cf55612e6f0a5dfb4","continuation","False","108","64","44","0.407","4","4","16","12"
"2026-04-12T16:17:33.629283Z","phase1-tenant","575d7bad584bd0ebbabd4c78c3a1672d3f211a34b1e8eaf0b4c872d35a444b5b","codex","ae94abd0e9245f8d228ad1530116dba8ef3fdc480fa75d3c02053410bee75c65","cedc63089d682ecc1593ce1e34c2fcd152704067c35f4e0771adc754fdbe43ef","continuation","False","108","64","44","0.407","4","4","16","12"
"2026-04-12T16:17:41.417450Z","phase1-tenant","575d7bad584bd0ebbabd4c78c3a1672d3f211a34b1e8eaf0b4c872d35a444b5b","codex","e9cce85d2ac53d7e09681e4f52d80b070eab0411a064ba9ef3f29c2079ee8826","1ae03514af20a91b07a233f1661649012095fbcd86fe726afed93b3007a42bc3","continuation","False","108","64","44","0.407","4","4","16","12"
"2026-04-12T16:17:49.317430Z","phase1-tenant","575d7bad584bd0ebbabd4c78c3a1672d3f211a34b1e8eaf0b4c872d35a444b5b","codex","493ab476e5b9d12f6d6fa3875513cfc80d8abae1d7d7b5363d2313451d184bd6","98fe8e054b85ec01f4a7273ddd6748a68400d511b15d51d8335d8e1b1e5fed56","continuation","False","108","64","44","0.407","4","4","16","12"
"2026-04-12T16:17:57.169568Z","phase1-tenant","575d7bad584bd0ebbabd4c78c3a1672d3f211a34b1e8eaf0b4c872d35a444b5b","codex","5a4751026f4f078db351aae16112386157bba693bac7a35806038e458a6ac3da","b5a21ddae923c5f8ef8397ad74e040d5f6c499c793d1cf80cb0b43e350569c60","continuation","False","108","64","44","0.407","4","4","16","12"
"2026-04-12T16:18:11.024333Z","stability-tenant","575d7bad584bd0ebbabd4c78c3a1672d3f211a34b1e8eaf0b4c872d35a444b5b","codex","853cfa7ffc5d6043076ea77874a6978f0233de5ee6ca0ee4c2b8c47b0a3e1c39","73ee6347ff3cff1e5b13c998cc0bda275c6dd5ebf4f559ca9df9fe6effe13458","continuation","False","108","64","44","0.407","4","4","16","12"
"2026-04-12T16:18:16.097424Z","stability-tenant","575d7bad584bd0ebbabd4c78c3a1672d3f211a34b1e8eaf0b4c872d35a444b5b","codex","335147cf66b6522853cd92d2aca8e10969988aadda139d260ca2b4508f26319e","523019d570f379760fc63101b04e7243466b40e8c7dc87c833a4584ae66b15cb","continuation","False","108","64","44","0.407","4","4","16","12"
"2026-04-12T16:18:21.170744Z","stability-tenant","575d7bad584bd0ebbabd4c78c3a1672d3f211a34b1e8eaf0b4c872d35a444b5b","codex","23a4b89a02678713b5a7a3a36b7cd2ee8b4d4a52c92971043665e5e4ddde0833","97caf091877fe0cb94dca77865a02fac33b671c2d48c30743b4eb76fc868a81c","continuation","False","108","64","44","0.407","4","4","16","12"
"2026-04-12T16:18:26.233010Z","stability-tenant","575d7bad584bd0ebbabd4c78c3a1672d3f211a34b1e8eaf0b4c872d35a444b5b","codex","cc961e5202ce94a3d12f8b7a9cb6c60e2bd1657bcb60aaec9a4bad98bf758861","eca708016aa62d4bd1563d18021f4d8854ee48a87ef177f06574dfa430ff0958","continuation","False","108","64","44","0.407","4","4","16","12"
"2026-04-12T16:18:31.278456Z","stability-tenant","575d7bad584bd0ebbabd4c78c3a1672d3f211a34b1e8eaf0b4c872d35a444b5b","codex","96dc279a377515d8944058497c6056899b48f3c12cb1e926b5ae9ebd7821ca8d","b13d93ba01a7d728306d9bda226fce643a7b788468d847442e223a6b38125e9a","continuation","False","108","64","44","0.407","4","4","16","12"
"2026-04-12T16:18:36.353079Z","stability-tenant","575d7bad584bd0ebbabd4c78c3a1672d3f211a34b1e8eaf0b4c872d35a444b5b","codex","f0b2dbdea3b6beb613264b0bfb8d4a40f970e85666e960536fadf185452bf66a","1070343eeba284f8be09adbc9dfff320b6f2119ae9191b297363cebf807e71ca","continuation","False","108","64","44","0.407","4","4","16","12"
"2026-04-12T16:18:41.415126Z","stability-tenant","575d7bad584bd0ebbabd4c78c3a1672d3f211a34b1e8eaf0b4c872d35a444b5b","codex","cbbc95be03559c6d967f5d305643cbf807d0a08eb919204acf70b782b310b76a","49620ee5656506667cc249d7fb4f75603187cbecad326e8f6fbac1c7405bd70e","continuation","False","108","64","44","0.407","4","4","16","12"
"2026-04-12T16:18:46.479244Z","stability-tenant","575d7bad584bd0ebbabd4c78c3a1672d3f211a34b1e8eaf0b4c872d35a444b5b","codex","d7a247d970f0542248e8948317a27ae185bf5aa4291730cd5aedf3769acd3b1c","4d78ab0179aace9ba13fed0bdb522fcb6ef69d2a2fd70de9385175d0e1b9fe4e","continuation","False","108","64","44","0.407","4","4","16","12"
"2026-04-12T16:18:51.569457Z","stability-tenant","575d7bad584bd0ebbabd4c78c3a1672d3f211a34b1e8eaf0b4c872d35a444b5b","codex","3d0ca09b173bb0835649e7eb0ccbd79d8a8a4d7c29810756bccca5b4e59badb0","23ccf3ea8bcc06467b3076b7ac2818bd1f53f6c580af0bdf0d91835767ac94eb","continuation","False","108","64","44","0.407","4","4","16","12"
"2026-04-12T16:18:56.636303Z","stability-tenant","575d7bad584bd0ebbabd4c78c3a1672d3f211a34b1e8eaf0b4c872d35a444b5b","codex","d89e1e22afe483b9b2ee457183c4bcb064821069a08b262578854bb6449285e0","f680fabfc7b8a653bea9b150380c250ad608d9789d13e81bf6e6e6e16a2753d0","continuation","False","108","64","44","0.407","4","4","16","12"
"2026-04-12T16:19:01.696852Z","stability-tenant","575d7bad584bd0ebbabd4c78c3a1672d3f211a34b1e8eaf0b4c872d35a444b5b","codex","9f3509ad5d042a37783b3d2f116a143aa6414f75d4e0af80f91040b05757af44","f3fb034a62832a536e15308aeec5809d2753267e3e82d9a16323f65ed02a75d5","continuation","False","108","64","44","0.407","4","4","16","12"
"2026-04-12T16:19:06.758751Z","stability-tenant","575d7bad584bd0ebbabd4c78c3a1672d3f211a34b1e8eaf0b4c872d35a444b5b","codex","dd016d94b26f546a4e3d9c7d66d941ec212665134bd8a9285ad828aaa82aaaf5","7f3f87849cadc45ae391fd50337e7b506379d6aeb3af0b9bf653bcf7e003617c","continuation","False","108","64","44","0.407","4","4","16","12"
"2026-04-12T16:19:11.824669Z","stability-tenant","575d7bad584bd0ebbabd4c78c3a1672d3f211a34b1e8eaf0b4c872d35a444b5b","codex","f05431fad2e79b087f1b016a3541eedd9821107420cdf3c41510a01c8dbd2013","dd654a9fecef45595ead2ca5a5053f053d5a4eba7c330a9999294a067dfed742","continuation","False","108","64","44","0.407","4","4","16","12"
"2026-04-12T16:19:16.888641Z","stability-tenant","575d7bad584bd0ebbabd4c78c3a1672d3f211a34b1e8eaf0b4c872d35a444b5b","codex","cc5115256fee870fdb0df9c28acf5c37c24b3c397f70c2f4f5131c32ec4a9e7c","4137dc2e2be925a523a1a7efcfcbc84362302476adfc59e99c0579656695fc60","continuation","False","108","64","44","0.407","4","4","16","12"
"2026-04-12T16:19:21.951197Z","stability-tenant","575d7bad584bd0ebbabd4c78c3a1672d3f211a34b1e8eaf0b4c872d35a444b5b","codex","159b4335c1457d0f48508f7e479e907fc613cf37a4c40f1f1973f36706ed63e2","37b762062314ba81459fcdda7d9c169e46fe685dbaf2b0c9687568e5460ad6a3","continuation","False","108","64","44","0.407","4","4","16","12"
"2026-04-12T16:19:27.015190Z","stability-tenant","575d7bad584bd0ebbabd4c78c3a1672d3f211a34b1e8eaf0b4c872d35a444b5b","codex","ba3e489e561f5398a9740a0357f27dc396434d3399ad2722180ed6e8939b924e","30c384ccf397a009435273ce2beacfbce6e25cfdc3c2c9cc94d55ad71af5826d","continuation","False","108","64","44","0.407","4","4","16","12"
"2026-04-12T16:19:32.079567Z","stability-tenant","575d7bad584bd0ebbabd4c78c3a1672d3f211a34b1e8eaf0b4c872d35a444b5b","codex","55aae18f324f388e2dde0c714520a61dd9d55dda473ef61c529a0f5417dcd60e","cdb32bf202580f754016a0276bd0af6a81c13e31f069efcaa16c3b6675adfb03","continuation","False","108","64","44","0.407","4","4","16","12"
"2026-04-12T16:19:37.136103Z","stability-tenant","575d7bad584bd0ebbabd4c78c3a1672d3f211a34b1e8eaf0b4c872d35a444b5b","codex","dbf7be24c72a31b272b4ff3cbf5b112e59717587bd45b7fb948a8ff3611cebb9","bd276bdd37da1446a6fc5dca52615f6e643c09d1c00d5a28775a3df34ba23a55","continuation","False","108","64","44","0.407","4","4","16","12"
"2026-04-12T16:19:42.194156Z","stability-tenant","575d7bad584bd0ebbabd4c78c3a1672d3f211a34b1e8eaf0b4c872d35a444b5b","codex","4d1a50ab814e3ed0cd05380e4f0f6e1b70481dcdbf66cfe99b84c7095ddf6031","ad95f6eddbe947d585a6cb51ba1303249f7c1b594c9915d39a5a99d6e8cb79d0","continuation","False","108","64","44","0.407","4","4","16","12"
"2026-04-12T16:19:47.244129Z","stability-tenant","575d7bad584bd0ebbabd4c78c3a1672d3f211a34b1e8eaf0b4c872d35a444b5b","codex","5a7db3e9c82225e62e6ab187d55d0ebfc3ec5893b8fe78a9edcca92dfca633f1","ded7fc062a81b6902982e2dd32fabe346e5cc46505c795bb083582dcef4e06f0","continuation","False","108","64","44","0.407","4","4","16","12"
"2026-04-12T16:19:52.317342Z","stability-tenant","575d7bad584bd0ebbabd4c78c3a1672d3f211a34b1e8eaf0b4c872d35a444b5b","codex","b10203f2716d127e2abf158b91643f6f5a037de043693327a57903c6358ce77e","6d69805652e2079099918ef451eb7a94d3f548bf1698ca2f21cabd6cb7ad1523","continuation","False","108","64","44","0.407","4","4","16","12"
"2026-04-12T16:19:57.363115Z","stability-tenant","575d7bad584bd0ebbabd4c78c3a1672d3f211a34b1e8eaf0b4c872d35a444b5b","codex","3396c89e435f02fcd0cb6e3ba3309e72f3e69a3b87934e78015a0a309a7aa309","7a509d492307027a26622cb1e1014b992d819711e83f59f652b13b1961d4430c","continuation","False","108","64","44","0.407","4","4","16","12"
"2026-04-12T16:20:02.434568Z","stability-tenant","575d7bad584bd0ebbabd4c78c3a1672d3f211a34b1e8eaf0b4c872d35a444b5b","codex","0fe7acd33bc4f8e1c50bb2d2d39f1c5b978b040cc9280a5c578cb831ed8ad8db","fa9af7d91444cd7e92136467bff2252ac31fb17419eceb6188cec18ae5d42ace","continuation","False","108","64","44","0.407","4","4","16","12"
"2026-04-12T16:20:07.491761Z","stability-tenant","575d7bad584bd0ebbabd4c78c3a1672d3f211a34b1e8eaf0b4c872d35a444b5b","codex","52d2e9dddf6469a52b80c0be9eed8a47f44f7929e705cb61dd3de69acd629a9e","85df54a8d0a7e7cc3bf8d70760e38dde9c110c80a441622d8c9e7048e0287c42","continuation","False","108","64","44","0.407","4","4","16","12"
"2026-04-12T16:20:12.546949Z","stability-tenant","575d7bad584bd0ebbabd4c78c3a1672d3f211a34b1e8eaf0b4c872d35a444b5b","codex","cc28fa7443031b88a5024e7c113f40730642eb59fae3e54c9676d0702e59f8e8","e0252b21725c5142ed1600f49a221a8ae48c79ad4e52c91f3c19e1b598760da8","continuation","False","108","64","44","0.407","4","4","16","12"
"2026-04-12T16:20:17.605667Z","stability-tenant","575d7bad584bd0ebbabd4c78c3a1672d3f211a34b1e8eaf0b4c872d35a444b5b","codex","e0640cba2af80e98ff3950ad668957cfc2cd60a99ddf0c6cba46239c2b14a5cd","a5fc8975bc3549dc2d5431a5caf84a43ce90f1c8b888da15bbd748004e12797c","continuation","False","108","64","44","0.407","4","4","16","12"
"2026-04-12T16:20:22.672745Z","stability-tenant","575d7bad584bd0ebbabd4c78c3a1672d3f211a34b1e8eaf0b4c872d35a444b5b","codex","4bc7895a82d645099609c863a3f463171390fac6d22bc9bc5cb61258d4cc641b","867ead57946d2789d81606add675a2769cfd7622f620748f7e5fd6802b871622","continuation","False","108","64","44","0.407","4","4","16","12"
"2026-04-12T16:20:27.724543Z","stability-tenant","575d7bad584bd0ebbabd4c78c3a1672d3f211a34b1e8eaf0b4c872d35a444b5b","codex","94a780d1366af3e93f06e1e45419f61fa99cf279ac6f8e5f4bbe6390593d8f05","b163e3427e0ba86c97681d52270baf204efb8ad29eed3cb0a2a708a0a38a0e0f","continuation","False","108","64","44","0.407","4","4","16","12"
"2026-04-12T16:20:32.806750Z","stability-tenant","575d7bad584bd0ebbabd4c78c3a1672d3f211a34b1e8eaf0b4c872d35a444b5b","codex","5c0044d110803ddf6deed36ddd509b65afd5ed1ffd2ee74633b71bf4e26ad8e3","bebaf5a43bb3f11a175dc091407473234816bc8eeede0890a0d5e8968bd89770","continuation","False","108","64","44","0.407","4","4","16","12"
"2026-04-12T16:20:37.865588Z","stability-tenant","575d7bad584bd0ebbabd4c78c3a1672d3f211a34b1e8eaf0b4c872d35a444b5b","codex","7b05d40dc8c61a004769033ee60da92f34dc3eccc8ae1d51783d90ae1854a05f","9a9469a16613fd9877fa253a29ebc3c5a7f8ced5af7e2a6a33d0e49e82843bd9","continuation","False","108","64","44","0.407","4","4","16","12"
"2026-04-12T16:20:42.931755Z","stability-tenant","575d7bad584bd0ebbabd4c78c3a1672d3f211a34b1e8eaf0b4c872d35a444b5b","codex","3c55d3dca2c3e6a316f247113f799f8bb5dec773de416a56409eb192b1b2b3ff","e0ebf4f005902d072a3a5ed86acdc5b7b1956b47caae8be7c288db8ac6e2e066","continuation","False","108","64","44","0.407","4","4","16","12"
"2026-04-12T16:20:47.977389Z","stability-tenant","575d7bad584bd0ebbabd4c78c3a1672d3f211a34b1e8eaf0b4c872d35a444b5b","codex","509b9b07ac5f3183de78ade226aacb27a887d89679b0f41bdfbf44f551dd0cfb","38874224b79a5d977e629e20e7e1298938f7d1b2de4af055f753651959bdbb03","continuation","False","108","64","44","0.407","4","4","16","12"
"2026-04-12T16:20:53.049398Z","stability-tenant","575d7bad584bd0ebbabd4c78c3a1672d3f211a34b1e8eaf0b4c872d35a444b5b","codex","913c90eef539776b2ed8cb0ae9ae06ebfd52d118fce5e88e5753e1e93c8908e0","c078ed09a9f3fced4dc29fc001a9b13669c7bad36e6938d0a0e540deacf48e6d","continuation","False","108","64","44","0.407","4","4","16","12"
"2026-04-12T16:20:58.127281Z","stability-tenant","575d7bad584bd0ebbabd4c78c3a1672d3f211a34b1e8eaf0b4c872d35a444b5b","codex","6ec9da9336f4f1eb3d8ff799d58300a0b57e314e91101cde0ea222d329e4b1ed","cb6e913edc20d0eb6d5c9ad82b68a99de7a9d3a620f51a72fb3d25df4013e881","continuation","False","108","64","44","0.407","4","4","16","12"
"2026-04-12T16:21:03.185360Z","stability-tenant","575d7bad584bd0ebbabd4c78c3a1672d3f211a34b1e8eaf0b4c872d35a444b5b","codex","f0ae549419a5fb3da0cda195f00132e15e0c241deec815ddef2dd7b1cb70815d","09d7e787ae44c6c193ceb2d89130a7f9d0528d0e336088d289f67fd0c7bf162b","continuation","False","108","64","44","0.407","4","4","16","12"
"2026-04-12T16:21:08.243735Z","stability-tenant","575d7bad584bd0ebbabd4c78c3a1672d3f211a34b1e8eaf0b4c872d35a444b5b","codex","286f02417a7ee7f1164a50890dc3c47e30dcbfc582b99f1e42a1d6f46354f8d5","30084c16127817619bafb7c2368cf67a195eca8aff5221f533aff0627076d568","continuation","False","108","64","44","0.407","4","4","16","12"
"2026-04-12T16:21:13.302506Z","stability-tenant","575d7bad584bd0ebbabd4c78c3a1672d3f211a34b1e8eaf0b4c872d35a444b5b","codex","ccb92795bbfbf1c5ffc8ad0e324aca6ec08f4b3226f754111062969613b81fee","45e33b46fdde7b9e154751ac7145d02cb15d68dd4e054d2082d1eeb7ba51788a","continuation","False","108","64","44","0.407","4","4","16","12"
"2026-04-12T16:21:18.373012Z","stability-tenant","575d7bad584bd0ebbabd4c78c3a1672d3f211a34b1e8eaf0b4c872d35a444b5b","codex","f078fd3f3cdd7ac738f17997f4d8c4be65d56b92d7d6ae831abc9c50230e0dcc","f676eac14b11c67817823eb518d4f260b5a99e30101778fd0990663eb9619923","continuation","False","108","64","44","0.407","4","4","16","12"
"2026-04-12T16:21:23.419080Z","stability-tenant","575d7bad584bd0ebbabd4c78c3a1672d3f211a34b1e8eaf0b4c872d35a444b5b","codex","909595e25e265ae03ed5e67cae9d9a3263c7fcfe3c41a64ea3bc78357bd0eb00","f7ceb9ab258ec6465357c5376b6c163806b0e2dfe0ec290a733b833cc8f39f02","continuation","False","108","64","44","0.407","4","4","16","12"
"2026-04-12T16:21:28.483651Z","stability-tenant","575d7bad584bd0ebbabd4c78c3a1672d3f211a34b1e8eaf0b4c872d35a444b5b","codex","9482f6f1973dc7cc59cd2c7eea321470dd513029adbbed8cf61d3bff04bddb49","318c5876584d317ee09c1763158f261a288d193b89e77fbb3d9cfbd8528bb612","continuation","False","108","64","44","0.407","4","4","16","12"
"2026-04-12T16:21:33.543807Z","stability-tenant","575d7bad584bd0ebbabd4c78c3a1672d3f211a34b1e8eaf0b4c872d35a444b5b","codex","ebc2906c6c7361c95cbebe9ee72c3bba55a53ebec606534b545da351bebe904e","a636932c2128a705690b18758b0edeb7ae17d25c2b83f4df17eadef067d29a1b","continuation","False","108","64","44","0.407","4","4","16","12"
"2026-04-12T16:21:38.606520Z","stability-tenant","575d7bad584bd0ebbabd4c78c3a1672d3f211a34b1e8eaf0b4c872d35a444b5b","codex","ff7cbd21418d2c741e71ae0dd1db16189b95b81950af5e8c452316226a67900d","d10ac229b3e097232ff16c83ebba2d1a7c02e79888065e994f005d7fb7cf601c","continuation","False","108","64","44","0.407","4","4","16","12"
"2026-04-12T16:21:43.675612Z","stability-tenant","575d7bad584bd0ebbabd4c78c3a1672d3f211a34b1e8eaf0b4c872d35a444b5b","codex","5f7447c03e506c338271b7e94df1712b586ba494f3a106b0b0de1196bfac813b","d15ba017dddaf66cd4116aaf8dc4516a2ff49f2941b37a264ccef7513cc56a9b","continuation","False","108","64","44","0.407","4","4","16","12"
"2026-04-12T16:21:48.731885Z","stability-tenant","575d7bad584bd0ebbabd4c78c3a1672d3f211a34b1e8eaf0b4c872d35a444b5b","codex","8010baa2a85c6f3e85e0f7a9282d8d76ccff0ebef2cf04ac5ce7cba6881495ed","d6933df8212593301845f9f688df349fa0e35fad9a591e0deb4d25a707b932ac","continuation","False","108","64","44","0.407","4","4","16","12"
"2026-04-12T16:21:53.807965Z","stability-tenant","575d7bad584bd0ebbabd4c78c3a1672d3f211a34b1e8eaf0b4c872d35a444b5b","codex","0684f780913d2c9e9e2c86ab73b60a9f3cb3a3d22bc012a28dacd1b432af4883","0a763a87802afc0d0a63498f9832eac891f478101ce437e35889db56789d5d4a","continuation","False","108","64","44","0.407","4","4","16","12"
"2026-04-12T16:21:58.865166Z","stability-tenant","575d7bad584bd0ebbabd4c78c3a1672d3f211a34b1e8eaf0b4c872d35a444b5b","codex","76ebb0a006960f4e5d34d079d18c179dbd1f291417c6faa1a21371e06ba4150e","98489ca7fe744876004aa84c1aaf24cf322ffeb838d3462d0a064cecb4b0acff","continuation","False","108","64","44","0.407","4","4","16","12"
"2026-04-12T16:22:03.937079Z","stability-tenant","575d7bad584bd0ebbabd4c78c3a1672d3f211a34b1e8eaf0b4c872d35a444b5b","codex","900fd4cdb4978f8395389722c19c04c448faafb11cadaf8b226b3a6ac535694d","fe9570f625b31af65bcc72bb9e6f7ad78171669948a3ee1e31b2f9812f60a808","continuation","False","108","64","44","0.407","4","4","16","12"
"2026-04-12T16:22:08.995888Z","stability-tenant","575d7bad584bd0ebbabd4c78c3a1672d3f211a34b1e8eaf0b4c872d35a444b5b","codex","737632b29da3f6df6176f07ada603dfac15035586f462a947304a676b05edaf4","3f11906d4984b01c31fa4f577759bbc49bd42eb6b5a3e464cb7f6a3588572f95","continuation","False","108","64","44","0.407","4","4","16","12"
"2026-04-12T16:22:14.070650Z","stability-tenant","575d7bad584bd0ebbabd4c78c3a1672d3f211a34b1e8eaf0b4c872d35a444b5b","codex","34f18a11b8d875f7f974fd0da2f859d24853bae05803e9766f5d66e9653ac3d6","c114b6bf3ee166082e4ea5f1e2aef70e931479ca1c994fd9084afa5cd1019617","continuation","False","108","64","44","0.407","4","4","16","12"
"2026-04-12T16:22:19.135642Z","stability-tenant","575d7bad584bd0ebbabd4c78c3a1672d3f211a34b1e8eaf0b4c872d35a444b5b","codex","3727bcd90921535861c3c176ff4d6561146b1ab473d4661fec3e89fafa9da6d6","7938bed7822db527ca67fa7bde0b640ef51470d473fc9e9a01e74ee5e19a7296","continuation","False","108","64","44","0.407","4","4","16","12"
"2026-04-12T16:22:24.185607Z","stability-tenant","575d7bad584bd0ebbabd4c78c3a1672d3f211a34b1e8eaf0b4c872d35a444b5b","codex","3fd8f993efe00ed28ea42d1e65594df9d7666b40ae71f46eb0261de180f03b95","4e79bcd4c38db9797b2d7607ad1c0effe843091457ae0d7df587821555637757","continuation","False","108","64","44","0.407","4","4","16","12"
"2026-04-12T16:22:29.251259Z","stability-tenant","575d7bad584bd0ebbabd4c78c3a1672d3f211a34b1e8eaf0b4c872d35a444b5b","codex","62090bfd31410a9d257c7bc76399cb519a31ce13df8adb87765e6cc5dd57533a","ebf1bdf86c927321365f54f745475103b49410831905b20d1f9b3701246411f8","continuation","False","108","64","44","0.407","4","4","16","12"
"2026-04-12T16:22:34.333813Z","stability-tenant","575d7bad584bd0ebbabd4c78c3a1672d3f211a34b1e8eaf0b4c872d35a444b5b","codex","5a529e1bf5d2d7c7bbf6b1a1dcb7fd549cc4214e50f020ff6299f9ca760e1b82","230a828b35d1adecfdb3961bb8e110c99f158bd914ea4fbc1d4f15d9b81d625d","continuation","False","108","64","44","0.407","4","4","16","12"
"2026-04-12T16:22:39.385822Z","stability-tenant","575d7bad584bd0ebbabd4c78c3a1672d3f211a34b1e8eaf0b4c872d35a444b5b","codex","48a12aad37d2cc0a9fa56daa2d0f53b536e16dd45ea25faee027a9ad93dbb2f5","c68915861888302fe5107daa89b14ce64b17d5aff9bf2b0ecc160d8cb3d8ea2b","continuation","False","108","64","44","0.407","4","4","16","12"
"2026-04-12T16:22:44.453102Z","stability-tenant","575d7bad584bd0ebbabd4c78c3a1672d3f211a34b1e8eaf0b4c872d35a444b5b","codex","add5387bc72bac9e75fedfc4f4b36a68a155cf1c696231c1911eb4c319761b03","e24930ca371b36df7d9f0f4a0387c3c7d77019eda338e60e4aeb2c7fabb80760","continuation","False","108","64","44","0.407","4","4","16","12"
"2026-04-12T16:22:49.519793Z","stability-tenant","575d7bad584bd0ebbabd4c78c3a1672d3f211a34b1e8eaf0b4c872d35a444b5b","codex","ff4c1f6da3ed94a700d6f782b3a839bd79c04d0c976f3347e7cd2526b0705cb8","0794443e3de83a84faa5914e71dd53355d5fe38c6725bc9cd1742039c788ffec","continuation","False","108","64","44","0.407","4","4","16","12"
"2026-04-12T16:22:54.603953Z","stability-tenant","575d7bad584bd0ebbabd4c78c3a1672d3f211a34b1e8eaf0b4c872d35a444b5b","codex","3641183327555149803d989b2bc334c4aee036f92439dae13400b96c9dc899fd","5ee33943854e1fba1ef9e21e1e52c3a935fd98379c140c35d29a18bc1e495fdf","continuation","False","108","64","44","0.407","4","4","16","12"
"2026-04-12T16:22:59.666648Z","stability-tenant","575d7bad584bd0ebbabd4c78c3a1672d3f211a34b1e8eaf0b4c872d35a444b5b","codex","72087c923382d81e4d05bbfadfcd04e36d7229b0f4197ae9af3a5385fe1ff5f9","1768846284da65504c1dc34d7010ad7ad82e6748263430178efa0398a04d4412","continuation","False","108","64","44","0.407","4","4","16","12"
"2026-04-12T16:23:04.731911Z","stability-tenant","575d7bad584bd0ebbabd4c78c3a1672d3f211a34b1e8eaf0b4c872d35a444b5b","codex","d9e22f8232f1d9255687650530c58952b6504bd26e72097bea0744f136dd35c1","17cae6d8440d46cce458104f6fe7d70db2af5cf87dc0950cefd604914dd0b603","continuation","False","108","64","44","0.407","4","4","16","12"
"2026-04-12T16:23:09.791252Z","stability-tenant","575d7bad584bd0ebbabd4c78c3a1672d3f211a34b1e8eaf0b4c872d35a444b5b","codex","a253bffb3f409b99adc0d3e5edcf8baaf6b31278c3a48ffa1a131cbc77650942","4c196fa7fbf5f080d940faab69ddc35458d2caae0fb2a9b0af92506a9663f228","continuation","False","108","64","44","0.407","4","4","16","12"
"2026-04-12T16:23:14.856668Z","stability-tenant","575d7bad584bd0ebbabd4c78c3a1672d3f211a34b1e8eaf0b4c872d35a444b5b","codex","d033d7562d8593ddd85de70b786879b673861d5987f6ca92cb0f4bdbaffdefdc","0b7609eb7c3b7a9b819938e21aabb4ee8945576b8b0e9b02ec78f4564c3b9bb0","continuation","False","108","64","44","0.407","4","4","16","12"
"2026-04-12T16:23:19.914033Z","stability-tenant","575d7bad584bd0ebbabd4c78c3a1672d3f211a34b1e8eaf0b4c872d35a444b5b","codex","d35be83a7e0d6411f7b11b9943efccafa910a46f0f38973862c1c33021af4ed3","f9fe34b9816ab51207af38c599d340816aa4b1a2f8d852d079d6538df38259d0","continuation","False","108","64","44","0.407","4","4","16","12"
"2026-04-12T16:23:24.994716Z","stability-tenant","575d7bad584bd0ebbabd4c78c3a1672d3f211a34b1e8eaf0b4c872d35a444b5b","codex","0c8cc702d2bf64c39ab83baf6597774fefd328ffa38254f02dc28cdf20ec9aa6","a840e1714ea7cee9a9eb6ad0b8f15032e06cd6ae98febcc4c602b01741c7feb5","continuation","False","108","64","44","0.407","4","4","16","12"
"2026-04-12T16:23:30.056070Z","stability-tenant","575d7bad584bd0ebbabd4c78c3a1672d3f211a34b1e8eaf0b4c872d35a444b5b","codex","f8a02a43ccd6789c0be02ae3bc6d5ba2819f951651104507098263c84e6e8d2f","1ca8de9634e938952dcfa6f55093b6be38354ff5ebb22360bbaff4b6834905a2","continuation","False","108","64","44","0.407","4","4","16","12"
"2026-04-12T16:23:35.120651Z","stability-tenant","575d7bad584bd0ebbabd4c78c3a1672d3f211a34b1e8eaf0b4c872d35a444b5b","codex","01880641ec519a2fb66c13db80fdf61e31774852ff741faf97cefefe138d7f33","362531521bb58f3013ed9106f21aaea655078d3dc223cec95b5eb45a4f24b20f","continuation","False","108","64","44","0.407","4","4","16","12"
"2026-04-12T16:23:40.182661Z","stability-tenant","575d7bad584bd0ebbabd4c78c3a1672d3f211a34b1e8eaf0b4c872d35a444b5b","codex","043e48f1184fdc6591137da1fca3778335a966e520465709ad23dd72f2291bcc","b3f4c752faf07753e683e642bc5371614473c4d277a286d4226263f98e0a80de","continuation","False","108","64","44","0.407","4","4","16","12"
"2026-04-12T16:23:45.234678Z","stability-tenant","575d7bad584bd0ebbabd4c78c3a1672d3f211a34b1e8eaf0b4c872d35a444b5b","codex","2830ef394f7b875fc96ed0802221627c37e8efe35ee0602b9c2878902de7acf3","82d17912257b146547b64ba6212d558b02e1e4d5b8aff5596c52511b6fd4a0af","continuation","False","108","64","44","0.407","4","4","16","12"
"2026-04-12T16:23:50.290300Z","stability-tenant","575d7bad584bd0ebbabd4c78c3a1672d3f211a34b1e8eaf0b4c872d35a444b5b","codex","98fdf83b081352c81881f0ee0c0a6479863925864003ae7285838e6168f84d2e","b5d3ccf7c13a8feda46b9a7a2b342dfbd7e06923d3f8121f335be8c6d8cf0e97","continuation","False","108","64","44","0.407","4","4","16","12"
"2026-04-12T16:23:55.364878Z","stability-tenant","575d7bad584bd0ebbabd4c78c3a1672d3f211a34b1e8eaf0b4c872d35a444b5b","codex","6164be9c062510a88bc162e646e956254ef59d0cffefd0fbb8bbe1455e354c50","617887e7651be9d429196016c8ad80c5e948a2fff3d10b76cac8e1773a68f9fa","continuation","False","108","64","44","0.407","4","4","16","12"
"2026-04-12T16:24:00.429954Z","stability-tenant","575d7bad584bd0ebbabd4c78c3a1672d3f211a34b1e8eaf0b4c872d35a444b5b","codex","a735982c30e19ec0e5dcf7f8e21924a9cce6255a6a8d40dc13262efd2b759d08","de481a5971118c2075eeaf885be0311e7f96106965c0dcff613cdf1ac7940378","continuation","False","108","64","44","0.407","4","4","16","12"
"2026-04-12T16:24:05.483674Z","stability-tenant","575d7bad584bd0ebbabd4c78c3a1672d3f211a34b1e8eaf0b4c872d35a444b5b","codex","05b7d60401a4789e15705a4c43e7928edc1edd7605753899e5a6bc3d19eccc99","593f4dfb37b81fc25fedc6cc0c2260cd032e364c62e523abcf086310ef6d9062","continuation","False","108","64","44","0.407","4","4","16","12"
"2026-04-12T16:24:10.547911Z","stability-tenant","575d7bad584bd0ebbabd4c78c3a1672d3f211a34b1e8eaf0b4c872d35a444b5b","codex","467d1cf7f8dea46477bcb544bb7711b3fe152718805dd9c3a4768d6ce56bd04f","17a5fd0f2bb2cc3d547cfdc44490c599775eb527df649b614b2fa3aacae8129f","continuation","False","108","64","44","0.407","4","4","16","12"
"2026-04-12T16:24:29.909907Z","stability-tenant","575d7bad584bd0ebbabd4c78c3a1672d3f211a34b1e8eaf0b4c872d35a444b5b","codex","f320ef07797941901043fbc9bed6b02b695cd531a718d54f9ac4518413280f00","73ee6347ff3cff1e5b13c998cc0bda275c6dd5ebf4f559ca9df9fe6effe13458","continuation","False","108","64","44","0.407","4","4","16","12"
"2026-04-12T16:24:59.982376Z","stability-tenant","575d7bad584bd0ebbabd4c78c3a1672d3f211a34b1e8eaf0b4c872d35a444b5b","codex","ce9f4b58eda85ff49184836f9e27ad719f2701d4d1876cd30da5c8396cf3338b","523019d570f379760fc63101b04e7243466b40e8c7dc87c833a4584ae66b15cb","continuation","False","108","64","44","0.407","4","4","16","12"
"2026-04-12T16:25:30.053351Z","stability-tenant","575d7bad584bd0ebbabd4c78c3a1672d3f211a34b1e8eaf0b4c872d35a444b5b","codex","470ac022afac2c278170783739c0006fb127551688dbe6f385cda23af9fad221","97caf091877fe0cb94dca77865a02fac33b671c2d48c30743b4eb76fc868a81c","continuation","False","108","64","44","0.407","4","4","16","12"
"2026-04-12T16:26:00.136232Z","stability-tenant","575d7bad584bd0ebbabd4c78c3a1672d3f211a34b1e8eaf0b4c872d35a444b5b","codex","0f0a6e25291e5964d07469e976cc70b864c81ca35df7deb8e9893a816a739a46","eca708016aa62d4bd1563d18021f4d8854ee48a87ef177f06574dfa430ff0958","continuation","False","108","64","44","0.407","4","4","16","12"
"2026-04-12T16:26:30.205798Z","stability-tenant","575d7bad584bd0ebbabd4c78c3a1672d3f211a34b1e8eaf0b4c872d35a444b5b","codex","be2bc22eb7bfeb78a884c4247cfaf7fc1c2d346978b76c0d950e5848e640944b","b13d93ba01a7d728306d9bda226fce643a7b788468d847442e223a6b38125e9a","continuation","False","108","64","44","0.407","4","4","16","12"
"2026-04-12T16:27:00.276743Z","stability-tenant","575d7bad584bd0ebbabd4c78c3a1672d3f211a34b1e8eaf0b4c872d35a444b5b","codex","3e077667b7e9af905d62169c6f76d989c9e4f7ae37d874d9c67b8fa5133789cd","1070343eeba284f8be09adbc9dfff320b6f2119ae9191b297363cebf807e71ca","continuation","False","108","64","44","0.407","4","4","16","12"
"2026-04-12T16:27:30.349883Z","stability-tenant","575d7bad584bd0ebbabd4c78c3a1672d3f211a34b1e8eaf0b4c872d35a444b5b","codex","7f9ac65f573a5017051dd4bbb34196a633290a10f31124f0cbe17824ac87c657","49620ee5656506667cc249d7fb4f75603187cbecad326e8f6fbac1c7405bd70e","continuation","False","108","64","44","0.407","4","4","16","12"
"2026-04-12T16:28:00.412004Z","stability-tenant","575d7bad584bd0ebbabd4c78c3a1672d3f211a34b1e8eaf0b4c872d35a444b5b","codex","c54bad2c317047f1b855873ffc9c21da8df0066777aa05dc4c25f427832d7e5f","4d78ab0179aace9ba13fed0bdb522fcb6ef69d2a2fd70de9385175d0e1b9fe4e","continuation","False","108","64","44","0.407","4","4","16","12"
"2026-04-12T16:28:30.487985Z","stability-tenant","575d7bad584bd0ebbabd4c78c3a1672d3f211a34b1e8eaf0b4c872d35a444b5b","codex","b8ac3e2d48e1a1d644a7bac37353250245d9d5cdaca5004c0f2ae6040128697e","23ccf3ea8bcc06467b3076b7ac2818bd1f53f6c580af0bdf0d91835767ac94eb","continuation","False","108","64","44","0.407","4","4","16","12"
"2026-04-12T16:29:00.534902Z","stability-tenant","575d7bad584bd0ebbabd4c78c3a1672d3f211a34b1e8eaf0b4c872d35a444b5b","codex","9a0aa5c48c4959f37ac5388b910ab1c1f41d182dab3aa0c3ad8290155813c2fc","f680fabfc7b8a653bea9b150380c250ad608d9789d13e81bf6e6e6e16a2753d0","continuation","False","108","64","44","0.407","4","4","16","12"
"2026-04-12T16:29:30.589991Z","stability-tenant","575d7bad584bd0ebbabd4c78c3a1672d3f211a34b1e8eaf0b4c872d35a444b5b","codex","b6100d8d3cc0a7ab418374b9932ed0e1031069cc89211af52e8e650921f6e864","f3fb034a62832a536e15308aeec5809d2753267e3e82d9a16323f65ed02a75d5","continuation","False","108","64","44","0.407","4","4","16","12"
"2026-04-12T16:30:00.653515Z","stability-tenant","575d7bad584bd0ebbabd4c78c3a1672d3f211a34b1e8eaf0b4c872d35a444b5b","codex","69c680804515bb904bf3cae06a507f78ac40ff2d55666b76b060304a7ce7abea","7f3f87849cadc45ae391fd50337e7b506379d6aeb3af0b9bf653bcf7e003617c","continuation","False","108","64","44","0.407","4","4","16","12"
"2026-04-12T16:30:30.737340Z","stability-tenant","575d7bad584bd0ebbabd4c78c3a1672d3f211a34b1e8eaf0b4c872d35a444b5b","codex","d9810a276a7d9a351b9f0eb6caf9aca62092b1a6a32cce1b5c9826abf95406fd","dd654a9fecef45595ead2ca5a5053f053d5a4eba7c330a9999294a067dfed742","continuation","False","108","64","44","0.407","4","4","16","12"
"2026-04-12T16:31:00.819177Z","stability-tenant","575d7bad584bd0ebbabd4c78c3a1672d3f211a34b1e8eaf0b4c872d35a444b5b","codex","673438f5fe66b0a713f1d00781e7e911b7018cc276d187ca444850f15c476030","4137dc2e2be925a523a1a7efcfcbc84362302476adfc59e99c0579656695fc60","continuation","False","108","64","44","0.407","4","4","16","12"
"2026-04-12T16:31:30.901125Z","stability-tenant","575d7bad584bd0ebbabd4c78c3a1672d3f211a34b1e8eaf0b4c872d35a444b5b","codex","e002ddea0e93b67221fa28a00ef0910fbe91505b8a6624e30239a86b69be4fae","37b762062314ba81459fcdda7d9c169e46fe685dbaf2b0c9687568e5460ad6a3","continuation","False","108","64","44","0.407","4","4","16","12"
"2026-04-12T16:32:00.965621Z","stability-tenant","575d7bad584bd0ebbabd4c78c3a1672d3f211a34b1e8eaf0b4c872d35a444b5b","codex","16f9d2de2aa450cfbfbcfd8b2cb11e9a127d5e3f13b50b2c637382939d1f5ef9","30c384ccf397a009435273ce2beacfbce6e25cfdc3c2c9cc94d55ad71af5826d","continuation","False","108","64","44","0.407","4","4","16","12"
"2026-04-12T16:32:31.022157Z","stability-tenant","575d7bad584bd0ebbabd4c78c3a1672d3f211a34b1e8eaf0b4c872d35a444b5b","codex","031dbbe06125dd8eaf40383ea8e8dedd5169471f551fa08dfeeef4d53bad9afa","cdb32bf202580f754016a0276bd0af6a81c13e31f069efcaa16c3b6675adfb03","continuation","False","108","64","44","0.407","4","4","16","12"
"2026-04-12T16:33:01.105014Z","stability-tenant","575d7bad584bd0ebbabd4c78c3a1672d3f211a34b1e8eaf0b4c872d35a444b5b","codex","3323f9d6a82ea413c646e3e4092a5f5e70ac4be5ba7257932062fcfd4cdde51d","bd276bdd37da1446a6fc5dca52615f6e643c09d1c00d5a28775a3df34ba23a55","continuation","False","108","64","44","0.407","4","4","16","12"
"2026-04-12T16:33:31.176638Z","stability-tenant","575d7bad584bd0ebbabd4c78c3a1672d3f211a34b1e8eaf0b4c872d35a444b5b","codex","55693919e6b20ffab312dbc81ade3007d9ce873c735401733f6f897a66d9e199","ad95f6eddbe947d585a6cb51ba1303249f7c1b594c9915d39a5a99d6e8cb79d0","continuation","False","108","64","44","0.407","4","4","16","12"
"2026-04-12T16:34:01.246318Z","stability-tenant","575d7bad584bd0ebbabd4c78c3a1672d3f211a34b1e8eaf0b4c872d35a444b5b","codex","d72522c5c48a3b0f0e60358ee6f469ba9c4efe63ad1f560ec1e220188ce9cf46","ded7fc062a81b6902982e2dd32fabe346e5cc46505c795bb083582dcef4e06f0","continuation","False","108","64","44","0.407","4","4","16","12"
"2026-04-12T16:34:31.311366Z","stability-tenant","575d7bad584bd0ebbabd4c78c3a1672d3f211a34b1e8eaf0b4c872d35a444b5b","codex","e405b8a58afad0b846c2e88bf15e50bf1c1e910113c8b77284ef8158d78391fb","6d69805652e2079099918ef451eb7a94d3f548bf1698ca2f21cabd6cb7ad1523","continuation","False","108","64","44","0.407","4","4","16","12"
"2026-04-12T16:35:01.354452Z","stability-tenant","575d7bad584bd0ebbabd4c78c3a1672d3f211a34b1e8eaf0b4c872d35a444b5b","codex","d16812eb1f6604029879a84788e51b73a94aea310554a63c53430334a992b18d","7a509d492307027a26622cb1e1014b992d819711e83f59f652b13b1961d4430c","continuation","False","108","64","44","0.407","4","4","16","12"
"2026-04-12T16:35:31.414868Z","stability-tenant","575d7bad584bd0ebbabd4c78c3a1672d3f211a34b1e8eaf0b4c872d35a444b5b","codex","bbee35dcd0b929664c7156a888d77a510f57874e44b141369994a18047828523","fa9af7d91444cd7e92136467bff2252ac31fb17419eceb6188cec18ae5d42ace","continuation","False","108","64","44","0.407","4","4","16","12"
"2026-04-12T16:36:01.492515Z","stability-tenant","575d7bad584bd0ebbabd4c78c3a1672d3f211a34b1e8eaf0b4c872d35a444b5b","codex","b8f905d2f45fefebc2c611bf161f6d6c0bc50a054f953d059ec7f911b02e8815","85df54a8d0a7e7cc3bf8d70760e38dde9c110c80a441622d8c9e7048e0287c42","continuation","False","108","64","44","0.407","4","4","16","12"
"2026-04-12T16:36:31.543280Z","stability-tenant","575d7bad584bd0ebbabd4c78c3a1672d3f211a34b1e8eaf0b4c872d35a444b5b","codex","693940a56cfcfb4234186424ad4c83c5fab1656bf75c42ae99902549fe2b3296","e0252b21725c5142ed1600f49a221a8ae48c79ad4e52c91f3c19e1b598760da8","continuation","False","108","64","44","0.407","4","4","16","12"
"2026-04-12T16:37:01.614185Z","stability-tenant","575d7bad584bd0ebbabd4c78c3a1672d3f211a34b1e8eaf0b4c872d35a444b5b","codex","4d0deb0f38adb08c70cee23dc44cd62008d2cc22f73e73402b0b30d6057f80e3","a5fc8975bc3549dc2d5431a5caf84a43ce90f1c8b888da15bbd748004e12797c","continuation","False","108","64","44","0.407","4","4","16","12"
"2026-04-12T16:37:31.693592Z","stability-tenant","575d7bad584bd0ebbabd4c78c3a1672d3f211a34b1e8eaf0b4c872d35a444b5b","codex","150dec6c1779365cd201ea4a6fd226109a4c90014f3801f001514dd683666844","867ead57946d2789d81606add675a2769cfd7622f620748f7e5fd6802b871622","continuation","False","108","64","44","0.407","4","4","16","12"
"2026-04-12T16:38:01.761491Z","stability-tenant","575d7bad584bd0ebbabd4c78c3a1672d3f211a34b1e8eaf0b4c872d35a444b5b","codex","387273f7bd86ce203cf0384d92099e272dabcded4dfef19fefa8ae5e857a7188","b163e3427e0ba86c97681d52270baf204efb8ad29eed3cb0a2a708a0a38a0e0f","continuation","False","108","64","44","0.407","4","4","16","12"
"2026-04-12T16:38:31.823571Z","stability-tenant","575d7bad584bd0ebbabd4c78c3a1672d3f211a34b1e8eaf0b4c872d35a444b5b","codex","f30a4e9e64eb47f775eef632fa23c9d2494b756879c29a050b5fdb2886ebac1e","bebaf5a43bb3f11a175dc091407473234816bc8eeede0890a0d5e8968bd89770","continuation","False","108","64","44","0.407","4","4","16","12"
"2026-04-12T16:39:01.886345Z","stability-tenant","575d7bad584bd0ebbabd4c78c3a1672d3f211a34b1e8eaf0b4c872d35a444b5b","codex","ca5cd99946759b0e289f237cbc9ea3506394f3cb52c2acfc0f538786daa25aa8","9a9469a16613fd9877fa253a29ebc3c5a7f8ced5af7e2a6a33d0e49e82843bd9","continuation","False","108","64","44","0.407","4","4","16","12"
"2026-04-12T16:39:31.943007Z","stability-tenant","575d7bad584bd0ebbabd4c78c3a1672d3f211a34b1e8eaf0b4c872d35a444b5b","codex","08c4dfbd22ebedd77825b57ce2e31a508080ec458d6c021f878c20c363aef5e7","e0ebf4f005902d072a3a5ed86acdc5b7b1956b47caae8be7c288db8ac6e2e066","continuation","False","108","64","44","0.407","4","4","16","12"
"2026-04-12T16:40:02.010770Z","stability-tenant","575d7bad584bd0ebbabd4c78c3a1672d3f211a34b1e8eaf0b4c872d35a444b5b","codex","8018383e12c7dab265311da698f201f5f47b83c4b1e2c48363c8fdb982853363","38874224b79a5d977e629e20e7e1298938f7d1b2de4af055f753651959bdbb03","continuation","False","108","64","44","0.407","4","4","16","12"
"2026-04-12T16:40:32.090479Z","stability-tenant","575d7bad584bd0ebbabd4c78c3a1672d3f211a34b1e8eaf0b4c872d35a444b5b","codex","abd2c9e3ccacc132e7c5b3a1d07beb37cd61a07de29614218004680bac9db612","c078ed09a9f3fced4dc29fc001a9b13669c7bad36e6938d0a0e540deacf48e6d","continuation","False","108","64","44","0.407","4","4","16","12"
"2026-04-12T16:41:02.162422Z","stability-tenant","575d7bad584bd0ebbabd4c78c3a1672d3f211a34b1e8eaf0b4c872d35a444b5b","codex","1c5bac8f69fb277cd87245cfd307bb7a065eea3933fece773171014417548c2b","cb6e913edc20d0eb6d5c9ad82b68a99de7a9d3a620f51a72fb3d25df4013e881","continuation","False","108","64","44","0.407","4","4","16","12"
"2026-04-12T16:41:32.238366Z","stability-tenant","575d7bad584bd0ebbabd4c78c3a1672d3f211a34b1e8eaf0b4c872d35a444b5b","codex","45ebdfbe80a43d44d787cbe732dea40fec9ad53d02b171c2395012f715139c81","09d7e787ae44c6c193ceb2d89130a7f9d0528d0e336088d289f67fd0c7bf162b","continuation","False","108","64","44","0.407","4","4","16","12"
"2026-04-12T16:42:02.299504Z","stability-tenant","575d7bad584bd0ebbabd4c78c3a1672d3f211a34b1e8eaf0b4c872d35a444b5b","codex","55055c9886456fae5c3da8d85e0d7d45fffcf7d112ac61a68a22bfd9e08fb90c","30084c16127817619bafb7c2368cf67a195eca8aff5221f533aff0627076d568","continuation","False","108","64","44","0.407","4","4","16","12"
"2026-04-12T16:42:32.352570Z","stability-tenant","575d7bad584bd0ebbabd4c78c3a1672d3f211a34b1e8eaf0b4c872d35a444b5b","codex","b0260f5b0f8d498f9c59eba6cc6dc2be95b38020aebd42c8c8d1b8808fccec03","45e33b46fdde7b9e154751ac7145d02cb15d68dd4e054d2082d1eeb7ba51788a","continuation","False","108","64","44","0.407","4","4","16","12"
"2026-04-12T16:43:02.414922Z","stability-tenant","575d7bad584bd0ebbabd4c78c3a1672d3f211a34b1e8eaf0b4c872d35a444b5b","codex","928964a14293b3a40a0393c053259b0d865e315fbca1022155777bbacff17c02","f676eac14b11c67817823eb518d4f260b5a99e30101778fd0990663eb9619923","continuation","False","108","64","44","0.407","4","4","16","12"
"2026-04-12T16:43:32.490496Z","stability-tenant","575d7bad584bd0ebbabd4c78c3a1672d3f211a34b1e8eaf0b4c872d35a444b5b","codex","507bd6a722850cd40ff5267616881e9038e6b23884abc6deb3c087fbd929fce5","f7ceb9ab258ec6465357c5376b6c163806b0e2dfe0ec290a733b833cc8f39f02","continuation","False","108","64","44","0.407","4","4","16","12"
"2026-04-12T16:44:02.551239Z","stability-tenant","575d7bad584bd0ebbabd4c78c3a1672d3f211a34b1e8eaf0b4c872d35a444b5b","codex","86fba77e1a2d89f3747b4dfc3d55a3b283b950aa166557840a870e5840a375da","318c5876584d317ee09c1763158f261a288d193b89e77fbb3d9cfbd8528bb612","continuation","False","108","64","44","0.407","4","4","16","12"
"2026-04-12T16:44:32.615401Z","stability-tenant","575d7bad584bd0ebbabd4c78c3a1672d3f211a34b1e8eaf0b4c872d35a444b5b","codex","ab38e0b9e017df2ec022e26d786ce5c556f553c57601ab550a218a1b8351881c","a636932c2128a705690b18758b0edeb7ae17d25c2b83f4df17eadef067d29a1b","continuation","False","108","64","44","0.407","4","4","16","12"
"2026-04-12T16:45:02.676594Z","stability-tenant","575d7bad584bd0ebbabd4c78c3a1672d3f211a34b1e8eaf0b4c872d35a444b5b","codex","b1e854ab933cce202f715f5e07451aaedbac864db860ca2ee023fa8afaff2b8d","d10ac229b3e097232ff16c83ebba2d1a7c02e79888065e994f005d7fb7cf601c","continuation","False","108","64","44","0.407","4","4","16","12"
"2026-04-12T16:45:32.744528Z","stability-tenant","575d7bad584bd0ebbabd4c78c3a1672d3f211a34b1e8eaf0b4c872d35a444b5b","codex","646628873b1b7382448653ba789a699cbe8152e969fa3264879fec9b3613ea64","d15ba017dddaf66cd4116aaf8dc4516a2ff49f2941b37a264ccef7513cc56a9b","continuation","False","108","64","44","0.407","4","4","16","12"
"2026-04-12T16:46:02.822691Z","stability-tenant","575d7bad584bd0ebbabd4c78c3a1672d3f211a34b1e8eaf0b4c872d35a444b5b","codex","e4d5f4525244c8b61f58f941daeda8dee5184e5294765b058d05d3e405635ae2","d6933df8212593301845f9f688df349fa0e35fad9a591e0deb4d25a707b932ac","continuation","False","108","64","44","0.407","4","4","16","12"
"2026-04-12T16:46:32.878970Z","stability-tenant","575d7bad584bd0ebbabd4c78c3a1672d3f211a34b1e8eaf0b4c872d35a444b5b","codex","da9d89d9b8f07e3353ba3d609804a4d6e7f6895bf4aaac46346ca256f680c15b","0a763a87802afc0d0a63498f9832eac891f478101ce437e35889db56789d5d4a","continuation","False","108","64","44","0.407","4","4","16","12"
"2026-04-12T16:47:02.946716Z","stability-tenant","575d7bad584bd0ebbabd4c78c3a1672d3f211a34b1e8eaf0b4c872d35a444b5b","codex","868992d90c83ef05c6dfa046c796df2745dd566add5076ed7c9abea2d57afec9","98489ca7fe744876004aa84c1aaf24cf322ffeb838d3462d0a064cecb4b0acff","continuation","False","108","64","44","0.407","4","4","16","12"
"2026-04-12T16:47:33.000029Z","stability-tenant","575d7bad584bd0ebbabd4c78c3a1672d3f211a34b1e8eaf0b4c872d35a444b5b","codex","9bc16df50cbac52cff1f1a48572922dac27584fdddcd710f5e86de09d727c74e","fe9570f625b31af65bcc72bb9e6f7ad78171669948a3ee1e31b2f9812f60a808","continuation","False","108","64","44","0.407","4","4","16","12"
"2026-04-12T16:48:03.062237Z","stability-tenant","575d7bad584bd0ebbabd4c78c3a1672d3f211a34b1e8eaf0b4c872d35a444b5b","codex","9b325e810af1f8faeb1f6f84344adcba4f443cb413e18973b94bf16f4c525afc","3f11906d4984b01c31fa4f577759bbc49bd42eb6b5a3e464cb7f6a3588572f95","continuation","False","108","64","44","0.407","4","4","16","12"
"2026-04-12T16:48:33.138663Z","stability-tenant","575d7bad584bd0ebbabd4c78c3a1672d3f211a34b1e8eaf0b4c872d35a444b5b","codex","4c2d70c7c91b328f096583a68f91ed1a361dbfbd24838e09410f8386fc60bb9b","c114b6bf3ee166082e4ea5f1e2aef70e931479ca1c994fd9084afa5cd1019617","continuation","False","108","64","44","0.407","4","4","16","12"
"2026-04-12T16:49:03.200520Z","stability-tenant","575d7bad584bd0ebbabd4c78c3a1672d3f211a34b1e8eaf0b4c872d35a444b5b","codex","7eae1fe77c0acfc27873dc15afae004ffd8719b6f27eb25ce7a20b055fd217c7","7938bed7822db527ca67fa7bde0b640ef51470d473fc9e9a01e74ee5e19a7296","continuation","False","108","64","44","0.407","4","4","16","12"
"2026-04-12T16:49:33.269129Z","stability-tenant","575d7bad584bd0ebbabd4c78c3a1672d3f211a34b1e8eaf0b4c872d35a444b5b","codex","f2c2fe0d37ae95cab5edadb5da0d09ae3d968584c3284d0b4c5f875c60358f48","4e79bcd4c38db9797b2d7607ad1c0effe843091457ae0d7df587821555637757","continuation","False","108","64","44","0.407","4","4","16","12"
"2026-04-12T16:50:03.352897Z","stability-tenant","575d7bad584bd0ebbabd4c78c3a1672d3f211a34b1e8eaf0b4c872d35a444b5b","codex","75e7352632e253ba9ff1d6ece5ae84549c981c0c3f3c3f5d89d5c22ecb06649b","ebf1bdf86c927321365f54f745475103b49410831905b20d1f9b3701246411f8","continuation","False","108","64","44","0.407","4","4","16","12"
"2026-04-12T16:50:33.420775Z","stability-tenant","575d7bad584bd0ebbabd4c78c3a1672d3f211a34b1e8eaf0b4c872d35a444b5b","codex","acad2d83c2be14a26637d6ef8f1d8aabb362037c5bf640c2fcf39888df93e7bc","230a828b35d1adecfdb3961bb8e110c99f158bd914ea4fbc1d4f15d9b81d625d","continuation","False","108","64","44","0.407","4","4","16","12"
"2026-04-12T16:51:03.485896Z","stability-tenant","575d7bad584bd0ebbabd4c78c3a1672d3f211a34b1e8eaf0b4c872d35a444b5b","codex","587f07a110785003535fdade780cc7c1edc364fa2499305099d3881cce2fa040","c68915861888302fe5107daa89b14ce64b17d5aff9bf2b0ecc160d8cb3d8ea2b","continuation","False","108","64","44","0.407","4","4","16","12"
"2026-04-12T16:51:33.533988Z","stability-tenant","575d7bad584bd0ebbabd4c78c3a1672d3f211a34b1e8eaf0b4c872d35a444b5b","codex","85f24edc4b0ec52667ef29763291df714460399158ec1a7909260c87716d3284","e24930ca371b36df7d9f0f4a0387c3c7d77019eda338e60e4aeb2c7fabb80760","continuation","False","108","64","44","0.407","4","4","16","12"
"2026-04-12T16:52:03.607374Z","stability-tenant","575d7bad584bd0ebbabd4c78c3a1672d3f211a34b1e8eaf0b4c872d35a444b5b","codex","84684c08a2561fa92ec6ad1c26048b9b5837ca9f9e6d156538fe540ef8619e98","0794443e3de83a84faa5914e71dd53355d5fe38c6725bc9cd1742039c788ffec","continuation","False","108","64","44","0.407","4","4","16","12"
"2026-04-12T16:52:33.696006Z","stability-tenant","575d7bad584bd0ebbabd4c78c3a1672d3f211a34b1e8eaf0b4c872d35a444b5b","codex","c1559f45c72e6279a23d9b3e3e4450144f3fadc24d7bb6ba3fba0d448c7400b2","5ee33943854e1fba1ef9e21e1e52c3a935fd98379c140c35d29a18bc1e495fdf","continuation","False","108","64","44","0.407","4","4","16","12"
"2026-04-12T16:53:03.758779Z","stability-tenant","575d7bad584bd0ebbabd4c78c3a1672d3f211a34b1e8eaf0b4c872d35a444b5b","codex","77c8aff4921bc12e6059669a09cc51df70e07bbebb7182e44da8c8a6d5cee0b3","1768846284da65504c1dc34d7010ad7ad82e6748263430178efa0398a04d4412","continuation","False","108","64","44","0.407","4","4","16","12"
"2026-04-12T16:53:33.820020Z","stability-tenant","575d7bad584bd0ebbabd4c78c3a1672d3f211a34b1e8eaf0b4c872d35a444b5b","codex","48327068e5410e0ae9e5cbeb205c759e334686883614c38ea913039c1ed23ba9","17cae6d8440d46cce458104f6fe7d70db2af5cf87dc0950cefd604914dd0b603","continuation","False","108","64","44","0.407","4","4","16","12"
"2026-04-12T16:54:03.895086Z","stability-tenant","575d7bad584bd0ebbabd4c78c3a1672d3f211a34b1e8eaf0b4c872d35a444b5b","codex","ec88bbe5d7860b511909d8efae5a8251c0c274a51c0094c62586c0686cc540c7","4c196fa7fbf5f080d940faab69ddc35458d2caae0fb2a9b0af92506a9663f228","continuation","False","108","64","44","0.407","4","4","16","12"
"2026-04-12T16:54:33.947250Z","stability-tenant","575d7bad584bd0ebbabd4c78c3a1672d3f211a34b1e8eaf0b4c872d35a444b5b","codex","2e751a426350160feacc37cc3b062e0a24bf729fa41bb67f4d7430dae9c86c2d","0b7609eb7c3b7a9b819938e21aabb4ee8945576b8b0e9b02ec78f4564c3b9bb0","continuation","False","108","64","44","0.407","4","4","16","12"
"2026-04-12T16:55:04.007389Z","stability-tenant","575d7bad584bd0ebbabd4c78c3a1672d3f211a34b1e8eaf0b4c872d35a444b5b","codex","bdae70c387d928400b4239f17f785153cfce6a023d8eea1ee22844ba093f82e3","f9fe34b9816ab51207af38c599d340816aa4b1a2f8d852d079d6538df38259d0","continuation","False","108","64","44","0.407","4","4","16","12"
"2026-04-12T16:55:34.070835Z","stability-tenant","575d7bad584bd0ebbabd4c78c3a1672d3f211a34b1e8eaf0b4c872d35a444b5b","codex","87dd65b12d8ebd55635f6139b707d24b05b6398415f912fc604c66621d922911","a840e1714ea7cee9a9eb6ad0b8f15032e06cd6ae98febcc4c602b01741c7feb5","continuation","False","108","64","44","0.407","4","4","16","12"
"2026-04-12T16:56:04.133687Z","stability-tenant","575d7bad584bd0ebbabd4c78c3a1672d3f211a34b1e8eaf0b4c872d35a444b5b","codex","7b7e439d24502bf99d1ddbb362f2f6c045275b43d48aabd065ba0da73492d11b","1ca8de9634e938952dcfa6f55093b6be38354ff5ebb22360bbaff4b6834905a2","continuation","False","108","64","44","0.407","4","4","16","12"
"2026-04-12T16:56:34.193525Z","stability-tenant","575d7bad584bd0ebbabd4c78c3a1672d3f211a34b1e8eaf0b4c872d35a444b5b","codex","4c785a2ed4b422babf71ef81a261d9b9f035c78b54b9330bc23c49fd39e3b78d","362531521bb58f3013ed9106f21aaea655078d3dc223cec95b5eb45a4f24b20f","continuation","False","108","64","44","0.407","4","4","16","12"
"2026-04-12T16:57:04.273531Z","stability-tenant","575d7bad584bd0ebbabd4c78c3a1672d3f211a34b1e8eaf0b4c872d35a444b5b","codex","16b1d52c5cf70ca05925b9311c859dc756c459101b28511e4432f5b097d169e4","b3f4c752faf07753e683e642bc5371614473c4d277a286d4226263f98e0a80de","continuation","False","108","64","44","0.407","4","4","16","12"
"2026-04-12T16:57:34.352152Z","stability-tenant","575d7bad584bd0ebbabd4c78c3a1672d3f211a34b1e8eaf0b4c872d35a444b5b","codex","0905a8e727a7b3c35271290d6bfec214a736009d2b3bd18cabfe50e0a1c9d1dc","82d17912257b146547b64ba6212d558b02e1e4d5b8aff5596c52511b6fd4a0af","continuation","False","108","64","44","0.407","4","4","16","12"
"2026-04-12T16:58:04.422572Z","stability-tenant","575d7bad584bd0ebbabd4c78c3a1672d3f211a34b1e8eaf0b4c872d35a444b5b","codex","33f5dc9cefb37bef09d76685a3a43d07406e452b42d26168d9126d3fc88a843e","b5d3ccf7c13a8feda46b9a7a2b342dfbd7e06923d3f8121f335be8c6d8cf0e97","continuation","False","108","64","44","0.407","4","4","16","12"
"2026-04-12T16:58:34.496202Z","stability-tenant","575d7bad584bd0ebbabd4c78c3a1672d3f211a34b1e8eaf0b4c872d35a444b5b","codex","a6d7d26db63ac6fd09b431b98f988a687c80657af5f045728c42164d1f0250e4","617887e7651be9d429196016c8ad80c5e948a2fff3d10b76cac8e1773a68f9fa","continuation","False","108","64","44","0.407","4","4","16","12"
"2026-04-12T16:59:04.560779Z","stability-tenant","575d7bad584bd0ebbabd4c78c3a1672d3f211a34b1e8eaf0b4c872d35a444b5b","codex","139680fa9b74e7e0c756540d7e7f2fba2dde283cb6f570ead5cb3d28d4fa5987","de481a5971118c2075eeaf885be0311e7f96106965c0dcff613cdf1ac7940378","continuation","False","108","64","44","0.407","4","4","16","12"
"2026-04-12T16:59:34.620584Z","stability-tenant","575d7bad584bd0ebbabd4c78c3a1672d3f211a34b1e8eaf0b4c872d35a444b5b","codex","2b181b7df1fe16c96c664421e966961aa7baa9d8b234f264602469c71b48a29f","593f4dfb37b81fc25fedc6cc0c2260cd032e364c62e523abcf086310ef6d9062","continuation","False","108","64","44","0.407","4","4","16","12"
"2026-04-12T17:00:04.699442Z","stability-tenant","575d7bad584bd0ebbabd4c78c3a1672d3f211a34b1e8eaf0b4c872d35a444b5b","codex","fd9aefd13513420e2ef718edaa3d93e8d8e777cc7254749e7804c79307364711","17a5fd0f2bb2cc3d547cfdc44490c599775eb527df649b614b2fa3aacae8129f","continuation","False","108","64","44","0.407","4","4","16","12"
"2026-04-12T17:00:34.788369Z","stability-tenant","575d7bad584bd0ebbabd4c78c3a1672d3f211a34b1e8eaf0b4c872d35a444b5b","codex","f44215f405bb92872e162355ac32113c4631ad6bdd3ef85118d4bcd1294fbbe8","9a6bcc2b260a446562126c17e938f07b7c16a9f59bf8d370b4b61e6b8ddacfef","continuation","False","108","64","44","0.407","4","4","16","12"
"2026-04-12T17:01:04.843582Z","stability-tenant","575d7bad584bd0ebbabd4c78c3a1672d3f211a34b1e8eaf0b4c872d35a444b5b","codex","a78b316ddc278e01097ca455431cc1514b7128f164090f50d590e65b87780acf","5eb2eccc4b04e64d683cde5cb056c37cbfcaabd6a831f3d5381ac0d228cb0372","continuation","False","108","64","44","0.407","4","4","16","12"
"2026-04-12T17:01:34.944240Z","stability-tenant","575d7bad584bd0ebbabd4c78c3a1672d3f211a34b1e8eaf0b4c872d35a444b5b","codex","cbe3934dc7d73062a251f5fb84b913e93c322abbe8db3826663d202a782ae7f3","5e664d6001730763bc45da47cfc9c7b27bc01391e5c74d69dcaea29cc688c20b","continuation","False","108","64","44","0.407","4","4","16","12"
"2026-04-12T17:02:05.021983Z","stability-tenant","575d7bad584bd0ebbabd4c78c3a1672d3f211a34b1e8eaf0b4c872d35a444b5b","codex","42601f948196d1382a04d2f605fa4a25b61a72b6986b43dc68ca3074cc12780a","e111b95fa086f362f33dfe07f6a41a79317451625c4d3bdd2c685a1322ff1710","continuation","False","108","64","44","0.407","4","4","16","12"
"2026-04-12T17:02:35.100459Z","stability-tenant","575d7bad584bd0ebbabd4c78c3a1672d3f211a34b1e8eaf0b4c872d35a444b5b","codex","0e1abede8453b28c4f49a04d464e9da50c7381aff2bec7b1ef142f6784cec4a3","e6d1b5ca9ebe45937f0d124250c65ea51a36b15f9cbf2a5729bf911fc505cbd3","continuation","False","108","64","44","0.407","4","4","16","12"
"2026-04-12T17:03:05.164727Z","stability-tenant","575d7bad584bd0ebbabd4c78c3a1672d3f211a34b1e8eaf0b4c872d35a444b5b","codex","e942553f55ea6c449718f24a62cad8c38d9e385d3312cf4657b7fa24498709d9","6e0bdaa73f002caeec21a63c853d6551230f760460f54b25ee4417177c0ea160","continuation","False","108","64","44","0.407","4","4","16","12"
"2026-04-12T17:03:35.230458Z","stability-tenant","575d7bad584bd0ebbabd4c78c3a1672d3f211a34b1e8eaf0b4c872d35a444b5b","codex","26cb8980999c54dfca20f384cf1a1cb41b8374c5eb1846040f30644a5129dfdd","b2224fac190bfc559a939d9200e60ff6be7dad5d72e8eb81fff426798067e1bb","continuation","False","108","64","44","0.407","4","4","16","12"
"2026-04-12T17:04:05.285895Z","stability-tenant","575d7bad584bd0ebbabd4c78c3a1672d3f211a34b1e8eaf0b4c872d35a444b5b","codex","cf4d556c73525d19ea88bf5fc81e03d2ceb36b7b03d6233282027882bc5ccdc3","41c62e4599b4c999df9f837ad097c2a5f65f9715ecc71554222942dabe5e061e","continuation","False","108","64","44","0.407","4","4","16","12"
"2026-04-12T17:04:35.338686Z","stability-tenant","575d7bad584bd0ebbabd4c78c3a1672d3f211a34b1e8eaf0b4c872d35a444b5b","codex","a33da3bb56402569181a7df312c149e2c297d42b3639d9bbf14ea5702d2a7142","f5d7bf8d113a401d9b79e3fd3be51d9035d8d3409345c25ae70037ab844ab3f4","continuation","False","108","64","44","0.407","4","4","16","12"
"2026-04-12T17:05:05.412061Z","stability-tenant","575d7bad584bd0ebbabd4c78c3a1672d3f211a34b1e8eaf0b4c872d35a444b5b","codex","d08af7ee3219ea06fca53ac80f4cbdb91615bbb01b63beee92712436bac1c2ce","9fb171f1879f4314df933fded5eb8ae7b2ce3e5acc8a1f2755d65eb7770c5400","continuation","False","108","64","44","0.407","4","4","16","12"
"2026-04-12T17:05:35.471205Z","stability-tenant","575d7bad584bd0ebbabd4c78c3a1672d3f211a34b1e8eaf0b4c872d35a444b5b","codex","6ff0ce136612833a6e2561187e479f70c9a0ecb748cb875ed68d94c90df52531","0c0726652297ea4ac7cccfb241951ae961b7fc5ec59f872676356d2f465b34ea","continuation","False","108","64","44","0.407","4","4","16","12"
"2026-04-12T17:06:05.569789Z","stability-tenant","575d7bad584bd0ebbabd4c78c3a1672d3f211a34b1e8eaf0b4c872d35a444b5b","codex","77dac02e774754c415dff52a44efc12d60c82bf776fe7fcd8df95b8e8a09b648","30b38764bedac04d6905fcdf83141399bca3db3f77ae94a8ebf275c62dc5aadd","continuation","False","108","64","44","0.407","4","4","16","12"
"2026-04-12T17:06:35.650374Z","stability-tenant","575d7bad584bd0ebbabd4c78c3a1672d3f211a34b1e8eaf0b4c872d35a444b5b","codex","dd019de3f9361e32c08ada1a0bb8d745a0f4de42b06b0b0b164359dabcf6264c","12c7df37d96b265b4aeea27cffc9727613342b3e0db90a02b174250c0b464b22","continuation","False","108","64","44","0.407","4","4","16","12"
"2026-04-12T17:07:05.727588Z","stability-tenant","575d7bad584bd0ebbabd4c78c3a1672d3f211a34b1e8eaf0b4c872d35a444b5b","codex","1606dcf05e3b63fdbe0260f5733bb19d416ae3b907ecb6be2ccae9d8cda6aed7","8bc24c6821c7463e2f08e8bbd551aae96aef0064512b3fde6cdd09d653342661","continuation","False","108","64","44","0.407","4","4","16","12"
"2026-04-12T17:07:35.804841Z","stability-tenant","575d7bad584bd0ebbabd4c78c3a1672d3f211a34b1e8eaf0b4c872d35a444b5b","codex","e4962752bfda1fafbf99269f6c84969d9e65cc86509ac43000c3110ae2c40efd","5808a7155149cca2c6c5da4a1b46c04eca479d945899c9399d905a79e893f363","continuation","False","108","64","44","0.407","4","4","16","12"
"2026-04-12T17:08:05.864066Z","stability-tenant","575d7bad584bd0ebbabd4c78c3a1672d3f211a34b1e8eaf0b4c872d35a444b5b","codex","f6d66296c9a81b583b7dd5aabfad870f548748b2dbf276ccd3c7134a8b072ee1","e369b2e3fe428bc7f6b4fcbb98edfa4c2271150f3b9421c55d48868ffdbaacb8","continuation","False","108","64","44","0.407","4","4","16","12"
"2026-04-12T17:08:35.924459Z","stability-tenant","575d7bad584bd0ebbabd4c78c3a1672d3f211a34b1e8eaf0b4c872d35a444b5b","codex","e6e461da79da2ff48b7c851970b1e87d95cf25a62a3ea7699c99f600be2df69e","9726f39970842d2dcef6ee235b6df1313ec76d4c03a947b788ecafaf1fafae89","continuation","False","108","64","44","0.407","4","4","16","12"
"2026-04-12T17:09:05.995650Z","stability-tenant","575d7bad584bd0ebbabd4c78c3a1672d3f211a34b1e8eaf0b4c872d35a444b5b","codex","400436df32526b722c42b729c3684b482dada5ef26ac16673fc072ca39e54bc2","5281c4b509d0aa0aa5a6f565c0917e45324f2b7b5c40ac4a2731253f8588302d","continuation","False","108","64","44","0.407","4","4","16","12"
"2026-04-12T17:09:36.065997Z","stability-tenant","575d7bad584bd0ebbabd4c78c3a1672d3f211a34b1e8eaf0b4c872d35a444b5b","codex","fc000a508c92ab517784bb2ea8652a8b9119a6888cae4ae1da1c815a15f26a83","5e5602a7365929da2e137ba782cb547e226177a1fa82e06c1486583651ba5404","continuation","False","108","64","44","0.407","4","4","16","12"
"2026-04-12T17:10:06.134190Z","stability-tenant","575d7bad584bd0ebbabd4c78c3a1672d3f211a34b1e8eaf0b4c872d35a444b5b","codex","4bef4a66dfc9f4078b661288ffe114b2cfd89992cf3e96e80c3a008619e946a0","f72fb7488aaff67b43ca505d4c4ab1ef339289c753f492c4d0003fddf675a47a","continuation","False","108","64","44","0.407","4","4","16","12"
"2026-04-12T17:10:36.213060Z","stability-tenant","575d7bad584bd0ebbabd4c78c3a1672d3f211a34b1e8eaf0b4c872d35a444b5b","codex","38c7f64a1a303550eeb197681937160f776faa7f2aefd78a32984878b54ecaad","19735f9e53b23e6cb4b949830366bdc790c64de569b7feb8a61d1e6f18ca0680","continuation","False","108","64","44","0.407","4","4","16","12"
"2026-04-12T17:11:06.263799Z","stability-tenant","575d7bad584bd0ebbabd4c78c3a1672d3f211a34b1e8eaf0b4c872d35a444b5b","codex","6fe846f8afbdb54a9e2b549a087761f95ead149e465e41a92abee1cd8456c472","0e4de6c8e8163c07ceb0811ccd45f4e9a09f4e623e25168f6a625371b98103b5","continuation","False","108","64","44","0.407","4","4","16","12"
"2026-04-12T17:11:36.334144Z","stability-tenant","575d7bad584bd0ebbabd4c78c3a1672d3f211a34b1e8eaf0b4c872d35a444b5b","codex","169826a7da7b28bede1c5acc8cf9d87a06eca57db51b350880d7296e1d4e9f7a","462be071343601fc5a29332dee04c3675cf68bf413ac06153bb3f1c07f020fe4","continuation","False","108","64","44","0.407","4","4","16","12"
"2026-04-12T17:12:06.401612Z","stability-tenant","575d7bad584bd0ebbabd4c78c3a1672d3f211a34b1e8eaf0b4c872d35a444b5b","codex","468d5a16c11c0392ce556fc666978dbd14cda5f59a0d29b56c94a8df5f8f54c5","d219ae754bdb2e012f809328a5eba274dab9c73b481a2fd13f732550357a42db","continuation","False","108","64","44","0.407","4","4","16","12"
"2026-04-12T17:12:36.465064Z","stability-tenant","575d7bad584bd0ebbabd4c78c3a1672d3f211a34b1e8eaf0b4c872d35a444b5b","codex","bcb183909d7bcf3076755c59f86ebf053d8bbcddfc9dcd60d8eff05ce458293c","d1360171c7a23f9c356bcde66c9c036778c26071c3319dbd1667b6846aaea455","continuation","False","108","64","44","0.407","4","4","16","12"
"2026-04-12T17:13:06.527813Z","stability-tenant","575d7bad584bd0ebbabd4c78c3a1672d3f211a34b1e8eaf0b4c872d35a444b5b","codex","f1fe6fb24eff67a79c7036cf5016ff81213efa715b0dda8b7565c714d709ec49","1eaedee4e3c62e07fae465150c3df63c16cdb3c709df3109ad6a6ede6f18982c","continuation","False","108","64","44","0.407","4","4","16","12"
"2026-04-12T17:13:36.583936Z","stability-tenant","575d7bad584bd0ebbabd4c78c3a1672d3f211a34b1e8eaf0b4c872d35a444b5b","codex","75d82131301ff99faec7afeb5e41dc17aa1be15d5e84c70c1590b81bc09935fd","8420007ecc352cc462086210940834dccc01fa078d4ff3689225d764c1759858","continuation","False","108","64","44","0.407","4","4","16","12"
"2026-04-12T17:14:06.633333Z","stability-tenant","575d7bad584bd0ebbabd4c78c3a1672d3f211a34b1e8eaf0b4c872d35a444b5b","codex","9f820c9627838fc500b4a38146f3375e24e4c909a35ea102aa74ea4b4c2da26e","6cdf66f0e22992d042321dfd81cf00c8d56f0da8973b0015f24cae0b534fe067","continuation","False","108","64","44","0.407","4","4","16","12"
"2026-04-12T17:14:36.696607Z","stability-tenant","575d7bad584bd0ebbabd4c78c3a1672d3f211a34b1e8eaf0b4c872d35a444b5b","codex","2f3cca8ce130e8cd9d88fd91431d6165920181f706233cbe7e6ddc4705f9977e","4ae8608fa126cf7122b828718c1224e5bcde93f93305d6923b1bf1191c0d4325","continuation","False","108","64","44","0.407","4","4","16","12"
"2026-04-12T17:15:06.773924Z","stability-tenant","575d7bad584bd0ebbabd4c78c3a1672d3f211a34b1e8eaf0b4c872d35a444b5b","codex","25f8771dfeaf280676d37e6a6b326d12fd9b55bb698a26445be1fcb9142549d7","17443bfdecb6e6b31d2bcd5b9bc58ded565f49d19a399f00a246fa97fa8e9e8d","continuation","False","108","64","44","0.407","4","4","16","12"
"2026-04-12T17:15:36.831997Z","stability-tenant","575d7bad584bd0ebbabd4c78c3a1672d3f211a34b1e8eaf0b4c872d35a444b5b","codex","ed54f46ee02d42b7d225afc42d7f1663003ac3b8b6e95ab98c87f70cf4e168db","9cd7e259b9606ceb6d86d92786a0c557989c57f16e9136d909309d448b6156d9","continuation","False","108","64","44","0.407","4","4","16","12"
"2026-04-12T17:16:06.902952Z","stability-tenant","575d7bad584bd0ebbabd4c78c3a1672d3f211a34b1e8eaf0b4c872d35a444b5b","codex","fb11c2a43891f89d274c754a425e3230c978e6d802d80a63bd2d12690feff0ed","0d7a867261ef22843881f209678978be46ebef57b1dd371c8d471bfa6688420e","continuation","False","108","64","44","0.407","4","4","16","12"
"2026-04-12T17:16:36.964517Z","stability-tenant","575d7bad584bd0ebbabd4c78c3a1672d3f211a34b1e8eaf0b4c872d35a444b5b","codex","d61c59e07ace67aa829a391a7cf864b97d1aec4f63211605c69d4e44ed06ee1f","3db7f0300f7ca6965cd0a4177fdaf5f41f9ed6e67c662c118693c85258412c89","continuation","False","108","64","44","0.407","4","4","16","12"
"2026-04-12T17:17:07.057197Z","stability-tenant","575d7bad584bd0ebbabd4c78c3a1672d3f211a34b1e8eaf0b4c872d35a444b5b","codex","f57c4e1ffaad8d7061c4ced061fcf9b6b8a7939389713d1e41d6ed6403fff227","062a36e4727a3327172bc55f767bbda19ea5f49a0dde2fbfc2bb1ea9d1811876","continuation","False","108","64","44","0.407","4","4","16","12"
"2026-04-12T17:17:37.132403Z","stability-tenant","575d7bad584bd0ebbabd4c78c3a1672d3f211a34b1e8eaf0b4c872d35a444b5b","codex","aa6f87443b46033e54ee7c55290632c8bba5c6ee658e5490ac06ca7c0e010a6a","62ab42bdf45c54fb864f1b47ef8ce2689077d8227fe9c1d64fd569cac3260472","continuation","False","108","64","44","0.407","4","4","16","12"
"2026-04-12T17:18:07.221949Z","stability-tenant","575d7bad584bd0ebbabd4c78c3a1672d3f211a34b1e8eaf0b4c872d35a444b5b","codex","145e51862cef02c1b5be63e54d0c78da69e4fa12cc5a6873ac5222d1ac4d353c","a4b0c29df2d3bb155efd3bae498fe2b9a2b79f8684db880eec3d171901f382c4","continuation","False","108","64","44","0.407","4","4","16","12"
"2026-04-12T17:18:37.276160Z","stability-tenant","575d7bad584bd0ebbabd4c78c3a1672d3f211a34b1e8eaf0b4c872d35a444b5b","codex","68cbef73eecd5da8f62571800ef811daf10c9061b8ea63f965663eedc7453281","2193de43c80dc04e604957140e92a8352d2d464664d88928c38b5695510c5b26","continuation","False","108","64","44","0.407","4","4","16","12"
"2026-04-12T17:19:07.341643Z","stability-tenant","575d7bad584bd0ebbabd4c78c3a1672d3f211a34b1e8eaf0b4c872d35a444b5b","codex","822dbd5f27423eccfd5f93e2c6dfa56179dc5823bfb81cf3b4094d6db72ca997","3abd9f52da15cdae5f6fb8f46495e0e3c344de32cba60abd979978656e6c0b19","continuation","False","108","64","44","0.407","4","4","16","12"
"2026-04-12T17:19:37.396588Z","stability-tenant","575d7bad584bd0ebbabd4c78c3a1672d3f211a34b1e8eaf0b4c872d35a444b5b","codex","0c159bfcc51684c1ae97a8e458e5bb068903e67d8c37111a91ec6d61eddf83b5","880bba09ef4d484e8147ec1f78c717ac171bd7b5e716947426832de1181bb854","continuation","False","108","64","44","0.407","4","4","16","12"
"2026-04-12T17:20:07.471081Z","stability-tenant","575d7bad584bd0ebbabd4c78c3a1672d3f211a34b1e8eaf0b4c872d35a444b5b","codex","87e0105287e8ecf297b84b91b216838bceb5055efc49519c3dbe6adfc7204e80","6c0d03e29d4b22564ba51a9f35a1e60303e565c172fe484f2f57efa4c51214d8","continuation","False","108","64","44","0.407","4","4","16","12"
"2026-04-12T17:20:37.544414Z","stability-tenant","575d7bad584bd0ebbabd4c78c3a1672d3f211a34b1e8eaf0b4c872d35a444b5b","codex","9fc199a81e5c1c6cc62078e0579fb7a41c63880effb51da9ee8c0b695466a961","9524c90c548590a6827b487e912ec00c68084ec00bee4b67c8859a4b2b133074","continuation","False","108","64","44","0.407","4","4","16","12"
"2026-04-12T17:21:07.631115Z","stability-tenant","575d7bad584bd0ebbabd4c78c3a1672d3f211a34b1e8eaf0b4c872d35a444b5b","codex","2038238535549105d31682eaa85a5217d720ca0e27df15646ce9466a45bab37f","dfed65d87f2ee7569170e0b50cc239c1d8e464f73329839ddb5d6250eb9ffd58","continuation","False","108","64","44","0.407","4","4","16","12"
"2026-04-12T17:21:37.700830Z","stability-tenant","575d7bad584bd0ebbabd4c78c3a1672d3f211a34b1e8eaf0b4c872d35a444b5b","codex","662772acb005b2e324ed1d7f1368ac00f5e473b791f2ce8a2da337a28cab21ce","adef3f64be767c20286570c4c3b2db89925000b106dc24a8772b982bafaa978d","continuation","False","108","64","44","0.407","4","4","16","12"
"2026-04-12T17:22:07.777020Z","stability-tenant","575d7bad584bd0ebbabd4c78c3a1672d3f211a34b1e8eaf0b4c872d35a444b5b","codex","623f698ff4b2e51188e7b4f752e00df246fb1b9dbecb6b5924b0eb4701ea6981","7aa50d87bd08acb208b04a1bbd03e312766036e4905598a1492bfb44b8a9c2f4","continuation","False","108","64","44","0.407","4","4","16","12"
"2026-04-12T17:22:37.836282Z","stability-tenant","575d7bad584bd0ebbabd4c78c3a1672d3f211a34b1e8eaf0b4c872d35a444b5b","codex","9c44107e625300bef0b8e5cfb36fa844b5d784cd4d6d73266c1f754ec21548ac","2488a9bb84ccaf53adc5f988b1d00baf304bc7ac07e8393cd02e4bb2ecfe22cc","continuation","False","108","64","44","0.407","4","4","16","12"
"2026-04-12T17:23:07.913700Z","stability-tenant","575d7bad584bd0ebbabd4c78c3a1672d3f211a34b1e8eaf0b4c872d35a444b5b","codex","7ffbcc1d8f84588e29da3cb115a05baf4c8098060cb02aa3defd6a4d5f44acba","19540c8f91f9bc5996cdcec78817792e82efad6938740e57b83b463181f05311","continuation","False","108","64","44","0.407","4","4","16","12"
"2026-04-12T17:23:37.991594Z","stability-tenant","575d7bad584bd0ebbabd4c78c3a1672d3f211a34b1e8eaf0b4c872d35a444b5b","codex","a69c066da94f034c10a635596763ff39a4ac5268d7da160ed8e004588d3b3f51","f8d01cb6f44979e8c664ad893443aa8c00f35754c86ad5c19002eb6f007a639d","continuation","False","108","64","44","0.407","4","4","16","12"
"2026-04-12T17:24:08.075336Z","stability-tenant","575d7bad584bd0ebbabd4c78c3a1672d3f211a34b1e8eaf0b4c872d35a444b5b","codex","2e7edbd01cbe513715724096b333e19b7c3a2bc07a2fc28e6abb293f0b482343","47f48fba26c92e2dde707aa82ae47541ee237d7b7da6e2bbb659848c109daec9","continuation","False","108","64","44","0.407","4","4","16","12"
"2026-04-12T17:24:38.123394Z","stability-tenant","575d7bad584bd0ebbabd4c78c3a1672d3f211a34b1e8eaf0b4c872d35a444b5b","codex","8dd680b65b1391535b81f0aad6c68ef46ccdf7cfc8e9a09203fbd8c2c6b12431","776e9484416679ba2fdf2d1e053a29f22b2984475dcac3416c4ce3c8864e7c66","continuation","False","108","64","44","0.407","4","4","16","12"
"2026-04-12T17:25:08.198735Z","stability-tenant","575d7bad584bd0ebbabd4c78c3a1672d3f211a34b1e8eaf0b4c872d35a444b5b","codex","2ffa0c773dd5c6628630b11510ed79661ccf8d6fc652b56db28dbe6d966a4bac","bd05ca2aa5f98fde30b899a2f67149789d775fa65379251ef49695da7ded5ea9","continuation","False","108","64","44","0.407","4","4","16","12"
"2026-04-12T17:25:38.290461Z","stability-tenant","575d7bad584bd0ebbabd4c78c3a1672d3f211a34b1e8eaf0b4c872d35a444b5b","codex","43809d9d391f5de552da36e8ffb518b2761e9a3304c7acaef58e92b7ea752212","8c76278e9a539a823092f466283ee86df47e67e0da3609de7778fc3c946bf271","continuation","False","108","64","44","0.407","4","4","16","12"
"2026-04-12T17:26:08.375830Z","stability-tenant","575d7bad584bd0ebbabd4c78c3a1672d3f211a34b1e8eaf0b4c872d35a444b5b","codex","1301b90e579a7b438b4041b3877470bb4dca1845f15d159df08c3c221cdd0fa9","658b6f41ac72b0ce8bd28676dd08c4c40a48539cf66504d6df12d0164cc62b2d","continuation","False","108","64","44","0.407","4","4","16","12"
"2026-04-12T17:26:38.448188Z","stability-tenant","575d7bad584bd0ebbabd4c78c3a1672d3f211a34b1e8eaf0b4c872d35a444b5b","codex","065074a3452ff8f829493564a20a802ac80505f62ec89e4c781d5059ee41475d","4be10099fc28def3dae038adeb5f661bd2f10ef958f6bddcd5041deec2cb28fb","continuation","False","108","64","44","0.407","4","4","16","12"
"2026-04-12T17:27:08.528334Z","stability-tenant","575d7bad584bd0ebbabd4c78c3a1672d3f211a34b1e8eaf0b4c872d35a444b5b","codex","072e0af2abf2e50499da268435453e52763b8ae55f65f995734907a148dbb12b","015a14e10f11d849d11684ad334996a23aca3cf3a8af9fbbb540f95cc5223357","continuation","False","108","64","44","0.407","4","4","16","12"
"2026-04-12T17:27:38.602742Z","stability-tenant","575d7bad584bd0ebbabd4c78c3a1672d3f211a34b1e8eaf0b4c872d35a444b5b","codex","18b4153f3305432e53245e5c5d9dc70a3a05dfe4761d6d592c802655cc5954e5","1c4b7da0777a45be21197cf2d6d8858be5336119155c306f6a2e9e9a83373886","continuation","False","108","64","44","0.407","4","4","16","12"
"2026-04-12T17:28:08.679996Z","stability-tenant","575d7bad584bd0ebbabd4c78c3a1672d3f211a34b1e8eaf0b4c872d35a444b5b","codex","5a90a64bcdc3dcacb59240a601ecf1ba1dcdb531fe7bbe6f915e541e536b1c5a","b22e4f37ee3f83fac141a65c180b2ee2b11b1e6ee4a8eda5ff4108eb9ffdac8b","continuation","False","108","64","44","0.407","4","4","16","12"
"2026-04-12T17:28:38.757801Z","stability-tenant","575d7bad584bd0ebbabd4c78c3a1672d3f211a34b1e8eaf0b4c872d35a444b5b","codex","b5fa0c6e07bc083ea6e0411de7db3c064a892423265cfe82ab31104ca46ebcb7","77939d9a8b964add47d20bf6f24b627a27bdbb0c1fe34c1ff2a09aeeaa217e86","continuation","False","108","64","44","0.407","4","4","16","12"
"2026-04-12T17:29:08.830490Z","stability-tenant","575d7bad584bd0ebbabd4c78c3a1672d3f211a34b1e8eaf0b4c872d35a444b5b","codex","038ebc8caf50daf3289d1f9a74d4881edf31322fffc71f4d1d6ce1002f8abf75","69b1d3d139b6c02a05119b7ec32b774022c7255acf40e035e454a5f3beae0d5a","continuation","False","108","64","44","0.407","4","4","16","12"
"2026-04-12T17:29:38.909477Z","stability-tenant","575d7bad584bd0ebbabd4c78c3a1672d3f211a34b1e8eaf0b4c872d35a444b5b","codex","f0ec0392d4efc6ae0f8c414272e06a924431c3677eaa196425e99457ac3f21fa","b25ca8677ab12f3d748948ba6ba0d0987afac90ebab34b3dbd49e67bbaaf85f1","continuation","False","108","64","44","0.407","4","4","16","12"
"2026-04-12T17:30:09.004346Z","stability-tenant","575d7bad584bd0ebbabd4c78c3a1672d3f211a34b1e8eaf0b4c872d35a444b5b","codex","73f4090bdea923c47c91dc39f2b0acd986622404cd4b2aa62025e48c80deb9b0","7bc7f7713561f6c85152d23e7d3186bd3fd6ca31439d0b8b5123d295875763b5","continuation","False","108","64","44","0.407","4","4","16","12"
"2026-04-12T17:30:39.079159Z","stability-tenant","575d7bad584bd0ebbabd4c78c3a1672d3f211a34b1e8eaf0b4c872d35a444b5b","codex","5a108dcf3cf7517c0b684d527cecd18267fa0e7fd2d8f31260201a054675ed06","5f51d6d4470d4b29e7c1d72daf848eda24fc2d805357b999ab8a7216f632a8e3","continuation","False","108","64","44","0.407","4","4","16","12"
"2026-04-12T17:31:09.163868Z","stability-tenant","575d7bad584bd0ebbabd4c78c3a1672d3f211a34b1e8eaf0b4c872d35a444b5b","codex","aa34ce176d88edff445bf3128e6455bb14fbcda107c24dbd75218c70d5fa3c14","fdfb7f67d06f9270e6476a962ecce078769daa676199a729645450321442e001","continuation","False","108","64","44","0.407","4","4","16","12"
"2026-04-12T17:31:39.244364Z","stability-tenant","575d7bad584bd0ebbabd4c78c3a1672d3f211a34b1e8eaf0b4c872d35a444b5b","codex","24a1868990b3d6fc8008ad1dc1777ae7523b9162f206cf2bda2e3945bf71253d","9f31ce5c484318b394e17f48345a8859daafe62972448b56b90889171a5e8913","continuation","False","108","64","44","0.407","4","4","16","12"
"2026-04-12T17:32:09.320295Z","stability-tenant","575d7bad584bd0ebbabd4c78c3a1672d3f211a34b1e8eaf0b4c872d35a444b5b","codex","bd3a69345144d40df9a12017ab85ddf2ca34b2f2c71e4f24cbad08292803cc31","56a03ac4a2061db99ff5ffddd3f4f5c5db1560b44a7af93a00d360481f91d3f7","continuation","False","108","64","44","0.407","4","4","16","12"
"2026-04-12T17:32:39.382354Z","stability-tenant","575d7bad584bd0ebbabd4c78c3a1672d3f211a34b1e8eaf0b4c872d35a444b5b","codex","df312d28ac4b200b9dc565adeac7048ab4e7d41390d95749cc4c282a469e8eb6","9307ed5f0c4ac66f4d46c596e79fcc63d2ef236e5e2cab1f80c4beef573da653","continuation","False","108","64","44","0.407","4","4","16","12"
"2026-04-12T17:33:09.483589Z","stability-tenant","575d7bad584bd0ebbabd4c78c3a1672d3f211a34b1e8eaf0b4c872d35a444b5b","codex","7fd6503aab3231e8ce87532e9f41ae73c2894256bcdeb233e179176108b2d4db","6857ad201832a60f09c657e0d3ed6ef13feeb64c331ccb2ae59f3d0038c2da5f","continuation","False","108","64","44","0.407","4","4","16","12"
"2026-04-12T17:33:39.548634Z","stability-tenant","575d7bad584bd0ebbabd4c78c3a1672d3f211a34b1e8eaf0b4c872d35a444b5b","codex","75ec3d2565035ab0eb06d7299b5083331df31fb86f3fc6d8a9aea9bed22ad26a","7487c926dd44aa8582fb6d90726911890962c3163b1016fa18c1a042cbd648e7","continuation","False","108","64","44","0.407","4","4","16","12"
"2026-04-12T17:34:09.640964Z","stability-tenant","575d7bad584bd0ebbabd4c78c3a1672d3f211a34b1e8eaf0b4c872d35a444b5b","codex","d5d6204830a87115c53015d38a9badbd1eef17d54231f67a92bae2bcde43e557","3d5ca6c670743bd18ab69f1666328ccb383c012a73605f67827bb58b022a0cb8","continuation","False","108","64","44","0.407","4","4","16","12"
"2026-04-12T17:34:39.719423Z","stability-tenant","575d7bad584bd0ebbabd4c78c3a1672d3f211a34b1e8eaf0b4c872d35a444b5b","codex","65901baf1915fb1251bfda7933539d47dbfe8b4a718df2cd543d88da7a6a9444","c26814c49645d0e8629e8e2df246fcbfbaebb14ceafb442c27585c4f77fb3290","continuation","False","108","64","44","0.407","4","4","16","12"
"2026-04-12T17:35:09.807731Z","stability-tenant","575d7bad584bd0ebbabd4c78c3a1672d3f211a34b1e8eaf0b4c872d35a444b5b","codex","7e2af6f46d40e8a9cdd1d1cbb5f625657f0f9db3232880e7a4ed088cfec9d855","91d7277b4c2310912af24c4282ef6d60b95c854598fff1e5aaf76270bce3e0ee","continuation","False","108","64","44","0.407","4","4","16","12"
"2026-04-12T17:35:39.879087Z","stability-tenant","575d7bad584bd0ebbabd4c78c3a1672d3f211a34b1e8eaf0b4c872d35a444b5b","codex","43b38383b42a990b6958cb8d0552884ce10cc16796a1d18a76cdb745208ead8f","a1462a0b083512cdb440b5dadac60e31ad192b2a0a8eb1fd704b8a5b80d4fc5b","continuation","False","108","64","44","0.407","4","4","16","12"
"2026-04-12T17:36:09.963739Z","stability-tenant","575d7bad584bd0ebbabd4c78c3a1672d3f211a34b1e8eaf0b4c872d35a444b5b","codex","12d73141d2a17f646bb995c45e334862c6eed73ad94c3ffc881d748b73d43702","a1787e6e2111987dad709bd348c986c39dd6c13a6ccddaa4c6974aebb225be1e","continuation","False","108","64","44","0.407","4","4","16","12"
"2026-04-12T17:36:40.031760Z","stability-tenant","575d7bad584bd0ebbabd4c78c3a1672d3f211a34b1e8eaf0b4c872d35a444b5b","codex","7905179bfd5bca6025cb7b0d56027fb3b28a318c7d7b85abd72fea39ff3ee283","e34827e6d23e8f7a739a012af55fe757a5bc5c8349239687acaa6ee493cd491a","continuation","False","108","64","44","0.407","4","4","16","12"
"2026-04-12T17:37:10.111853Z","stability-tenant","575d7bad584bd0ebbabd4c78c3a1672d3f211a34b1e8eaf0b4c872d35a444b5b","codex","843c00630eaf0e747c5a75444949c57688e68b4eb7fe37ad12215a7c09e32f31","7436d673553e44269454ea35577ae399ffbe28399e826bc7759ea0fa77c605b0","continuation","False","108","64","44","0.407","4","4","16","12"
"2026-04-12T17:37:40.154914Z","stability-tenant","575d7bad584bd0ebbabd4c78c3a1672d3f211a34b1e8eaf0b4c872d35a444b5b","codex","6ce7ffaeeda49344da272d1fcc406a6de49cc0ec95f2cc1add5edd19c0a6283f","ed8e58015638179e4d6c41666c507aeca18c322520e5542e094c953ec7f62c45","continuation","False","108","64","44","0.407","4","4","16","12"
"2026-04-12T17:38:10.249452Z","stability-tenant","575d7bad584bd0ebbabd4c78c3a1672d3f211a34b1e8eaf0b4c872d35a444b5b","codex","3fe1cd2e59bba6bff22091c71a8ebe80f66cd59573043eb041877a4938defb66","79e119ea6bd2f63fe6638d975676b30041db68c2275b4da4248caa970f0f9cb6","continuation","False","108","64","44","0.407","4","4","16","12"
"2026-04-12T17:38:40.318558Z","stability-tenant","575d7bad584bd0ebbabd4c78c3a1672d3f211a34b1e8eaf0b4c872d35a444b5b","codex","1d2c91d080e0ce574978b79291dd0271e2fd9a715b85511c68ac265ae8186930","b5ab513677e40fd7a37f4d28823b4c249b5e49f8b15163bfe8c128f039d97f55","continuation","False","108","64","44","0.407","4","4","16","12"
"2026-04-12T17:39:10.416938Z","stability-tenant","575d7bad584bd0ebbabd4c78c3a1672d3f211a34b1e8eaf0b4c872d35a444b5b","codex","219c4edb08aa34035b2e7d23c595b40bd47d6ab1d8a8f9f67941f723c2300ac4","9a2c71534a5e604dfc425d5284c72e760706e249328a5c9aeacbdf9a3123c512","continuation","False","108","64","44","0.407","4","4","16","12"
"2026-04-12T17:39:40.484023Z","stability-tenant","575d7bad584bd0ebbabd4c78c3a1672d3f211a34b1e8eaf0b4c872d35a444b5b","codex","0a3d2d14b82c8ae9234dee9317639f90505f2bf71f9b25af54bb38d2380d6a81","a207aca897c66a2ffc3d3777558444fb13a198da9ab60d7e4e75167d315d13a6","continuation","False","108","64","44","0.407","4","4","16","12"
"2026-04-12T17:40:10.558019Z","stability-tenant","575d7bad584bd0ebbabd4c78c3a1672d3f211a34b1e8eaf0b4c872d35a444b5b","codex","29f8c101380f3c02b02c5499b52943ec8c253faa1b92a80a54d6b21b362bba31","af24dbabc45f7e2d3786fc1a31d86cbcc904b04e84031e9be7649a520e101d28","continuation","False","108","64","44","0.407","4","4","16","12"
"2026-04-12T17:40:40.638418Z","stability-tenant","575d7bad584bd0ebbabd4c78c3a1672d3f211a34b1e8eaf0b4c872d35a444b5b","codex","bf7b1cb6aa57555cb94b3a3733e08252c0d881642878d7fb4922c8a18bf16663","29fc38ec3d5adee9887dfcb4603acdcbf557b746dabd35818d399dd3f9b4a2d0","continuation","False","108","64","44","0.407","4","4","16","12"
"2026-04-12T17:41:10.741757Z","stability-tenant","575d7bad584bd0ebbabd4c78c3a1672d3f211a34b1e8eaf0b4c872d35a444b5b","codex","e4efa467d822a5167a59bf9fa3c827d7b45ca75c8d38957c1992e515ad3a3e47","673292ce51f74fab7b2785ade678711737be1511d206dbe8ad22908f17a9d404","continuation","False","108","64","44","0.407","4","4","16","12"
"2026-04-12T17:41:40.814043Z","stability-tenant","575d7bad584bd0ebbabd4c78c3a1672d3f211a34b1e8eaf0b4c872d35a444b5b","codex","ab0dae2b59b18a58f0796ededc5085567a2dd5b08ad759e5532968cca3b386aa","05d87f7362294b89a444cb6cdff0214a888f2e6d0726a9373b72c6a260a194b6","continuation","False","108","64","44","0.407","4","4","16","12"
"2026-04-12T17:42:10.887113Z","stability-tenant","575d7bad584bd0ebbabd4c78c3a1672d3f211a34b1e8eaf0b4c872d35a444b5b","codex","8ade5b6e63aee6b8becdba7ef875d87ec1c3de6439aeceaae433cb8d33e6ac9f","8475cd73631fde22e15ca382899fa3db6489ff5ba4363168762bd5522d2d79e0","continuation","False","108","64","44","0.407","4","4","16","12"
"2026-04-12T17:42:40.953170Z","stability-tenant","575d7bad584bd0ebbabd4c78c3a1672d3f211a34b1e8eaf0b4c872d35a444b5b","codex","b6b361462ae8782cf74125248b4d06f513c2584dec9189fd0930a676d04e1d65","2a14eaeda0ec1f36e514e1cf816bcccee82bb8cc36c6e53a4a713a59800a9cfa","continuation","False","108","64","44","0.407","4","4","16","12"
"2026-04-12T17:43:11.030023Z","stability-tenant","575d7bad584bd0ebbabd4c78c3a1672d3f211a34b1e8eaf0b4c872d35a444b5b","codex","d892fbbdfc7788ec474b74911d103a33e4ae1fab08df572b935a9e3b63c29570","94e075818cf133d67ada1761c33204c061c23224b72122611be384fafdd251d7","continuation","False","108","64","44","0.407","4","4","16","12"
"2026-04-12T17:43:41.115687Z","stability-tenant","575d7bad584bd0ebbabd4c78c3a1672d3f211a34b1e8eaf0b4c872d35a444b5b","codex","f4799aa2765bc200c979838d30e0aa8fe20d602d9e7ff50ce16b7396446b8c69","5fe87097dbd6b3d50f2554d9f4936f7cc5e54b926ee536ee911dbee4384a2b8f","continuation","False","108","64","44","0.407","4","4","16","12"
"2026-04-12T17:44:11.201962Z","stability-tenant","575d7bad584bd0ebbabd4c78c3a1672d3f211a34b1e8eaf0b4c872d35a444b5b","codex","61e42a2e0be624a08ffd3d11a6f6ff6513faac84e246939357926f6fb341d2a2","9c8c775d6dc004cc33fb6ff39c79a9b48d40a10735d0e57bab1258fdb6ac478c","continuation","False","108","64","44","0.407","4","4","16","12"
"2026-04-12T17:44:41.279041Z","stability-tenant","575d7bad584bd0ebbabd4c78c3a1672d3f211a34b1e8eaf0b4c872d35a444b5b","codex","e65844c537dac596812378837bc28b7be3752c9c771a16c252ded7c3b282bb03","5c6637276751dfc2c619d46f4304df821019e538ea37d105e2efac2206bc8022","continuation","False","108","64","44","0.407","4","4","16","12"
"2026-04-12T17:45:11.376439Z","stability-tenant","575d7bad584bd0ebbabd4c78c3a1672d3f211a34b1e8eaf0b4c872d35a444b5b","codex","6eabe4859e4776973ca0575c0d3d468a1334f98f725a14d0e8c50759e9ca3ef0","54945eb8d0bc9bd214e755b83b8fdc7732966e1dbc6a16894f868c14df0c912c","continuation","False","108","64","44","0.407","4","4","16","12"
"2026-04-12T17:45:41.446603Z","stability-tenant","575d7bad584bd0ebbabd4c78c3a1672d3f211a34b1e8eaf0b4c872d35a444b5b","codex","17a8c12bba54ed936570bdd56eca3666776ba3949432dc6119c3fc8b3ef3811e","3c0b3174a94a52ffa3c62c8c848eb927b09b225f8ec654bed388da929a167afa","continuation","False","108","64","44","0.407","4","4","16","12"
"2026-04-12T17:46:11.523422Z","stability-tenant","575d7bad584bd0ebbabd4c78c3a1672d3f211a34b1e8eaf0b4c872d35a444b5b","codex","e51581a359d4635bceff4ea61b15323980df20ff8dc6202985f002cff3ca1770","243bea1445924481084be120fe1ecbc9f3122aa23d8443fa042ad6cdbdc547e8","continuation","False","108","64","44","0.407","4","4","16","12"
"2026-04-12T17:46:41.605653Z","stability-tenant","575d7bad584bd0ebbabd4c78c3a1672d3f211a34b1e8eaf0b4c872d35a444b5b","codex","8e87859f8e211ac7bb37f42773078a0373db562a0257318d91ee2cf5f75a0385","40594a07a5238636d947f94e30ffc13f43c166cc9eb3a0a3178a7d6042605a50","continuation","False","108","64","44","0.407","4","4","16","12"
"2026-04-12T17:47:11.694185Z","stability-tenant","575d7bad584bd0ebbabd4c78c3a1672d3f211a34b1e8eaf0b4c872d35a444b5b","codex","df3a7473a13978e8c30a345d680ce4505655d64dce8ae62d88be4f241b2da1a7","8126721f4fd9152b172017712bf21be3032b286b48e65064765767a3be2a03d6","continuation","False","108","64","44","0.407","4","4","16","12"
"2026-04-12T17:47:41.765770Z","stability-tenant","575d7bad584bd0ebbabd4c78c3a1672d3f211a34b1e8eaf0b4c872d35a444b5b","codex","c4edb71f1ec0c9627b28c05fc8bdb45f2be1489edac8a7774367df465f29e299","9edf66c39397b3fb6024927caeacc7c7b4d321d68185cd0ccf363ab05a93f2d6","continuation","False","108","64","44","0.407","4","4","16","12"
"2026-04-12T17:48:11.853225Z","stability-tenant","575d7bad584bd0ebbabd4c78c3a1672d3f211a34b1e8eaf0b4c872d35a444b5b","codex","1d4402086f4be06411e820f69a8ca69459a8f012cf7db89a722b74fcedfa40ee","c8eeb8cab09009bd70ec0844bd6ea87e11f5fcc631d3222917add2aa23a32672","continuation","False","108","64","44","0.407","4","4","16","12"
"2026-04-12T17:48:41.918550Z","stability-tenant","575d7bad584bd0ebbabd4c78c3a1672d3f211a34b1e8eaf0b4c872d35a444b5b","codex","4ef8647fcf14ad49bb9efcdb3ebdf14926aaee7efd137a9547d64a84b4ec8eda","fefd5ce3af331de4e789841e4bbcf26a9081f967faca8d81ced637f7584e410e","continuation","False","108","64","44","0.407","4","4","16","12"
"2026-04-12T17:49:12.003869Z","stability-tenant","575d7bad584bd0ebbabd4c78c3a1672d3f211a34b1e8eaf0b4c872d35a444b5b","codex","8ff881e56102ca2dc8bfccde0500d19d6b3bdef3511b4d9529b4093834dbc684","6872dab35cd7ee9c569fc21730427f9c211c7d3849245321595c8622825843a9","continuation","False","108","64","44","0.407","4","4","16","12"
"2026-04-12T17:49:42.085711Z","stability-tenant","575d7bad584bd0ebbabd4c78c3a1672d3f211a34b1e8eaf0b4c872d35a444b5b","codex","63f44136357c9a527c7c726fdc6fcab9ee1b7166d1a1c172a1dca32d95a184e3","77a16334a5fd51d80338274a73afb25d20c19e004980ec8ca9175d44684ecd54","continuation","False","108","64","44","0.407","4","4","16","12"
"2026-04-12T17:50:12.169013Z","stability-tenant","575d7bad584bd0ebbabd4c78c3a1672d3f211a34b1e8eaf0b4c872d35a444b5b","codex","eb7dfcc834d548b25233933adb29c5bc6f64497bd18274578d4204c8876a2f90","8bd1a4e9269f8e829d6d934e640471acdb134da5e6436b53a250c41274827765","continuation","False","108","64","44","0.407","4","4","16","12"
"2026-04-12T17:50:42.244827Z","stability-tenant","575d7bad584bd0ebbabd4c78c3a1672d3f211a34b1e8eaf0b4c872d35a444b5b","codex","8bb6a28a55fe632ecac44ae83c441c362e7abc291b30949e3c39cc07e29951d1","4734e3042384e263e3eb0a651421a430f1e1b07dd4b84a094eda4dee60e31cac","continuation","False","108","64","44","0.407","4","4","16","12"
"2026-04-12T17:51:12.340440Z","stability-tenant","575d7bad584bd0ebbabd4c78c3a1672d3f211a34b1e8eaf0b4c872d35a444b5b","codex","1e1e5ea8f534d91021443f8c1b427d322bf982a1f84742c784caca7d45d476b0","8d0daf7bd37b4b93d0b47b662c8d3b03825fc36eb7ddf921e69bab822f97091d","continuation","False","108","64","44","0.407","4","4","16","12"
"2026-04-12T17:51:42.418776Z","stability-tenant","575d7bad584bd0ebbabd4c78c3a1672d3f211a34b1e8eaf0b4c872d35a444b5b","codex","ed39acaf9a3213c5aba7d600baa73cd8a55cef2e934440a049486c8d29b902f4","80e1a579f447b1123abe86d3729a1f610ea94bcbf7f371b291523600382f54db","continuation","False","108","64","44","0.407","4","4","16","12"
"2026-04-12T17:52:12.505475Z","stability-tenant","575d7bad584bd0ebbabd4c78c3a1672d3f211a34b1e8eaf0b4c872d35a444b5b","codex","94a1576cdc56991fc3135386678437820d8d0a9fa640478b6fc5ce6f4e6b2f4d","62d9b193399f84db45eabfdb3b484c2f135c1d06186ebda131585f9ea3ddd37a","continuation","False","108","64","44","0.407","4","4","16","12"
"2026-04-12T17:52:42.589321Z","stability-tenant","575d7bad584bd0ebbabd4c78c3a1672d3f211a34b1e8eaf0b4c872d35a444b5b","codex","f546ff1885ff4238b3eeef64b84eca8c61ad376884cfb47e9a008eddc377a33d","604820e738b449a95af6bf3ee0a25f5b8fbb3d72b70786b917e1ae97671a2cb6","continuation","False","108","64","44","0.407","4","4","16","12"
"2026-04-12T17:53:12.666357Z","stability-tenant","575d7bad584bd0ebbabd4c78c3a1672d3f211a34b1e8eaf0b4c872d35a444b5b","codex","25009e70ba5e3ff805ebaa2935417d5ef5c6fb6003889d37383288d3dcbf5440","e888819a278fedb64e62b6cfe1b2dba8fb5436d845c588cb652204b34e917ad5","continuation","False","108","64","44","0.407","4","4","16","12"
"2026-04-12T17:53:42.750110Z","stability-tenant","575d7bad584bd0ebbabd4c78c3a1672d3f211a34b1e8eaf0b4c872d35a444b5b","codex","d968e9bccf9532ab11e17bcf8c41f8b3710e261f6421eef57dd6b97f19919c34","11cf6a0a50786b4ae92cc50630b09bf17c06480e0937645468826e04f74d3123","continuation","False","108","64","44","0.407","4","4","16","12"
"2026-04-12T17:54:12.828694Z","stability-tenant","575d7bad584bd0ebbabd4c78c3a1672d3f211a34b1e8eaf0b4c872d35a444b5b","codex","e9313de14da1ca30c2f2f5d09cd52cdd5d2a706687bd4e3f32837115580e5be8","1755a01f37d99e9a2f53ebc6d6cf09d8d385d86a14ef58c82efc847b38b0fff9","continuation","False","108","64","44","0.407","4","4","16","12"
"2026-04-12T17:54:42.896498Z","stability-tenant","575d7bad584bd0ebbabd4c78c3a1672d3f211a34b1e8eaf0b4c872d35a444b5b","codex","1f289000684d56ed7afe0f88b6ab541fa5d40513503f0e5f238193d3116dfca1","2a9514a0e3b4fee2040990c49b17119cfcb34a577550dd16ee2bb8f376db0e88","continuation","False","108","64","44","0.407","4","4","16","12"
"2026-04-12T17:55:12.988282Z","stability-tenant","575d7bad584bd0ebbabd4c78c3a1672d3f211a34b1e8eaf0b4c872d35a444b5b","codex","ea2603f64aa04861f4f122be963f2436e0fb821bee3868cf0756faa11d9b88f5","943b84eadbe0b98f66f14fe395c6d303ef9c3afdb4d2407cf5c96bc501554dee","continuation","False","108","64","44","0.407","4","4","16","12"
"2026-04-12T17:55:43.062019Z","stability-tenant","575d7bad584bd0ebbabd4c78c3a1672d3f211a34b1e8eaf0b4c872d35a444b5b","codex","21c1ac8395d59c12e08cf1445ad39ab211139139837fc08f78630fe972708a9f","41dbc793f821ad7cc7400aa12fa7ead01af79930b3953b82553e553193ea363e","continuation","False","108","64","44","0.407","4","4","16","12"
"2026-04-12T17:56:13.141111Z","stability-tenant","575d7bad584bd0ebbabd4c78c3a1672d3f211a34b1e8eaf0b4c872d35a444b5b","codex","62ad75a0f08451a46f63fddc0b0843987f1d1b53e100e80d616f7b9b4aa8c52e","ac9923a4d2c5d74d028fd3ef342894de2b5db478f5da7c42295553bad9548400","continuation","False","108","64","44","0.407","4","4","16","12"
"2026-04-12T17:56:43.226121Z","stability-tenant","575d7bad584bd0ebbabd4c78c3a1672d3f211a34b1e8eaf0b4c872d35a444b5b","codex","21f7b1f0758a91a2280ad6d1af1f2fe37a31a18c2fe1036628859761fc2373cb","b242ea23e66250ecf70e4c0241bf8d6de526cf68cdbb2296379e0229b7956f52","continuation","False","108","64","44","0.407","4","4","16","12"
"2026-04-12T17:57:13.315935Z","stability-tenant","575d7bad584bd0ebbabd4c78c3a1672d3f211a34b1e8eaf0b4c872d35a444b5b","codex","b042a60ab7168156f729243b4a561801881b65decdb28a714b347ce3863a879e","eaba595262a1de534cf8624eab2272f653c68b0c8eb19b89ebdd06d6c28a2ffe","continuation","False","108","64","44","0.407","4","4","16","12"
"2026-04-12T17:57:43.391117Z","stability-tenant","575d7bad584bd0ebbabd4c78c3a1672d3f211a34b1e8eaf0b4c872d35a444b5b","codex","2feea4a336e4f2a454e6247fa42c2f1f63aa1d992b496e8abe312da4c082ceb9","fd79e13c559f634aa113a4aeee7cca9a7c37f752149e7a560a6c06640f176c17","continuation","False","108","64","44","0.407","4","4","16","12"
"2026-04-12T17:58:13.478105Z","stability-tenant","575d7bad584bd0ebbabd4c78c3a1672d3f211a34b1e8eaf0b4c872d35a444b5b","codex","90373abd4655618040e48fb572ef969cdaf56d6e3fcdda3cadc48e110d09f4b4","f47d4a84b49005b8e2657186284dc8dc01457edcf70949dc017978be76b12a57","continuation","False","108","64","44","0.407","4","4","16","12"
"2026-04-12T17:58:43.554188Z","stability-tenant","575d7bad584bd0ebbabd4c78c3a1672d3f211a34b1e8eaf0b4c872d35a444b5b","codex","d6ad318ebbcd39cf3884538b0f01e86f7b269fd6fc5f8b86201a8557957d4bf5","0129ce1178bf1b9e5fad3727073a1d4db450c7fc4364ef6c4f99bbb63cbac8e1","continuation","False","108","64","44","0.407","4","4","16","12"
"2026-04-12T17:59:13.643863Z","stability-tenant","575d7bad584bd0ebbabd4c78c3a1672d3f211a34b1e8eaf0b4c872d35a444b5b","codex","aea140b61ba353ade347e3965e6b97061a275cc87f5db63fbcfca62d44766b06","1c40aaa86e38b093802c9233c8170a2be74dc1693a5eff95da2741a2fc81cf9e","continuation","False","108","64","44","0.407","4","4","16","12"
"2026-04-12T17:59:43.722978Z","stability-tenant","575d7bad584bd0ebbabd4c78c3a1672d3f211a34b1e8eaf0b4c872d35a444b5b","codex","70325f4e6e503aed993abd2fe92676c95c90416f6e353dac5f46b3e9e2d66094","8ca40982db02559237b46ba9f95163374b547d6fe79bac185a9577ff91958316","continuation","False","108","64","44","0.407","4","4","16","12"
"2026-04-12T18:00:13.805879Z","stability-tenant","575d7bad584bd0ebbabd4c78c3a1672d3f211a34b1e8eaf0b4c872d35a444b5b","codex","a98ac63d1ab0a54f5d650ab0bcdac46266dde716fad6865f4c8112445b4c9e16","6491e5daac5be33de7272aecbc676cd00bf7ec70c7445a7d1cd93ab3dd67f1c1","continuation","False","108","64","44","0.407","4","4","16","12"
"2026-04-12T18:00:43.885918Z","stability-tenant","575d7bad584bd0ebbabd4c78c3a1672d3f211a34b1e8eaf0b4c872d35a444b5b","codex","2980fb8e6ad797c6321b5d76c954ff54cee0f6315776e6a3166ba01911808a22","9794bc783c6457bbf86f801d8bfde62c6f68d87c5c0d76a909fb9310d90ae19c","continuation","False","108","64","44","0.407","4","4","16","12"
"2026-04-12T18:01:13.978745Z","stability-tenant","575d7bad584bd0ebbabd4c78c3a1672d3f211a34b1e8eaf0b4c872d35a444b5b","codex","cafc203340bebebfab96b2624fc97cefce92543568121a4a34d1dfe7489a69f9","92b9b648b9d3e19ce6c8eafc9f191f4eecd6c986ba81acde35c931319bbcef04","continuation","False","108","64","44","0.407","4","4","16","12"
"2026-04-12T18:01:44.062013Z","stability-tenant","575d7bad584bd0ebbabd4c78c3a1672d3f211a34b1e8eaf0b4c872d35a444b5b","codex","2bb7ae5a1d314d2519bed6150b81f66b88bb122b90ad764be68a1e886546809e","4ecd02f9ac1b536a3b4319549ec82eb35f3ba654667359585fe98f3ad46f073b","continuation","False","108","64","44","0.407","4","4","16","12"
"2026-04-12T18:02:14.155289Z","stability-tenant","575d7bad584bd0ebbabd4c78c3a1672d3f211a34b1e8eaf0b4c872d35a444b5b","codex","f738f9b08dc6de5080e05fa03fb35b62409b742e6b64328276c7d2e7a4cef2c8","06eb47052f43065574a21fabb8cfebb476c3d6cffbe2d9d49166c1aa67979812","continuation","False","108","64","44","0.407","4","4","16","12"
"2026-04-12T18:02:44.237829Z","stability-tenant","575d7bad584bd0ebbabd4c78c3a1672d3f211a34b1e8eaf0b4c872d35a444b5b","codex","b41099274c6621f1a98f43987097a369d4ef41019883c8a4909d921488b07d00","2acf856074a7ba42b18015f41cc93cc1de1c9bdb33d41d5e28ad06671ebbba57","continuation","False","108","64","44","0.407","4","4","16","12"
"2026-04-12T18:03:14.321629Z","stability-tenant","575d7bad584bd0ebbabd4c78c3a1672d3f211a34b1e8eaf0b4c872d35a444b5b","codex","4c0b66b16f8f489226211768e8d9a82bbefa3e73b44691666128bfc7add148a5","3f17bd6584f7efcc8aa4ea8e22c089f1ef7b10629fac47767bd48263919aae3b","continuation","False","108","64","44","0.407","4","4","16","12"
"2026-04-12T18:03:44.401571Z","stability-tenant","575d7bad584bd0ebbabd4c78c3a1672d3f211a34b1e8eaf0b4c872d35a444b5b","codex","57b791c4ddd51cdfbfb86ccfef26fbe9b564562e294910921cfdf7854b1a8fc5","f13aaa1a86389df88190d0d44fa426a4f057b3aa0ef409573008198a3be9b6cd","continuation","False","108","64","44","0.407","4","4","16","12"
"2026-04-12T18:04:14.482259Z","stability-tenant","575d7bad584bd0ebbabd4c78c3a1672d3f211a34b1e8eaf0b4c872d35a444b5b","codex","462fe38a99121f65ebce71615dd921924db386e97ff41496bed4db86a3904676","b14593598fa6426fb97224315a177bb3876bf44dfd25856386bc3fe57f8882d4","continuation","False","108","64","44","0.407","4","4","16","12"
"2026-04-12T18:04:44.549270Z","stability-tenant","575d7bad584bd0ebbabd4c78c3a1672d3f211a34b1e8eaf0b4c872d35a444b5b","codex","479291ea37f6d8de39ca3cc73296dd22b337ea286745426ea4646335f9cec70b","ec0524001db05f45d95cbdce893cab45444b9bd52536bd64cd6909625d5eb02c","continuation","False","108","64","44","0.407","4","4","16","12"
"2026-04-12T18:05:14.621874Z","stability-tenant","575d7bad584bd0ebbabd4c78c3a1672d3f211a34b1e8eaf0b4c872d35a444b5b","codex","0c733856d4866f69598a8752fe8eb0953ed8d958175ec175bc667d658a3ce5e4","8f535a76ebf5f78712c63e365f409b0ba12de02c68db18e3e3583c1173905ee1","continuation","False","108","64","44","0.407","4","4","16","12"
"2026-04-12T18:05:44.686557Z","stability-tenant","575d7bad584bd0ebbabd4c78c3a1672d3f211a34b1e8eaf0b4c872d35a444b5b","codex","17d6de3e784f3753ff80707a7561b07087ad598c5e94b1a0cfe4e00af3909529","41f90211201c41764689757ef427920b9ef7fe75821274478a4dd7668ed5f68d","continuation","False","108","64","44","0.407","4","4","16","12"
"2026-04-12T18:06:14.748097Z","stability-tenant","575d7bad584bd0ebbabd4c78c3a1672d3f211a34b1e8eaf0b4c872d35a444b5b","codex","2a1ada032d9efad4a23db007cf219045d0938ffac1bfcb4045d5a46445df3271","c538cb4831941617c557eda684b990d63586487f3a90cc833fe3a4395dd12546","continuation","False","108","68","40","0.37","4","4","16","12"
"2026-04-12T18:06:44.819145Z","stability-tenant","575d7bad584bd0ebbabd4c78c3a1672d3f211a34b1e8eaf0b4c872d35a444b5b","codex","8bc608f11a7f09aed13f64f25aaa36934934237f8561b6f5b0df62ab683d8ddf","272b42ca6e905e7153096074379e2c64800fdda99f6ee18d5767026a0b6e2324","continuation","False","108","71","37","0.343","4","4","16","12"
"2026-04-12T18:07:14.901002Z","stability-tenant","575d7bad584bd0ebbabd4c78c3a1672d3f211a34b1e8eaf0b4c872d35a444b5b","codex","675266e6ffa6002c18bf5ba8df1e682415a0b43295681d9cc10dece9523a47f3","71a8a920527b96e262fc251d65c03e52aac1995079aadf0f67b7a8e0d3f9a845","continuation","False","108","71","37","0.343","4","4","16","12"
"2026-04-12T18:07:44.984162Z","stability-tenant","575d7bad584bd0ebbabd4c78c3a1672d3f211a34b1e8eaf0b4c872d35a444b5b","codex","8b7a0c420c1e92f2b6397df2ef8fec661e370be8b7a6feab91ebed93ce05a2a5","b02ebefc816d0973d7c13f36c6e7ec715915c4d5e6d1dd1d71b314be50720fad","continuation","False","108","71","37","0.343","4","4","16","12"
"2026-04-12T18:08:15.074731Z","stability-tenant","575d7bad584bd0ebbabd4c78c3a1672d3f211a34b1e8eaf0b4c872d35a444b5b","codex","be9df1bf8c888b57cfe933c402b7d40cd477852db70b460ed1257d2d53111ed5","1c5d7f7b7af2f7d9d8009da990966a6de39037b9150f0e3ee0a0d8474b093f81","continuation","False","108","71","37","0.343","4","4","16","12"
"2026-04-12T18:08:45.153010Z","stability-tenant","575d7bad584bd0ebbabd4c78c3a1672d3f211a34b1e8eaf0b4c872d35a444b5b","codex","1cddcc12cd5aad38f39d3fe367279e27da28ef8ca83f2720dc4a5c723e7d8c3a","03623d00ef53aa3e33d7f20cf880d10ae65cfd69565736cb6da475a28592ea18","continuation","False","108","71","37","0.343","4","4","16","12"
"2026-04-12T18:09:15.234063Z","stability-tenant","575d7bad584bd0ebbabd4c78c3a1672d3f211a34b1e8eaf0b4c872d35a444b5b","codex","d613b35ae69c8485580447e7899bbfca91bafa2ede8c34840dd515815c13605f","601f296de3b306b8f2a1d0c5d34c5968c7e15fd501f986fc150a34e298c047bb","continuation","False","108","71","37","0.343","4","4","16","12"
"2026-04-12T18:09:45.324236Z","stability-tenant","575d7bad584bd0ebbabd4c78c3a1672d3f211a34b1e8eaf0b4c872d35a444b5b","codex","79f2c87e948a7b30e91c3649bccaff3d790daa7ae26aa4a33a76df5e144b6d63","b04931f50a6fe6530319216522088b667780ecec04e1535af58538e78d83318f","continuation","False","108","71","37","0.343","4","4","16","12"
"2026-04-12T18:10:15.415537Z","stability-tenant","575d7bad584bd0ebbabd4c78c3a1672d3f211a34b1e8eaf0b4c872d35a444b5b","codex","0ef6e3f6897f0c7da10d1777506431a0fa2c6d9c36f89670c8e2e86e4fa2597d","a82ec15f8ca7f4f94a0d73251d873c425f012e6f71ee979dc1244fb15ce6db0f","continuation","False","108","71","37","0.343","4","4","16","12"
"2026-04-12T18:10:45.491321Z","stability-tenant","575d7bad584bd0ebbabd4c78c3a1672d3f211a34b1e8eaf0b4c872d35a444b5b","codex","3483610e2968a1d10101e8e7c9e79a1409baeac066f8b876a38fd661002c6f6b","5679a096699c8113cece9213458c857d9c4ed0d9fedfacf3768deafa755cbb9d","continuation","False","108","71","37","0.343","4","4","16","12"
"2026-04-12T18:11:15.571125Z","stability-tenant","575d7bad584bd0ebbabd4c78c3a1672d3f211a34b1e8eaf0b4c872d35a444b5b","codex","df245ba0ef195de6c49d0524debd48ba751cd83c205ecbe55fdf79a4d897a41e","e47923d469aff7a6b1dcc859111bac6e4629a45e5439ed6d83470fd339256a38","continuation","False","108","71","37","0.343","4","4","16","12"
"2026-04-12T18:11:45.654030Z","stability-tenant","575d7bad584bd0ebbabd4c78c3a1672d3f211a34b1e8eaf0b4c872d35a444b5b","codex","7dbac819e7952fdb2c2c3299fafa48efaecd8f2bfade682581011507697c786f","ff68ba246c5b6df4662925363111140c92ba0621dedb9b4906531e4f4981bb22","continuation","False","108","71","37","0.343","4","4","16","12"
"2026-04-12T18:12:15.737276Z","stability-tenant","575d7bad584bd0ebbabd4c78c3a1672d3f211a34b1e8eaf0b4c872d35a444b5b","codex","d51830daafa1247e4b8b2d96fbe876b51c56964ae068e9fd4d7bcf2a1162b68b","5c4e80876e83c34133957a14a29dea12eb151f4a87cc6f5cc82599122898f442","continuation","False","108","71","37","0.343","4","4","16","12"
"2026-04-12T18:12:45.803577Z","stability-tenant","575d7bad584bd0ebbabd4c78c3a1672d3f211a34b1e8eaf0b4c872d35a444b5b","codex","30c313b72d3900e0746278adf8f2225f5d276549a54f27661dd0eebe80e892df","78c4ae2c14d3a616acfd3361ab996fc08c3d7ebef230095404418f7510cfbdc1","continuation","False","108","71","37","0.343","4","4","16","12"
"2026-04-12T18:13:15.877763Z","stability-tenant","575d7bad584bd0ebbabd4c78c3a1672d3f211a34b1e8eaf0b4c872d35a444b5b","codex","107e87d1d7b201df6aabdbbaa487e605f55286c3319a55799569626fb4dba0d0","d5324dd6ff34e38fd15dcbed33f5acf69324dae5cebd7daeb9a952c255d456aa","continuation","False","108","71","37","0.343","4","4","16","12"
"2026-04-12T18:13:45.945790Z","stability-tenant","575d7bad584bd0ebbabd4c78c3a1672d3f211a34b1e8eaf0b4c872d35a444b5b","codex","98ac591993c7f3691083acec822d1f60bf379a0474897fdba47e401b74fb0f6b","013fbb72333a34b17a085629887655e5dfd4b8a48d6973dee0728fb4ca8276a2","continuation","False","108","71","37","0.343","4","4","16","12"
"2026-04-12T18:14:16.029643Z","stability-tenant","575d7bad584bd0ebbabd4c78c3a1672d3f211a34b1e8eaf0b4c872d35a444b5b","codex","b01dcf5e32dce26a218b73e089b6dc6deea187919a4b1652f2a1d23b545284c4","1b43ea1b86a115f613285ce2cfa4a40ae7e65d63d0d2f3ea9758c4d84092287c","continuation","False","108","71","37","0.343","4","4","16","12"
"2026-04-12T18:14:46.101114Z","stability-tenant","575d7bad584bd0ebbabd4c78c3a1672d3f211a34b1e8eaf0b4c872d35a444b5b","codex","c69a133b5efca2173cefbff37941e536f9277c8a722ae6f3e6e6e31fe030c205","72aedd3b33a7a641bb5a46a3de2c75fea772cc096a42ec14ae9a6cc9744313b0","continuation","False","108","71","37","0.343","4","4","16","12"
"2026-04-12T18:15:16.192890Z","stability-tenant","575d7bad584bd0ebbabd4c78c3a1672d3f211a34b1e8eaf0b4c872d35a444b5b","codex","ed6e9aecf08787a94e51d711115300b50e43329348254ce1d2ea7b83ef5b5e25","2ed65a8551a6044dd31cc5c0dd145258fba8659f89f13ddc28925e3e22caa728","continuation","False","108","71","37","0.343","4","4","16","12"
"2026-04-12T18:15:46.275018Z","stability-tenant","575d7bad584bd0ebbabd4c78c3a1672d3f211a34b1e8eaf0b4c872d35a444b5b","codex","e4c5345431f836e5d1dd81681e96fac6062cfce68ef2fdcdf43d18e3f569113b","012b2c826a1f1f5946604f591ce318bea53c63dbf9ba485cc51fb17175211cb6","continuation","False","108","71","37","0.343","4","4","16","12"
"2026-04-12T18:16:16.368650Z","stability-tenant","575d7bad584bd0ebbabd4c78c3a1672d3f211a34b1e8eaf0b4c872d35a444b5b","codex","df7616f661842a7cae9bf9e96ba6824d270f45da00a017d4b3fda2babe44de42","35ab48d516b472e69d4460e42ab6a64b3b3642b6ab2e2b2bbc8d1f054ea5d768","continuation","False","108","71","37","0.343","4","4","16","12"
"2026-04-12T18:16:46.433315Z","stability-tenant","575d7bad584bd0ebbabd4c78c3a1672d3f211a34b1e8eaf0b4c872d35a444b5b","codex","e9e7152c61a52a1a4beb4cd25767ff22ace51eec55835da2bed4a208284f4c9d","0484e21ecc57874b7b1ac2a1a8e90b59f26245d714280562e674c1e8a938c5b7","continuation","False","108","71","37","0.343","4","4","16","12"
"2026-04-12T18:17:16.519470Z","stability-tenant","575d7bad584bd0ebbabd4c78c3a1672d3f211a34b1e8eaf0b4c872d35a444b5b","codex","b5ba85a94236b8b5d570cb423dc0cb060a0687d78cccc752c5264d37061592ea","d4bfba080f1009083743a7348faa1bce5bb363dd05fec348dc0c49042dbb29e9","continuation","False","108","71","37","0.343","4","4","16","12"
"2026-04-12T18:17:46.593487Z","stability-tenant","575d7bad584bd0ebbabd4c78c3a1672d3f211a34b1e8eaf0b4c872d35a444b5b","codex","9e87244e169b99fb2d5da5ea95eb893fc02184fb474265390537c039d921a644","cf526c9b1b7de06995d53e30ddf12b614b9d9be7af0750da8d24ed7762c684e3","continuation","False","108","71","37","0.343","4","4","16","12"
"2026-04-12T18:18:16.700668Z","stability-tenant","575d7bad584bd0ebbabd4c78c3a1672d3f211a34b1e8eaf0b4c872d35a444b5b","codex","73f899bb96b2b56d365073786118ed5a534a70aab024281a167ef1786e37a522","14acfaaf7376de3016cf02e3b47c37c55c9514c405bef7838b83f08a9ce51191","continuation","False","108","71","37","0.343","4","4","16","12"
"2026-04-12T18:18:46.775957Z","stability-tenant","575d7bad584bd0ebbabd4c78c3a1672d3f211a34b1e8eaf0b4c872d35a444b5b","codex","f1a380fa62f656bffa95d8f54a1b05f93fe1bafe2d17733cb6aace0fe4edbc04","1d4790848f9ac95582c29ddd220d3611409be9e3a731f068f21a28bc405be665","continuation","False","108","71","37","0.343","4","4","16","12"
"2026-04-12T18:19:16.862778Z","stability-tenant","575d7bad584bd0ebbabd4c78c3a1672d3f211a34b1e8eaf0b4c872d35a444b5b","codex","0b59d90683f08de79e252afa38d961ca3ccca5bb107b534e5c0ececc1b88128a","f5b972d612724841fe84bc62e2cb2581d4f50aafc1322b29ea0e88307c7a1578","continuation","False","108","71","37","0.343","4","4","16","12"
"2026-04-12T18:19:46.917717Z","stability-tenant","575d7bad584bd0ebbabd4c78c3a1672d3f211a34b1e8eaf0b4c872d35a444b5b","codex","25ea0d9f11e33a915e8c1f0dd448bb42ea687d1644eba79a4b46fa75e1ace6ca","e3c7f5b041aae5493570aed91a43c458afb9a0d774314a2236591f2a8b288069","continuation","False","108","71","37","0.343","4","4","16","12"
"2026-04-12T18:20:17.001192Z","stability-tenant","575d7bad584bd0ebbabd4c78c3a1672d3f211a34b1e8eaf0b4c872d35a444b5b","codex","ae3114199496387fcdc65278eedc586aa4d78fa2a925d603043264ee9831e3b0","7ca0b8cf7ba3d1f18331c5544c4791cc5f90e5d8361bc0a462b66eaf46d31976","continuation","False","108","71","37","0.343","4","4","16","12"
"2026-04-12T18:20:47.106707Z","stability-tenant","575d7bad584bd0ebbabd4c78c3a1672d3f211a34b1e8eaf0b4c872d35a444b5b","codex","d1662e8d34c2f7e0eaaa4c572e9e10f562defbe83a11b93ea629b2c735e7ef5a","0f2bd2bc7d45f8224b4667c311e5fe444f0ba00b92f67c32ac8f60e14fdc62e2","continuation","False","108","71","37","0.343","4","4","16","12"
"2026-04-12T18:21:17.185582Z","stability-tenant","575d7bad584bd0ebbabd4c78c3a1672d3f211a34b1e8eaf0b4c872d35a444b5b","codex","8d3e51b6f9fea8df23e114c969301a48cfaea202850020a13e8b23cc6eeb9443","a2aa58c2cea8df286ea870c8acc12c2193be499f51a1378f7777c97d1fef9337","continuation","False","108","71","37","0.343","4","4","16","12"
"2026-04-12T18:21:47.247901Z","stability-tenant","575d7bad584bd0ebbabd4c78c3a1672d3f211a34b1e8eaf0b4c872d35a444b5b","codex","f0490bc833625efe637c1a35b6c656be44cfe02059a93906ef9df39ea4bb13a5","bb71af5edb05c89e86a3fbf35e304bdbca11a73e7f3e507b3f2857c5cf640e52","continuation","False","108","71","37","0.343","4","4","16","12"
"2026-04-12T18:22:17.348971Z","stability-tenant","575d7bad584bd0ebbabd4c78c3a1672d3f211a34b1e8eaf0b4c872d35a444b5b","codex","d6eef498f5d376fcf77186eef7ab58cb990d3db4a074718ffa73752de25ee60b","a58daa9b537e1c27aa9f546c723e26f51b10057332b7b51d71ace573023d4310","continuation","False","108","71","37","0.343","4","4","16","12"
"2026-04-12T18:22:47.435774Z","stability-tenant","575d7bad584bd0ebbabd4c78c3a1672d3f211a34b1e8eaf0b4c872d35a444b5b","codex","7ccae7ef32a9b654045e518cbc5d0d01bcf15a0f63720cbe9540f9f2dd4292f3","7e5001a33c790224734acd63868e63d2fed1fe93b94a6347c0a053164271383b","continuation","False","108","71","37","0.343","4","4","16","12"
"2026-04-12T18:23:17.531858Z","stability-tenant","575d7bad584bd0ebbabd4c78c3a1672d3f211a34b1e8eaf0b4c872d35a444b5b","codex","439bbacf011cc5a27bd19171d791936feaf18c4e39f7d9479757c324e5950bb8","6bdbc58f784ef96cd14ed748adba44405c935631019058c115658c3945898f63","continuation","False","108","71","37","0.343","4","4","16","12"
"2026-04-12T18:23:47.601604Z","stability-tenant","575d7bad584bd0ebbabd4c78c3a1672d3f211a34b1e8eaf0b4c872d35a444b5b","codex","b7b0d8b91370b9879bfd23fec2814ab2d3c5be66096fcd6f2586987df27e8083","055c9cf1bd37e9d88f317fdd6a296a166b49b08d9600b29841a37c5c4c7322fa","continuation","False","108","71","37","0.343","4","4","16","12"
"2026-04-12T18:24:17.694594Z","stability-tenant","575d7bad584bd0ebbabd4c78c3a1672d3f211a34b1e8eaf0b4c872d35a444b5b","codex","5297e1ab21fbba9f5781497f7b36d8232f99195ceb07441ca55a10c5a600e579","59e48e86d428dbebe46cd755b125d4961419684532140e3deaf8668ae6bd59ca","continuation","False","108","71","37","0.343","4","4","16","12"
"2026-04-12T19:01:31.544490Z","phase1-step2","575d7bad584bd0ebbabd4c78c3a1672d3f211a34b1e8eaf0b4c872d35a444b5b","codex","8ffd237e8b6901472c0dbd82de01c1269152ce0022d3b30f5a45b5c47b969fde","87401ec2b59ef10b639eccf9b0c39d11433176f133948677ed32d0a91de9b0c6","implementation","True","200","0","200","1","0","0","0","0"
"2026-04-12T19:01:37.497488Z","phase1-step3","575d7bad584bd0ebbabd4c78c3a1672d3f211a34b1e8eaf0b4c872d35a444b5b","codex","27d5e7092961ecf0c2ded5a034dbc0985941bcbc0c8bf156d99cdc051481ae0b","59cda5c451dd238ea5b3dd70a4a334c9405a7d0086a424fe2d85685e41e95ca6","decision","False","108","71","37","0.343","4","4","16","12"
"2026-04-12T19:01:37.531334Z","phase1-step3","575d7bad584bd0ebbabd4c78c3a1672d3f211a34b1e8eaf0b4c872d35a444b5b","codex","4e925b987630ede879ea5a8a61dc2902747852b7c11a8a1049c4a426f1a12c8e","4695338268008e926a5f589ad850c08483a65eb201e36264483d34942b0d0139","implementation","True","200","0","200","1","0","0","0","0"
"2026-04-12T19:37:11.724277Z","phase2-meter-test","575d7bad584bd0ebbabd4c78c3a1672d3f211a34b1e8eaf0b4c872d35a444b5b","codex","e1a50c79bb6d17b0c6979c9a5b339159d1d1f70fbdfda7b2904b0375cb4677e9","b7daafa35b9be498a31f4ceb3a46932d673427832b05168f6b797629207bc6fb","continuation","False","108","71","37","0.343","4","4","16","12"
"2026-04-12T19:37:51.085673Z","phase2-meter-test","575d7bad584bd0ebbabd4c78c3a1672d3f211a34b1e8eaf0b4c872d35a444b5b","codex","9a51d2db61dd68a0c3092356d757efecd89bfd112e0efffd2e97d5e32c540a98","b7daafa35b9be498a31f4ceb3a46932d673427832b05168f6b797629207bc6fb","continuation","False","108","71","37","0.343","4","4","16","12"
"2026-04-12T19:38:57.484499Z","phase2-meter-dir","575d7bad584bd0ebbabd4c78c3a1672d3f211a34b1e8eaf0b4c872d35a444b5b","codex","756a0b817d7027278e0b4a0f06702d652b9dae01def3f1f6df3c206dba4049bd","2579a5a4ea05a72d3492e864d018cafbbefec9457dca313e01d43bba9985b160","continuation","False","108","71","37","0.343","4","4","16","12"
"2026-04-13T02:51:42.937680Z","migration-tenant","575d7bad584bd0ebbabd4c78c3a1672d3f211a34b1e8eaf0b4c872d35a444b5b","codex","6bba3ed2f62d7bf4bfdcc8ad534f142b5db92a05d2403956eac4b2fb98d3fb75","08dd44458e0e9ff5831ad44f1634d21255b4a4f6bc2b9e4c972da81867785123","decision","False","108","71","37","0.343","4","4","16","12"
"2026-04-13T02:52:14.494733Z","migration-tenant","575d7bad584bd0ebbabd4c78c3a1672d3f211a34b1e8eaf0b4c872d35a444b5b","codex","d4f137f8e5636aff369ca7e9aca15b129970eb2d46c92e9c66c853250637a346","08dd44458e0e9ff5831ad44f1634d21255b4a4f6bc2b9e4c972da81867785123","decision","False","108","71","37","0.343","4","4","16","12"
"2026-04-13T02:52:34.544407Z","migration-tenant","575d7bad584bd0ebbabd4c78c3a1672d3f211a34b1e8eaf0b4c872d35a444b5b","codex","f98798a317868a33b806c5181c255d1f4d75bb4b1a3e96869510a2246b462ac9","08dd44458e0e9ff5831ad44f1634d21255b4a4f6bc2b9e4c972da81867785123","decision","False","108","71","37","0.343","4","4","16","12"
"2026-04-13T02:53:03.338793Z","migration-tenant","575d7bad584bd0ebbabd4c78c3a1672d3f211a34b1e8eaf0b4c872d35a444b5b","codex","3b641b7ee91cf8199cb3115e8210a71c62c342f9bf78ac66fb31c1b01f7fe06a","08dd44458e0e9ff5831ad44f1634d21255b4a4f6bc2b9e4c972da81867785123","decision","False","108","71","37","0.343","4","4","16","12"
"2026-04-13T02:59:36.708506Z","phase3-perf","575d7bad584bd0ebbabd4c78c3a1672d3f211a34b1e8eaf0b4c872d35a444b5b","codex","e18afef1169704ab5c7c572375c65ef33b808d7668faa2eabeb2c81259c18628","bd07363a186517475df7c4c83efde5eb8a2ee638b90505afed9e5957bf042bb9","continuation","False","108","71","37","0.343","4","4","16","12"
"2026-04-13T02:59:36.747352Z","phase3-perf","575d7bad584bd0ebbabd4c78c3a1672d3f211a34b1e8eaf0b4c872d35a444b5b","codex","8ad1c5db1bdccecdfe2e76fbcdd930a23ea866acd3b80eb97a3de0a26fc520d6","b34be51730eeedff9dbc9ced5b3657e41183bddf189b5eff4693a6f195fa3c58","continuation","False","108","71","37","0.343","4","4","16","12"
"2026-04-13T02:59:36.781198Z","phase3-perf","575d7bad584bd0ebbabd4c78c3a1672d3f211a34b1e8eaf0b4c872d35a444b5b","codex","ca58b7b00575af7bcb6da864e0999845c18ee64c80cba750af533b6454aca953","1b284e9ef3a2fa3d7bdf6bdb0f52438dd2d2b784a955e6c992dfd464ac2f039d","continuation","False","108","71","37","0.343","4","4","16","12"
"2026-04-13T02:59:36.812258Z","phase3-perf","575d7bad584bd0ebbabd4c78c3a1672d3f211a34b1e8eaf0b4c872d35a444b5b","codex","5dc6c864cd8a8fd409528f0824458acf7322fa8f1d5af35c261cb2ba103c7acd","8309488f06a872c902849f89cfcaef5becb8ea3432cd99c9d0700421d7fefd08","continuation","False","108","71","37","0.343","4","4","16","12"
"2026-04-13T02:59:36.846351Z","phase3-perf","575d7bad584bd0ebbabd4c78c3a1672d3f211a34b1e8eaf0b4c872d35a444b5b","codex","459d8134a46243c4a1623ad3c3d67e92103bfe6700d415e5a5baa0ace1c0144f","ac636ad816ef5f8513185a52b7ab3ea6606b120a64e4fc476e69300d96269506","continuation","False","108","71","37","0.343","4","4","16","12"
"2026-04-13T02:59:36.883414Z","phase3-perf","575d7bad584bd0ebbabd4c78c3a1672d3f211a34b1e8eaf0b4c872d35a444b5b","codex","228e31dce7bbc887b3ef2c4a3b3eda83d5387f6b94eca836ef82d2c40956f367","0b7a3908c3840a6fed87641e4c62b2b73644931f41b1bd479a0a0e48f34a0a71","continuation","False","108","71","37","0.343","4","4","16","12"
"2026-04-13T02:59:36.927695Z","phase3-perf","575d7bad584bd0ebbabd4c78c3a1672d3f211a34b1e8eaf0b4c872d35a444b5b","codex","e43f0d4cb0eeb4144d5e039255f379886632b0c767b276037e045458304eb601","ef6c15e581732d256c4cb4c62bb0f1b9096d154bd27d6efef081c72af5c812e6","continuation","False","108","71","37","0.343","4","4","16","12"
"2026-04-13T02:59:36.962140Z","phase3-perf","575d7bad584bd0ebbabd4c78c3a1672d3f211a34b1e8eaf0b4c872d35a444b5b","codex","be7b2fcc2838b12b608b12f107bee106e59c67ca677b43568edfd4c744414ec6","04953678f132e31f92d3edf308c8e6d4a33164be012f9e7004983699780d432d","continuation","False","108","71","37","0.343","4","4","16","12"
"2026-04-13T02:59:36.997166Z","phase3-perf","575d7bad584bd0ebbabd4c78c3a1672d3f211a34b1e8eaf0b4c872d35a444b5b","codex","6adb109b56c506070c1de6a52b0c4f060fd1f89f0f47fafa42874ecdb6252d4e","740a2c7a7da48d9ce4a20836f7024a686d8d3616f8a5ead64a56d4ace4eee0ce","continuation","False","108","71","37","0.343","4","4","16","12"
"2026-04-13T02:59:37.032208Z","phase3-perf","575d7bad584bd0ebbabd4c78c3a1672d3f211a34b1e8eaf0b4c872d35a444b5b","codex","d14afa06b128ae8461acbeea92ffd5373664e1234738b67cd3aa78a88ac3ad87","a4f7b1fc444a26e30635a00d1c0af7152ccb52970d65498c062d358314f42a21","continuation","False","108","71","37","0.343","4","4","16","12"
"2026-04-13T02:59:37.065308Z","phase3-perf","575d7bad584bd0ebbabd4c78c3a1672d3f211a34b1e8eaf0b4c872d35a444b5b","codex","99975f4394c8ec2c52b6d62f31f9db8736ec9c3daeb106084d81d2b6652164c5","ebfdfbe6e2eec902a32bb89394ea321cc6bff4dad270f2bf0f40b9ee240f0af0","continuation","False","108","71","37","0.343","4","4","16","12"
"2026-04-13T02:59:37.098158Z","phase3-perf","575d7bad584bd0ebbabd4c78c3a1672d3f211a34b1e8eaf0b4c872d35a444b5b","codex","2c1e18e6ef86e37a086d0517763287006e13620508a4f6f3b99683c60ea8972e","656e4f47a3473e9c20b75161adc6f7338560c980ee68be934e0a6954db32a5ea","continuation","False","108","71","37","0.343","4","4","16","12"
"2026-04-13T02:59:37.130184Z","phase3-perf","575d7bad584bd0ebbabd4c78c3a1672d3f211a34b1e8eaf0b4c872d35a444b5b","codex","89e27f4c1ff1f4056d6bbafd8c4ef74e07d914bfbf121ecb437aedf3f508fdd8","e488f9607a6f610b09bac7c44433b065f6205d2da77e19107ca29cc31ba841e1","continuation","False","108","71","37","0.343","4","4","16","12"
"2026-04-13T02:59:37.162327Z","phase3-perf","575d7bad584bd0ebbabd4c78c3a1672d3f211a34b1e8eaf0b4c872d35a444b5b","codex","3e69f91bb40b736c6c6822d31b07f39523057bc27bddd3a03579324c783289ad","cff9a8e9dcfe676682096242bbbcfb57dcc88326c41d65608c3292d46bad7cb3","continuation","False","108","71","37","0.343","4","4","16","12"
"2026-04-13T02:59:37.198251Z","phase3-perf","575d7bad584bd0ebbabd4c78c3a1672d3f211a34b1e8eaf0b4c872d35a444b5b","codex","ec6ce44c87896e574f7fe7ced9056f743653318c6bf165ff31d270676bc50c60","02d32b26d60dd1c5008b437ce2d70348e568331c58adafd03f3f68669c3b6332","continuation","False","108","71","37","0.343","4","4","16","12"
"2026-04-13T02:59:37.232307Z","phase3-perf","575d7bad584bd0ebbabd4c78c3a1672d3f211a34b1e8eaf0b4c872d35a444b5b","codex","babf1ad3528a6d781194c6bdf2cd0df24458068fb3e698db700ab91ba62a4787","0aff66f113b56a0b78b0870646c47d1ac6b186c901a2d40a40f444783e14f520","continuation","False","108","71","37","0.343","4","4","16","12"
"2026-04-13T02:59:37.268446Z","phase3-perf","575d7bad584bd0ebbabd4c78c3a1672d3f211a34b1e8eaf0b4c872d35a444b5b","codex","308aafca0f7a1626dfbeadf0ca38c374844433d3a28bd4669c703e756e2343be","ba5255a175169a140c8595410a392e26d66c9892bc1701868b9f3be0bcffd932","continuation","False","108","71","37","0.343","4","4","16","12"
"2026-04-13T02:59:37.305487Z","phase3-perf","575d7bad584bd0ebbabd4c78c3a1672d3f211a34b1e8eaf0b4c872d35a444b5b","codex","66bf211c1fa8f56cd5f2fdba28dd56be6f5be50132160541a039f5a7a7691180","46654bba0a864fd093c178db5a1ffe329edb40779c20b2ad1f88443bd2366135","continuation","False","108","71","37","0.343","4","4","16","12"
"2026-04-13T02:59:37.339220Z","phase3-perf","575d7bad584bd0ebbabd4c78c3a1672d3f211a34b1e8eaf0b4c872d35a444b5b","codex","0df08e46d20ef2022d56ebf4c5d6546c2fcdc22556173a214636fd7c7263b363","299f4e926a9fa6ff9dd19ce01acc558127b60c841f278b631a7a924587873d2a","continuation","False","108","71","37","0.343","4","4","16","12"
"2026-04-13T02:59:37.375122Z","phase3-perf","575d7bad584bd0ebbabd4c78c3a1672d3f211a34b1e8eaf0b4c872d35a444b5b","codex","c74765b080ea2d24e29fe759e28f1113b4a06386b256e8b26ff5a3d709fc2928","f77c91cee37156a70a6e2f4dcf1cd4f3591cc040c1a60a1fed8858ae591ef081","continuation","False","108","71","37","0.343","4","4","16","12"
"2026-04-13T02:59:37.409327Z","phase3-perf","575d7bad584bd0ebbabd4c78c3a1672d3f211a34b1e8eaf0b4c872d35a444b5b","codex","7933293ce542ae52edd33b1d91bc1b4fcf43fd3c517121d968e6e9c2126f22ba","2a41da653111daff7f21336949d751d5aa8b05cc2f677539669cd512408a11dd","continuation","False","108","71","37","0.343","4","4","16","12"
"2026-04-13T02:59:37.444286Z","phase3-perf","575d7bad584bd0ebbabd4c78c3a1672d3f211a34b1e8eaf0b4c872d35a444b5b","codex","63e383a36aa64a3db0ab5d25a139e286013042385dfdfbb619eb50d6f9223f7b","a7df344611e0dc55aa0a3fe29e1ecbb3f9b97ebcb35c485f5b785248d64ae70f","continuation","False","108","71","37","0.343","4","4","16","12"
"2026-04-13T02:59:37.478149Z","phase3-perf","575d7bad584bd0ebbabd4c78c3a1672d3f211a34b1e8eaf0b4c872d35a444b5b","codex","c1bd7bb93f3a38fb34d2224b1011e97872e2d6325d0e257c3b6bc6ccec3ba33c","ba37eb7cd1ffcb3b7163fdfa9d18bf1e5e99cd6623ca5fe9866b6e4d75f7228a","continuation","False","108","71","37","0.343","4","4","16","12"
"2026-04-13T02:59:37.511202Z","phase3-perf","575d7bad584bd0ebbabd4c78c3a1672d3f211a34b1e8eaf0b4c872d35a444b5b","codex","f57030c10f98953ba242f2cf01f37ba737185bf6dde7f2b98e91b43c16b41464","3ace7c9656af450e40c5fa5cbe20ee1f4050feacdf593a10860851cabfe90840","continuation","False","108","71","37","0.343","4","4","16","12"
"2026-04-13T02:59:37.546319Z","phase3-perf","575d7bad584bd0ebbabd4c78c3a1672d3f211a34b1e8eaf0b4c872d35a444b5b","codex","a70fb93b4f58bb6ee8ad1755082ef4e97b99c8c84ff1be260dc445c48a77e93f","78657ec674bac14ba616a44abfa3e229452d54c328ffdb519e757fc93122f683","continuation","False","108","71","37","0.343","4","4","16","12"
"2026-04-13T02:59:37.580353Z","phase3-perf","575d7bad584bd0ebbabd4c78c3a1672d3f211a34b1e8eaf0b4c872d35a444b5b","codex","a57bc43a046c5202f692e0cc64c5283e7e37aad548d9f7aeca517b193520c376","455b114554be63493be1ef262333d3b5066ef13601d965fbafb01cfb9d708054","continuation","False","108","71","37","0.343","4","4","16","12"
"2026-04-13T02:59:37.615292Z","phase3-perf","575d7bad584bd0ebbabd4c78c3a1672d3f211a34b1e8eaf0b4c872d35a444b5b","codex","29303a26ecf6140656719bcf1170478d130804b4ebf6cc6a157ab4c3055156e6","d01b565de64031476ebf87c765df60e6d4da62ab6bc49cd2cff8340765b483d8","continuation","False","108","71","37","0.343","4","4","16","12"
"2026-04-13T02:59:37.649097Z","phase3-perf","575d7bad584bd0ebbabd4c78c3a1672d3f211a34b1e8eaf0b4c872d35a444b5b","codex","960f14bd9466d7b14da750068c92a4bce3c42ce6e88521762bdb0b558b3287a9","6bac04561ccc2d657428ed531439b6b63cbabf914fde2242c815b31afc5e10ad","continuation","False","108","71","37","0.343","4","4","16","12"
"2026-04-13T02:59:37.684239Z","phase3-perf","575d7bad584bd0ebbabd4c78c3a1672d3f211a34b1e8eaf0b4c872d35a444b5b","codex","0067388a5347ec2e0e65f692782fd3bb561e7019ae76efce2a5608963c18ca4e","5241a88c205e5c4bc88d1cb6cefe00726e3bf9374c67d878c697a30c439c8090","continuation","False","108","71","37","0.343","4","4","16","12"
"2026-04-13T02:59:37.718120Z","phase3-perf","575d7bad584bd0ebbabd4c78c3a1672d3f211a34b1e8eaf0b4c872d35a444b5b","codex","7e09498759b03181c0325830b3d9356afcc12cbe68ad9afada3ad42e4a58a08c","3a99259bdaa2603b309b08528389c6caa5657dc0296e2c572de25ae203d57359","continuation","False","108","71","37","0.343","4","4","16","12"
"2026-04-13T02:59:37.756211Z","phase3-perf","575d7bad584bd0ebbabd4c78c3a1672d3f211a34b1e8eaf0b4c872d35a444b5b","codex","1f25f6207e9ed25b4f7cc3358c556d276389e0369f9058eb5532db44c3150c51","d561dc5ee5a702ef207424f3d2deafbc08a7b124b7b11a6750b1a72c7c3cdb79","continuation","False","108","71","37","0.343","4","4","16","12"
"2026-04-13T02:59:37.792317Z","phase3-perf","575d7bad584bd0ebbabd4c78c3a1672d3f211a34b1e8eaf0b4c872d35a444b5b","codex","1ba15542662a160ecd65d89cbfdca4961d8e5a5a6b85fde01e50e341254a21d6","d89e8ce1ee2fa1ffd87defdcce89885c04b9ea46250ab9c32cfed7cc9ea12c36","continuation","False","108","71","37","0.343","4","4","16","12"
"2026-04-13T02:59:37.829300Z","phase3-perf","575d7bad584bd0ebbabd4c78c3a1672d3f211a34b1e8eaf0b4c872d35a444b5b","codex","48cba9bc2c2b23659464b310d54ddeeb563d136d41ad136c59e374ba7d03958b","26c0b208f3cdc32c8be421644dee27de49a405c573a1a5820dd11ae0612327ff","continuation","False","108","71","37","0.343","4","4","16","12"
"2026-04-13T02:59:37.865228Z","phase3-perf","575d7bad584bd0ebbabd4c78c3a1672d3f211a34b1e8eaf0b4c872d35a444b5b","codex","89b35c669f3f595a55cd94675e6f21cce0a7339e8b6d9afb46659dfc33a4e7fa","48d329019cf2624dfafbb7f9b1b6c384f31cef5c2903966cd15d070e01a6676b","continuation","False","108","71","37","0.343","4","4","16","12"
"2026-04-13T02:59:37.898204Z","phase3-perf","575d7bad584bd0ebbabd4c78c3a1672d3f211a34b1e8eaf0b4c872d35a444b5b","codex","204aa9088d69d8a4567249d7e40a4e84a05ca00cbccfdcfae0ba500dac84621d","f4ac0ac2ec2c741385063ba845e548c6ee7df28904b8575093656c4db7591235","continuation","False","108","71","37","0.343","4","4","16","12"
"2026-04-13T02:59:37.930111Z","phase3-perf","575d7bad584bd0ebbabd4c78c3a1672d3f211a34b1e8eaf0b4c872d35a444b5b","codex","db82c4568d8aedf21f77c3f5930d5c45d0cb9c097c9183a848fd959bf875705c","b7c2ca672544e475b5be2fc2f90160ae54b589858089b75da026e7d9f295a1c0","continuation","False","108","71","37","0.343","4","4","16","12"
"2026-04-13T02:59:37.964127Z","phase3-perf","575d7bad584bd0ebbabd4c78c3a1672d3f211a34b1e8eaf0b4c872d35a444b5b","codex","d247db42c8d26e562be2a5e9785c05e6982ec7c0695485806221d8f3331e1e75","248feb9db428649d8bd9aa9c2d8a4f67c49a9847bc8f1a48c8f3876efa3581bc","continuation","False","108","71","37","0.343","4","4","16","12"
"2026-04-13T02:59:38.000223Z","phase3-perf","575d7bad584bd0ebbabd4c78c3a1672d3f211a34b1e8eaf0b4c872d35a444b5b","codex","94ad1c1f777063464ec1bd6d4c68aa3a6b90ec72562b93ccdb27ef5213a73e70","f946c41957cff75bec875909af81c4d2d62b4d725f1b83d7fa9d20f2fe13a45c","continuation","False","108","71","37","0.343","4","4","16","12"
"2026-04-13T02:59:38.035357Z","phase3-perf","575d7bad584bd0ebbabd4c78c3a1672d3f211a34b1e8eaf0b4c872d35a444b5b","codex","130311e87482c57ffc91e236313386c5235fdd29f2978f6083877494a7c15ed9","bb0712c343247ccbd59cdb4754b50f06a9573937385067b36fbb62dcee699524","continuation","False","108","71","37","0.343","4","4","16","12"
"2026-04-13T02:59:38.073272Z","phase3-perf","575d7bad584bd0ebbabd4c78c3a1672d3f211a34b1e8eaf0b4c872d35a444b5b","codex","55728acf0bad1603901356c3f794fdaeece12c099560968598462dc517a6b32f","354b2f3ab6d4daa3755b51d8873c8a9673cfc1e4d137e89ec41150645f87165e","continuation","False","108","71","37","0.343","4","4","16","12"
"2026-04-13T02:59:38.108224Z","phase3-perf","575d7bad584bd0ebbabd4c78c3a1672d3f211a34b1e8eaf0b4c872d35a444b5b","codex","b0b37c05101f3457ef43352650647fc2a78558bfd3a04cea30614593915df6a9","7e82b4f5d2d12f6c30761f6757ff35f7f224a967b89849acbc24ba4c01141a35","continuation","False","108","71","37","0.343","4","4","16","12"
"2026-04-13T02:59:38.141250Z","phase3-perf","575d7bad584bd0ebbabd4c78c3a1672d3f211a34b1e8eaf0b4c872d35a444b5b","codex","d91098ec0af4761303e978b7039b5252e227a69ff1e46eb447daf94ca2d208e6","e058a5433c0709f4d7449a00fa1c83726afd446ebddaa4a3022f9bfc89f759b3","continuation","False","108","71","37","0.343","4","4","16","12"
"2026-04-13T02:59:38.175212Z","phase3-perf","575d7bad584bd0ebbabd4c78c3a1672d3f211a34b1e8eaf0b4c872d35a444b5b","codex","c2969cd2ce64cc2d5909be4c20d1c295a10f6c67762f7f37eff97eb4494b9cc1","cae8c48b2c129502181974a0293f5bb3250c1f17f3716603f537b330f5ac16c8","continuation","False","108","71","37","0.343","4","4","16","12"
"2026-04-13T02:59:38.210186Z","phase3-perf","575d7bad584bd0ebbabd4c78c3a1672d3f211a34b1e8eaf0b4c872d35a444b5b","codex","8afef88c3c346e0d5dda34a48f46c7cfba6638a30c8f307d2abc8e87c1b4129f","30aaacfb8e704f8f2a0bca479813cf54a394e13f4545e0779a46b67f85099b6b","continuation","False","108","71","37","0.343","4","4","16","12"
"2026-04-13T02:59:38.244315Z","phase3-perf","575d7bad584bd0ebbabd4c78c3a1672d3f211a34b1e8eaf0b4c872d35a444b5b","codex","23ddfecef8999f8f214a1358f8aaee75ec058053e2faf319f54eeb5ea0fdf2ce","d45ff3dbfabe5cdb219b668cd6caab334ed8868df1a5e02f168a80529a4b44b7","continuation","False","108","71","37","0.343","4","4","16","12"
"2026-04-13T02:59:38.287230Z","phase3-perf","575d7bad584bd0ebbabd4c78c3a1672d3f211a34b1e8eaf0b4c872d35a444b5b","codex","7f9d99b274421b51c86e9346bbd640b9d8e8f3e7b2f4b24ee4b377e19572944b","9bee46431508c56aff96b2a2bd1d44f38755f282f9239ba307c6ac6c331768c1","continuation","False","108","71","37","0.343","4","4","16","12"
"2026-04-13T02:59:38.326009Z","phase3-perf","575d7bad584bd0ebbabd4c78c3a1672d3f211a34b1e8eaf0b4c872d35a444b5b","codex","1eef4af49ba0db5b9e03317823532f31e95344b5a88ff743afb7ac5d040286b9","4e094eaeb71a8242d534c833ec76f569ad889ae9acde7c195034b6d511ed4fac","continuation","False","108","71","37","0.343","4","4","16","12"
"2026-04-13T02:59:38.372857Z","phase3-perf","575d7bad584bd0ebbabd4c78c3a1672d3f211a34b1e8eaf0b4c872d35a444b5b","codex","9acdde563e8f4b2107fe8b0fa6a1b8db967d2891e0556efdee3378357a281471","84a11cc0863382aee1d9f283f76dd6749feb4dbc170188e0a0e6f0b018468f8f","continuation","False","108","71","37","0.343","4","4","16","12"
"2026-04-13T02:59:38.427923Z","phase3-perf","575d7bad584bd0ebbabd4c78c3a1672d3f211a34b1e8eaf0b4c872d35a444b5b","codex","1d5bddc8293c0a4e6cb38e079abac6c2a1d7fa163daac0b471bb7972645c787d","20a8d05825f0d6778350f9c22a9933b800f73a24c14a6b3afd07afea223ba72b","continuation","False","108","71","37","0.343","4","4","16","12"
"2026-04-13T02:59:38.484516Z","phase3-perf","575d7bad584bd0ebbabd4c78c3a1672d3f211a34b1e8eaf0b4c872d35a444b5b","codex","a1749306599f1d3341580aa2adc499389fb482a552aececd7a6d34ebf7044896","55765aaf04d174b851f3c76557878b9f56cf2885eefc9f23e88b7ff0c116cbcc","continuation","False","108","71","37","0.343","4","4","16","12"
"2026-04-13T02:59:38.543027Z","phase3-perf","575d7bad584bd0ebbabd4c78c3a1672d3f211a34b1e8eaf0b4c872d35a444b5b","codex","e5d895901e4a6019671a252d4d54fac2ed4e69202f0890436466239d2c5df32a","32bae9547962236209f52b212e0ec36b8c05b4572da396e8d609ba5c279ecd0f","continuation","False","108","71","37","0.343","4","4","16","12"
"2026-04-13T02:59:38.599140Z","phase3-perf","575d7bad584bd0ebbabd4c78c3a1672d3f211a34b1e8eaf0b4c872d35a444b5b","codex","dffc8b6f9715a1ceba70ac1329b15e27cdd44a591bd48f9c4a6f896dfa7cfc55","6c3e5f908a5c40fd85aa2a17e1e48274526c3ffe206f8daf47cdf69dd960f2f6","continuation","False","108","71","37","0.343","4","4","16","12"
"2026-04-13T02:59:38.654067Z","phase3-perf","575d7bad584bd0ebbabd4c78c3a1672d3f211a34b1e8eaf0b4c872d35a444b5b","codex","c1887f94709def5767a82183153a462a5e6775f4174c5a8df80b57f6d3d4f26a","79b44c821ef526d8625d8a5c6d2de5564911fa1af9adb0143391b01f156203d6","continuation","False","108","71","37","0.343","4","4","16","12"
"2026-04-13T02:59:38.710529Z","phase3-perf","575d7bad584bd0ebbabd4c78c3a1672d3f211a34b1e8eaf0b4c872d35a444b5b","codex","e914d43a10af93313ea03f075032c68f699ace3cb597f996cf3f55dc221b46b1","de2f5cff97b19df2f9a2e64dfc9118d549bedb2d46ae4ba6b1b76893a2f16908","continuation","False","108","71","37","0.343","4","4","16","12"
"2026-04-13T02:59:38.792172Z","phase3-perf","575d7bad584bd0ebbabd4c78c3a1672d3f211a34b1e8eaf0b4c872d35a444b5b","codex","f341b8839027869dbd1da8dfa38b47d6335fa7b57e50d016b650e9ffb7c0652a","ede07168293deb485bfb9484ed182ebe059ed3ff00a25bc54cd9f0c2d72646eb","continuation","False","108","71","37","0.343","4","4","16","12"
"2026-04-13T02:59:38.856169Z","phase3-perf","575d7bad584bd0ebbabd4c78c3a1672d3f211a34b1e8eaf0b4c872d35a444b5b","codex","470c36a5b6e8bac47e961a1b283e018307bcf61614741cee628f72aaef08b71e","e4c648af89a116c3e294927b1c4c976380c3260b891fb7bc95ed00d99711fa63","continuation","False","108","71","37","0.343","4","4","16","12"
"2026-04-13T02:59:38.926421Z","phase3-perf","575d7bad584bd0ebbabd4c78c3a1672d3f211a34b1e8eaf0b4c872d35a444b5b","codex","3d81c050c8d5a54e828a229b563dea6cd953eaae16c631a0216e91791957cb92","7724ef2e5fa7bc7304d68ca7a5346847c74b061fa244c7a19833bf2523b0d7f0","continuation","False","108","71","37","0.343","4","4","16","12"
"2026-04-13T02:59:38.997607Z","phase3-perf","575d7bad584bd0ebbabd4c78c3a1672d3f211a34b1e8eaf0b4c872d35a444b5b","codex","01c1b3123d1dc3948f098723490e7173c5e44791795b9d5b6a25376ec6598ef4","b003cc6dcb1dc1611c8fb059092ab046e8fdfa5c55ddadd9d588db9e8dc09277","continuation","False","108","71","37","0.343","4","4","16","12"
"2026-04-13T02:59:39.064835Z","phase3-perf","575d7bad584bd0ebbabd4c78c3a1672d3f211a34b1e8eaf0b4c872d35a444b5b","codex","104f2a6897f725c985571c7a7ba1c04822c1fe0d25d3d64aac7c1fc4ede1a654","bead0fce6e5fbae55fad1d28640b7b138e2815c8825ae431aaa71cce320afc98","continuation","False","108","71","37","0.343","4","4","16","12"
"2026-04-13T02:59:39.135817Z","phase3-perf","575d7bad584bd0ebbabd4c78c3a1672d3f211a34b1e8eaf0b4c872d35a444b5b","codex","3fb9b3904c04797da04f276c80860a1a983d6c29f261cd940b9b5762d87c4602","95660ed552171a465c31f92925bb8ff53eef2ed8a79cac57931c943d397538fd","continuation","False","108","71","37","0.343","4","4","16","12"
"2026-04-13T02:59:39.190161Z","phase3-perf","575d7bad584bd0ebbabd4c78c3a1672d3f211a34b1e8eaf0b4c872d35a444b5b","codex","d6ff6904740e81132b72f62ff0d408c17b3bd53feca348309f2ffffae3e62aa3","56226a680c07d2dc5bd4a5b36f3e4843d9292fc82d7fe3e65f727a379aa6a121","continuation","False","108","71","37","0.343","4","4","16","12"
"2026-04-13T02:59:39.254998Z","phase3-perf","575d7bad584bd0ebbabd4c78c3a1672d3f211a34b1e8eaf0b4c872d35a444b5b","codex","cebb2680d73ba5949774cb220b8e866e18f793060a70b104d4652ff07692cf12","1eac52f9687308dfdf9d805b286027059a26aa1c370acfe216e277fd5d82bb34","continuation","False","108","71","37","0.343","4","4","16","12"
"2026-04-13T02:59:39.316327Z","phase3-perf","575d7bad584bd0ebbabd4c78c3a1672d3f211a34b1e8eaf0b4c872d35a444b5b","codex","d1251fc589473f303b93368e867eefe18bfde84e4234b29774b6809101b6e065","f8f36a8652f1fb13b0a1d031f9eed70fb53a095cc9f5540dbd3a37962c7f2723","continuation","False","108","71","37","0.343","4","4","16","12"
"2026-04-13T02:59:39.372372Z","phase3-perf","575d7bad584bd0ebbabd4c78c3a1672d3f211a34b1e8eaf0b4c872d35a444b5b","codex","bb22e52ac2912b8071d4519fbe961745f668c42bb289f30e4ca5b9e5b910bb54","9b2ad04cfdbf0e9b3283a3aa84d00771535e9a6bbc03cd07a39365e459ca4ad1","continuation","False","108","71","37","0.343","4","4","16","12"
"2026-04-13T02:59:39.429504Z","phase3-perf","575d7bad584bd0ebbabd4c78c3a1672d3f211a34b1e8eaf0b4c872d35a444b5b","codex","f79b32198ba5ed4f5c6af5d553edc8f1972d908ffa9e83c8cb3afa3dbd84220a","4f576e75a5065b3a8481543132bba501b8d2f7503a397fe05d063399dbb51f92","continuation","False","108","71","37","0.343","4","4","16","12"
"2026-04-13T02:59:39.487610Z","phase3-perf","575d7bad584bd0ebbabd4c78c3a1672d3f211a34b1e8eaf0b4c872d35a444b5b","codex","fcd17a563fe735d0ad7df82fb1f1d2e7dcb7b7c8e03243f3ea2e2248dd4fc735","9d3f426dcaf97a0c53364094a980ac583eaf4471fa53e798460135ac7b259111","continuation","False","108","71","37","0.343","4","4","16","12"
"2026-04-13T02:59:39.543186Z","phase3-perf","575d7bad584bd0ebbabd4c78c3a1672d3f211a34b1e8eaf0b4c872d35a444b5b","codex","eabedb67bee7716a1742721f955b2ab5c1107f226b0f043384b319ed8a50e9d9","f04dda359c39abcd9329e0cde119532673945cc496151612a15e9702477346ad","continuation","False","108","71","37","0.343","4","4","16","12"
"2026-04-13T02:59:39.635967Z","phase3-perf","575d7bad584bd0ebbabd4c78c3a1672d3f211a34b1e8eaf0b4c872d35a444b5b","codex","cdb81cbddd6b5a16e5c69ffb6ab92f88f2ffe7087fbd1b59f49de39a4b08c4f1","2c577a13df1ad62c07856a28c97d3823925404015f6505c8c5ac4717acfecc3f","continuation","False","108","71","37","0.343","4","4","16","12"
"2026-04-13T02:59:39.712470Z","phase3-perf","575d7bad584bd0ebbabd4c78c3a1672d3f211a34b1e8eaf0b4c872d35a444b5b","codex","f08c0d58a090d1f15dc0e902988dced465e1e12addd6f9144b7b0985a03b6b35","8b153f7b37f42f80979af176d01e234205cd27f574d63b3e77bf5eda40b6c456","continuation","False","108","71","37","0.343","4","4","16","12"
"2026-04-13T02:59:39.795168Z","phase3-perf","575d7bad584bd0ebbabd4c78c3a1672d3f211a34b1e8eaf0b4c872d35a444b5b","codex","305f2d9c2d1227326708d04cbf2f4512ff30c3dec92e61f5c146efdffddf2323","3d121694630d722b1f324d459ea23cae2220f56347541c9f1ee13bcac70de565","continuation","False","108","71","37","0.343","4","4","16","12"
"2026-04-13T02:59:39.853873Z","phase3-perf","575d7bad584bd0ebbabd4c78c3a1672d3f211a34b1e8eaf0b4c872d35a444b5b","codex","4c8b416b12d2252f43dd4ef5ec611f2e9a8677fae6a0ff04cba5270290589d47","8fe51646d2f57a23712c5d8f12ba6e204a428236e2ea6e040cb5784d7f8cb556","continuation","False","108","71","37","0.343","4","4","16","12"
"2026-04-13T02:59:39.916348Z","phase3-perf","575d7bad584bd0ebbabd4c78c3a1672d3f211a34b1e8eaf0b4c872d35a444b5b","codex","8c1f2b253b02afc396198e413f938863831797d43fb1d476aa2dd3379c21e537","52600a25bef44ba5df8541a216d22bbb741304cfcff4d0105d8a8a951b6840f4","continuation","False","108","71","37","0.343","4","4","16","12"
"2026-04-13T02:59:39.983892Z","phase3-perf","575d7bad584bd0ebbabd4c78c3a1672d3f211a34b1e8eaf0b4c872d35a444b5b","codex","87880abdab22cc49846ca951b5455ee8dfe20182a453f90380d8fd5e3569aafe","481f1817dd993d3ce5a71290fba31ce8efad6aa93142b9d9d5cb84ae588ade7c","continuation","False","108","71","37","0.343","4","4","16","12"
"2026-04-13T02:59:40.058295Z","phase3-perf","575d7bad584bd0ebbabd4c78c3a1672d3f211a34b1e8eaf0b4c872d35a444b5b","codex","71e9f060461abe7a90345eba183d21cc2ccc119b7bd5d672bacdc91d7d9d3bcf","12fc7eb0b2a02564300e12605414c17c11aef595d36a9c095c875d96dff78f92","continuation","False","108","71","37","0.343","4","4","16","12"
"2026-04-13T02:59:40.117239Z","phase3-perf","575d7bad584bd0ebbabd4c78c3a1672d3f211a34b1e8eaf0b4c872d35a444b5b","codex","064b6a9088273870c559e815bee1cf409e148a375fe0ff4e5d4520c3b644f9ec","3c3f5efd7ad782b668bdd4e9fee0b6cb43c22ddc7e31bfbf658c68a572a7f8e2","continuation","False","108","71","37","0.343","4","4","16","12"
"2026-04-13T02:59:40.186120Z","phase3-perf","575d7bad584bd0ebbabd4c78c3a1672d3f211a34b1e8eaf0b4c872d35a444b5b","codex","f5c327a50c36908fcf43796189ec71cb008c15423e1c56f23372e6f17ac77a37","efe659a95691e35c5a17815b52a707486109017db1ab0cc998c6f1c533605de5","continuation","False","108","71","37","0.343","4","4","16","12"
"2026-04-13T02:59:40.274420Z","phase3-perf","575d7bad584bd0ebbabd4c78c3a1672d3f211a34b1e8eaf0b4c872d35a444b5b","codex","daf3ac801cb5a07b9e7b76fe0c10485403afa77843821a975bbe640de098a927","b4c79d26afc47a9a6321eb770c1fe252236d401f11cd42d90c9294f218171721","continuation","False","108","71","37","0.343","4","4","16","12"
"2026-04-13T02:59:40.353449Z","phase3-perf","575d7bad584bd0ebbabd4c78c3a1672d3f211a34b1e8eaf0b4c872d35a444b5b","codex","15106afa1d19603902644d376d453fe86561a55991bf84f92236beb849bc68ee","1cac3e57e8de29722e3f7f92a3a3d88bfa303c35e3a3c5fd1ff19d2afa08308d","continuation","False","108","71","37","0.343","4","4","16","12"
"2026-04-13T02:59:40.411400Z","phase3-perf","575d7bad584bd0ebbabd4c78c3a1672d3f211a34b1e8eaf0b4c872d35a444b5b","codex","95483121d659c52a17d3393f0e4edc4b190dd5d18ff6fcab0cc1bc5d4bc25b1d","fb16c05ab70939163b883810c853b5d9db414a68c82e962d05521b51ff614464","continuation","False","108","71","37","0.343","4","4","16","12"
"2026-04-13T02:59:40.469244Z","phase3-perf","575d7bad584bd0ebbabd4c78c3a1672d3f211a34b1e8eaf0b4c872d35a444b5b","codex","0aba909eeddf216c4621cadbfd2aad08dcc488c2c19afb98a23bfa7e0a4d1e7d","7c7c8392a5e48b203c67db8463e206b67878d2f29706982c19c6d7e0da6f051e","continuation","False","108","71","37","0.343","4","4","16","12"
"2026-04-13T02:59:40.529543Z","phase3-perf","575d7bad584bd0ebbabd4c78c3a1672d3f211a34b1e8eaf0b4c872d35a444b5b","codex","5611c98bc629957e712bc7dd311afe70e64c287320560987dcb1570bd75f64a7","64059413b7e5c4b44fa3e63a5b8e945bce2b95afe5a8bd6e823daa8f3bb29f56","continuation","False","108","71","37","0.343","4","4","16","12"
"2026-04-13T02:59:40.589125Z","phase3-perf","575d7bad584bd0ebbabd4c78c3a1672d3f211a34b1e8eaf0b4c872d35a444b5b","codex","754f278eac61c5954cc9073a06d1480e61c0bd68a7907ff0fdacd7e786575c2c","7d64e6a377312344c2fc83bba48c7c7d78d9fc1bf5ba892a6ce6ff56b4c67909","continuation","False","108","71","37","0.343","4","4","16","12"
"2026-04-13T02:59:40.664780Z","phase3-perf","575d7bad584bd0ebbabd4c78c3a1672d3f211a34b1e8eaf0b4c872d35a444b5b","codex","b48cae8969dc2f2ad96449b77cba6583379a46c09418991faec604251009aa5a","30a13b1d5de85c1fb5c15bba521d4ab0921c4fbfb401b73ceb4ec677486301ad","continuation","False","108","71","37","0.343","4","4","16","12"
"2026-04-13T02:59:40.756685Z","phase3-perf","575d7bad584bd0ebbabd4c78c3a1672d3f211a34b1e8eaf0b4c872d35a444b5b","codex","d923fbc250d6f8dd361527ef5936cac91f99d6347c4067474430e6a792c29497","d0ffee8d6d8e826b895fdc26fbe79a7f3c85f67de85281362948082c03e005e0","continuation","False","108","71","37","0.343","4","4","16","12"
"2026-04-13T02:59:40.833942Z","phase3-perf","575d7bad584bd0ebbabd4c78c3a1672d3f211a34b1e8eaf0b4c872d35a444b5b","codex","4e2709ba5029827d0dcbf73e869f63a7f6ea7dffa8afa9eaab0bc4e9c3e6e184","dbfd732907253d27ddc312498775d7f1b9812c302b156bb8b0bd1b0dfb7c41d1","continuation","False","108","71","37","0.343","4","4","16","12"
"2026-04-13T02:59:40.917839Z","phase3-perf","575d7bad584bd0ebbabd4c78c3a1672d3f211a34b1e8eaf0b4c872d35a444b5b","codex","26be5d31cb672e731e0fdb61747c55c7b3d1d5d74c485106334a48ade830e7b4","22c0349331954d2dafd405bd8bcf9214f5b19cdab3e6e132b8e24e1a463d9d7b","continuation","False","108","71","37","0.343","4","4","16","12"
"2026-04-13T02:59:40.984926Z","phase3-perf","575d7bad584bd0ebbabd4c78c3a1672d3f211a34b1e8eaf0b4c872d35a444b5b","codex","73c42eea59780af2b65d7a8f6c208a0ff8e8441d3ee9d18a6a5c0a97d65c51ed","ae462a3608af43ac4de072d39c02c2551579e7789ac592da1df8608bac97c472","continuation","False","108","71","37","0.343","4","4","16","12"
"2026-04-13T02:59:41.062463Z","phase3-perf","575d7bad584bd0ebbabd4c78c3a1672d3f211a34b1e8eaf0b4c872d35a444b5b","codex","6118e09365d14456aeeb562eeadf15cce9a9b685ed64af9bbe4fdb63553696f9","dd4df9c4717de8f59f1a1dba7bead047864d4ca427a5306630c19d7b960b675b","continuation","False","108","71","37","0.343","4","4","16","12"
"2026-04-13T02:59:41.125630Z","phase3-perf","575d7bad584bd0ebbabd4c78c3a1672d3f211a34b1e8eaf0b4c872d35a444b5b","codex","a3f521d37a57f27acdd135ac62d75e5c72436739201460d3bafc87e7bb68acb2","7560c8bac7d2187578af3938796aee825c74fca5941928df2315fbb556b086eb","continuation","False","108","71","37","0.343","4","4","16","12"
"2026-04-13T02:59:41.195736Z","phase3-perf","575d7bad584bd0ebbabd4c78c3a1672d3f211a34b1e8eaf0b4c872d35a444b5b","codex","8d4e6089fdeca3718ccca740073b675f249856ae6d1deaed292caa508110f3e5","75b54fa6ab487fce4453e9281224de3b680ab12f90ebe0bab2656b2d9bdb7efa","continuation","False","108","71","37","0.343","4","4","16","12"
"2026-04-13T02:59:41.260287Z","phase3-perf","575d7bad584bd0ebbabd4c78c3a1672d3f211a34b1e8eaf0b4c872d35a444b5b","codex","17e1cd0b289aff75b52049d67698dccbf917ee94fc5970bc9b1c4d25b4d99aa8","e3cf2fb1c965812ab792c123fc2a1c6d5c149787e524439586d4f768ec3a26d9","continuation","False","108","71","37","0.343","4","4","16","12"
"2026-04-13T02:59:41.320616Z","phase3-perf","575d7bad584bd0ebbabd4c78c3a1672d3f211a34b1e8eaf0b4c872d35a444b5b","codex","3850701146b48689d7b0b2e2b8c0c7e8befed4320ed72f274f73b5b390e23883","9318246b250be18f15f347117e9e45548f9775167d33ff096bfd7ed2e322cdb4","continuation","False","108","71","37","0.343","4","4","16","12"
"2026-04-13T02:59:41.381933Z","phase3-perf","575d7bad584bd0ebbabd4c78c3a1672d3f211a34b1e8eaf0b4c872d35a444b5b","codex","0209d5f93f164c7c555d9e91417f6c804eeb2db13a95d017e8ad759a352683d0","c6e0be662afa01571d54cc7fc76ff16749628a506de62aac9b2c8f8967f681ec","continuation","False","108","71","37","0.343","4","4","16","12"
"2026-04-13T02:59:41.441854Z","phase3-perf","575d7bad584bd0ebbabd4c78c3a1672d3f211a34b1e8eaf0b4c872d35a444b5b","codex","74a85be7a80692f8d775d5d7a3585aa456f7a38704d8b134fc85dc9f321e5a3f","97450bbd9a5dcc62df4cf4f8e70e763cf3589bbc09bda17f8eae76e663de2aa7","continuation","False","108","71","37","0.343","4","4","16","12"
"2026-04-13T02:59:41.500678Z","phase3-perf","575d7bad584bd0ebbabd4c78c3a1672d3f211a34b1e8eaf0b4c872d35a444b5b","codex","bb8af4eed423509ae4b3de6d5c46dab6267d684bc9ad300fe9d60e48fc4b9177","6a1b3fe42de96ddadc165208ff43ac09e1aa903d5674c5d97466e3b2c3ef997f","continuation","False","108","71","37","0.343","4","4","16","12"
"2026-04-13T02:59:41.554633Z","phase3-perf","575d7bad584bd0ebbabd4c78c3a1672d3f211a34b1e8eaf0b4c872d35a444b5b","codex","07494611f34066db8cd51bfddf2d0d9ce6b4dc863d64f0ce33f69cecdd427694","d58fe597e19a61cd55ab75b7a8ab85908f8c9000a68beb7a9fa66157faba3fc6","continuation","False","108","71","37","0.343","4","4","16","12"
"2026-04-13T02:59:41.635428Z","phase3-perf","575d7bad584bd0ebbabd4c78c3a1672d3f211a34b1e8eaf0b4c872d35a444b5b","codex","3057ce9abdeb7b71a552898cb0dd99ab40b86253dcb76849da1be105de3a08b3","a45333bec7b6d8bcdcf443544d81f369e6ea4f0041da7f4161e923c264b67952","continuation","False","108","71","37","0.343","4","4","16","12"
"2026-04-13T02:59:41.702050Z","phase3-perf","575d7bad584bd0ebbabd4c78c3a1672d3f211a34b1e8eaf0b4c872d35a444b5b","codex","2d0cf2c24e3fea3cd9a1c1bc0388d587c21eccccb0d14ec80a4a269b1e729513","dbefafd2a27b798721241e7ef13fca5126cf8c312ce8d9889670fbc977fe2cfa","continuation","False","108","71","37","0.343","4","4","16","12"
"2026-04-13T02:59:41.762548Z","phase3-perf","575d7bad584bd0ebbabd4c78c3a1672d3f211a34b1e8eaf0b4c872d35a444b5b","codex","bf713a907e906513f224283767af3d848323b59073fd25cb436cdea561cf0dc3","0fcb8a00287b112b05716a62ad3f085ae9bce4a44c3fe1eb6f357ba546ce90d0","continuation","False","108","71","37","0.343","4","4","16","12"
"2026-04-13T02:59:41.824307Z","phase3-perf","575d7bad584bd0ebbabd4c78c3a1672d3f211a34b1e8eaf0b4c872d35a444b5b","codex","902af2f16c2cbe0f215881b3c693585003e4ed4d9c3ccc860d2221b994b3aad1","3c5f2e646a796cc6c81fdc17bbdb118f5c2370f3e04b0d8880eae7cf889413f9","continuation","False","108","71","37","0.343","4","4","16","12"
"2026-04-13T03:00:06.350446Z","phase3-perf","575d7bad584bd0ebbabd4c78c3a1672d3f211a34b1e8eaf0b4c872d35a444b5b","codex","1e06913d005393b5e52ae0471f03e0a6d27d40e9a53e281feac18a7d182b193f","bd07363a186517475df7c4c83efde5eb8a2ee638b90505afed9e5957bf042bb9","continuation","False","108","71","37","0.343","4","4","16","12"
"2026-04-13T03:00:06.395495Z","phase3-perf","575d7bad584bd0ebbabd4c78c3a1672d3f211a34b1e8eaf0b4c872d35a444b5b","codex","11e577c2af4628d25807eea132609f486171bf4847f5b38dfb96cbded68ea230","b34be51730eeedff9dbc9ced5b3657e41183bddf189b5eff4693a6f195fa3c58","continuation","False","108","71","37","0.343","4","4","16","12"
"2026-04-13T03:00:06.439433Z","phase3-perf","575d7bad584bd0ebbabd4c78c3a1672d3f211a34b1e8eaf0b4c872d35a444b5b","codex","49ecedfbce3df3962e92ba3e4b61d1f4e74320b70354299e0c505552456e313d","1b284e9ef3a2fa3d7bdf6bdb0f52438dd2d2b784a955e6c992dfd464ac2f039d","continuation","False","108","71","37","0.343","4","4","16","12"
"2026-04-13T03:00:06.479623Z","phase3-perf","575d7bad584bd0ebbabd4c78c3a1672d3f211a34b1e8eaf0b4c872d35a444b5b","codex","3dbdccf7db369167d75a4d9116b59fd96d4d1ce0fa5c458899fd58807dd5ffe8","8309488f06a872c902849f89cfcaef5becb8ea3432cd99c9d0700421d7fefd08","continuation","False","108","71","37","0.343","4","4","16","12"
"2026-04-13T03:00:06.519650Z","phase3-perf","575d7bad584bd0ebbabd4c78c3a1672d3f211a34b1e8eaf0b4c872d35a444b5b","codex","1b63ad2e36e5a701d9232f229cdbf9fe75d122473a05e35419c05e154c901e7d","ac636ad816ef5f8513185a52b7ab3ea6606b120a64e4fc476e69300d96269506","continuation","False","108","71","37","0.343","4","4","16","12"
"2026-04-13T03:00:06.559213Z","phase3-perf","575d7bad584bd0ebbabd4c78c3a1672d3f211a34b1e8eaf0b4c872d35a444b5b","codex","fe66a1da2503a76e5a9c0e4d58f1fc2c5ccef4a5e34e5bd66509f8568fcc372e","0b7a3908c3840a6fed87641e4c62b2b73644931f41b1bd479a0a0e48f34a0a71","continuation","False","108","71","37","0.343","4","4","16","12"
"2026-04-13T03:00:06.599495Z","phase3-perf","575d7bad584bd0ebbabd4c78c3a1672d3f211a34b1e8eaf0b4c872d35a444b5b","codex","7678c65e46b42dda1aeb29f0b43aa0112dd410dfce2af8d9d3082e2bfd548cb7","ef6c15e581732d256c4cb4c62bb0f1b9096d154bd27d6efef081c72af5c812e6","continuation","False","108","71","37","0.343","4","4","16","12"
"2026-04-13T03:00:06.638482Z","phase3-perf","575d7bad584bd0ebbabd4c78c3a1672d3f211a34b1e8eaf0b4c872d35a444b5b","codex","80d74833ab11f90c48b1d0ec91fab07071f3b978595e6d8ac9c4449c183c3c02","04953678f132e31f92d3edf308c8e6d4a33164be012f9e7004983699780d432d","continuation","False","108","71","37","0.343","4","4","16","12"
"2026-04-13T03:00:06.676296Z","phase3-perf","575d7bad584bd0ebbabd4c78c3a1672d3f211a34b1e8eaf0b4c872d35a444b5b","codex","dffb6cd63f8d94d96fe6bb7acdf332604ec2d333934889470b690be5cb217fba","740a2c7a7da48d9ce4a20836f7024a686d8d3616f8a5ead64a56d4ace4eee0ce","continuation","False","108","71","37","0.343","4","4","16","12"
"2026-04-13T03:00:06.714209Z","phase3-perf","575d7bad584bd0ebbabd4c78c3a1672d3f211a34b1e8eaf0b4c872d35a444b5b","codex","2aae9f973ab11e7ff08ba3a5e456bdcb3378ab142bdfbed7b9c44549fd249a04","a4f7b1fc444a26e30635a00d1c0af7152ccb52970d65498c062d358314f42a21","continuation","False","108","71","37","0.343","4","4","16","12"
"2026-04-13T03:00:06.753273Z","phase3-perf","575d7bad584bd0ebbabd4c78c3a1672d3f211a34b1e8eaf0b4c872d35a444b5b","codex","77191b5ac3a249cf63629b4beeb740589329f5f579b36b5d1d4cff018444d70f","ebfdfbe6e2eec902a32bb89394ea321cc6bff4dad270f2bf0f40b9ee240f0af0","continuation","False","108","71","37","0.343","4","4","16","12"
"2026-04-13T03:00:06.791367Z","phase3-perf","575d7bad584bd0ebbabd4c78c3a1672d3f211a34b1e8eaf0b4c872d35a444b5b","codex","acdb7072487454e6ef296f842efb11782d495458dd38abc49a47327dd83e2faa","656e4f47a3473e9c20b75161adc6f7338560c980ee68be934e0a6954db32a5ea","continuation","False","108","71","37","0.343","4","4","16","12"
"2026-04-13T03:00:06.831300Z","phase3-perf","575d7bad584bd0ebbabd4c78c3a1672d3f211a34b1e8eaf0b4c872d35a444b5b","codex","e4e0a969fad9257e4272038e9c98082b30e2df370be158adcc18e42184bbbd12","e488f9607a6f610b09bac7c44433b065f6205d2da77e19107ca29cc31ba841e1","continuation","False","108","71","37","0.343","4","4","16","12"
"2026-04-13T03:00:06.870212Z","phase3-perf","575d7bad584bd0ebbabd4c78c3a1672d3f211a34b1e8eaf0b4c872d35a444b5b","codex","a556229b960af018ac1777538ac4c59eb887427352baa864a58975a3c821a344","cff9a8e9dcfe676682096242bbbcfb57dcc88326c41d65608c3292d46bad7cb3","continuation","False","108","71","37","0.343","4","4","16","12"
"2026-04-13T03:00:06.909245Z","phase3-perf","575d7bad584bd0ebbabd4c78c3a1672d3f211a34b1e8eaf0b4c872d35a444b5b","codex","a8655bed9d03d35dfd6b1af0d1017afc8c0712eb70ed78a68f0505c971467e09","02d32b26d60dd1c5008b437ce2d70348e568331c58adafd03f3f68669c3b6332","continuation","False","108","71","37","0.343","4","4","16","12"
"2026-04-13T03:00:06.957500Z","phase3-perf","575d7bad584bd0ebbabd4c78c3a1672d3f211a34b1e8eaf0b4c872d35a444b5b","codex","22c89755d44c40e695d930a96c12a96b9741b0ca433704d84769c0941fce0e15","0aff66f113b56a0b78b0870646c47d1ac6b186c901a2d40a40f444783e14f520","continuation","False","108","71","37","0.343","4","4","16","12"
"2026-04-13T03:00:07.002477Z","phase3-perf","575d7bad584bd0ebbabd4c78c3a1672d3f211a34b1e8eaf0b4c872d35a444b5b","codex","8847a8d4107740cee895fcd0257e9fc6b39ee7db531b52a85aec597c17190624","ba5255a175169a140c8595410a392e26d66c9892bc1701868b9f3be0bcffd932","continuation","False","108","71","37","0.343","4","4","16","12"
"2026-04-13T03:00:07.041457Z","phase3-perf","575d7bad584bd0ebbabd4c78c3a1672d3f211a34b1e8eaf0b4c872d35a444b5b","codex","c17760bbb44b135f4840b1e92afcbe384c32cf4966c8eb2f587a76295d232472","46654bba0a864fd093c178db5a1ffe329edb40779c20b2ad1f88443bd2366135","continuation","False","108","71","37","0.343","4","4","16","12"
"2026-04-13T03:00:07.080527Z","phase3-perf","575d7bad584bd0ebbabd4c78c3a1672d3f211a34b1e8eaf0b4c872d35a444b5b","codex","f4efc335e94aeb3e0a72ec45a109f66c7d1abad74f103a05114f6a5b2fd19606","299f4e926a9fa6ff9dd19ce01acc558127b60c841f278b631a7a924587873d2a","continuation","False","108","71","37","0.343","4","4","16","12"
"2026-04-13T03:00:07.118286Z","phase3-perf","575d7bad584bd0ebbabd4c78c3a1672d3f211a34b1e8eaf0b4c872d35a444b5b","codex","3dc545a9e8939c8152650aba5e96f933de2eda3cf158190710d32fc16ec3f50a","f77c91cee37156a70a6e2f4dcf1cd4f3591cc040c1a60a1fed8858ae591ef081","continuation","False","108","71","37","0.343","4","4","16","12"
"2026-04-13T03:00:07.155176Z","phase3-perf","575d7bad584bd0ebbabd4c78c3a1672d3f211a34b1e8eaf0b4c872d35a444b5b","codex","81220f3cd886e46cde5085867e7f242646c6c5412e9d2151d0578b7cd5f2cf7b","2a41da653111daff7f21336949d751d5aa8b05cc2f677539669cd512408a11dd","continuation","False","108","71","37","0.343","4","4","16","12"
"2026-04-13T03:00:07.192277Z","phase3-perf","575d7bad584bd0ebbabd4c78c3a1672d3f211a34b1e8eaf0b4c872d35a444b5b","codex","b2df788b63b7913a6f2cd71692ddde98481eeb0d8e840bacc5e3147d80a6d9be","a7df344611e0dc55aa0a3fe29e1ecbb3f9b97ebcb35c485f5b785248d64ae70f","continuation","False","108","71","37","0.343","4","4","16","12"
"2026-04-13T03:00:07.231186Z","phase3-perf","575d7bad584bd0ebbabd4c78c3a1672d3f211a34b1e8eaf0b4c872d35a444b5b","codex","2881b623ee0de0c24f996d360b98b0f619d26c21b931bacba9a44df6b26c11b3","ba37eb7cd1ffcb3b7163fdfa9d18bf1e5e99cd6623ca5fe9866b6e4d75f7228a","continuation","False","108","71","37","0.343","4","4","16","12"
"2026-04-13T03:00:07.270414Z","phase3-perf","575d7bad584bd0ebbabd4c78c3a1672d3f211a34b1e8eaf0b4c872d35a444b5b","codex","0aa99c0869cfc63122601608b3c75c1fcf9752fe33e252d4c28425ebab3a4aeb","3ace7c9656af450e40c5fa5cbe20ee1f4050feacdf593a10860851cabfe90840","continuation","False","108","71","37","0.343","4","4","16","12"
"2026-04-13T03:00:07.311183Z","phase3-perf","575d7bad584bd0ebbabd4c78c3a1672d3f211a34b1e8eaf0b4c872d35a444b5b","codex","95777ea92851c232f9f05395c0296db19911094fee51102dd55701f55868f957","78657ec674bac14ba616a44abfa3e229452d54c328ffdb519e757fc93122f683","continuation","False","108","71","37","0.343","4","4","16","12"
"2026-04-13T03:00:07.350228Z","phase3-perf","575d7bad584bd0ebbabd4c78c3a1672d3f211a34b1e8eaf0b4c872d35a444b5b","codex","83ecd2ca79d9b9f009bc689b31d1f85a0f69c8607277dec9059222ff6893fc98","455b114554be63493be1ef262333d3b5066ef13601d965fbafb01cfb9d708054","continuation","False","108","71","37","0.343","4","4","16","12"
"2026-04-13T03:00:07.388526Z","phase3-perf","575d7bad584bd0ebbabd4c78c3a1672d3f211a34b1e8eaf0b4c872d35a444b5b","codex","2ef90088bf1e8f30c9971b214b05e74422c6f64da95f0acdd8c01a0162275c29","d01b565de64031476ebf87c765df60e6d4da62ab6bc49cd2cff8340765b483d8","continuation","False","108","71","37","0.343","4","4","16","12"
"2026-04-13T03:00:07.426349Z","phase3-perf","575d7bad584bd0ebbabd4c78c3a1672d3f211a34b1e8eaf0b4c872d35a444b5b","codex","3932706e6e0f5f9671f234f4131c2a4641c35447c95be0f4af2b0287c3f57dce","6bac04561ccc2d657428ed531439b6b63cbabf914fde2242c815b31afc5e10ad","continuation","False","108","71","37","0.343","4","4","16","12"
"2026-04-13T03:00:07.465201Z","phase3-perf","575d7bad584bd0ebbabd4c78c3a1672d3f211a34b1e8eaf0b4c872d35a444b5b","codex","e428e794edb7c1f79f9d8c2c5ab35684cd5291cd4fbe6bcb045b5386e322aed8","5241a88c205e5c4bc88d1cb6cefe00726e3bf9374c67d878c697a30c439c8090","continuation","False","108","71","37","0.343","4","4","16","12"
"2026-04-13T03:00:07.504317Z","phase3-perf","575d7bad584bd0ebbabd4c78c3a1672d3f211a34b1e8eaf0b4c872d35a444b5b","codex","2d5ad88fef391dd0bc81cf2a3ba820c406f4d16bf158c431cc1b10c805897026","3a99259bdaa2603b309b08528389c6caa5657dc0296e2c572de25ae203d57359","continuation","False","108","71","37","0.343","4","4","16","12"
"2026-04-13T03:00:07.543270Z","phase3-perf","575d7bad584bd0ebbabd4c78c3a1672d3f211a34b1e8eaf0b4c872d35a444b5b","codex","f7a288ac4271cfe650c374f0912370371987355327cf7c81e85556b8110274cf","d561dc5ee5a702ef207424f3d2deafbc08a7b124b7b11a6750b1a72c7c3cdb79","continuation","False","108","71","37","0.343","4","4","16","12"
"2026-04-13T03:00:07.580246Z","phase3-perf","575d7bad584bd0ebbabd4c78c3a1672d3f211a34b1e8eaf0b4c872d35a444b5b","codex","97f38a1c854662cb92358015890972d53d12f4de3d69f5f1237b0f13138552ef","d89e8ce1ee2fa1ffd87defdcce89885c04b9ea46250ab9c32cfed7cc9ea12c36","continuation","False","108","71","37","0.343","4","4","16","12"
"2026-04-13T03:00:07.619257Z","phase3-perf","575d7bad584bd0ebbabd4c78c3a1672d3f211a34b1e8eaf0b4c872d35a444b5b","codex","0a99227c042e10d0729e083374357d78f38f496bdeded1e8392ae21f2f04b6dc","26c0b208f3cdc32c8be421644dee27de49a405c573a1a5820dd11ae0612327ff","continuation","False","108","71","37","0.343","4","4","16","12"
"2026-04-13T03:00:07.659336Z","phase3-perf","575d7bad584bd0ebbabd4c78c3a1672d3f211a34b1e8eaf0b4c872d35a444b5b","codex","a0aea40c93f43022094ae7aa2adfe0db719362c63abf2a2dd323bc32e036ecb7","48d329019cf2624dfafbb7f9b1b6c384f31cef5c2903966cd15d070e01a6676b","continuation","False","108","71","37","0.343","4","4","16","12"
"2026-04-13T03:00:07.697177Z","phase3-perf","575d7bad584bd0ebbabd4c78c3a1672d3f211a34b1e8eaf0b4c872d35a444b5b","codex","51b4efa6a8a3b55bd60a7d175b9ccb27fe18ba25651c4b4f5c56d38a70f32f65","f4ac0ac2ec2c741385063ba845e548c6ee7df28904b8575093656c4db7591235","continuation","False","108","71","37","0.343","4","4","16","12"
"2026-04-13T03:00:07.736297Z","phase3-perf","575d7bad584bd0ebbabd4c78c3a1672d3f211a34b1e8eaf0b4c872d35a444b5b","codex","8d891e5aaf5728625272f833777def09b17bd666d196757a21df9e5844c57934","b7c2ca672544e475b5be2fc2f90160ae54b589858089b75da026e7d9f295a1c0","continuation","False","108","71","37","0.343","4","4","16","12"
"2026-04-13T03:00:07.774182Z","phase3-perf","575d7bad584bd0ebbabd4c78c3a1672d3f211a34b1e8eaf0b4c872d35a444b5b","codex","c5c94a61849c224d08493a26acbed54af13914c50aac60899e87104a33db6bee","248feb9db428649d8bd9aa9c2d8a4f67c49a9847bc8f1a48c8f3876efa3581bc","continuation","False","108","71","37","0.343","4","4","16","12"
"2026-04-13T03:00:07.812693Z","phase3-perf","575d7bad584bd0ebbabd4c78c3a1672d3f211a34b1e8eaf0b4c872d35a444b5b","codex","0c96925e4c64eb943e703a5532f19bc9a92b320014d6435342cfd1002fd6ac50","f946c41957cff75bec875909af81c4d2d62b4d725f1b83d7fa9d20f2fe13a45c","continuation","False","108","71","37","0.343","4","4","16","12"
"2026-04-13T03:00:07.852642Z","phase3-perf","575d7bad584bd0ebbabd4c78c3a1672d3f211a34b1e8eaf0b4c872d35a444b5b","codex","27b503785d9b875d9d3e3c623f2415b1b90e2ee8c2322276a854b7f8eb3f61db","bb0712c343247ccbd59cdb4754b50f06a9573937385067b36fbb62dcee699524","continuation","False","108","71","37","0.343","4","4","16","12"
"2026-04-13T03:00:07.893619Z","phase3-perf","575d7bad584bd0ebbabd4c78c3a1672d3f211a34b1e8eaf0b4c872d35a444b5b","codex","5ab6b4796cfe87cd3bf23cd298073d4b3cc94231f6c25ba7966123450e106e47","354b2f3ab6d4daa3755b51d8873c8a9673cfc1e4d137e89ec41150645f87165e","continuation","False","108","71","37","0.343","4","4","16","12"
"2026-04-13T03:00:07.931397Z","phase3-perf","575d7bad584bd0ebbabd4c78c3a1672d3f211a34b1e8eaf0b4c872d35a444b5b","codex","8bff018f857dea8b26a1b8fe349d672d729643c5144b5d3a8b607f37b9c633d8","7e82b4f5d2d12f6c30761f6757ff35f7f224a967b89849acbc24ba4c01141a35","continuation","False","108","71","37","0.343","4","4","16","12"
"2026-04-13T03:00:07.971393Z","phase3-perf","575d7bad584bd0ebbabd4c78c3a1672d3f211a34b1e8eaf0b4c872d35a444b5b","codex","260b4e4e9c81efdc4aa95c68f3c26261db0bd9560712931ebde35bed969ac32d","e058a5433c0709f4d7449a00fa1c83726afd446ebddaa4a3022f9bfc89f759b3","continuation","False","108","71","37","0.343","4","4","16","12"
"2026-04-13T03:00:08.027432Z","phase3-perf","575d7bad584bd0ebbabd4c78c3a1672d3f211a34b1e8eaf0b4c872d35a444b5b","codex","c067696d295a318890432d6f2595e90a4e8ebd4c1e29c600ee158ae4eeab31b4","cae8c48b2c129502181974a0293f5bb3250c1f17f3716603f537b330f5ac16c8","continuation","False","108","71","37","0.343","4","4","16","12"
"2026-04-13T03:00:08.099422Z","phase3-perf","575d7bad584bd0ebbabd4c78c3a1672d3f211a34b1e8eaf0b4c872d35a444b5b","codex","e7b8b93544ba3d050383a8ab672ff811a3f09333e93ebfe7fcb87f57d54ddc42","30aaacfb8e704f8f2a0bca479813cf54a394e13f4545e0779a46b67f85099b6b","continuation","False","108","71","37","0.343","4","4","16","12"
"2026-04-13T03:00:08.162235Z","phase3-perf","575d7bad584bd0ebbabd4c78c3a1672d3f211a34b1e8eaf0b4c872d35a444b5b","codex","4585f4cc036a71e7a47ac6d9651f919e6c100458a6f5aef820da15a2d8085dda","d45ff3dbfabe5cdb219b668cd6caab334ed8868df1a5e02f168a80529a4b44b7","continuation","False","108","71","37","0.343","4","4","16","12"
"2026-04-13T03:00:08.224321Z","phase3-perf","575d7bad584bd0ebbabd4c78c3a1672d3f211a34b1e8eaf0b4c872d35a444b5b","codex","2dc5668f6a1b40a8a7e901886792086e3453d140f06c21e1c6c617b9afa7c253","9bee46431508c56aff96b2a2bd1d44f38755f282f9239ba307c6ac6c331768c1","continuation","False","108","71","37","0.343","4","4","16","12"
"2026-04-13T03:00:08.288575Z","phase3-perf","575d7bad584bd0ebbabd4c78c3a1672d3f211a34b1e8eaf0b4c872d35a444b5b","codex","e31157ce99512668864da8ecac8b6966c7eb5f6515c4579d5566b11eee544dc2","4e094eaeb71a8242d534c833ec76f569ad889ae9acde7c195034b6d511ed4fac","continuation","False","108","71","37","0.343","4","4","16","12"
"2026-04-13T03:00:08.356977Z","phase3-perf","575d7bad584bd0ebbabd4c78c3a1672d3f211a34b1e8eaf0b4c872d35a444b5b","codex","63f95dbbdaf3ea0ee32489f87ff5f6a67c17553162a02b0fd2c8c7dcbf67d5a3","84a11cc0863382aee1d9f283f76dd6749feb4dbc170188e0a0e6f0b018468f8f","continuation","False","108","71","37","0.343","4","4","16","12"
"2026-04-13T03:00:08.421037Z","phase3-perf","575d7bad584bd0ebbabd4c78c3a1672d3f211a34b1e8eaf0b4c872d35a444b5b","codex","bd8be674b2e9952994b2f79086967d058f4c0f83459425c1bdbf3828deb0fb91","20a8d05825f0d6778350f9c22a9933b800f73a24c14a6b3afd07afea223ba72b","continuation","False","108","71","37","0.343","4","4","16","12"
"2026-04-13T03:00:08.483424Z","phase3-perf","575d7bad584bd0ebbabd4c78c3a1672d3f211a34b1e8eaf0b4c872d35a444b5b","codex","e428c0cee701763027aa85ed1d5c61e6f0a7028df6617a88e67d47495c05a9d6","55765aaf04d174b851f3c76557878b9f56cf2885eefc9f23e88b7ff0c116cbcc","continuation","False","108","71","37","0.343","4","4","16","12"
"2026-04-13T03:00:08.545563Z","phase3-perf","575d7bad584bd0ebbabd4c78c3a1672d3f211a34b1e8eaf0b4c872d35a444b5b","codex","48d5d55700054a7a6aad22e455198d2c136e9ab5c1cb9b2872560b3cd51c87db","32bae9547962236209f52b212e0ec36b8c05b4572da396e8d609ba5c279ecd0f","continuation","False","108","71","37","0.343","4","4","16","12"
"2026-04-13T03:00:08.609006Z","phase3-perf","575d7bad584bd0ebbabd4c78c3a1672d3f211a34b1e8eaf0b4c872d35a444b5b","codex","f1c5eb5521b6a74152f86c7533cee647199c19d117a406d6917bf5331b2d86a5","6c3e5f908a5c40fd85aa2a17e1e48274526c3ffe206f8daf47cdf69dd960f2f6","continuation","False","108","71","37","0.343","4","4","16","12"
"2026-04-13T03:00:08.670438Z","phase3-perf","575d7bad584bd0ebbabd4c78c3a1672d3f211a34b1e8eaf0b4c872d35a444b5b","codex","17ef8823062b06d45916aca0c02270886c3f1ef1a0078d22673dfb2d1ab28c36","79b44c821ef526d8625d8a5c6d2de5564911fa1af9adb0143391b01f156203d6","continuation","False","108","71","37","0.343","4","4","16","12"
"2026-04-13T03:00:08.733522Z","phase3-perf","575d7bad584bd0ebbabd4c78c3a1672d3f211a34b1e8eaf0b4c872d35a444b5b","codex","a6cc0de9e5bda383f64b401e460efca0cf37fdde08ec5d2aacf28ecc6cce02a9","de2f5cff97b19df2f9a2e64dfc9118d549bedb2d46ae4ba6b1b76893a2f16908","continuation","False","108","71","37","0.343","4","4","16","12"
"2026-04-13T03:00:08.799056Z","phase3-perf","575d7bad584bd0ebbabd4c78c3a1672d3f211a34b1e8eaf0b4c872d35a444b5b","codex","c26f7c843a21663307bbfa84efa8aebda3940b7b1c499ab12214267a9d5d8cf7","ede07168293deb485bfb9484ed182ebe059ed3ff00a25bc54cd9f0c2d72646eb","continuation","False","108","71","37","0.343","4","4","16","12"
"2026-04-13T03:00:08.866646Z","phase3-perf","575d7bad584bd0ebbabd4c78c3a1672d3f211a34b1e8eaf0b4c872d35a444b5b","codex","9e9b996899794193d800b7faabcf68d7b271cee0a86991381b6248d05f354686","e4c648af89a116c3e294927b1c4c976380c3260b891fb7bc95ed00d99711fa63","continuation","False","108","71","37","0.343","4","4","16","12"
"2026-04-13T03:00:08.932482Z","phase3-perf","575d7bad584bd0ebbabd4c78c3a1672d3f211a34b1e8eaf0b4c872d35a444b5b","codex","17c58df0918f6b444f643da828b91729d254bcc6b6095442ef7c26704450bd17","7724ef2e5fa7bc7304d68ca7a5346847c74b061fa244c7a19833bf2523b0d7f0","continuation","False","108","71","37","0.343","4","4","16","12"
"2026-04-13T03:00:08.996371Z","phase3-perf","575d7bad584bd0ebbabd4c78c3a1672d3f211a34b1e8eaf0b4c872d35a444b5b","codex","e85c1f677cbc51eac91e89c40f0a7e09323a5d11b3f858489c9fd73e2437fc2b","b003cc6dcb1dc1611c8fb059092ab046e8fdfa5c55ddadd9d588db9e8dc09277","continuation","False","108","71","37","0.343","4","4","16","12"
"2026-04-13T03:00:09.056887Z","phase3-perf","575d7bad584bd0ebbabd4c78c3a1672d3f211a34b1e8eaf0b4c872d35a444b5b","codex","59e0abf35b8de57a47c7aab61d026310ca2cf55e7a74b3654c75cab40a138b2d","bead0fce6e5fbae55fad1d28640b7b138e2815c8825ae431aaa71cce320afc98","continuation","False","108","71","37","0.343","4","4","16","12"
"2026-04-13T03:00:09.122370Z","phase3-perf","575d7bad584bd0ebbabd4c78c3a1672d3f211a34b1e8eaf0b4c872d35a444b5b","codex","7fea3438e3d88d48ba3249ea64c366739eb5c00855acb8c403319794a73450b2","95660ed552171a465c31f92925bb8ff53eef2ed8a79cac57931c943d397538fd","continuation","False","108","71","37","0.343","4","4","16","12"
"2026-04-13T03:00:09.199441Z","phase3-perf","575d7bad584bd0ebbabd4c78c3a1672d3f211a34b1e8eaf0b4c872d35a444b5b","codex","129fd444706198d2366cf95455c6b9c0b181b250c51ab1337e3eaa88c66541ba","56226a680c07d2dc5bd4a5b36f3e4843d9292fc82d7fe3e65f727a379aa6a121","continuation","False","108","71","37","0.343","4","4","16","12"
"2026-04-13T03:00:09.267159Z","phase3-perf","575d7bad584bd0ebbabd4c78c3a1672d3f211a34b1e8eaf0b4c872d35a444b5b","codex","871065d94f84ac51a924494e19c1ef79a9f9a928d90f06a4eb4a370988fa6d4c","1eac52f9687308dfdf9d805b286027059a26aa1c370acfe216e277fd5d82bb34","continuation","False","108","71","37","0.343","4","4","16","12"
"2026-04-13T03:00:09.329705Z","phase3-perf","575d7bad584bd0ebbabd4c78c3a1672d3f211a34b1e8eaf0b4c872d35a444b5b","codex","84592a1fa31de21167d028fe2bb17c5c5cb0643b2dbcd77f6f0391ce375dd19b","f8f36a8652f1fb13b0a1d031f9eed70fb53a095cc9f5540dbd3a37962c7f2723","continuation","False","108","71","37","0.343","4","4","16","12"
"2026-04-13T03:00:09.395784Z","phase3-perf","575d7bad584bd0ebbabd4c78c3a1672d3f211a34b1e8eaf0b4c872d35a444b5b","codex","722c522c6b06fa2a88a6aa3507b092b26e2cf173c0b50581c49b10d83a66c0dc","9b2ad04cfdbf0e9b3283a3aa84d00771535e9a6bbc03cd07a39365e459ca4ad1","continuation","False","108","71","37","0.343","4","4","16","12"
"2026-04-13T03:00:09.462036Z","phase3-perf","575d7bad584bd0ebbabd4c78c3a1672d3f211a34b1e8eaf0b4c872d35a444b5b","codex","a2d313292183d730467b82dc132ffbd837221f7c8c0510e205449f658a89fe23","4f576e75a5065b3a8481543132bba501b8d2f7503a397fe05d063399dbb51f92","continuation","False","108","71","37","0.343","4","4","16","12"
"2026-04-13T03:00:09.527336Z","phase3-perf","575d7bad584bd0ebbabd4c78c3a1672d3f211a34b1e8eaf0b4c872d35a444b5b","codex","1c69e6e3c46d605523033e0e1cf51a6e961565b2dd8eaa834662d5a978a0f070","9d3f426dcaf97a0c53364094a980ac583eaf4471fa53e798460135ac7b259111","continuation","False","108","71","37","0.343","4","4","16","12"
"2026-04-13T03:00:09.595110Z","phase3-perf","575d7bad584bd0ebbabd4c78c3a1672d3f211a34b1e8eaf0b4c872d35a444b5b","codex","e2f93dc492805546cdfcbd290ed3f99ad63cd1672f516a9fa8f987e70e826311","f04dda359c39abcd9329e0cde119532673945cc496151612a15e9702477346ad","continuation","False","108","71","37","0.343","4","4","16","12"
"2026-04-13T03:00:09.663085Z","phase3-perf","575d7bad584bd0ebbabd4c78c3a1672d3f211a34b1e8eaf0b4c872d35a444b5b","codex","5f08e57cc8e5dbba6363102626cf7da10232bddc128b29af24c18bd5193094e9","2c577a13df1ad62c07856a28c97d3823925404015f6505c8c5ac4717acfecc3f","continuation","False","108","71","37","0.343","4","4","16","12"
"2026-04-13T03:00:09.733255Z","phase3-perf","575d7bad584bd0ebbabd4c78c3a1672d3f211a34b1e8eaf0b4c872d35a444b5b","codex","9ec77ddb61aac92022e656a11009e076c28cb8fd2a1f521d4754e94d2df49513","8b153f7b37f42f80979af176d01e234205cd27f574d63b3e77bf5eda40b6c456","continuation","False","108","71","37","0.343","4","4","16","12"
"2026-04-13T03:00:09.797045Z","phase3-perf","575d7bad584bd0ebbabd4c78c3a1672d3f211a34b1e8eaf0b4c872d35a444b5b","codex","bf31c4951dd9e6a7bf10e5ecd3655461a2167b6b2c10d08873600c469201e367","3d121694630d722b1f324d459ea23cae2220f56347541c9f1ee13bcac70de565","continuation","False","108","71","37","0.343","4","4","16","12"
"2026-04-13T03:00:09.862291Z","phase3-perf","575d7bad584bd0ebbabd4c78c3a1672d3f211a34b1e8eaf0b4c872d35a444b5b","codex","dfecdc5771bd4a1dd7e7943b8948c0620409667d348426a346bb9c79d5e5f87d","8fe51646d2f57a23712c5d8f12ba6e204a428236e2ea6e040cb5784d7f8cb556","continuation","False","108","71","37","0.343","4","4","16","12"
"2026-04-13T03:00:09.922112Z","phase3-perf","575d7bad584bd0ebbabd4c78c3a1672d3f211a34b1e8eaf0b4c872d35a444b5b","codex","7df0b9c4b87ee07b9a60cd4079bef9d855ea49bafec39b34469747e070b1a7bb","52600a25bef44ba5df8541a216d22bbb741304cfcff4d0105d8a8a951b6840f4","continuation","False","108","71","37","0.343","4","4","16","12"
"2026-04-13T03:00:09.985328Z","phase3-perf","575d7bad584bd0ebbabd4c78c3a1672d3f211a34b1e8eaf0b4c872d35a444b5b","codex","6399a857c0b9fbeef1b43f33b26836dc11f97fb48f8c5eb5247a5e1a701af191","481f1817dd993d3ce5a71290fba31ce8efad6aa93142b9d9d5cb84ae588ade7c","continuation","False","108","71","37","0.343","4","4","16","12"
"2026-04-13T03:00:10.048009Z","phase3-perf","575d7bad584bd0ebbabd4c78c3a1672d3f211a34b1e8eaf0b4c872d35a444b5b","codex","0e7c10a0309cd6650d25cd0467b9d366d7bf2264c7c41d00ecfbda439931ce4f","12fc7eb0b2a02564300e12605414c17c11aef595d36a9c095c875d96dff78f92","continuation","False","108","71","37","0.343","4","4","16","12"
"2026-04-13T03:00:10.110435Z","phase3-perf","575d7bad584bd0ebbabd4c78c3a1672d3f211a34b1e8eaf0b4c872d35a444b5b","codex","692effce3216339829f84d6678640b9fa9d302b4ab92d2f34f31cc76481223a2","3c3f5efd7ad782b668bdd4e9fee0b6cb43c22ddc7e31bfbf658c68a572a7f8e2","continuation","False","108","71","37","0.343","4","4","16","12"
"2026-04-13T03:00:10.176105Z","phase3-perf","575d7bad584bd0ebbabd4c78c3a1672d3f211a34b1e8eaf0b4c872d35a444b5b","codex","7fd347069355d644e76e036e7cdb2513f306533adb32e878298aa8cabd0fbe24","efe659a95691e35c5a17815b52a707486109017db1ab0cc998c6f1c533605de5","continuation","False","108","71","37","0.343","4","4","16","12"
"2026-04-13T03:00:10.238190Z","phase3-perf","575d7bad584bd0ebbabd4c78c3a1672d3f211a34b1e8eaf0b4c872d35a444b5b","codex","305f4ece420117d3ee777c71825e7471b80218bb67fa3dab8a8d80e1fff02209","b4c79d26afc47a9a6321eb770c1fe252236d401f11cd42d90c9294f218171721","continuation","False","108","71","37","0.343","4","4","16","12"
"2026-04-13T03:00:10.301610Z","phase3-perf","575d7bad584bd0ebbabd4c78c3a1672d3f211a34b1e8eaf0b4c872d35a444b5b","codex","7bbab4215bd4a9702fde7d6df642513b8d3da73b7b9ebfd9e6141336cb6e66db","1cac3e57e8de29722e3f7f92a3a3d88bfa303c35e3a3c5fd1ff19d2afa08308d","continuation","False","108","71","37","0.343","4","4","16","12"
"2026-04-13T03:00:10.367553Z","phase3-perf","575d7bad584bd0ebbabd4c78c3a1672d3f211a34b1e8eaf0b4c872d35a444b5b","codex","33b792d1cba4a29a6d86389996b1ea051e06d8eded265ab1e31a82bbb28d95dc","fb16c05ab70939163b883810c853b5d9db414a68c82e962d05521b51ff614464","continuation","False","108","71","37","0.343","4","4","16","12"
"2026-04-13T03:00:10.432565Z","phase3-perf","575d7bad584bd0ebbabd4c78c3a1672d3f211a34b1e8eaf0b4c872d35a444b5b","codex","f811aae0f1b4d9c89cb2d03b2024096a49c1e2a079bcd3978d3b338af6216279","7c7c8392a5e48b203c67db8463e206b67878d2f29706982c19c6d7e0da6f051e","continuation","False","108","71","37","0.343","4","4","16","12"
"2026-04-13T03:00:10.500290Z","phase3-perf","575d7bad584bd0ebbabd4c78c3a1672d3f211a34b1e8eaf0b4c872d35a444b5b","codex","ecbbab10d6ce5b3d9d94d4fc709037a0c58569ab2edafc37c535e36161125c64","64059413b7e5c4b44fa3e63a5b8e945bce2b95afe5a8bd6e823daa8f3bb29f56","continuation","False","108","71","37","0.343","4","4","16","12"
"2026-04-13T03:00:10.572311Z","phase3-perf","575d7bad584bd0ebbabd4c78c3a1672d3f211a34b1e8eaf0b4c872d35a444b5b","codex","55b3dcd9402f4728845843e1235f2bd6de18330f9caacdc5d3495bfad6f4097d","7d64e6a377312344c2fc83bba48c7c7d78d9fc1bf5ba892a6ce6ff56b4c67909","continuation","False","108","71","37","0.343","4","4","16","12"
"2026-04-13T03:00:10.639683Z","phase3-perf","575d7bad584bd0ebbabd4c78c3a1672d3f211a34b1e8eaf0b4c872d35a444b5b","codex","e5e3b225978baeb2268f35cd1fed0f5b93903dda63ec14d34497a6dd27702bf9","30a13b1d5de85c1fb5c15bba521d4ab0921c4fbfb401b73ceb4ec677486301ad","continuation","False","108","71","37","0.343","4","4","16","12"
"2026-04-13T03:00:10.704152Z","phase3-perf","575d7bad584bd0ebbabd4c78c3a1672d3f211a34b1e8eaf0b4c872d35a444b5b","codex","e5a2d820375b63e2203e8573328e0a5e227645ebc04680083e70ebed8f830213","d0ffee8d6d8e826b895fdc26fbe79a7f3c85f67de85281362948082c03e005e0","continuation","False","108","71","37","0.343","4","4","16","12"
"2026-04-13T03:00:10.775151Z","phase3-perf","575d7bad584bd0ebbabd4c78c3a1672d3f211a34b1e8eaf0b4c872d35a444b5b","codex","05a49ec0f7307ff6ce4db80bf9cdae6b00c2419545d551b43bfcde447fd2c78b","dbfd732907253d27ddc312498775d7f1b9812c302b156bb8b0bd1b0dfb7c41d1","continuation","False","108","71","37","0.343","4","4","16","12"
"2026-04-13T03:00:10.843562Z","phase3-perf","575d7bad584bd0ebbabd4c78c3a1672d3f211a34b1e8eaf0b4c872d35a444b5b","codex","5a9e68959f3953f8653221321bc7f83fa00e7b7076beb82bd36c6d1ab6dc4e84","22c0349331954d2dafd405bd8bcf9214f5b19cdab3e6e132b8e24e1a463d9d7b","continuation","False","108","71","37","0.343","4","4","16","12"
"2026-04-13T03:00:10.910183Z","phase3-perf","575d7bad584bd0ebbabd4c78c3a1672d3f211a34b1e8eaf0b4c872d35a444b5b","codex","9f34b280b5a465ff710f47d6105ec5b885a16c87d28795f41bb53515c203b9ad","ae462a3608af43ac4de072d39c02c2551579e7789ac592da1df8608bac97c472","continuation","False","108","71","37","0.343","4","4","16","12"
"2026-04-13T03:00:10.976438Z","phase3-perf","575d7bad584bd0ebbabd4c78c3a1672d3f211a34b1e8eaf0b4c872d35a444b5b","codex","b6e509a04e268ded43a8916fe3a850baf83b14e86f70076eca0a1c66da301e37","dd4df9c4717de8f59f1a1dba7bead047864d4ca427a5306630c19d7b960b675b","continuation","False","108","71","37","0.343","4","4","16","12"
"2026-04-13T03:00:11.044749Z","phase3-perf","575d7bad584bd0ebbabd4c78c3a1672d3f211a34b1e8eaf0b4c872d35a444b5b","codex","8dea7acf60ead2ae1a422ce78715985dc74c10557f39a13da10a2ab0fe452268","7560c8bac7d2187578af3938796aee825c74fca5941928df2315fbb556b086eb","continuation","False","108","71","37","0.343","4","4","16","12"
"2026-04-13T03:00:11.110238Z","phase3-perf","575d7bad584bd0ebbabd4c78c3a1672d3f211a34b1e8eaf0b4c872d35a444b5b","codex","168f8678b9f3c66246bf90cf7e0c9ce4d50d8502e2cbc2ee4ba9b4259c2b7f4e","75b54fa6ab487fce4453e9281224de3b680ab12f90ebe0bab2656b2d9bdb7efa","continuation","False","108","71","37","0.343","4","4","16","12"
"2026-04-13T03:00:11.172077Z","phase3-perf","575d7bad584bd0ebbabd4c78c3a1672d3f211a34b1e8eaf0b4c872d35a444b5b","codex","d5f0c20fae90426ea4c4b726565419df9a77ea32b1bba8a3b418ec33b9e9806d","e3cf2fb1c965812ab792c123fc2a1c6d5c149787e524439586d4f768ec3a26d9","continuation","False","108","71","37","0.343","4","4","16","12"
"2026-04-13T03:00:11.237055Z","phase3-perf","575d7bad584bd0ebbabd4c78c3a1672d3f211a34b1e8eaf0b4c872d35a444b5b","codex","394302e3d1f5f989171d00fb05193519ac415cef6a4799fecda63fddb25e43e5","9318246b250be18f15f347117e9e45548f9775167d33ff096bfd7ed2e322cdb4","continuation","False","108","71","37","0.343","4","4","16","12"
"2026-04-13T03:00:11.308420Z","phase3-perf","575d7bad584bd0ebbabd4c78c3a1672d3f211a34b1e8eaf0b4c872d35a444b5b","codex","a8d8dd3d8923f56f7a0c43c83cb683d4176b2cf0c37ab5c9d0e21bdd9cdd03eb","c6e0be662afa01571d54cc7fc76ff16749628a506de62aac9b2c8f8967f681ec","continuation","False","108","71","37","0.343","4","4","16","12"
"2026-04-13T03:00:11.377564Z","phase3-perf","575d7bad584bd0ebbabd4c78c3a1672d3f211a34b1e8eaf0b4c872d35a444b5b","codex","424ca2ce200149a422475ae6119bbab42f8773b23b437982f71727ff51eb5277","97450bbd9a5dcc62df4cf4f8e70e763cf3589bbc09bda17f8eae76e663de2aa7","continuation","False","108","71","37","0.343","4","4","16","12"
"2026-04-13T03:00:11.447052Z","phase3-perf","575d7bad584bd0ebbabd4c78c3a1672d3f211a34b1e8eaf0b4c872d35a444b5b","codex","2741921792a91b6912908e29adc48ee6ae78511fbc93f55fd2ac17842caf21dc","6a1b3fe42de96ddadc165208ff43ac09e1aa903d5674c5d97466e3b2c3ef997f","continuation","False","108","71","37","0.343","4","4","16","12"
"2026-04-13T03:00:11.513323Z","phase3-perf","575d7bad584bd0ebbabd4c78c3a1672d3f211a34b1e8eaf0b4c872d35a444b5b","codex","e9a3942ac4e84ca23b555db54fb3254e5a6c57f21716560d68fa69b5607edb4b","d58fe597e19a61cd55ab75b7a8ab85908f8c9000a68beb7a9fa66157faba3fc6","continuation","False","108","71","37","0.343","4","4","16","12"
"2026-04-13T03:00:11.587083Z","phase3-perf","575d7bad584bd0ebbabd4c78c3a1672d3f211a34b1e8eaf0b4c872d35a444b5b","codex","0f6cad810fe3c2c266f02eda900bd7cadb563c87c4abdfe728290bb63e2080da","a45333bec7b6d8bcdcf443544d81f369e6ea4f0041da7f4161e923c264b67952","continuation","False","108","71","37","0.343","4","4","16","12"
"2026-04-13T03:00:11.656143Z","phase3-perf","575d7bad584bd0ebbabd4c78c3a1672d3f211a34b1e8eaf0b4c872d35a444b5b","codex","62e8b886cdbb3bb2b1f4e0b7c7d60648faa9c54233ab70f7af1f96fc5f2c7edb","dbefafd2a27b798721241e7ef13fca5126cf8c312ce8d9889670fbc977fe2cfa","continuation","False","108","71","37","0.343","4","4","16","12"
"2026-04-13T03:00:11.724453Z","phase3-perf","575d7bad584bd0ebbabd4c78c3a1672d3f211a34b1e8eaf0b4c872d35a444b5b","codex","46dbf3939584b0a25d8c0e7f200242c82ed447d5230b6d3da2f4e59a35bbcabe","0fcb8a00287b112b05716a62ad3f085ae9bce4a44c3fe1eb6f357ba546ce90d0","continuation","False","108","71","37","0.343","4","4","16","12"
"2026-04-13T03:00:11.798198Z","phase3-perf","575d7bad584bd0ebbabd4c78c3a1672d3f211a34b1e8eaf0b4c872d35a444b5b","codex","cabb59ae0bad987ef2292a365cfe5927eb80efc6ef4e87950e2fa2c30bc07b98","3c5f2e646a796cc6c81fdc17bbdb118f5c2370f3e04b0d8880eae7cf889413f9","continuation","False","108","71","37","0.343","4","4","16","12"
"2026-04-13T03:01:19.506645Z","phase3-perf","575d7bad584bd0ebbabd4c78c3a1672d3f211a34b1e8eaf0b4c872d35a444b5b","codex","150536dbc8275141967a7772cde505dbfd623b501619a4d68cf8baa967a601ef","bd07363a186517475df7c4c83efde5eb8a2ee638b90505afed9e5957bf042bb9","continuation","False","108","71","37","0.343","4","4","16","12"
"2026-04-13T03:01:19.554451Z","phase3-perf","575d7bad584bd0ebbabd4c78c3a1672d3f211a34b1e8eaf0b4c872d35a444b5b","codex","ecc484757d92187051f09b4e34c80e5e6311e8221f3dddaf7310e6dd972047d1","b34be51730eeedff9dbc9ced5b3657e41183bddf189b5eff4693a6f195fa3c58","continuation","False","108","71","37","0.343","4","4","16","12"
"2026-04-13T03:01:19.598477Z","phase3-perf","575d7bad584bd0ebbabd4c78c3a1672d3f211a34b1e8eaf0b4c872d35a444b5b","codex","aebd6014872df5af832cb3d87ff2374b0cc1afebc88431540e0dc9e6dcade3c1","1b284e9ef3a2fa3d7bdf6bdb0f52438dd2d2b784a955e6c992dfd464ac2f039d","continuation","False","108","71","37","0.343","4","4","16","12"
"2026-04-13T03:01:19.640502Z","phase3-perf","575d7bad584bd0ebbabd4c78c3a1672d3f211a34b1e8eaf0b4c872d35a444b5b","codex","317c623bda60cd86dab1177e6264637146cc4663d68b2a224ac7e59960b0f855","8309488f06a872c902849f89cfcaef5becb8ea3432cd99c9d0700421d7fefd08","continuation","False","108","71","37","0.343","4","4","16","12"
"2026-04-13T03:01:19.682413Z","phase3-perf","575d7bad584bd0ebbabd4c78c3a1672d3f211a34b1e8eaf0b4c872d35a444b5b","codex","82dd638093d60d206b047a3eba2db02c7ca2e41f7c23f3ee71b0f55d6d65dd02","ac636ad816ef5f8513185a52b7ab3ea6606b120a64e4fc476e69300d96269506","continuation","False","108","71","37","0.343","4","4","16","12"
"2026-04-13T03:01:19.725508Z","phase3-perf","575d7bad584bd0ebbabd4c78c3a1672d3f211a34b1e8eaf0b4c872d35a444b5b","codex","75463b6f42c4340a87beaefc3dec5084ff4b7878206a0af0fb88ad71a42882d1","0b7a3908c3840a6fed87641e4c62b2b73644931f41b1bd479a0a0e48f34a0a71","continuation","False","108","71","37","0.343","4","4","16","12"
"2026-04-13T03:01:19.768471Z","phase3-perf","575d7bad584bd0ebbabd4c78c3a1672d3f211a34b1e8eaf0b4c872d35a444b5b","codex","b00f871519a5fe7aae7561f70d02f8afd454f45f7faf5b160d5b15d697a263a5","ef6c15e581732d256c4cb4c62bb0f1b9096d154bd27d6efef081c72af5c812e6","continuation","False","108","71","37","0.343","4","4","16","12"
"2026-04-13T03:01:19.811460Z","phase3-perf","575d7bad584bd0ebbabd4c78c3a1672d3f211a34b1e8eaf0b4c872d35a444b5b","codex","4da412e4bea038658aa9d0d0198fba943bc76a69b3d34b9bb70bd6719958e355","04953678f132e31f92d3edf308c8e6d4a33164be012f9e7004983699780d432d","continuation","False","108","71","37","0.343","4","4","16","12"
"2026-04-13T03:01:19.854400Z","phase3-perf","575d7bad584bd0ebbabd4c78c3a1672d3f211a34b1e8eaf0b4c872d35a444b5b","codex","448a6bd29e76891dd8a48399ecd277f3c6917f36a151d17c42bb2c5860e71501","740a2c7a7da48d9ce4a20836f7024a686d8d3616f8a5ead64a56d4ace4eee0ce","continuation","False","108","71","37","0.343","4","4","16","12"
"2026-04-13T03:01:19.896471Z","phase3-perf","575d7bad584bd0ebbabd4c78c3a1672d3f211a34b1e8eaf0b4c872d35a444b5b","codex","33d855b76e4c6919ea5c9487a180f4df97162056602774a48e66b5f8782cb4dc","a4f7b1fc444a26e30635a00d1c0af7152ccb52970d65498c062d358314f42a21","continuation","False","108","71","37","0.343","4","4","16","12"
"2026-04-13T03:01:19.937411Z","phase3-perf","575d7bad584bd0ebbabd4c78c3a1672d3f211a34b1e8eaf0b4c872d35a444b5b","codex","b89f11bc05c433b9b539ffedafdd96f38810d4a6bc7661c6fe15596ddc2ac693","ebfdfbe6e2eec902a32bb89394ea321cc6bff4dad270f2bf0f40b9ee240f0af0","continuation","False","108","71","37","0.343","4","4","16","12"
"2026-04-13T03:01:19.980314Z","phase3-perf","575d7bad584bd0ebbabd4c78c3a1672d3f211a34b1e8eaf0b4c872d35a444b5b","codex","620f93ffeeb0c83845c5322f769139717d4042315a9540905452fbcaad61ef84","656e4f47a3473e9c20b75161adc6f7338560c980ee68be934e0a6954db32a5ea","continuation","False","108","71","37","0.343","4","4","16","12"
"2026-04-13T03:01:20.024399Z","phase3-perf","575d7bad584bd0ebbabd4c78c3a1672d3f211a34b1e8eaf0b4c872d35a444b5b","codex","74f5528b81198235f87288b5e786067f356768124c4e440455782284a53f59a2","e488f9607a6f610b09bac7c44433b065f6205d2da77e19107ca29cc31ba841e1","continuation","False","108","71","37","0.343","4","4","16","12"
"2026-04-13T03:01:20.067505Z","phase3-perf","575d7bad584bd0ebbabd4c78c3a1672d3f211a34b1e8eaf0b4c872d35a444b5b","codex","d948740dcb3b8509278391140edad675dc46187c2203417a8f85ef1f0fd95d47","cff9a8e9dcfe676682096242bbbcfb57dcc88326c41d65608c3292d46bad7cb3","continuation","False","108","71","37","0.343","4","4","16","12"
"2026-04-13T03:01:20.110390Z","phase3-perf","575d7bad584bd0ebbabd4c78c3a1672d3f211a34b1e8eaf0b4c872d35a444b5b","codex","4ab8d6363c18b279204a4e039bfd84f7ac81cde707fe7050979d9738714d731a","02d32b26d60dd1c5008b437ce2d70348e568331c58adafd03f3f68669c3b6332","continuation","False","108","71","37","0.343","4","4","16","12"
"2026-04-13T03:01:20.153449Z","phase3-perf","575d7bad584bd0ebbabd4c78c3a1672d3f211a34b1e8eaf0b4c872d35a444b5b","codex","72a231aa9eb9895a8267da3db65e43ff1812a5ec60652ff94ff85730e2b1d29d","0aff66f113b56a0b78b0870646c47d1ac6b186c901a2d40a40f444783e14f520","continuation","False","108","71","37","0.343","4","4","16","12"
"2026-04-13T03:01:20.195359Z","phase3-perf","575d7bad584bd0ebbabd4c78c3a1672d3f211a34b1e8eaf0b4c872d35a444b5b","codex","2b144bbcbd77b1fd2f39371e77b1a0e1b31011fd554dca9b629a50b726c31fcf","ba5255a175169a140c8595410a392e26d66c9892bc1701868b9f3be0bcffd932","continuation","False","108","71","37","0.343","4","4","16","12"
"2026-04-13T03:01:20.237439Z","phase3-perf","575d7bad584bd0ebbabd4c78c3a1672d3f211a34b1e8eaf0b4c872d35a444b5b","codex","b3e94af749963f01280cc4497b1bce771777b79fdbcb29fa32e0714a2ca2c7c1","46654bba0a864fd093c178db5a1ffe329edb40779c20b2ad1f88443bd2366135","continuation","False","108","71","37","0.343","4","4","16","12"
"2026-04-13T03:01:20.279390Z","phase3-perf","575d7bad584bd0ebbabd4c78c3a1672d3f211a34b1e8eaf0b4c872d35a444b5b","codex","95367305d5201e4116a40213e2d51eb22010c4e7ca0693f6eea846619d6435f6","299f4e926a9fa6ff9dd19ce01acc558127b60c841f278b631a7a924587873d2a","continuation","False","108","71","37","0.343","4","4","16","12"
"2026-04-13T03:01:20.321323Z","phase3-perf","575d7bad584bd0ebbabd4c78c3a1672d3f211a34b1e8eaf0b4c872d35a444b5b","codex","fd0dcbd6e261779e269f38f5959e3377a98bb1811fa50f68a3ca4afd359b2e2b","f77c91cee37156a70a6e2f4dcf1cd4f3591cc040c1a60a1fed8858ae591ef081","continuation","False","108","71","37","0.343","4","4","16","12"
"2026-04-13T03:01:20.364606Z","phase3-perf","575d7bad584bd0ebbabd4c78c3a1672d3f211a34b1e8eaf0b4c872d35a444b5b","codex","0cbebc9776756c7217ebfb45787b886ec91289ffbeaffbfc75a5bde614f06964","2a41da653111daff7f21336949d751d5aa8b05cc2f677539669cd512408a11dd","continuation","False","108","71","37","0.343","4","4","16","12"
"2026-04-13T03:01:20.407391Z","phase3-perf","575d7bad584bd0ebbabd4c78c3a1672d3f211a34b1e8eaf0b4c872d35a444b5b","codex","29c354b8f69e0a979a121d23c316c770ad8428c1243ab2022ee01047a5edf7e5","a7df344611e0dc55aa0a3fe29e1ecbb3f9b97ebcb35c485f5b785248d64ae70f","continuation","False","108","71","37","0.343","4","4","16","12"
"2026-04-13T03:01:20.450581Z","phase3-perf","575d7bad584bd0ebbabd4c78c3a1672d3f211a34b1e8eaf0b4c872d35a444b5b","codex","1d401a899ada85d4ec7c94b08aa6a2b439f18a8c74536e765eea3fcfed64e348","ba37eb7cd1ffcb3b7163fdfa9d18bf1e5e99cd6623ca5fe9866b6e4d75f7228a","continuation","False","108","71","37","0.343","4","4","16","12"
"2026-04-13T03:01:20.500749Z","phase3-perf","575d7bad584bd0ebbabd4c78c3a1672d3f211a34b1e8eaf0b4c872d35a444b5b","codex","eb39e788f2df8b68b5416d725a28b18c1f6679766316f32d9d33520d58263b1f","3ace7c9656af450e40c5fa5cbe20ee1f4050feacdf593a10860851cabfe90840","continuation","False","108","71","37","0.343","4","4","16","12"
"2026-04-13T03:01:20.550865Z","phase3-perf","575d7bad584bd0ebbabd4c78c3a1672d3f211a34b1e8eaf0b4c872d35a444b5b","codex","c66fd2f23b64f7c6f8813a51e1e25ec406183a61538664c6d996fdb86e15ed7d","78657ec674bac14ba616a44abfa3e229452d54c328ffdb519e757fc93122f683","continuation","False","108","71","37","0.343","4","4","16","12"
"2026-04-13T03:01:20.595699Z","phase3-perf","575d7bad584bd0ebbabd4c78c3a1672d3f211a34b1e8eaf0b4c872d35a444b5b","codex","c41588ff2afc1c521e87c9b2eead1d52037531e3e78373270f076d66644e0728","455b114554be63493be1ef262333d3b5066ef13601d965fbafb01cfb9d708054","continuation","False","108","71","37","0.343","4","4","16","12"
"2026-04-13T03:01:20.639607Z","phase3-perf","575d7bad584bd0ebbabd4c78c3a1672d3f211a34b1e8eaf0b4c872d35a444b5b","codex","4e252869a94c221d392d5b30a23699ebea1f933362b1b3e542c81c078df8036f","d01b565de64031476ebf87c765df60e6d4da62ab6bc49cd2cff8340765b483d8","continuation","False","108","71","37","0.343","4","4","16","12"
"2026-04-13T03:01:20.682526Z","phase3-perf","575d7bad584bd0ebbabd4c78c3a1672d3f211a34b1e8eaf0b4c872d35a444b5b","codex","dc7475dd92910147abd1078cd90e661e2ebfc5fe5e44030b997d9284af110585","6bac04561ccc2d657428ed531439b6b63cbabf914fde2242c815b31afc5e10ad","continuation","False","108","71","37","0.343","4","4","16","12"
"2026-04-13T03:01:20.726591Z","phase3-perf","575d7bad584bd0ebbabd4c78c3a1672d3f211a34b1e8eaf0b4c872d35a444b5b","codex","d7ca5e8cf0e9961a173d0a525b938b9d7f8399f301de127c1f42f014a7b8547d","5241a88c205e5c4bc88d1cb6cefe00726e3bf9374c67d878c697a30c439c8090","continuation","False","108","71","37","0.343","4","4","16","12"
"2026-04-13T03:01:20.769619Z","phase3-perf","575d7bad584bd0ebbabd4c78c3a1672d3f211a34b1e8eaf0b4c872d35a444b5b","codex","baad2b525871c3651d0b3cc1ed5e490bf32cad1ce4c4605311a121afadfca0bc","3a99259bdaa2603b309b08528389c6caa5657dc0296e2c572de25ae203d57359","continuation","False","108","71","37","0.343","4","4","16","12"
"2026-04-13T03:01:20.814477Z","phase3-perf","575d7bad584bd0ebbabd4c78c3a1672d3f211a34b1e8eaf0b4c872d35a444b5b","codex","6eac18cf3d477459baacc306ae473c9d78e65c0eb5f5422f6f2bb326ccd11e20","d561dc5ee5a702ef207424f3d2deafbc08a7b124b7b11a6750b1a72c7c3cdb79","continuation","False","108","71","37","0.343","4","4","16","12"
"2026-04-13T03:01:20.858403Z","phase3-perf","575d7bad584bd0ebbabd4c78c3a1672d3f211a34b1e8eaf0b4c872d35a444b5b","codex","0875342d0d2abf39506ae22f909f91d9026c86da21ddd8acc4d221e121597921","d89e8ce1ee2fa1ffd87defdcce89885c04b9ea46250ab9c32cfed7cc9ea12c36","continuation","False","108","71","37","0.343","4","4","16","12"
"2026-04-13T03:01:20.901397Z","phase3-perf","575d7bad584bd0ebbabd4c78c3a1672d3f211a34b1e8eaf0b4c872d35a444b5b","codex","c33de7ab530e662189cd6f538cd3194a3f711e7ea5ed198a051595b7667667b8","26c0b208f3cdc32c8be421644dee27de49a405c573a1a5820dd11ae0612327ff","continuation","False","108","71","37","0.343","4","4","16","12"
"2026-04-13T03:01:20.945344Z","phase3-perf","575d7bad584bd0ebbabd4c78c3a1672d3f211a34b1e8eaf0b4c872d35a444b5b","codex","028bcc2f95120070d34639427db698c339c1e76daefadcfbf4149493e9fe8079","48d329019cf2624dfafbb7f9b1b6c384f31cef5c2903966cd15d070e01a6676b","continuation","False","108","71","37","0.343","4","4","16","12"
"2026-04-13T03:01:20.988375Z","phase3-perf","575d7bad584bd0ebbabd4c78c3a1672d3f211a34b1e8eaf0b4c872d35a444b5b","codex","9ee242c1dd78eba738692b19e57fb8bcdcbda52ae4ae8b2349c93be51ceedcc6","f4ac0ac2ec2c741385063ba845e548c6ee7df28904b8575093656c4db7591235","continuation","False","108","71","37","0.343","4","4","16","12"
"2026-04-13T03:01:21.033370Z","phase3-perf","575d7bad584bd0ebbabd4c78c3a1672d3f211a34b1e8eaf0b4c872d35a444b5b","codex","f72bf3299be612ead8fbf6f630aea2e8bee15a105c773e2e3e94c1222957a104","b7c2ca672544e475b5be2fc2f90160ae54b589858089b75da026e7d9f295a1c0","continuation","False","108","71","37","0.343","4","4","16","12"
"2026-04-13T03:01:21.078650Z","phase3-perf","575d7bad584bd0ebbabd4c78c3a1672d3f211a34b1e8eaf0b4c872d35a444b5b","codex","1d456bcf678e0e78467e3c9c9c374e201ee325c8dd4c87105d0fe8d8cd2b2c55","248feb9db428649d8bd9aa9c2d8a4f67c49a9847bc8f1a48c8f3876efa3581bc","continuation","False","108","71","37","0.343","4","4","16","12"
"2026-04-13T03:01:21.122545Z","phase3-perf","575d7bad584bd0ebbabd4c78c3a1672d3f211a34b1e8eaf0b4c872d35a444b5b","codex","5af9eb73d79d653a837b9af2be209a031e140a9eee0d72ccfc0ae40f2ee5b54b","f946c41957cff75bec875909af81c4d2d62b4d725f1b83d7fa9d20f2fe13a45c","continuation","False","108","71","37","0.343","4","4","16","12"
"2026-04-13T03:01:21.291491Z","phase3-perf","575d7bad584bd0ebbabd4c78c3a1672d3f211a34b1e8eaf0b4c872d35a444b5b","codex","19c8c3fb210df66e0d7972d77c0f1e46ba65a4263125cdcba170cb704dea8215","bb0712c343247ccbd59cdb4754b50f06a9573937385067b36fbb62dcee699524","continuation","False","108","71","37","0.343","4","4","16","12"
"2026-04-13T03:01:21.364261Z","phase3-perf","575d7bad584bd0ebbabd4c78c3a1672d3f211a34b1e8eaf0b4c872d35a444b5b","codex","e3f1d6648006f8f0a6032fd0c5d5dce546467231c601a3fe540caf6ad2d9e035","354b2f3ab6d4daa3755b51d8873c8a9673cfc1e4d137e89ec41150645f87165e","continuation","False","108","71","37","0.343","4","4","16","12"
"2026-04-13T03:01:21.441527Z","phase3-perf","575d7bad584bd0ebbabd4c78c3a1672d3f211a34b1e8eaf0b4c872d35a444b5b","codex","fe67a7547aeb5dc34d1554fb976a70d8fc92c32265dbbc6e12b7e44a35f79d59","7e82b4f5d2d12f6c30761f6757ff35f7f224a967b89849acbc24ba4c01141a35","continuation","False","108","71","37","0.343","4","4","16","12"
"2026-04-13T03:01:21.518145Z","phase3-perf","575d7bad584bd0ebbabd4c78c3a1672d3f211a34b1e8eaf0b4c872d35a444b5b","codex","1d2aa999c3cd8f1bd08a0299dd4de5a2f9aa8cb2ae4a3442223f0bacf73a4412","e058a5433c0709f4d7449a00fa1c83726afd446ebddaa4a3022f9bfc89f759b3","continuation","False","108","71","37","0.343","4","4","16","12"
"2026-04-13T03:01:21.588264Z","phase3-perf","575d7bad584bd0ebbabd4c78c3a1672d3f211a34b1e8eaf0b4c872d35a444b5b","codex","116b53d181b02295329eae1fff12dc4178a3f8a322678cd8c9ee91a438d319e6","cae8c48b2c129502181974a0293f5bb3250c1f17f3716603f537b330f5ac16c8","continuation","False","108","71","37","0.343","4","4","16","12"
"2026-04-13T03:01:21.671907Z","phase3-perf","575d7bad584bd0ebbabd4c78c3a1672d3f211a34b1e8eaf0b4c872d35a444b5b","codex","ebc1daf5e68015fa91313388ca85e48b5e13891a8eba3a5b7ce0b4324f5fede8","30aaacfb8e704f8f2a0bca479813cf54a394e13f4545e0779a46b67f85099b6b","continuation","False","108","71","37","0.343","4","4","16","12"
"2026-04-13T03:01:21.751293Z","phase3-perf","575d7bad584bd0ebbabd4c78c3a1672d3f211a34b1e8eaf0b4c872d35a444b5b","codex","5f3786e9434ed37924c72ec8006f53c15c6c3746aa0a78136a63c7473bdc1f56","d45ff3dbfabe5cdb219b668cd6caab334ed8868df1a5e02f168a80529a4b44b7","continuation","False","108","71","37","0.343","4","4","16","12"
"2026-04-13T03:01:21.830531Z","phase3-perf","575d7bad584bd0ebbabd4c78c3a1672d3f211a34b1e8eaf0b4c872d35a444b5b","codex","a8fcaabf4c9aba2466442ea9aa89fb732404ea7c4993409520e74c1858ef9a5b","9bee46431508c56aff96b2a2bd1d44f38755f282f9239ba307c6ac6c331768c1","continuation","False","108","71","37","0.343","4","4","16","12"
"2026-04-13T03:01:21.924249Z","phase3-perf","575d7bad584bd0ebbabd4c78c3a1672d3f211a34b1e8eaf0b4c872d35a444b5b","codex","b29bf1c743b34bfb9c5cf2f2cef701c1e7238395942a8cee8bd06e09e90b97b6","4e094eaeb71a8242d534c833ec76f569ad889ae9acde7c195034b6d511ed4fac","continuation","False","108","71","37","0.343","4","4","16","12"
"2026-04-13T03:01:21.988421Z","phase3-perf","575d7bad584bd0ebbabd4c78c3a1672d3f211a34b1e8eaf0b4c872d35a444b5b","codex","17ca38339976f42c86d09f98189138bae35e0dcca9f77d61dac6c1f8753682c9","84a11cc0863382aee1d9f283f76dd6749feb4dbc170188e0a0e6f0b018468f8f","continuation","False","108","71","37","0.343","4","4","16","12"
"2026-04-13T03:01:22.062259Z","phase3-perf","575d7bad584bd0ebbabd4c78c3a1672d3f211a34b1e8eaf0b4c872d35a444b5b","codex","354152d816297e03faee9db0deecf2b5a534b41ef94cb78578bf0f8e4ecc0f24","20a8d05825f0d6778350f9c22a9933b800f73a24c14a6b3afd07afea223ba72b","continuation","False","108","71","37","0.343","4","4","16","12"
"2026-04-13T03:01:22.135227Z","phase3-perf","575d7bad584bd0ebbabd4c78c3a1672d3f211a34b1e8eaf0b4c872d35a444b5b","codex","8cf983f5b5e79d8ef1517a77d4dd27e09624bd0950f5f380dbe53e68d3d08e8c","55765aaf04d174b851f3c76557878b9f56cf2885eefc9f23e88b7ff0c116cbcc","continuation","False","108","71","37","0.343","4","4","16","12"
"2026-04-13T03:01:22.215069Z","phase3-perf","575d7bad584bd0ebbabd4c78c3a1672d3f211a34b1e8eaf0b4c872d35a444b5b","codex","a48678ffdf0be294153ff6c2f907e362ad2453cbde7a8b7ff319aaa4677fa4a8","32bae9547962236209f52b212e0ec36b8c05b4572da396e8d609ba5c279ecd0f","continuation","False","108","71","37","0.343","4","4","16","12"
"2026-04-13T03:01:22.308926Z","phase3-perf","575d7bad584bd0ebbabd4c78c3a1672d3f211a34b1e8eaf0b4c872d35a444b5b","codex","4c21f5ac750ff40870faf1034f79961114544f481db284143a3c5b5d6e4a16a9","6c3e5f908a5c40fd85aa2a17e1e48274526c3ffe206f8daf47cdf69dd960f2f6","continuation","False","108","71","37","0.343","4","4","16","12"
"2026-04-13T03:01:22.380322Z","phase3-perf","575d7bad584bd0ebbabd4c78c3a1672d3f211a34b1e8eaf0b4c872d35a444b5b","codex","a62718746fe1e78aea2f542e3d9374b1f98343b4800cf836961e9d1510d01bf5","79b44c821ef526d8625d8a5c6d2de5564911fa1af9adb0143391b01f156203d6","continuation","False","108","71","37","0.343","4","4","16","12"
"2026-04-13T03:01:22.458303Z","phase3-perf","575d7bad584bd0ebbabd4c78c3a1672d3f211a34b1e8eaf0b4c872d35a444b5b","codex","adec7fd0de917685a557d74f808e9446bc4f44a70e6403846b5eec3a34e41fe3","de2f5cff97b19df2f9a2e64dfc9118d549bedb2d46ae4ba6b1b76893a2f16908","continuation","False","108","71","37","0.343","4","4","16","12"
"2026-04-13T03:01:22.532677Z","phase3-perf","575d7bad584bd0ebbabd4c78c3a1672d3f211a34b1e8eaf0b4c872d35a444b5b","codex","36f36df24f92acabb1b962c1cdefefe04ac3d933724c66adf53a682a5d6125a1","ede07168293deb485bfb9484ed182ebe059ed3ff00a25bc54cd9f0c2d72646eb","continuation","False","108","71","37","0.343","4","4","16","12"
"2026-04-13T03:01:22.611259Z","phase3-perf","575d7bad584bd0ebbabd4c78c3a1672d3f211a34b1e8eaf0b4c872d35a444b5b","codex","a82f0edddcac9053bcd11933399659d70c38c933829a06a6741304093ebe7b9f","e4c648af89a116c3e294927b1c4c976380c3260b891fb7bc95ed00d99711fa63","continuation","False","108","71","37","0.343","4","4","16","12"
"2026-04-13T03:01:22.686884Z","phase3-perf","575d7bad584bd0ebbabd4c78c3a1672d3f211a34b1e8eaf0b4c872d35a444b5b","codex","dc70083aecd133246882a83c0ec127e25144200ce9846de07d5f077976118a73","7724ef2e5fa7bc7304d68ca7a5346847c74b061fa244c7a19833bf2523b0d7f0","continuation","False","108","71","37","0.343","4","4","16","12"
"2026-04-13T03:01:22.765936Z","phase3-perf","575d7bad584bd0ebbabd4c78c3a1672d3f211a34b1e8eaf0b4c872d35a444b5b","codex","2dfa012c33bdef2afa2ba6fad54000453fe8dbd26075daa7ccbe9b990e24b746","b003cc6dcb1dc1611c8fb059092ab046e8fdfa5c55ddadd9d588db9e8dc09277","continuation","False","108","71","37","0.343","4","4","16","12"
"2026-04-13T03:01:22.849400Z","phase3-perf","575d7bad584bd0ebbabd4c78c3a1672d3f211a34b1e8eaf0b4c872d35a444b5b","codex","374a3be3ba628047a083e0001b8d0d1c36d180294dc4c457bd57668f72270fce","bead0fce6e5fbae55fad1d28640b7b138e2815c8825ae431aaa71cce320afc98","continuation","False","108","71","37","0.343","4","4","16","12"
"2026-04-13T03:01:22.927075Z","phase3-perf","575d7bad584bd0ebbabd4c78c3a1672d3f211a34b1e8eaf0b4c872d35a444b5b","codex","20b3f67318b58e5bd19c1bc1c0e5369e26d1b5cca10fb44603c9d93227768b8e","95660ed552171a465c31f92925bb8ff53eef2ed8a79cac57931c943d397538fd","continuation","False","108","71","37","0.343","4","4","16","12"
"2026-04-13T03:01:23.014569Z","phase3-perf","575d7bad584bd0ebbabd4c78c3a1672d3f211a34b1e8eaf0b4c872d35a444b5b","codex","61e971f91aa5dd054c3f489d540cff18da805d7eb81eab1a1b6897cb99117c7c","56226a680c07d2dc5bd4a5b36f3e4843d9292fc82d7fe3e65f727a379aa6a121","continuation","False","108","71","37","0.343","4","4","16","12"
"2026-04-13T03:01:23.112103Z","phase3-perf","575d7bad584bd0ebbabd4c78c3a1672d3f211a34b1e8eaf0b4c872d35a444b5b","codex","35844e5d9bab3d59b66cbb643093ceee0055d3a41f4a241bd18fd392acc56387","1eac52f9687308dfdf9d805b286027059a26aa1c370acfe216e277fd5d82bb34","continuation","False","108","71","37","0.343","4","4","16","12"
"2026-04-13T03:01:23.181785Z","phase3-perf","575d7bad584bd0ebbabd4c78c3a1672d3f211a34b1e8eaf0b4c872d35a444b5b","codex","b0c2b0ac793cab3e73d6583d90ea1ac09f3671e7224a1781b822578a2e0ee0a4","f8f36a8652f1fb13b0a1d031f9eed70fb53a095cc9f5540dbd3a37962c7f2723","continuation","False","108","71","37","0.343","4","4","16","12"
"2026-04-13T03:01:23.260542Z","phase3-perf","575d7bad584bd0ebbabd4c78c3a1672d3f211a34b1e8eaf0b4c872d35a444b5b","codex","e98fdbb909abcfa6ab3927ef54daabb785e42798ec6c51c668310c1989790894","9b2ad04cfdbf0e9b3283a3aa84d00771535e9a6bbc03cd07a39365e459ca4ad1","continuation","False","108","71","37","0.343","4","4","16","12"
"2026-04-13T03:01:23.352470Z","phase3-perf","575d7bad584bd0ebbabd4c78c3a1672d3f211a34b1e8eaf0b4c872d35a444b5b","codex","7d8f17fdfa1dc8c037d641772aa32cf30a17aebe0140a5a025336c40aa9c70a5","4f576e75a5065b3a8481543132bba501b8d2f7503a397fe05d063399dbb51f92","continuation","False","108","71","37","0.343","4","4","16","12"
"2026-04-13T03:01:23.425586Z","phase3-perf","575d7bad584bd0ebbabd4c78c3a1672d3f211a34b1e8eaf0b4c872d35a444b5b","codex","ccc33faedd2293277aeffa02b0cafaadda18a9e8dd25acb87fd55aab22cc19f8","9d3f426dcaf97a0c53364094a980ac583eaf4471fa53e798460135ac7b259111","continuation","False","108","71","37","0.343","4","4","16","12"
"2026-04-13T03:01:23.501813Z","phase3-perf","575d7bad584bd0ebbabd4c78c3a1672d3f211a34b1e8eaf0b4c872d35a444b5b","codex","87650ec5e8295a326a14e2f34926f3f0751299bfa5b3e1bc9e9eef969457027b","f04dda359c39abcd9329e0cde119532673945cc496151612a15e9702477346ad","continuation","False","108","71","37","0.343","4","4","16","12"
"2026-04-13T03:01:23.645460Z","phase3-perf","575d7bad584bd0ebbabd4c78c3a1672d3f211a34b1e8eaf0b4c872d35a444b5b","codex","8a7ab922d9f96018f0a7866455e71b2cbe9dcdb6506b42f8312a1b600be04605","8b153f7b37f42f80979af176d01e234205cd27f574d63b3e77bf5eda40b6c456","continuation","False","108","71","37","0.343","4","4","16","12"
"2026-04-13T03:01:23.727178Z","phase3-perf","575d7bad584bd0ebbabd4c78c3a1672d3f211a34b1e8eaf0b4c872d35a444b5b","codex","86858757ed1190f95541ec0e0f772015905e377e482169bdf40b7d4ea0436896","3d121694630d722b1f324d459ea23cae2220f56347541c9f1ee13bcac70de565","continuation","False","108","71","37","0.343","4","4","16","12"
"2026-04-13T03:01:23.826262Z","phase3-perf","575d7bad584bd0ebbabd4c78c3a1672d3f211a34b1e8eaf0b4c872d35a444b5b","codex","c057355ef6c057d2dd45d16b2cd4fc5692202493902c9ec7184d62f526e2ecdb","8fe51646d2f57a23712c5d8f12ba6e204a428236e2ea6e040cb5784d7f8cb556","continuation","False","108","71","37","0.343","4","4","16","12"
"2026-04-13T03:01:23.921596Z","phase3-perf","575d7bad584bd0ebbabd4c78c3a1672d3f211a34b1e8eaf0b4c872d35a444b5b","codex","fa226a9759fe3df05d5fe7c47d6b20fcf9c905e70bbd22bce67d3b03cc46c111","52600a25bef44ba5df8541a216d22bbb741304cfcff4d0105d8a8a951b6840f4","continuation","False","108","71","37","0.343","4","4","16","12"
"2026-04-13T03:01:24.041623Z","phase3-perf","575d7bad584bd0ebbabd4c78c3a1672d3f211a34b1e8eaf0b4c872d35a444b5b","codex","e1229fb34bc82b0150b62998d28609517859575d5a50dd58edad3f2b300a365a","481f1817dd993d3ce5a71290fba31ce8efad6aa93142b9d9d5cb84ae588ade7c","continuation","False","108","71","37","0.343","4","4","16","12"
"2026-04-13T03:01:24.124463Z","phase3-perf","575d7bad584bd0ebbabd4c78c3a1672d3f211a34b1e8eaf0b4c872d35a444b5b","codex","3cbb8b41590cfa0bbe76d88bee2ddd94e023611f203064ca129723abdc54da43","12fc7eb0b2a02564300e12605414c17c11aef595d36a9c095c875d96dff78f92","continuation","False","108","71","37","0.343","4","4","16","12"
"2026-04-13T03:01:24.205218Z","phase3-perf","575d7bad584bd0ebbabd4c78c3a1672d3f211a34b1e8eaf0b4c872d35a444b5b","codex","fcf5c8ac521feafa2a7c728bbc83b3d9ba69f1aa6092d78667aa65a85d52dc8e","3c3f5efd7ad782b668bdd4e9fee0b6cb43c22ddc7e31bfbf658c68a572a7f8e2","continuation","False","108","71","37","0.343","4","4","16","12"
"2026-04-13T03:01:24.286302Z","phase3-perf","575d7bad584bd0ebbabd4c78c3a1672d3f211a34b1e8eaf0b4c872d35a444b5b","codex","a17cb53c115c60fbcbe707114b5d3838bc650ea5342544b5ecb04e0ce2efe89f","efe659a95691e35c5a17815b52a707486109017db1ab0cc998c6f1c533605de5","continuation","False","108","71","37","0.343","4","4","16","12"
"2026-04-13T03:01:24.367210Z","phase3-perf","575d7bad584bd0ebbabd4c78c3a1672d3f211a34b1e8eaf0b4c872d35a444b5b","codex","e3461524a4aeeca6d64b44dce97c5efd56e4d1941836f0fe9bd0fad3b79b807f","b4c79d26afc47a9a6321eb770c1fe252236d401f11cd42d90c9294f218171721","continuation","False","108","71","37","0.343","4","4","16","12"
"2026-04-13T03:01:24.443410Z","phase3-perf","575d7bad584bd0ebbabd4c78c3a1672d3f211a34b1e8eaf0b4c872d35a444b5b","codex","13bd394dc0e5d7a657847c47ee38e8b81d6db40ad09c0a3d88a9a802c372d751","1cac3e57e8de29722e3f7f92a3a3d88bfa303c35e3a3c5fd1ff19d2afa08308d","continuation","False","108","71","37","0.343","4","4","16","12"
"2026-04-13T03:01:24.521851Z","phase3-perf","575d7bad584bd0ebbabd4c78c3a1672d3f211a34b1e8eaf0b4c872d35a444b5b","codex","aa82722e5de256d79cfc7bf20dc6f9143b8926d6c94244c0303fe346d0733207","fb16c05ab70939163b883810c853b5d9db414a68c82e962d05521b51ff614464","continuation","False","108","71","37","0.343","4","4","16","12"
"2026-04-13T03:01:24.596457Z","phase3-perf","575d7bad584bd0ebbabd4c78c3a1672d3f211a34b1e8eaf0b4c872d35a444b5b","codex","6a5b9cce07a3fd6381f20b6bbe9d29f84336a8b60f7cca7174b8172d3b8818a4","7c7c8392a5e48b203c67db8463e206b67878d2f29706982c19c6d7e0da6f051e","continuation","False","108","71","37","0.343","4","4","16","12"
"2026-04-13T03:01:24.667005Z","phase3-perf","575d7bad584bd0ebbabd4c78c3a1672d3f211a34b1e8eaf0b4c872d35a444b5b","codex","8f14bfccd1a40072a5169b928ef7a826d400ed5c6dbe4e67e6f57fec9a0d0f82","64059413b7e5c4b44fa3e63a5b8e945bce2b95afe5a8bd6e823daa8f3bb29f56","continuation","False","108","71","37","0.343","4","4","16","12"
"2026-04-13T03:01:24.773138Z","phase3-perf","575d7bad584bd0ebbabd4c78c3a1672d3f211a34b1e8eaf0b4c872d35a444b5b","codex","7296a05c865fe1e1fe631b47d27c4ba8f9a562552f2470cbb5e29b60c3031e5f","7d64e6a377312344c2fc83bba48c7c7d78d9fc1bf5ba892a6ce6ff56b4c67909","continuation","False","108","71","37","0.343","4","4","16","12"
"2026-04-13T03:01:24.847090Z","phase3-perf","575d7bad584bd0ebbabd4c78c3a1672d3f211a34b1e8eaf0b4c872d35a444b5b","codex","d368f170ae7274ad2a500ff27872b9adbdf871f60fbbcea6897d95db7571b575","30a13b1d5de85c1fb5c15bba521d4ab0921c4fbfb401b73ceb4ec677486301ad","continuation","False","108","71","37","0.343","4","4","16","12"
"2026-04-13T03:01:24.921640Z","phase3-perf","575d7bad584bd0ebbabd4c78c3a1672d3f211a34b1e8eaf0b4c872d35a444b5b","codex","3d4706c920a3ad7527940fd88422e2c6d4fdbbccca6416445477d3ab05eff1bf","d0ffee8d6d8e826b895fdc26fbe79a7f3c85f67de85281362948082c03e005e0","continuation","False","108","71","37","0.343","4","4","16","12"
"2026-04-13T03:01:25.033110Z","phase3-perf","575d7bad584bd0ebbabd4c78c3a1672d3f211a34b1e8eaf0b4c872d35a444b5b","codex","832af5208b5af28e04a6b4fc31231f90d902a8f4762e1838398b46412a92bcb8","dbfd732907253d27ddc312498775d7f1b9812c302b156bb8b0bd1b0dfb7c41d1","continuation","False","108","71","37","0.343","4","4","16","12"
"2026-04-13T03:01:25.125243Z","phase3-perf","575d7bad584bd0ebbabd4c78c3a1672d3f211a34b1e8eaf0b4c872d35a444b5b","codex","6fe73a1c0f0a40129a729b339c823237d4ab9d87887aa414cf2ae27aa04f7bba","22c0349331954d2dafd405bd8bcf9214f5b19cdab3e6e132b8e24e1a463d9d7b","continuation","False","108","71","37","0.343","4","4","16","12"
"2026-04-13T03:01:25.237997Z","phase3-perf","575d7bad584bd0ebbabd4c78c3a1672d3f211a34b1e8eaf0b4c872d35a444b5b","codex","cbfae0f5e85cd480408878f2335b8cfb698971e69551890ed562998b022fa77b","ae462a3608af43ac4de072d39c02c2551579e7789ac592da1df8608bac97c472","continuation","False","108","71","37","0.343","4","4","16","12"
"2026-04-13T03:01:25.313938Z","phase3-perf","575d7bad584bd0ebbabd4c78c3a1672d3f211a34b1e8eaf0b4c872d35a444b5b","codex","5f38ed4eb04cfeaa48e48122c267bb99db8ec01e2af76bc27e4d8b34ca24eae2","dd4df9c4717de8f59f1a1dba7bead047864d4ca427a5306630c19d7b960b675b","continuation","False","108","71","37","0.343","4","4","16","12"
"2026-04-13T03:01:25.389727Z","phase3-perf","575d7bad584bd0ebbabd4c78c3a1672d3f211a34b1e8eaf0b4c872d35a444b5b","codex","69425749e4ba7b6679119a9efcf09a25c49aa0a39534165895ac6d6a7ece70bb","7560c8bac7d2187578af3938796aee825c74fca5941928df2315fbb556b086eb","continuation","False","108","71","37","0.343","4","4","16","12"
"2026-04-13T03:01:25.460721Z","phase3-perf","575d7bad584bd0ebbabd4c78c3a1672d3f211a34b1e8eaf0b4c872d35a444b5b","codex","394feb349c0e28c0cd7bdb29498066045f9dc6cb4e005c97d972c9fb43372c24","75b54fa6ab487fce4453e9281224de3b680ab12f90ebe0bab2656b2d9bdb7efa","continuation","False","108","71","37","0.343","4","4","16","12"
"2026-04-13T03:01:25.541513Z","phase3-perf","575d7bad584bd0ebbabd4c78c3a1672d3f211a34b1e8eaf0b4c872d35a444b5b","codex","e76f3cee94e132043792413ac515467bdd34c2035309cb6f357c3b0981d133cf","e3cf2fb1c965812ab792c123fc2a1c6d5c149787e524439586d4f768ec3a26d9","continuation","False","108","71","37","0.343","4","4","16","12"
"2026-04-13T03:01:25.638560Z","phase3-perf","575d7bad584bd0ebbabd4c78c3a1672d3f211a34b1e8eaf0b4c872d35a444b5b","codex","7e84c15d2efdbab1a6fa383927a74e6570e7d8db16844608125539478c65a59e","9318246b250be18f15f347117e9e45548f9775167d33ff096bfd7ed2e322cdb4","continuation","False","108","71","37","0.343","4","4","16","12"
"2026-04-13T03:01:25.714257Z","phase3-perf","575d7bad584bd0ebbabd4c78c3a1672d3f211a34b1e8eaf0b4c872d35a444b5b","codex","3fd69689bc9269691201ed811116a78fe87efcc62e0cdad0b8acf81198718829","c6e0be662afa01571d54cc7fc76ff16749628a506de62aac9b2c8f8967f681ec","continuation","False","108","71","37","0.343","4","4","16","12"
"2026-04-13T03:01:25.800719Z","phase3-perf","575d7bad584bd0ebbabd4c78c3a1672d3f211a34b1e8eaf0b4c872d35a444b5b","codex","ea743966acb4088ef26a62a47d6b939e6bc2024351eda3bf149ae6ef047bf350","97450bbd9a5dcc62df4cf4f8e70e763cf3589bbc09bda17f8eae76e663de2aa7","continuation","False","108","71","37","0.343","4","4","16","12"
"2026-04-13T03:01:25.903952Z","phase3-perf","575d7bad584bd0ebbabd4c78c3a1672d3f211a34b1e8eaf0b4c872d35a444b5b","codex","ce8d6077ed58ce99020594a2a930ee3b3632b2ca2685cd0ff51754e9883e2c8a","6a1b3fe42de96ddadc165208ff43ac09e1aa903d5674c5d97466e3b2c3ef997f","continuation","False","108","71","37","0.343","4","4","16","12"
"2026-04-13T03:01:25.988096Z","phase3-perf","575d7bad584bd0ebbabd4c78c3a1672d3f211a34b1e8eaf0b4c872d35a444b5b","codex","b3f7c011f1d54a5f924abb9f8068081e3510a7f16f3db22c8f51bd00875a9c39","d58fe597e19a61cd55ab75b7a8ab85908f8c9000a68beb7a9fa66157faba3fc6","continuation","False","108","71","37","0.343","4","4","16","12"
"2026-04-13T03:01:26.066511Z","phase3-perf","575d7bad584bd0ebbabd4c78c3a1672d3f211a34b1e8eaf0b4c872d35a444b5b","codex","6f7c32874885e77e4c332c66d1ac64ef5eab4e28847e171bd00a5ed00910aea3","a45333bec7b6d8bcdcf443544d81f369e6ea4f0041da7f4161e923c264b67952","continuation","False","108","71","37","0.343","4","4","16","12"
"2026-04-13T03:01:26.142971Z","phase3-perf","575d7bad584bd0ebbabd4c78c3a1672d3f211a34b1e8eaf0b4c872d35a444b5b","codex","e1d1310c079df27c95e99b89cd3cdc314fcf8037c58be5113d8c6612a63d57ca","dbefafd2a27b798721241e7ef13fca5126cf8c312ce8d9889670fbc977fe2cfa","continuation","False","108","71","37","0.343","4","4","16","12"
"2026-04-13T03:01:26.238955Z","phase3-perf","575d7bad584bd0ebbabd4c78c3a1672d3f211a34b1e8eaf0b4c872d35a444b5b","codex","14368efe2d4a674f3b2fd002442475fc8fada39c364c68c5eae4b36cbe68b341","0fcb8a00287b112b05716a62ad3f085ae9bce4a44c3fe1eb6f357ba546ce90d0","continuation","False","108","71","37","0.343","4","4","16","12"
"2026-04-13T03:01:26.335007Z","phase3-perf","575d7bad584bd0ebbabd4c78c3a1672d3f211a34b1e8eaf0b4c872d35a444b5b","codex","bf13b9bf4a4641ed572353a13b41544559191842978f851d9ba7a1bcbcab4ad4","3c5f2e646a796cc6c81fdc17bbdb118f5c2370f3e04b0d8880eae7cf889413f9","continuation","False","108","71","37","0.343","4","4","16","12"
"2026-04-13T03:03:16.287033Z","phase3-perf","575d7bad584bd0ebbabd4c78c3a1672d3f211a34b1e8eaf0b4c872d35a444b5b","codex","848b86cc349c279d5509075fdf47ca4cfb0223388f890fac72209bb66f6b6286","bd07363a186517475df7c4c83efde5eb8a2ee638b90505afed9e5957bf042bb9","continuation","False","108","71","37","0.343","4","4","16","12"
"2026-04-13T03:03:16.344554Z","phase3-perf","575d7bad584bd0ebbabd4c78c3a1672d3f211a34b1e8eaf0b4c872d35a444b5b","codex","348626d677832ca28eefa63574a3c7b534f53ea60633f7891be08f0a99470950","b34be51730eeedff9dbc9ced5b3657e41183bddf189b5eff4693a6f195fa3c58","continuation","False","108","71","37","0.343","4","4","16","12"
"2026-04-13T03:03:16.393834Z","phase3-perf","575d7bad584bd0ebbabd4c78c3a1672d3f211a34b1e8eaf0b4c872d35a444b5b","codex","d5212095ceabfbe997998428246bb97be25f4bc43343fe092cab5e188adc2ddd","1b284e9ef3a2fa3d7bdf6bdb0f52438dd2d2b784a955e6c992dfd464ac2f039d","continuation","False","108","71","37","0.343","4","4","16","12"
"2026-04-13T03:03:16.440607Z","phase3-perf","575d7bad584bd0ebbabd4c78c3a1672d3f211a34b1e8eaf0b4c872d35a444b5b","codex","3d1a47d2c30a7d11f20eebdea133baf61b722b14f378b82b6ae5931e367b4ee7","8309488f06a872c902849f89cfcaef5becb8ea3432cd99c9d0700421d7fefd08","continuation","False","108","71","37","0.343","4","4","16","12"
"2026-04-13T03:03:16.485473Z","phase3-perf","575d7bad584bd0ebbabd4c78c3a1672d3f211a34b1e8eaf0b4c872d35a444b5b","codex","7ad3229e721a56bf8b380ca03adfa4c7b133ae2c891197b47a980834ca4f5b11","ac636ad816ef5f8513185a52b7ab3ea6606b120a64e4fc476e69300d96269506","continuation","False","108","71","37","0.343","4","4","16","12"
"2026-04-13T03:03:16.531528Z","phase3-perf","575d7bad584bd0ebbabd4c78c3a1672d3f211a34b1e8eaf0b4c872d35a444b5b","codex","9a637dca4512db742be6210003cc50b0cf5498a6bf182d413eb3a23c78eabcad","0b7a3908c3840a6fed87641e4c62b2b73644931f41b1bd479a0a0e48f34a0a71","continuation","False","108","71","37","0.343","4","4","16","12"
"2026-04-13T03:03:16.577689Z","phase3-perf","575d7bad584bd0ebbabd4c78c3a1672d3f211a34b1e8eaf0b4c872d35a444b5b","codex","4625c6abce3498ee69bd055e49b403b9536998821dfc657fa0184cf13e05ad2c","ef6c15e581732d256c4cb4c62bb0f1b9096d154bd27d6efef081c72af5c812e6","continuation","False","108","71","37","0.343","4","4","16","12"
"2026-04-13T03:03:16.625622Z","phase3-perf","575d7bad584bd0ebbabd4c78c3a1672d3f211a34b1e8eaf0b4c872d35a444b5b","codex","2067984f378e46ce53c983abdfaa67c4b7227c76f94ceb8e7d46e719aa7a8a4b","04953678f132e31f92d3edf308c8e6d4a33164be012f9e7004983699780d432d","continuation","False","108","71","37","0.343","4","4","16","12"
"2026-04-13T03:03:16.672769Z","phase3-perf","575d7bad584bd0ebbabd4c78c3a1672d3f211a34b1e8eaf0b4c872d35a444b5b","codex","dc517aa30f8e21f606f5af3cb386be8d0a60fe04486ef76bf2f107707035bb19","740a2c7a7da48d9ce4a20836f7024a686d8d3616f8a5ead64a56d4ace4eee0ce","continuation","False","108","71","37","0.343","4","4","16","12"
"2026-04-13T03:03:16.719560Z","phase3-perf","575d7bad584bd0ebbabd4c78c3a1672d3f211a34b1e8eaf0b4c872d35a444b5b","codex","843694b9f64756a2186997e2fde38c921edb10e439cd10ed668cc609dba91702","a4f7b1fc444a26e30635a00d1c0af7152ccb52970d65498c062d358314f42a21","continuation","False","108","71","37","0.343","4","4","16","12"
"2026-04-13T03:03:16.764098Z","phase3-perf","575d7bad584bd0ebbabd4c78c3a1672d3f211a34b1e8eaf0b4c872d35a444b5b","codex","f18420feff710cbb08cf144b3b897c32b5f3106a37dc4cc185b52619a9f28727","ebfdfbe6e2eec902a32bb89394ea321cc6bff4dad270f2bf0f40b9ee240f0af0","continuation","False","108","71","37","0.343","4","4","16","12"
"2026-04-13T03:03:16.809698Z","phase3-perf","575d7bad584bd0ebbabd4c78c3a1672d3f211a34b1e8eaf0b4c872d35a444b5b","codex","19e853ae450737a47af29d1e9e0fb0b5fa46a709a5965fe90766c61ce571aa7b","656e4f47a3473e9c20b75161adc6f7338560c980ee68be934e0a6954db32a5ea","continuation","False","108","71","37","0.343","4","4","16","12"
"2026-04-13T03:03:16.855426Z","phase3-perf","575d7bad584bd0ebbabd4c78c3a1672d3f211a34b1e8eaf0b4c872d35a444b5b","codex","d2d0f01e6b30aa83a8f73e64d59d21fb8aa21414be39e71bd13deda4b0a84202","e488f9607a6f610b09bac7c44433b065f6205d2da77e19107ca29cc31ba841e1","continuation","False","108","71","37","0.343","4","4","16","12"
"2026-04-13T03:03:16.901664Z","phase3-perf","575d7bad584bd0ebbabd4c78c3a1672d3f211a34b1e8eaf0b4c872d35a444b5b","codex","8f82a9541e86ee277e891108b3215ff685814cee1493322930337270ecd5d86a","cff9a8e9dcfe676682096242bbbcfb57dcc88326c41d65608c3292d46bad7cb3","continuation","False","108","71","37","0.343","4","4","16","12"
"2026-04-13T03:03:16.948671Z","phase3-perf","575d7bad584bd0ebbabd4c78c3a1672d3f211a34b1e8eaf0b4c872d35a444b5b","codex","450c7b1d755355fe831541b792eac86aa784ed78d33e10db0c348d64a1f3b284","02d32b26d60dd1c5008b437ce2d70348e568331c58adafd03f3f68669c3b6332","continuation","False","108","71","37","0.343","4","4","16","12"
"2026-04-13T03:03:16.994574Z","phase3-perf","575d7bad584bd0ebbabd4c78c3a1672d3f211a34b1e8eaf0b4c872d35a444b5b","codex","98d56142bc2604949cec9ecdc941c22b80914ed9f467f1dbb430d1812ab814b9","0aff66f113b56a0b78b0870646c47d1ac6b186c901a2d40a40f444783e14f520","continuation","False","108","71","37","0.343","4","4","16","12"
"2026-04-13T03:03:17.042521Z","phase3-perf","575d7bad584bd0ebbabd4c78c3a1672d3f211a34b1e8eaf0b4c872d35a444b5b","codex","ac7fca626586bfecb564c3d85be17fc89b4347e21dd1c073dac24bb26862f184","ba5255a175169a140c8595410a392e26d66c9892bc1701868b9f3be0bcffd932","continuation","False","108","71","37","0.343","4","4","16","12"
"2026-04-13T03:03:17.088593Z","phase3-perf","575d7bad584bd0ebbabd4c78c3a1672d3f211a34b1e8eaf0b4c872d35a444b5b","codex","61202ffce7ba8ba47e7c2f906e3b11e298a205bb9638efc00eba6d94ffdaa6a7","46654bba0a864fd093c178db5a1ffe329edb40779c20b2ad1f88443bd2366135","continuation","False","108","71","37","0.343","4","4","16","12"
"2026-04-13T03:03:17.135598Z","phase3-perf","575d7bad584bd0ebbabd4c78c3a1672d3f211a34b1e8eaf0b4c872d35a444b5b","codex","7301ad81d4249e4f9777d0fab2a0c86d943716566a1d816baf5fea6679e52ea5","299f4e926a9fa6ff9dd19ce01acc558127b60c841f278b631a7a924587873d2a","continuation","False","108","71","37","0.343","4","4","16","12"
"2026-04-13T03:03:17.181658Z","phase3-perf","575d7bad584bd0ebbabd4c78c3a1672d3f211a34b1e8eaf0b4c872d35a444b5b","codex","2b4337d2522493df359462321be092e09c5077b76aa8ebe8d9c960b5306096f3","f77c91cee37156a70a6e2f4dcf1cd4f3591cc040c1a60a1fed8858ae591ef081","continuation","False","108","71","37","0.343","4","4","16","12"
"2026-04-13T03:03:17.227481Z","phase3-perf","575d7bad584bd0ebbabd4c78c3a1672d3f211a34b1e8eaf0b4c872d35a444b5b","codex","eb02841e3940070aaba66c7124d0930d9540fcb72b28c66128ec30e1d630eba0","2a41da653111daff7f21336949d751d5aa8b05cc2f677539669cd512408a11dd","continuation","False","108","71","37","0.343","4","4","16","12"
"2026-04-13T03:03:17.274220Z","phase3-perf","575d7bad584bd0ebbabd4c78c3a1672d3f211a34b1e8eaf0b4c872d35a444b5b","codex","fc167b0e12a3d18f64fa9fed58791ada714313531f6d5eee37edaf1f928bdc04","a7df344611e0dc55aa0a3fe29e1ecbb3f9b97ebcb35c485f5b785248d64ae70f","continuation","False","108","71","37","0.343","4","4","16","12"
"2026-04-13T03:03:17.320460Z","phase3-perf","575d7bad584bd0ebbabd4c78c3a1672d3f211a34b1e8eaf0b4c872d35a444b5b","codex","9098676e03d613f8d26f6b24d259cb1ae0e907f5a0150e68323dede35e621251","ba37eb7cd1ffcb3b7163fdfa9d18bf1e5e99cd6623ca5fe9866b6e4d75f7228a","continuation","False","108","71","37","0.343","4","4","16","12"
"2026-04-13T03:03:17.368067Z","phase3-perf","575d7bad584bd0ebbabd4c78c3a1672d3f211a34b1e8eaf0b4c872d35a444b5b","codex","398f40fb321c9be68e0550ddfe9a954498db81bd8204d300949b5bcd6c35b2ee","3ace7c9656af450e40c5fa5cbe20ee1f4050feacdf593a10860851cabfe90840","continuation","False","108","71","37","0.343","4","4","16","12"
"2026-04-13T03:03:17.414628Z","phase3-perf","575d7bad584bd0ebbabd4c78c3a1672d3f211a34b1e8eaf0b4c872d35a444b5b","codex","0d839ebc1c2d274effd7e32cce40e853739e518f58e37466583ebc0f0b4d510f","78657ec674bac14ba616a44abfa3e229452d54c328ffdb519e757fc93122f683","continuation","False","108","71","37","0.343","4","4","16","12"
"2026-04-13T03:03:17.463469Z","phase3-perf","575d7bad584bd0ebbabd4c78c3a1672d3f211a34b1e8eaf0b4c872d35a444b5b","codex","69626f8005e9b70b7883d8f49bf2aef5839d2906ec39d60fa2bbd657558ae99a","455b114554be63493be1ef262333d3b5066ef13601d965fbafb01cfb9d708054","continuation","False","108","71","37","0.343","4","4","16","12"
"2026-04-13T03:03:17.509836Z","phase3-perf","575d7bad584bd0ebbabd4c78c3a1672d3f211a34b1e8eaf0b4c872d35a444b5b","codex","b90d08543535e9b0f3d02e2c9a04418d3c73f4bce67f42e0ffa001f7f8b1defe","d01b565de64031476ebf87c765df60e6d4da62ab6bc49cd2cff8340765b483d8","continuation","False","108","71","37","0.343","4","4","16","12"
"2026-04-13T03:03:17.556529Z","phase3-perf","575d7bad584bd0ebbabd4c78c3a1672d3f211a34b1e8eaf0b4c872d35a444b5b","codex","4e3e691d14a074dac0e0f916919361e70353929ff3d6e790f7e6671906b07d64","6bac04561ccc2d657428ed531439b6b63cbabf914fde2242c815b31afc5e10ad","continuation","False","108","71","37","0.343","4","4","16","12"
"2026-04-13T03:03:17.619517Z","phase3-perf","575d7bad584bd0ebbabd4c78c3a1672d3f211a34b1e8eaf0b4c872d35a444b5b","codex","7c1201224645bc1fc28778b5ea8d120e948d0cb8d20909b7856874d31503a561","5241a88c205e5c4bc88d1cb6cefe00726e3bf9374c67d878c697a30c439c8090","continuation","False","108","71","37","0.343","4","4","16","12"
"2026-04-13T03:03:17.666773Z","phase3-perf","575d7bad584bd0ebbabd4c78c3a1672d3f211a34b1e8eaf0b4c872d35a444b5b","codex","3b8d0e7e1ea271b318b48e3608a498eab69bca2ba505ef9df78c33043f9eb96b","3a99259bdaa2603b309b08528389c6caa5657dc0296e2c572de25ae203d57359","continuation","False","108","71","37","0.343","4","4","16","12"
"2026-04-13T03:03:17.713511Z","phase3-perf","575d7bad584bd0ebbabd4c78c3a1672d3f211a34b1e8eaf0b4c872d35a444b5b","codex","3d8531389cc2663baa4992e0e38877a3a4d10d029f3c9ec497ec6fd94e1d9ba6","d561dc5ee5a702ef207424f3d2deafbc08a7b124b7b11a6750b1a72c7c3cdb79","continuation","False","108","71","37","0.343","4","4","16","12"
"2026-04-13T03:03:17.759963Z","phase3-perf","575d7bad584bd0ebbabd4c78c3a1672d3f211a34b1e8eaf0b4c872d35a444b5b","codex","e0deda1382b17d096e2d0f6a0af084b2e8dc213cafabf770b3bb1f93ba202f10","d89e8ce1ee2fa1ffd87defdcce89885c04b9ea46250ab9c32cfed7cc9ea12c36","continuation","False","108","71","37","0.343","4","4","16","12"
"2026-04-13T03:03:17.810401Z","phase3-perf","575d7bad584bd0ebbabd4c78c3a1672d3f211a34b1e8eaf0b4c872d35a444b5b","codex","21027fef348d9ce77bc86a9f501b933d5260d0f8f2ee4a20332e608467e48ce6","26c0b208f3cdc32c8be421644dee27de49a405c573a1a5820dd11ae0612327ff","continuation","False","108","71","37","0.343","4","4","16","12"
"2026-04-13T03:03:17.859741Z","phase3-perf","575d7bad584bd0ebbabd4c78c3a1672d3f211a34b1e8eaf0b4c872d35a444b5b","codex","6092c356d9ace7d9b7ad678225381cfc3a337dd418fc77daa4e80a9ce7f66ae1","48d329019cf2624dfafbb7f9b1b6c384f31cef5c2903966cd15d070e01a6676b","continuation","False","108","71","37","0.343","4","4","16","12"
"2026-04-13T03:03:17.932682Z","phase3-perf","575d7bad584bd0ebbabd4c78c3a1672d3f211a34b1e8eaf0b4c872d35a444b5b","codex","37f57297ed8f12d9021328db40da3c8b3c31f426452fd4a0919aa2167a087f83","f4ac0ac2ec2c741385063ba845e548c6ee7df28904b8575093656c4db7591235","continuation","False","108","71","37","0.343","4","4","16","12"
"2026-04-13T03:03:18.007389Z","phase3-perf","575d7bad584bd0ebbabd4c78c3a1672d3f211a34b1e8eaf0b4c872d35a444b5b","codex","65deda9bbec8b605b82d451afe50214f3628ddfdb6da8e63113a2f0f05079ec6","b7c2ca672544e475b5be2fc2f90160ae54b589858089b75da026e7d9f295a1c0","continuation","False","108","71","37","0.343","4","4","16","12"
"2026-04-13T03:03:18.083356Z","phase3-perf","575d7bad584bd0ebbabd4c78c3a1672d3f211a34b1e8eaf0b4c872d35a444b5b","codex","7e816dda48d8ef62614adbe6fdd8d34b105bcbad3df32f1ac8119a75f75cab8c","248feb9db428649d8bd9aa9c2d8a4f67c49a9847bc8f1a48c8f3876efa3581bc","continuation","False","108","71","37","0.343","4","4","16","12"
"2026-04-13T03:03:18.170372Z","phase3-perf","575d7bad584bd0ebbabd4c78c3a1672d3f211a34b1e8eaf0b4c872d35a444b5b","codex","b0eaa6fc238fb197f1bb93e621cde730c2224712bcac6f46336b25202881b4a3","f946c41957cff75bec875909af81c4d2d62b4d725f1b83d7fa9d20f2fe13a45c","continuation","False","108","71","37","0.343","4","4","16","12"
"2026-04-13T03:03:18.271561Z","phase3-perf","575d7bad584bd0ebbabd4c78c3a1672d3f211a34b1e8eaf0b4c872d35a444b5b","codex","1023d1b88a75cb792e69598203027fb836089ba28f3e270c0eaaf553bed5182f","bb0712c343247ccbd59cdb4754b50f06a9573937385067b36fbb62dcee699524","continuation","False","108","71","37","0.343","4","4","16","12"
"2026-04-13T03:03:18.362823Z","phase3-perf","575d7bad584bd0ebbabd4c78c3a1672d3f211a34b1e8eaf0b4c872d35a444b5b","codex","9ff8543df4fc1b3a16f4ec1cab99154c283928da2d41251b363d4b3f613cdbf5","354b2f3ab6d4daa3755b51d8873c8a9673cfc1e4d137e89ec41150645f87165e","continuation","False","108","71","37","0.343","4","4","16","12"
"2026-04-13T03:03:18.443502Z","phase3-perf","575d7bad584bd0ebbabd4c78c3a1672d3f211a34b1e8eaf0b4c872d35a444b5b","codex","220f9d018ea92003bc1eb50b5ade9ee47f4f78560b4c80e6710e8f69de441be4","7e82b4f5d2d12f6c30761f6757ff35f7f224a967b89849acbc24ba4c01141a35","continuation","False","108","71","37","0.343","4","4","16","12"
"2026-04-13T03:03:18.529441Z","phase3-perf","575d7bad584bd0ebbabd4c78c3a1672d3f211a34b1e8eaf0b4c872d35a444b5b","codex","67a7d9b9ba17ed9d977187c8e1dbf94495d21ec65692bd5cb501e33c36732b15","e058a5433c0709f4d7449a00fa1c83726afd446ebddaa4a3022f9bfc89f759b3","continuation","False","108","71","37","0.343","4","4","16","12"
"2026-04-13T03:03:18.644714Z","phase3-perf","575d7bad584bd0ebbabd4c78c3a1672d3f211a34b1e8eaf0b4c872d35a444b5b","codex","4e5eb6bed483fd2fd2f02a321a2db0925bb1a1e3d2ecfd175733a31e93f62299","cae8c48b2c129502181974a0293f5bb3250c1f17f3716603f537b330f5ac16c8","continuation","False","108","71","37","0.343","4","4","16","12"
"2026-04-13T03:03:18.743757Z","phase3-perf","575d7bad584bd0ebbabd4c78c3a1672d3f211a34b1e8eaf0b4c872d35a444b5b","codex","2f5dfb21ee027b0583de2a4be348edfeba24b2cde911f55e6ce9098c33c92aca","30aaacfb8e704f8f2a0bca479813cf54a394e13f4545e0779a46b67f85099b6b","continuation","False","108","71","37","0.343","4","4","16","12"
"2026-04-13T03:03:18.849576Z","phase3-perf","575d7bad584bd0ebbabd4c78c3a1672d3f211a34b1e8eaf0b4c872d35a444b5b","codex","2940b59c8493967c828bcbc39ed1b954e93155333604b79117abbc70bc5a0c71","d45ff3dbfabe5cdb219b668cd6caab334ed8868df1a5e02f168a80529a4b44b7","continuation","False","108","71","37","0.343","4","4","16","12"
"2026-04-13T03:03:18.936666Z","phase3-perf","575d7bad584bd0ebbabd4c78c3a1672d3f211a34b1e8eaf0b4c872d35a444b5b","codex","e77323991dfcd8a667433c3407c2ca61e78b8ccfb4a56e78b98eabca54d66cb6","9bee46431508c56aff96b2a2bd1d44f38755f282f9239ba307c6ac6c331768c1","continuation","False","108","71","37","0.343","4","4","16","12"
"2026-04-13T03:03:19.013130Z","phase3-perf","575d7bad584bd0ebbabd4c78c3a1672d3f211a34b1e8eaf0b4c872d35a444b5b","codex","e8df8f20d9b5c58fedd538c9bc8be86ab8879f634747a485bc34c2e10dabd88c","4e094eaeb71a8242d534c833ec76f569ad889ae9acde7c195034b6d511ed4fac","continuation","False","108","71","37","0.343","4","4","16","12"
"2026-04-13T03:03:19.083050Z","phase3-perf","575d7bad584bd0ebbabd4c78c3a1672d3f211a34b1e8eaf0b4c872d35a444b5b","codex","164b69718fe54514f943cec9361506f8151ba4e3411e7a59c68b4ef223946613","84a11cc0863382aee1d9f283f76dd6749feb4dbc170188e0a0e6f0b018468f8f","continuation","False","108","71","37","0.343","4","4","16","12"
"2026-04-13T03:03:19.181357Z","phase3-perf","575d7bad584bd0ebbabd4c78c3a1672d3f211a34b1e8eaf0b4c872d35a444b5b","codex","ee342f88935e41fab3bc6d90042a39462d12d8acadf4f7bc9d3fc56a8c83fef1","20a8d05825f0d6778350f9c22a9933b800f73a24c14a6b3afd07afea223ba72b","continuation","False","108","71","37","0.343","4","4","16","12"
"2026-04-13T03:03:19.284781Z","phase3-perf","575d7bad584bd0ebbabd4c78c3a1672d3f211a34b1e8eaf0b4c872d35a444b5b","codex","de753ad6988f2d6ea71fe21fda110728d04edc077be7ef56aaaff26b8a6a7ef4","55765aaf04d174b851f3c76557878b9f56cf2885eefc9f23e88b7ff0c116cbcc","continuation","False","108","71","37","0.343","4","4","16","12"
"2026-04-13T03:03:19.377225Z","phase3-perf","575d7bad584bd0ebbabd4c78c3a1672d3f211a34b1e8eaf0b4c872d35a444b5b","codex","dee17b0a1cc1e186a1580852ccfbee9af60279bc8bbba5a3ba693974855316e2","32bae9547962236209f52b212e0ec36b8c05b4572da396e8d609ba5c279ecd0f","continuation","False","108","71","37","0.343","4","4","16","12"
"2026-04-13T03:03:19.458378Z","phase3-perf","575d7bad584bd0ebbabd4c78c3a1672d3f211a34b1e8eaf0b4c872d35a444b5b","codex","1e2365c792c99d329abc6299326c21e868fdef13a525d28eb240fd6eea1edc81","6c3e5f908a5c40fd85aa2a17e1e48274526c3ffe206f8daf47cdf69dd960f2f6","continuation","False","108","71","37","0.343","4","4","16","12"
"2026-04-13T03:03:19.541774Z","phase3-perf","575d7bad584bd0ebbabd4c78c3a1672d3f211a34b1e8eaf0b4c872d35a444b5b","codex","288b13e1fc3973ea27b64060c64862522fd04f84f523145a6684b7ce37bd612e","79b44c821ef526d8625d8a5c6d2de5564911fa1af9adb0143391b01f156203d6","continuation","False","108","71","37","0.343","4","4","16","12"
"2026-04-13T03:03:19.648013Z","phase3-perf","575d7bad584bd0ebbabd4c78c3a1672d3f211a34b1e8eaf0b4c872d35a444b5b","codex","ffe8bbd05266b7faa98e149f9c2f74920a0e2a99ff33cba8ddfd7f4ba8a97331","de2f5cff97b19df2f9a2e64dfc9118d549bedb2d46ae4ba6b1b76893a2f16908","continuation","False","108","71","37","0.343","4","4","16","12"
"2026-04-13T03:03:19.731274Z","phase3-perf","575d7bad584bd0ebbabd4c78c3a1672d3f211a34b1e8eaf0b4c872d35a444b5b","codex","5fd69fc76c5ad28db1dfa31d290b0d810bff954e6231283bdaa6e5964bb3db20","ede07168293deb485bfb9484ed182ebe059ed3ff00a25bc54cd9f0c2d72646eb","continuation","False","108","71","37","0.343","4","4","16","12"
"2026-04-13T03:03:19.807679Z","phase3-perf","575d7bad584bd0ebbabd4c78c3a1672d3f211a34b1e8eaf0b4c872d35a444b5b","codex","0876c2c6a66f650db2c97bb364a099c20f7a807118ccbafe473b9c626f0cbd2c","e4c648af89a116c3e294927b1c4c976380c3260b891fb7bc95ed00d99711fa63","continuation","False","108","71","37","0.343","4","4","16","12"
"2026-04-13T03:03:19.888310Z","phase3-perf","575d7bad584bd0ebbabd4c78c3a1672d3f211a34b1e8eaf0b4c872d35a444b5b","codex","00d5acd16a9c122c5a040a7b61a4b7a130dc3bc18538fbb6ad5730897334deff","7724ef2e5fa7bc7304d68ca7a5346847c74b061fa244c7a19833bf2523b0d7f0","continuation","False","108","71","37","0.343","4","4","16","12"
"2026-04-13T03:03:19.972350Z","phase3-perf","575d7bad584bd0ebbabd4c78c3a1672d3f211a34b1e8eaf0b4c872d35a444b5b","codex","5f8286a47bd34315a4e4902716bbcdcc2f1ad2582daf71f5e5f7b61612b24049","b003cc6dcb1dc1611c8fb059092ab046e8fdfa5c55ddadd9d588db9e8dc09277","continuation","False","108","71","37","0.343","4","4","16","12"
"2026-04-13T03:03:20.056951Z","phase3-perf","575d7bad584bd0ebbabd4c78c3a1672d3f211a34b1e8eaf0b4c872d35a444b5b","codex","d3ccdbb7a46dca9d3594c998c63d06eebfb7b601df7d4f439a1af738019e9ccd","bead0fce6e5fbae55fad1d28640b7b138e2815c8825ae431aaa71cce320afc98","continuation","False","108","71","37","0.343","4","4","16","12"
"2026-04-13T03:03:20.149610Z","phase3-perf","575d7bad584bd0ebbabd4c78c3a1672d3f211a34b1e8eaf0b4c872d35a444b5b","codex","ec301f08cd6009416b13c204c5bc95817572c330e247cbec5b7b0e0aa7507583","95660ed552171a465c31f92925bb8ff53eef2ed8a79cac57931c943d397538fd","continuation","False","108","71","37","0.343","4","4","16","12"
"2026-04-13T03:03:20.226543Z","phase3-perf","575d7bad584bd0ebbabd4c78c3a1672d3f211a34b1e8eaf0b4c872d35a444b5b","codex","3ff280d9d844d6744c008453e9ee8695dea960edd3e52a549e85cd7faddf1ee2","56226a680c07d2dc5bd4a5b36f3e4843d9292fc82d7fe3e65f727a379aa6a121","continuation","False","108","71","37","0.343","4","4","16","12"
"2026-04-13T03:03:20.306974Z","phase3-perf","575d7bad584bd0ebbabd4c78c3a1672d3f211a34b1e8eaf0b4c872d35a444b5b","codex","7972666d4c409132b55d09272c30ea29df173c7591c93cf37f0e36b707c1b569","1eac52f9687308dfdf9d805b286027059a26aa1c370acfe216e277fd5d82bb34","continuation","False","108","71","37","0.343","4","4","16","12"
"2026-04-13T03:03:20.388306Z","phase3-perf","575d7bad584bd0ebbabd4c78c3a1672d3f211a34b1e8eaf0b4c872d35a444b5b","codex","7b906078b0bbf2dd16b25f6bc4373387ab280dd8100d853c55e82da71cf633ed","f8f36a8652f1fb13b0a1d031f9eed70fb53a095cc9f5540dbd3a37962c7f2723","continuation","False","108","71","37","0.343","4","4","16","12"
"2026-04-13T03:03:20.468152Z","phase3-perf","575d7bad584bd0ebbabd4c78c3a1672d3f211a34b1e8eaf0b4c872d35a444b5b","codex","5b82162fbd4d39b990a8b7bf774293661ac1973fcb440e0549766447128ffc4c","9b2ad04cfdbf0e9b3283a3aa84d00771535e9a6bbc03cd07a39365e459ca4ad1","continuation","False","108","71","37","0.343","4","4","16","12"
"2026-04-13T03:03:20.547688Z","phase3-perf","575d7bad584bd0ebbabd4c78c3a1672d3f211a34b1e8eaf0b4c872d35a444b5b","codex","318195534bc1f408f2d0d3ac1a6a320b60662460bf4c8818da553506f7663c26","4f576e75a5065b3a8481543132bba501b8d2f7503a397fe05d063399dbb51f92","continuation","False","108","71","37","0.343","4","4","16","12"
"2026-04-13T03:03:20.634212Z","phase3-perf","575d7bad584bd0ebbabd4c78c3a1672d3f211a34b1e8eaf0b4c872d35a444b5b","codex","e47bdbf7cc6293354c060b3cf6e6525fed943d92e6e945c69cd640487c966ab2","9d3f426dcaf97a0c53364094a980ac583eaf4471fa53e798460135ac7b259111","continuation","False","108","71","37","0.343","4","4","16","12"
"2026-04-13T03:03:20.730972Z","phase3-perf","575d7bad584bd0ebbabd4c78c3a1672d3f211a34b1e8eaf0b4c872d35a444b5b","codex","461ef03f44cbd25ea884684d63eac0b369c20657c43473cff578df8f96c71dea","f04dda359c39abcd9329e0cde119532673945cc496151612a15e9702477346ad","continuation","False","108","71","37","0.343","4","4","16","12"
"2026-04-13T03:03:20.822894Z","phase3-perf","575d7bad584bd0ebbabd4c78c3a1672d3f211a34b1e8eaf0b4c872d35a444b5b","codex","966fc79fb9f112acbf3da96229254b2380251ea810a863e960cd1175a0a9b7ce","2c577a13df1ad62c07856a28c97d3823925404015f6505c8c5ac4717acfecc3f","continuation","False","108","71","37","0.343","4","4","16","12"
"2026-04-13T03:03:20.949705Z","phase3-perf","575d7bad584bd0ebbabd4c78c3a1672d3f211a34b1e8eaf0b4c872d35a444b5b","codex","471388f29055c3c95afbe356aaaa792045a61a90dbd4cb3c4d5803cbb572b3a6","8b153f7b37f42f80979af176d01e234205cd27f574d63b3e77bf5eda40b6c456","continuation","False","108","71","37","0.343","4","4","16","12"
"2026-04-13T03:03:21.036559Z","phase3-perf","575d7bad584bd0ebbabd4c78c3a1672d3f211a34b1e8eaf0b4c872d35a444b5b","codex","ea666876533618a0eee0e579d2e517ab8fb91817c60386e20b191398e9f56a1a","3d121694630d722b1f324d459ea23cae2220f56347541c9f1ee13bcac70de565","continuation","False","108","71","37","0.343","4","4","16","12"
"2026-04-13T03:03:21.129014Z","phase3-perf","575d7bad584bd0ebbabd4c78c3a1672d3f211a34b1e8eaf0b4c872d35a444b5b","codex","a9e21bb5ffd0d47a7f43bf6aca70fa09d587f4b9f8454a570bb3fce67f2961d4","8fe51646d2f57a23712c5d8f12ba6e204a428236e2ea6e040cb5784d7f8cb556","continuation","False","108","71","37","0.343","4","4","16","12"
"2026-04-13T03:03:21.208306Z","phase3-perf","575d7bad584bd0ebbabd4c78c3a1672d3f211a34b1e8eaf0b4c872d35a444b5b","codex","3b2b7a5f34997ce1a1cd2f309b46bb80d348a18cb59c5a5788ed7cbd6ad3a557","52600a25bef44ba5df8541a216d22bbb741304cfcff4d0105d8a8a951b6840f4","continuation","False","108","71","37","0.343","4","4","16","12"
"2026-04-13T03:03:21.301263Z","phase3-perf","575d7bad584bd0ebbabd4c78c3a1672d3f211a34b1e8eaf0b4c872d35a444b5b","codex","84ebb8cbac9cf37f6765882303262b440de448473a6856352ea5dfc1cff58e61","481f1817dd993d3ce5a71290fba31ce8efad6aa93142b9d9d5cb84ae588ade7c","continuation","False","108","71","37","0.343","4","4","16","12"
"2026-04-13T03:03:21.380640Z","phase3-perf","575d7bad584bd0ebbabd4c78c3a1672d3f211a34b1e8eaf0b4c872d35a444b5b","codex","929f5b8114456d8bb2c7403b057cbf5f139902dae21c30e98ed8d8d6685ca21a","12fc7eb0b2a02564300e12605414c17c11aef595d36a9c095c875d96dff78f92","continuation","False","108","71","37","0.343","4","4","16","12"
"2026-04-13T03:03:21.461179Z","phase3-perf","575d7bad584bd0ebbabd4c78c3a1672d3f211a34b1e8eaf0b4c872d35a444b5b","codex","65f9dcd428c1b3cebaf50c38e55e4fc3d753ce81139505d13a7b9931bc607cf0","3c3f5efd7ad782b668bdd4e9fee0b6cb43c22ddc7e31bfbf658c68a572a7f8e2","continuation","False","108","71","37","0.343","4","4","16","12"
"2026-04-13T03:03:21.544843Z","phase3-perf","575d7bad584bd0ebbabd4c78c3a1672d3f211a34b1e8eaf0b4c872d35a444b5b","codex","4b28fa3aa9d1c79784ac561532bf2efcdb69702a55312494ae9b806ede15c391","efe659a95691e35c5a17815b52a707486109017db1ab0cc998c6f1c533605de5","continuation","False","108","71","37","0.343","4","4","16","12"
"2026-04-13T03:03:21.646061Z","phase3-perf","575d7bad584bd0ebbabd4c78c3a1672d3f211a34b1e8eaf0b4c872d35a444b5b","codex","63e31dabfe2a1a5690aa90c5a6a8f89229cf06c447e6731217f6df4b6c326d3a","b4c79d26afc47a9a6321eb770c1fe252236d401f11cd42d90c9294f218171721","continuation","False","108","71","37","0.343","4","4","16","12"
"2026-04-13T03:03:21.741705Z","phase3-perf","575d7bad584bd0ebbabd4c78c3a1672d3f211a34b1e8eaf0b4c872d35a444b5b","codex","18c7a68a35c41ff8c1e8ce044e7e5cedf0206297cca6718163b32daf48e425be","1cac3e57e8de29722e3f7f92a3a3d88bfa303c35e3a3c5fd1ff19d2afa08308d","continuation","False","108","71","37","0.343","4","4","16","12"
"2026-04-13T03:03:21.829179Z","phase3-perf","575d7bad584bd0ebbabd4c78c3a1672d3f211a34b1e8eaf0b4c872d35a444b5b","codex","e074c0e5ce3f41c5d3a6c69410e4148a7466e8b1172cfdb33a512ebebb59e548","fb16c05ab70939163b883810c853b5d9db414a68c82e962d05521b51ff614464","continuation","False","108","71","37","0.343","4","4","16","12"
"2026-04-13T03:03:21.930554Z","phase3-perf","575d7bad584bd0ebbabd4c78c3a1672d3f211a34b1e8eaf0b4c872d35a444b5b","codex","f331be649c77bbd37702f0b89b2438b261efaed2ea728c6420d02f72341dd616","7c7c8392a5e48b203c67db8463e206b67878d2f29706982c19c6d7e0da6f051e","continuation","False","108","71","37","0.343","4","4","16","12"
"2026-04-13T03:03:22.034576Z","phase3-perf","575d7bad584bd0ebbabd4c78c3a1672d3f211a34b1e8eaf0b4c872d35a444b5b","codex","2cc77d1cafc8f0a192b2db37a6e7e3e488aeb2a4364bcfbf9f30610b968079ff","64059413b7e5c4b44fa3e63a5b8e945bce2b95afe5a8bd6e823daa8f3bb29f56","continuation","False","108","71","37","0.343","4","4","16","12"
"2026-04-13T03:03:22.137881Z","phase3-perf","575d7bad584bd0ebbabd4c78c3a1672d3f211a34b1e8eaf0b4c872d35a444b5b","codex","ab54df42d1e4ceae8016856d250766c6c604fc8764c1430e9268e38ce48cbeed","7d64e6a377312344c2fc83bba48c7c7d78d9fc1bf5ba892a6ce6ff56b4c67909","continuation","False","108","71","37","0.343","4","4","16","12"
"2026-04-13T03:03:22.229674Z","phase3-perf","575d7bad584bd0ebbabd4c78c3a1672d3f211a34b1e8eaf0b4c872d35a444b5b","codex","247e3e3a826fa54af0cb2e245e6fbd1aa20593a215149ec1944f868be38d6331","30a13b1d5de85c1fb5c15bba521d4ab0921c4fbfb401b73ceb4ec677486301ad","continuation","False","108","71","37","0.343","4","4","16","12"
"2026-04-13T03:03:22.319714Z","phase3-perf","575d7bad584bd0ebbabd4c78c3a1672d3f211a34b1e8eaf0b4c872d35a444b5b","codex","e337d4192ab4e9c607ec39c7beadc48f1a2a6a0f7bc90fb872608667657fe92d","d0ffee8d6d8e826b895fdc26fbe79a7f3c85f67de85281362948082c03e005e0","continuation","False","108","71","37","0.343","4","4","16","12"
"2026-04-13T03:03:22.401088Z","phase3-perf","575d7bad584bd0ebbabd4c78c3a1672d3f211a34b1e8eaf0b4c872d35a444b5b","codex","57463ec33ca45b2b49ea468a9d696c193153f14c001d588253f097484e364854","dbfd732907253d27ddc312498775d7f1b9812c302b156bb8b0bd1b0dfb7c41d1","continuation","False","108","71","37","0.343","4","4","16","12"
"2026-04-13T03:03:22.482624Z","phase3-perf","575d7bad584bd0ebbabd4c78c3a1672d3f211a34b1e8eaf0b4c872d35a444b5b","codex","6673e922240be66ebff25a25cf8ccfd2d4c2f62790e7cb3da6559f7d04c8be07","22c0349331954d2dafd405bd8bcf9214f5b19cdab3e6e132b8e24e1a463d9d7b","continuation","False","108","71","37","0.343","4","4","16","12"
"2026-04-13T03:03:22.563648Z","phase3-perf","575d7bad584bd0ebbabd4c78c3a1672d3f211a34b1e8eaf0b4c872d35a444b5b","codex","9c77883fc7d1692038a5a9429523048bfd1f854f51dea8d177bc25ab97237ccb","ae462a3608af43ac4de072d39c02c2551579e7789ac592da1df8608bac97c472","continuation","False","108","71","37","0.343","4","4","16","12"
"2026-04-13T03:03:22.649349Z","phase3-perf","575d7bad584bd0ebbabd4c78c3a1672d3f211a34b1e8eaf0b4c872d35a444b5b","codex","2934909c121b672b3f7a5018e4a3f7d8f94909a5064ee128b6e6a7f1daeb470b","dd4df9c4717de8f59f1a1dba7bead047864d4ca427a5306630c19d7b960b675b","continuation","False","108","71","37","0.343","4","4","16","12"
"2026-04-13T03:03:22.758418Z","phase3-perf","575d7bad584bd0ebbabd4c78c3a1672d3f211a34b1e8eaf0b4c872d35a444b5b","codex","83071d4c1fce4485d251602a81a98435021fd512b088976cd84362f16b4265f7","7560c8bac7d2187578af3938796aee825c74fca5941928df2315fbb556b086eb","continuation","False","108","71","37","0.343","4","4","16","12"
"2026-04-13T03:03:22.886398Z","phase3-perf","575d7bad584bd0ebbabd4c78c3a1672d3f211a34b1e8eaf0b4c872d35a444b5b","codex","81ea703b0497bf8acfedae7ca6aee26e25805f8bbef61b8c86c46466e4f61fbf","75b54fa6ab487fce4453e9281224de3b680ab12f90ebe0bab2656b2d9bdb7efa","continuation","False","108","71","37","0.343","4","4","16","12"
"2026-04-13T03:03:22.984367Z","phase3-perf","575d7bad584bd0ebbabd4c78c3a1672d3f211a34b1e8eaf0b4c872d35a444b5b","codex","2f399de4521c4efd2963e50ec2abb605fa1c70cfb6a3f2f742ee815f9a75ab8c","e3cf2fb1c965812ab792c123fc2a1c6d5c149787e524439586d4f768ec3a26d9","continuation","False","108","71","37","0.343","4","4","16","12"
"2026-04-13T03:03:23.062189Z","phase3-perf","575d7bad584bd0ebbabd4c78c3a1672d3f211a34b1e8eaf0b4c872d35a444b5b","codex","cb7b3fb3c08102af8319d21d264812c16cff966078bf0349a1b51164f0028793","9318246b250be18f15f347117e9e45548f9775167d33ff096bfd7ed2e322cdb4","continuation","False","108","71","37","0.343","4","4","16","12"
"2026-04-13T03:03:23.144263Z","phase3-perf","575d7bad584bd0ebbabd4c78c3a1672d3f211a34b1e8eaf0b4c872d35a444b5b","codex","1664f823988e1c42467aaef282aababa7fa6d23d24322fc493acbc6104357848","c6e0be662afa01571d54cc7fc76ff16749628a506de62aac9b2c8f8967f681ec","continuation","False","108","71","37","0.343","4","4","16","12"
"2026-04-13T03:03:23.241162Z","phase3-perf","575d7bad584bd0ebbabd4c78c3a1672d3f211a34b1e8eaf0b4c872d35a444b5b","codex","e6671c1f5a77716f77f390de2639e4277aa2b4783346e829f6690a9e4b9544df","97450bbd9a5dcc62df4cf4f8e70e763cf3589bbc09bda17f8eae76e663de2aa7","continuation","False","108","71","37","0.343","4","4","16","12"
"2026-04-13T03:03:23.345377Z","phase3-perf","575d7bad584bd0ebbabd4c78c3a1672d3f211a34b1e8eaf0b4c872d35a444b5b","codex","d76bddd86c85619528adffd40cabe015dc1a2ea0a266fc07b3fc6937f2984cce","6a1b3fe42de96ddadc165208ff43ac09e1aa903d5674c5d97466e3b2c3ef997f","continuation","False","108","71","37","0.343","4","4","16","12"
"2026-04-13T03:03:23.428388Z","phase3-perf","575d7bad584bd0ebbabd4c78c3a1672d3f211a34b1e8eaf0b4c872d35a444b5b","codex","6725dfb7a39a481accd520b24e285da962e945f9a5e588d62bcd741e6221f312","d58fe597e19a61cd55ab75b7a8ab85908f8c9000a68beb7a9fa66157faba3fc6","continuation","False","108","71","37","0.343","4","4","16","12"
"2026-04-13T03:03:23.514876Z","phase3-perf","575d7bad584bd0ebbabd4c78c3a1672d3f211a34b1e8eaf0b4c872d35a444b5b","codex","27c60be63cc06e03ec72364e89524be3397ed348d67b5dca39ace5e4c77aef3d","a45333bec7b6d8bcdcf443544d81f369e6ea4f0041da7f4161e923c264b67952","continuation","False","108","71","37","0.343","4","4","16","12"
"2026-04-13T03:03:23.601253Z","phase3-perf","575d7bad584bd0ebbabd4c78c3a1672d3f211a34b1e8eaf0b4c872d35a444b5b","codex","9807eeea01b1b040c32e620e53003217b6535dda0ad563cbc4633c58d5d7b0e4","dbefafd2a27b798721241e7ef13fca5126cf8c312ce8d9889670fbc977fe2cfa","continuation","False","108","71","37","0.343","4","4","16","12"
"2026-04-13T03:03:23.685284Z","phase3-perf","575d7bad584bd0ebbabd4c78c3a1672d3f211a34b1e8eaf0b4c872d35a444b5b","codex","8742b95b4e0375d6e47bb373567820340405bdb9d777a4f7d8fc1c2356864614","0fcb8a00287b112b05716a62ad3f085ae9bce4a44c3fe1eb6f357ba546ce90d0","continuation","False","108","71","37","0.343","4","4","16","12"
"2026-04-13T03:03:23.782330Z","phase3-perf","575d7bad584bd0ebbabd4c78c3a1672d3f211a34b1e8eaf0b4c872d35a444b5b","codex","c7853ee966cd499619766d9b8b45a38d3e9e97768fe44fe397e025e254b84ebb","3c5f2e646a796cc6c81fdc17bbdb118f5c2370f3e04b0d8880eae7cf889413f9","continuation","False","108","71","37","0.343","4","4","16","12"
"2026-04-13T04:09:58.130290Z","phase3-integration","575d7bad584bd0ebbabd4c78c3a1672d3f211a34b1e8eaf0b4c872d35a444b5b","codex","43e56718fb2b09f925e9164a45cb96ecb38f49fadde8d983b7644bdec4473483","387c1da0efaa5c22fa161683e5caadadf80c3c7276e2acf02f54fc60b1a69d0d","continuation","False","108","71","37","0.343","4","4","16","12"
"2026-04-13T04:09:58.292309Z","phase3-regression","575d7bad584bd0ebbabd4c78c3a1672d3f211a34b1e8eaf0b4c872d35a444b5b","codex","1731876e98e3095051085ca6673f2cbd14a53ccfa9702c9f4c5f7639a2d8d367","860469eaf880135d1a0931bb2b5120932805e30e8cd3b4a91f3f08b71d485eef","continuation","False","108","71","37","0.343","4","4","16","12"
"2026-04-13T04:10:43.194926Z","phase3-memleak","575d7bad584bd0ebbabd4c78c3a1672d3f211a34b1e8eaf0b4c872d35a444b5b","codex","c5235c70f378d7bb197c6814b85587433296c4fe81a5d42e67844abf8a811d62","57b6e148effb725fbce86ebd4762bfbe1b9b74946cb0e4e2e658c17fb3b904fd","continuation","False","108","71","37","0.343","4","4","16","12"
"2026-04-13T04:10:45.360613Z","phase3-memleak","575d7bad584bd0ebbabd4c78c3a1672d3f211a34b1e8eaf0b4c872d35a444b5b","codex","be832eba796b5d2fc27da178f4fbf179fbbf56ae1f6f33c07499423d566bc64e","72be1676a4c9026a18dde21d34087da1d940ab143dd1b51793e4a914687bc5c4","continuation","False","108","71","37","0.343","4","4","16","12"
"2026-04-13T04:10:47.468932Z","phase3-memleak","575d7bad584bd0ebbabd4c78c3a1672d3f211a34b1e8eaf0b4c872d35a444b5b","codex","e2f31ab86424abf6ecbb2cb94286b63fb8377c49b46e3b824e7952041d4cc0fb","7cc5ed146d115db0b05c762ca9a963baa78a2723a34fc860b856a82f20b1d578","continuation","False","108","71","37","0.343","4","4","16","12"
"2026-04-13T04:10:49.598969Z","phase3-memleak","575d7bad584bd0ebbabd4c78c3a1672d3f211a34b1e8eaf0b4c872d35a444b5b","codex","db51e8f666eaa4519988cad72e348030024967dd94a148a910fed6aecc9433d4","7866fc8cff1c5040a74fb5cfcdcf837896fd45693487ec1dcde609766a10facd","continuation","False","108","71","37","0.343","4","4","16","12"
"2026-04-13T04:10:51.695584Z","phase3-memleak","575d7bad584bd0ebbabd4c78c3a1672d3f211a34b1e8eaf0b4c872d35a444b5b","codex","d6d5687e05b9b06c97d54f467d01c697f93433aa7ac40a160316b9d238e1f1c6","7c6c9d69ba56c21703817aea8a270eda0bdcdbe62d48882dc0a72cd3226210b6","continuation","False","108","71","37","0.343","4","4","16","12"
"2026-04-13T04:10:53.818385Z","phase3-memleak","575d7bad584bd0ebbabd4c78c3a1672d3f211a34b1e8eaf0b4c872d35a444b5b","codex","888d0403026a70d791c0919fbb8590eec6167b3fd57a0297dfd786f6f6cd9f87","761e2004987c96b5f32d6a9b39c0857e306f02887634ed545a4dda5e8112de9b","continuation","False","108","71","37","0.343","4","4","16","12"
"2026-04-13T04:10:55.963425Z","phase3-memleak","575d7bad584bd0ebbabd4c78c3a1672d3f211a34b1e8eaf0b4c872d35a444b5b","codex","e45bf3c3fc7a4ba24a04cc599a9bab16b31bad3dd88876118a0fd500aad2ec1d","6d34b3465c205a763787452acbd85b6aa4d334ee2e3504326b0146c30cc54f78","continuation","False","108","71","37","0.343","4","4","16","12"
"2026-04-13T04:10:58.072836Z","phase3-memleak","575d7bad584bd0ebbabd4c78c3a1672d3f211a34b1e8eaf0b4c872d35a444b5b","codex","1151c9e19cca87a8f38be9073bea7f9af4d4af11ec29437b7eac46b7b0a185d0","88d44e2ba407fb35eddb29cc950de3e2e80e70d2c81d18edf7e47ff85af3bff8","continuation","False","108","71","37","0.343","4","4","16","12"
"2026-04-13T04:11:00.176010Z","phase3-memleak","575d7bad584bd0ebbabd4c78c3a1672d3f211a34b1e8eaf0b4c872d35a444b5b","codex","a0dfcb3dfa6020edd2fec7eb7bfc541884355e32b8764ce0c97cc0b8e454e334","883808a57609d22bb299538859928ef34d3f93981c0cf7239e6e8dd5c2543bcf","continuation","False","108","71","37","0.343","4","4","16","12"
"2026-04-13T04:11:02.291767Z","phase3-memleak","575d7bad584bd0ebbabd4c78c3a1672d3f211a34b1e8eaf0b4c872d35a444b5b","codex","2fe0d987ecae5eb56a54edc28b54399bab588de4f2c6cb932688d817f3fdb105","4492a6d013129696d819f4b85410abf3dcab2263f9366adf6233b056df81cff7","continuation","False","108","71","37","0.343","4","4","16","12"
"2026-04-13T04:11:04.406226Z","phase3-memleak","575d7bad584bd0ebbabd4c78c3a1672d3f211a34b1e8eaf0b4c872d35a444b5b","codex","e445f36793c29954b4cfb1ff19c66ead62680f7f08b6b1fcf6d27a1b3f612c35","6eb202e1d24a37f4f67d7587eda83b65a06f0a7f808778e23548bdd1f987fd8c","continuation","False","108","71","37","0.343","4","4","16","12"
"2026-04-13T04:11:06.539198Z","phase3-memleak","575d7bad584bd0ebbabd4c78c3a1672d3f211a34b1e8eaf0b4c872d35a444b5b","codex","c900f832a42540d348436fafaddd98ff76f5dd09f049970335d8b8dfca7cd4ab","8493b124d8246169de7fc36da27037881b51ba20d1b5a421382dcb2e8f211bac","continuation","False","108","71","37","0.343","4","4","16","12"
"2026-04-13T04:11:08.657590Z","phase3-memleak","575d7bad584bd0ebbabd4c78c3a1672d3f211a34b1e8eaf0b4c872d35a444b5b","codex","589d775c8a70db97608bf2e1fbf56d8423e32dd3a4dd213bf7d9822d4f9f9f46","02b385d430562c5e383b0f034eb6e5c9306a024274b72d2fd68fec8c5a105678","continuation","False","108","71","37","0.343","4","4","16","12"
"2026-04-13T04:11:10.776454Z","phase3-memleak","575d7bad584bd0ebbabd4c78c3a1672d3f211a34b1e8eaf0b4c872d35a444b5b","codex","2f7208ceca15b28d8d19cbb60c1a018da7b26c7146510f7378c101a9daee54b1","d0a81537cda0f0a6de1796d1dd7d50cdfbfc1d3e6f9e1447a6f67508fe8e640e","continuation","False","108","71","37","0.343","4","4","16","12"
"2026-04-13T04:11:12.897169Z","phase3-memleak","575d7bad584bd0ebbabd4c78c3a1672d3f211a34b1e8eaf0b4c872d35a444b5b","codex","f45fa4d94dd4bbae4b37da2b9f7261b2a823ad700750d15adf71b87a21c40488","90cac1ad3bba9dc4495fc105afd9ee2c1c11c9f08d73e5b1b0f6092c55b3142a","continuation","False","108","71","37","0.343","4","4","16","12"
"2026-04-13T04:11:15.026545Z","phase3-memleak","575d7bad584bd0ebbabd4c78c3a1672d3f211a34b1e8eaf0b4c872d35a444b5b","codex","977f720e85f1706a2d3f18db44468627f6e23258799cd8623d6b5db7cd7b2585","ace120edc405ea97561b2ab47443e1ae97a97e0b0ba891e25caab7f72d375984","continuation","False","108","71","37","0.343","4","4","16","12"
"2026-04-13T04:11:17.155570Z","phase3-memleak","575d7bad584bd0ebbabd4c78c3a1672d3f211a34b1e8eaf0b4c872d35a444b5b","codex","82941423bf19743a583081fa23402efe65cf8481cee949b0c0735cc1d0370303","85e47607c4f2f3d05de47851dcc9083188a251512ec89da7b510e1e31bd8c1c2","continuation","False","108","71","37","0.343","4","4","16","12"
"2026-04-13T04:11:19.251251Z","phase3-memleak","575d7bad584bd0ebbabd4c78c3a1672d3f211a34b1e8eaf0b4c872d35a444b5b","codex","c06450454d5217705f4df35b03ee5902fbdf4c15837b48b0c919ca1d07f078d2","522f3fe113c6f93edfb12fa89210cbd55f06bae08c408d92bed626cdf4757a1f","continuation","False","108","71","37","0.343","4","4","16","12"
"2026-04-13T04:11:21.361787Z","phase3-memleak","575d7bad584bd0ebbabd4c78c3a1672d3f211a34b1e8eaf0b4c872d35a444b5b","codex","1743958d1ed384212ab335d71a0f2d49d967f34e54cbd9fd053675e8b2797843","7614678557bf55dd709c42ac07c4466234f0ed0de902f8715059a37e6c806d6c","continuation","False","108","71","37","0.343","4","4","16","12"
"2026-04-13T04:11:23.510652Z","phase3-memleak","575d7bad584bd0ebbabd4c78c3a1672d3f211a34b1e8eaf0b4c872d35a444b5b","codex","1bd4433def505a72bb93bee9dd74bd12079d2120559ec2c8656acff147afc32a","af2dd25fea4c00a7453d70a649eee5f2346c93bfbb2c4fa249c87e589b70f37e","continuation","False","108","71","37","0.343","4","4","16","12"
"2026-04-13T04:11:25.622298Z","phase3-memleak","575d7bad584bd0ebbabd4c78c3a1672d3f211a34b1e8eaf0b4c872d35a444b5b","codex","1c860b15da31dd890a1cea98e43ff030c1003fb215e979856cd762fc542bcd14","78c212c48926ada384df2182e7d3babd100b28c390b168de950dc52384bb6c50","continuation","False","108","71","37","0.343","4","4","16","12"
"2026-04-13T04:11:27.719096Z","phase3-memleak","575d7bad584bd0ebbabd4c78c3a1672d3f211a34b1e8eaf0b4c872d35a444b5b","codex","c6cd79cf1b0e20b934ee1ebeba873493a0692a1230a88446217713c80f6ac867","4c56f94c5ce60fb62492a045df218b008cef4987b355c95c2cf6601855c9cb34","continuation","False","108","71","37","0.343","4","4","16","12"
"2026-04-13T04:11:29.842333Z","phase3-memleak","575d7bad584bd0ebbabd4c78c3a1672d3f211a34b1e8eaf0b4c872d35a444b5b","codex","7b2f43b70812d2582a66f027369edab068f0809cc0d009a787a8f2def5af9f2a","413b341c7fc7498d46c64e9a7397462dda9c4ef5e90d079d444288a81468a2c9","continuation","False","108","71","37","0.343","4","4","16","12"
"2026-04-13T04:11:31.974241Z","phase3-memleak","575d7bad584bd0ebbabd4c78c3a1672d3f211a34b1e8eaf0b4c872d35a444b5b","codex","a9635ccb231820238bc523648b6c4302baaa679775cb9a178a2e0f5f834df1f8","e3336e9faef18c2a9ad96a53eaddd8d8c804b01dc7b1f9421adc0bc7203ea60e","continuation","False","108","71","37","0.343","4","4","16","12"
"2026-04-13T04:11:34.072650Z","phase3-memleak","575d7bad584bd0ebbabd4c78c3a1672d3f211a34b1e8eaf0b4c872d35a444b5b","codex","36231c73db6a689f3fc83e6f06a7b95933dbf77d6c02da33b56b5881e9ac4d71","b2ffb0db1eaf27183b3bd0f2b5ffe05c0cfa721602f1fb4ba7daca01edb66386","continuation","False","108","71","37","0.343","4","4","16","12"
"2026-04-13T04:11:36.188540Z","phase3-memleak","575d7bad584bd0ebbabd4c78c3a1672d3f211a34b1e8eaf0b4c872d35a444b5b","codex","912c37375fc096800e9e9663423fbd35d57ad9daa74f5da476b3dc01056547bd","db79d77a86b85e7ccf7566e4cf95b9c55ae32a1c4cc75f99edc5a07f5c9cc1b9","continuation","False","108","71","37","0.343","4","4","16","12"
"2026-04-13T04:11:38.303642Z","phase3-memleak","575d7bad584bd0ebbabd4c78c3a1672d3f211a34b1e8eaf0b4c872d35a444b5b","codex","847c5947f7e5994e43c4922a5538234641d6ebe0545843fb3ba45269ba67a4ab","cacf6233ab6677f46dd3699348b954b2e2726d63f676df03aee64eae54af7049","continuation","False","108","71","37","0.343","4","4","16","12"
"2026-04-13T04:11:40.414063Z","phase3-memleak","575d7bad584bd0ebbabd4c78c3a1672d3f211a34b1e8eaf0b4c872d35a444b5b","codex","8c5c5c9610596f193a193d2e946e9eb2bbcb877c12e0aabaa39a7ca169f01678","d8311fd772097daf9dca8e439c664e6a367b73767ca5c1b3b0e92ae2ffe9462a","continuation","False","108","71","37","0.343","4","4","16","12"
"2026-04-13T04:11:42.503923Z","phase3-memleak","575d7bad584bd0ebbabd4c78c3a1672d3f211a34b1e8eaf0b4c872d35a444b5b","codex","f732ac362f285fbb94a580f5c4ee530553f71dd7d19b8e4e2ddcc5f1e40983e8","4cd76eb5e2677c66a5f8f5ad3d08e3254b7020c2c4211aecc4b57891dabb3962","continuation","False","108","71","37","0.343","4","4","16","12"
"2026-04-13T04:11:44.656351Z","phase3-memleak","575d7bad584bd0ebbabd4c78c3a1672d3f211a34b1e8eaf0b4c872d35a444b5b","codex","ed1c908308217b03a74fd2bc2f074cb148f7ad791ea32c613f34570dc69887ec","998c5ab9b02d027681c01fa88e46b82cfb28e185b9fb86ba593645ffc86ddcfd","continuation","False","108","71","37","0.343","4","4","16","12"
"2026-04-13T04:11:46.777477Z","phase3-memleak","575d7bad584bd0ebbabd4c78c3a1672d3f211a34b1e8eaf0b4c872d35a444b5b","codex","cdd0b81985834cccef0953d0b0bf7f85cef03d2864a7b46c64b3e8977bb378de","940862dc422041a95cde7693c8ace0eddd9799b1aedc707f5ccce3b1acbedea0","continuation","False","108","71","37","0.343","4","4","16","12"
"2026-04-13T04:11:48.885612Z","phase3-memleak","575d7bad584bd0ebbabd4c78c3a1672d3f211a34b1e8eaf0b4c872d35a444b5b","codex","80e16f4937499258b3b8f2d71b68aa658859278f717777ad7faf396f7af73cbe","a89afdb68e0508fcfdd4fa9ef228e068f314b44260132c06abf2b1ef17de1382","continuation","False","108","71","37","0.343","4","4","16","12"
"2026-04-13T04:11:51.004000Z","phase3-memleak","575d7bad584bd0ebbabd4c78c3a1672d3f211a34b1e8eaf0b4c872d35a444b5b","codex","be0f28141b8be1eaee8c603c1e6bf3e2331b2a8fa7dabec460e21486b36617a6","4987bf036727445d9b483b4c3c687c275a23909a3979d388ccfbcf4b02cca285","continuation","False","108","71","37","0.343","4","4","16","12"
"2026-04-13T04:11:53.101420Z","phase3-memleak","575d7bad584bd0ebbabd4c78c3a1672d3f211a34b1e8eaf0b4c872d35a444b5b","codex","b508e73c9f44c56e45d0568f5d05dbb0b453557a55330575301b0a9e7b713e05","c466a3809db0d323bf2d30ba3c7236c5734af42c773fd493e82c4eb867117760","continuation","False","108","71","37","0.343","4","4","16","12"
"2026-04-13T04:11:55.216172Z","phase3-memleak","575d7bad584bd0ebbabd4c78c3a1672d3f211a34b1e8eaf0b4c872d35a444b5b","codex","8eaf9da8bb90d596168db2100c1d8b5f1113ba7606ae9b127d56b4de58f24e9f","e8f4d0962fd8151a428eb0276d707cf089121c5d5f4ca98d50c0d2a3432223ad","continuation","False","108","71","37","0.343","4","4","16","12"
"2026-04-13T04:11:57.359131Z","phase3-memleak","575d7bad584bd0ebbabd4c78c3a1672d3f211a34b1e8eaf0b4c872d35a444b5b","codex","57f8ff9e38580bd4897b48cd90d4cfdc857ce25593a4bd11c4cc5d855f40ea0d","ecab5222d113888a33cc04fb71585fa93b6430cd88ca5a13ece8860eec452e0b","continuation","False","108","71","37","0.343","4","4","16","12"
"2026-04-13T04:11:59.478149Z","phase3-memleak","575d7bad584bd0ebbabd4c78c3a1672d3f211a34b1e8eaf0b4c872d35a444b5b","codex","78992f85340459fc58807b78fcc5fbbe229917723397f73758d3f3f52a30b6d7","b4e8aa0f0a383341d191a0314b5f87a29e629d32a464415ad096749d1d887884","continuation","False","108","71","37","0.343","4","4","16","12"
"2026-04-13T04:12:01.613498Z","phase3-memleak","575d7bad584bd0ebbabd4c78c3a1672d3f211a34b1e8eaf0b4c872d35a444b5b","codex","7287f013ceb7297b5f897df527fbb12e7c36ca66fa3026c6ee2ab8fb9f6fd6ca","4203cea91b56dff3276432b86aad1504ffa0d232572e82553d152ab045c9d330","continuation","False","108","71","37","0.343","4","4","16","12"
"2026-04-13T04:12:03.740473Z","phase3-memleak","575d7bad584bd0ebbabd4c78c3a1672d3f211a34b1e8eaf0b4c872d35a444b5b","codex","9f6c411ca5fa5958868862bf5f8b9a6777f348194e768df619ca323d054354b1","2fef12347bfc20ddc8b692e532eb9b2a7e33f23099e683e557d8cf9fc4405bf3","continuation","False","108","71","37","0.343","4","4","16","12"
"2026-04-13T04:12:05.880395Z","phase3-memleak","575d7bad584bd0ebbabd4c78c3a1672d3f211a34b1e8eaf0b4c872d35a444b5b","codex","578ccb79b13fc5bec7d4beeecb26871b054304e642311d1083f42ad8ad2b0876","6801ca100e7ecebd71617d21ac5fa5f3f941ac0e38f17437e57c2795707fc868","continuation","False","108","71","37","0.343","4","4","16","12"
"2026-04-13T04:12:07.984222Z","phase3-memleak","575d7bad584bd0ebbabd4c78c3a1672d3f211a34b1e8eaf0b4c872d35a444b5b","codex","dedd5c4bd8c36dac4dfe0c1a59a845c5f999ee3092027dab8c57cb020b946185","6d65e12607b317239eb4fd50276e4d81f45854b21b4c7dd5c89ec9766972c33e","continuation","False","108","71","37","0.343","4","4","16","12"
"2026-04-13T04:12:10.095959Z","phase3-memleak","575d7bad584bd0ebbabd4c78c3a1672d3f211a34b1e8eaf0b4c872d35a444b5b","codex","88ab2988594d606988fcf0fb4ab59b0a8db679b94e824e6b51db00d17837e2b1","6c316ff798cc3b7b703f4fe42d7af7f7cceff852a62596ed64eb5c34cea4a39c","continuation","False","108","71","37","0.343","4","4","16","12"
"2026-04-13T04:12:12.204885Z","phase3-memleak","575d7bad584bd0ebbabd4c78c3a1672d3f211a34b1e8eaf0b4c872d35a444b5b","codex","d817a8685c479cc916d2b44f6c48e20d9d514a5c973e865da19758d7859a9616","d6b383addd09fe97eab9c6565d4713d128d0372fa02deae617e48090a70f53c8","continuation","False","108","71","37","0.343","4","4","16","12"
"2026-04-13T04:12:14.338634Z","phase3-memleak","575d7bad584bd0ebbabd4c78c3a1672d3f211a34b1e8eaf0b4c872d35a444b5b","codex","2edf4c0bcd49f6f1eedff72de802dc357ca95286b4da8c92a720332947b95dfe","f4ab4271f87a5d2c46e75eb14b9ff697b5066d1dccb86209aafba0b0adbfaedc","continuation","False","108","71","37","0.343","4","4","16","12"
"2026-04-13T04:12:16.457858Z","phase3-memleak","575d7bad584bd0ebbabd4c78c3a1672d3f211a34b1e8eaf0b4c872d35a444b5b","codex","12e04dca0252454cd51353e0dff4a112598327da5d4c67742a7acf2deeebe96d","ff969a4311c3a362d085c986cf07efe04f4af0a085bccacd52fc6125ff53472f","continuation","False","108","71","37","0.343","4","4","16","12"
"2026-04-13T04:12:18.575952Z","phase3-memleak","575d7bad584bd0ebbabd4c78c3a1672d3f211a34b1e8eaf0b4c872d35a444b5b","codex","b2784f6c932eb9cd0e6ee49563c84eaf4ae56e3149b1b8d34f360078fa1546c9","5996dc2e08bcb481dbea238e422b5e28808594a55825554b7f2aae24dc8d8fbe","continuation","False","108","71","37","0.343","4","4","16","12"
"2026-04-13T04:12:20.675431Z","phase3-memleak","575d7bad584bd0ebbabd4c78c3a1672d3f211a34b1e8eaf0b4c872d35a444b5b","codex","2486679a7ec257a303f541e2791be193683be4b0dd8d60707a4b474f34aa747c","71df541a3d0bc36d58c638fa108814d8c5df0d3ef3dc3ab871e5713e23091a07","continuation","False","108","71","37","0.343","4","4","16","12"
"2026-04-13T04:12:22.810253Z","phase3-memleak","575d7bad584bd0ebbabd4c78c3a1672d3f211a34b1e8eaf0b4c872d35a444b5b","codex","2297308ae4144d4497bc0fe2b04fe4923a06f1548babedfdb9ac68f0d9860625","c048285726b530bfd8b26d74a33e2522fb937c670ce0f7bdc847b60ee08847b4","continuation","False","108","71","37","0.343","4","4","16","12"
"2026-04-13T04:12:24.918619Z","phase3-memleak","575d7bad584bd0ebbabd4c78c3a1672d3f211a34b1e8eaf0b4c872d35a444b5b","codex","d6e9e7801607fbab54f5ce407b2eff60bbd6e7be76035f548f733bb2b3a93ba1","0e461a86ec2e09d160731f3ecd07bcd8ebb6deb13ae8351ac1a30aacc9464fa7","continuation","False","108","71","37","0.343","4","4","16","12"
"2026-04-13T04:12:27.031988Z","phase3-memleak","575d7bad584bd0ebbabd4c78c3a1672d3f211a34b1e8eaf0b4c872d35a444b5b","codex","c09d819ebe239eb179827630bd682234ec245891d996da588df492e797845442","6d7eaf2d5e0e4aea2134cbb25ed24a5ff5cf41109db52822c83e7b3abf509ea2","continuation","False","108","71","37","0.343","4","4","16","12"
"2026-04-13T04:12:29.138966Z","phase3-memleak","575d7bad584bd0ebbabd4c78c3a1672d3f211a34b1e8eaf0b4c872d35a444b5b","codex","ddff48bca0b1a54dcd34ee7840708586ea61332214bd99efe5d0d5e55c029666","c2167db1a0ceb1b805ff370e92661aa8cee3df7aed2aee3493b407285257ddc7","continuation","False","108","71","37","0.343","4","4","16","12"
"2026-04-13T04:12:31.246568Z","phase3-memleak","575d7bad584bd0ebbabd4c78c3a1672d3f211a34b1e8eaf0b4c872d35a444b5b","codex","cb6e309858a91363d70266c449477e8b87d4dc80bf10115559e549120b6134af","fe470620fb8d70db169b305d79e3f6050a43f2c264ae62b5784a9c4a1a7397fd","continuation","False","108","71","37","0.343","4","4","16","12"
"2026-04-13T04:12:33.356481Z","phase3-memleak","575d7bad584bd0ebbabd4c78c3a1672d3f211a34b1e8eaf0b4c872d35a444b5b","codex","00bdd207e6f9a619fc4b8b98c4f3ee2ab127598c2c86283724cfe89c67feecc2","6080ca96e91a07fbaf50c3d9e2ffc6eb474b28964ef7fbcff36e50f9f87482e0","continuation","False","108","71","37","0.343","4","4","16","12"
"2026-04-13T04:12:35.464805Z","phase3-memleak","575d7bad584bd0ebbabd4c78c3a1672d3f211a34b1e8eaf0b4c872d35a444b5b","codex","ce3edd3e05a87d3f9819d24b39e92c974f6f070b890a6032f51bfc7ea008698e","ea870aab062550139ebed1f3aed7a07070ec01b8a1c856aee91005ff3af8a84c","continuation","False","108","71","37","0.343","4","4","16","12"
"2026-04-13T04:12:37.575611Z","phase3-memleak","575d7bad584bd0ebbabd4c78c3a1672d3f211a34b1e8eaf0b4c872d35a444b5b","codex","f50bf66c78f3a5da4c1029500a8251b28079b6f2dbd86ea3b609159cb97620cd","6512e3839e456b8553c0a2dfba881c699cf4bb7d9777aa92a7394380a9f3ad42","continuation","False","108","71","37","0.343","4","4","16","12"
"2026-04-13T04:12:39.670458Z","phase3-memleak","575d7bad584bd0ebbabd4c78c3a1672d3f211a34b1e8eaf0b4c872d35a444b5b","codex","1651a194b34735351aa8c208705b4fcf62f4fb30be464efb8ef9558c8ed0556c","68b6b69c40f058993f70328184a2f62bd83bc4b7f240bad393262329f6e4348d","continuation","False","108","71","37","0.343","4","4","16","12"
"2026-04-13T04:12:41.777270Z","phase3-memleak","575d7bad584bd0ebbabd4c78c3a1672d3f211a34b1e8eaf0b4c872d35a444b5b","codex","e9989b1a0b58216dce1811f59da5600e52bde1e0407dcb96903372dc0bd1e4bc","c4097d31a155ce792a4887269443820c9fb29ee41a6ed73b71ef95231a1cbe30","continuation","False","108","71","37","0.343","4","4","16","12"
"2026-04-13T04:12:43.864901Z","phase3-memleak","575d7bad584bd0ebbabd4c78c3a1672d3f211a34b1e8eaf0b4c872d35a444b5b","codex","a5cdc49396c8dfb5fbc9151f7b4298bc202a18237e15288ca080d93bf7cc3405","bdea4092e0e524257aeada9f9af7adf419cdd852f07b00be1521a1e95f07cc63","continuation","False","108","71","37","0.343","4","4","16","12"
"2026-04-13T04:12:45.948345Z","phase3-memleak","575d7bad584bd0ebbabd4c78c3a1672d3f211a34b1e8eaf0b4c872d35a444b5b","codex","e3009b7d08f9d5b8fb5879e9703207aebb4ece42e04d46b742680159a5db23a9","7b5dbfb6349759a4a26458e733c3f498619e9b7a94713f473696710307bbb4f2","continuation","False","108","71","37","0.343","4","4","16","12"
"2026-04-13T04:12:48.065232Z","phase3-memleak","575d7bad584bd0ebbabd4c78c3a1672d3f211a34b1e8eaf0b4c872d35a444b5b","codex","b5f92ac76f95de0b5a0dcb209ab779a7e8724a2d908310ce00e80b4258ac86ed","490941ce5663a6f4a8112db5fd4a26b6e5dccec0e691e273a97ef1c64e3f3113","continuation","False","108","71","37","0.343","4","4","16","12"
"2026-04-13T04:12:50.177688Z","phase3-memleak","575d7bad584bd0ebbabd4c78c3a1672d3f211a34b1e8eaf0b4c872d35a444b5b","codex","a2257d8899cfbd24cac4d6fa47f41165388063537dbefcd89e3c30f75d0a086e","88dad5cdbd27808508292f8e6bb41bab34db161c04fab480dac9424801200e12","continuation","False","108","71","37","0.343","4","4","16","12"
"2026-04-13T04:12:52.271521Z","phase3-memleak","575d7bad584bd0ebbabd4c78c3a1672d3f211a34b1e8eaf0b4c872d35a444b5b","codex","4630659b5ccb2d99203f6f4ca27bfc1890385ededbe4e6ec75e7c06d4bd73ef0","656507f0c79590aac7555cfa22ee745cecff55da7c6760444215cb3a575810f5","continuation","False","108","71","37","0.343","4","4","16","12"
"2026-04-13T04:12:54.371088Z","phase3-memleak","575d7bad584bd0ebbabd4c78c3a1672d3f211a34b1e8eaf0b4c872d35a444b5b","codex","059cab5fa50ae33158c128f6e9de72d04c8156bb14ba811af34b37b01137d17c","686b8a46d3f8c45f4ed2043159217a670ae25b0ef68279e0d40f2837161eecd0","continuation","False","108","71","37","0.343","4","4","16","12"
"2026-04-13T04:12:56.484362Z","phase3-memleak","575d7bad584bd0ebbabd4c78c3a1672d3f211a34b1e8eaf0b4c872d35a444b5b","codex","0c1105cdf47bd91e02654a0261ac4d73489d9c52e3fd915a6d73987630f9392b","cf4789360f38a617358f67b4726d35305027481b49414b2b91e0d5dc17f65032","continuation","False","108","71","37","0.343","4","4","16","12"
"2026-04-13T04:12:58.610034Z","phase3-memleak","575d7bad584bd0ebbabd4c78c3a1672d3f211a34b1e8eaf0b4c872d35a444b5b","codex","a190c8897f1342a1f6ee3e3b9c1cef37de562fc18b748d1ae2cc3a6c84bf4871","5f945f8737a06d2cb7c024e9c957446bf0e592d69813f4a3a0e6b0d64bd59d41","continuation","False","108","71","37","0.343","4","4","16","12"
"2026-04-13T04:13:00.736104Z","phase3-memleak","575d7bad584bd0ebbabd4c78c3a1672d3f211a34b1e8eaf0b4c872d35a444b5b","codex","ed9722cfcec32d8879cf9a13be6445b5154e740a82c6dcb0070e402930c23922","5751b64d14b5d67bdcf07c6f13134c0bc4e3e535340c47bbee89d50abf3924ba","continuation","False","108","71","37","0.343","4","4","16","12"
"2026-04-13T04:13:02.872491Z","phase3-memleak","575d7bad584bd0ebbabd4c78c3a1672d3f211a34b1e8eaf0b4c872d35a444b5b","codex","fcc3123d6934e386d0aaff83003726750ee0410df7ea3a5925cb9199f9ffce97","260e3f816b86e382246f2447e8fa34bad8e1dac704c61c1f4d4d23e9e82412a7","continuation","False","108","71","37","0.343","4","4","16","12"
"2026-04-13T04:13:04.986408Z","phase3-memleak","575d7bad584bd0ebbabd4c78c3a1672d3f211a34b1e8eaf0b4c872d35a444b5b","codex","17a573c9230cf5f60fe24d0f7b36e078996887f6949eb586450f8593098fd917","8c717cdaed450c55b354c4c7aa713baa8d9c47ec8ce68aeb342caf138a464ae8","continuation","False","108","71","37","0.343","4","4","16","12"
"2026-04-13T04:13:07.140643Z","phase3-memleak","575d7bad584bd0ebbabd4c78c3a1672d3f211a34b1e8eaf0b4c872d35a444b5b","codex","e271cc149dd6c4be2b8b71146d52ac2e6830e9ae8ad8a2e9d98a5c09244a57c8","c3864a2e2d121211bd717993ee333d0ebc67798608de2f5acece2231627ae831","continuation","False","108","71","37","0.343","4","4","16","12"
"2026-04-13T04:13:09.275277Z","phase3-memleak","575d7bad584bd0ebbabd4c78c3a1672d3f211a34b1e8eaf0b4c872d35a444b5b","codex","6bc14c533602606e1853dde752480dfc22dfc55bfa2767dde9b3c82ded00876e","c0b3154650283cb798aac5367377ca7697cfcd324031f45b9887a61cd38d2138","continuation","False","108","71","37","0.343","4","4","16","12"
"2026-04-13T04:13:11.377842Z","phase3-memleak","575d7bad584bd0ebbabd4c78c3a1672d3f211a34b1e8eaf0b4c872d35a444b5b","codex","be5540ce8359b013578d374f981eefe1d6b246ac605be4e2f89f9909a60c0e9b","3d5b7819d8c4e1d6704c4e0ba09b6a17aa810af20a5e344a4ac7b14edb91632c","continuation","False","108","71","37","0.343","4","4","16","12"
"2026-04-13T04:13:13.485541Z","phase3-memleak","575d7bad584bd0ebbabd4c78c3a1672d3f211a34b1e8eaf0b4c872d35a444b5b","codex","f74d36cfb9fdbea2da290278e02f70ed84802024310053c3d172dff4f1c17da8","86cc49d696f62d1bcbb1bc8af592be017b4078043cda2f4565fa5ad0c1f96244","continuation","False","108","71","37","0.343","4","4","16","12"
"2026-04-13T04:13:15.639608Z","phase3-memleak","575d7bad584bd0ebbabd4c78c3a1672d3f211a34b1e8eaf0b4c872d35a444b5b","codex","b8bbf26198dca90a1a44355b88a0a4cad894052bdc30a8b508a555d1f1b9347a","874ce99ad97512237a8d0385374d9ed164b8b03d352be253201da5d22bcde899","continuation","False","108","71","37","0.343","4","4","16","12"
"2026-04-13T04:13:17.767540Z","phase3-memleak","575d7bad584bd0ebbabd4c78c3a1672d3f211a34b1e8eaf0b4c872d35a444b5b","codex","46e9d72a72c1940d745a0c634851b1854fb7a9800836c65cc70152e652936cfa","00a5a31e2413bcbb395a99497c5d827190b4e49c6711ec27593eb31a3d8c0cc0","continuation","False","108","71","37","0.343","4","4","16","12"
"2026-04-13T04:13:19.895363Z","phase3-memleak","575d7bad584bd0ebbabd4c78c3a1672d3f211a34b1e8eaf0b4c872d35a444b5b","codex","ed3536871666a457af35aab560ae4545736761a6a7eae6f8967eaabf3d9739ed","5743d7ea59d9e59335d8e9fecb7d11f09bd9d4ab785e31bdc1ef56ae4334168a","continuation","False","108","71","37","0.343","4","4","16","12"
"2026-04-13T04:13:22.012440Z","phase3-memleak","575d7bad584bd0ebbabd4c78c3a1672d3f211a34b1e8eaf0b4c872d35a444b5b","codex","54cf1a95d95be6449ee23c30af9c6822b45f3d65d9f1fd3d7548884b64c4d941","c47fe6ee85fbf502a614ae83e1a9c4d52e1e4e182c3a69cb8f917839e58fde7e","continuation","False","108","71","37","0.343","4","4","16","12"
"2026-04-13T04:13:24.131767Z","phase3-memleak","575d7bad584bd0ebbabd4c78c3a1672d3f211a34b1e8eaf0b4c872d35a444b5b","codex","481e68fb724c5af4ff491de48bffd68563ab64a36791558bdf5a1a91249e311b","31fa6465616b2e8fdf934f90d56b14bd04f17c6d3c9810a7a59378f5f97c891d","continuation","False","108","71","37","0.343","4","4","16","12"
"2026-04-13T04:13:26.275728Z","phase3-memleak","575d7bad584bd0ebbabd4c78c3a1672d3f211a34b1e8eaf0b4c872d35a444b5b","codex","b81f45a5efbbaab63a143dcaeb93046ec2b48b775ae65db659ae9a7f40030494","aafddb4933cde3b7de63e414f124e640613ac8b0c5c9ab9c77ecc2dc4830abd4","continuation","False","108","71","37","0.343","4","4","16","12"
"2026-04-13T04:13:28.375766Z","phase3-memleak","575d7bad584bd0ebbabd4c78c3a1672d3f211a34b1e8eaf0b4c872d35a444b5b","codex","56c92ca4098076d2dda21c52359725290d7c3e01152b77b58606473886ea60d3","058885fc3638271348dbe044a5b248a6faed190d112bf9018c7c08b8720df51f","continuation","False","108","71","37","0.343","4","4","16","12"
"2026-04-13T04:13:30.498984Z","phase3-memleak","575d7bad584bd0ebbabd4c78c3a1672d3f211a34b1e8eaf0b4c872d35a444b5b","codex","f457a4262ea36dec83c7485d9d8d971e07ee56c33328df8050996c709896227c","6a7efd1a86d0b84d1ab8a1bfd3715980433d43b330db1d9b020ba02c17c8dc43","continuation","False","108","71","37","0.343","4","4","16","12"
"2026-04-13T04:13:32.623506Z","phase3-memleak","575d7bad584bd0ebbabd4c78c3a1672d3f211a34b1e8eaf0b4c872d35a444b5b","codex","02244122b3a102395c1e86e73c55190110bf3ae60f4ba7325fa4ab30ee4cdb8b","42f621151a8ae00c25cb08c34d8d43826743ef2891991588e0428056e7d7a495","continuation","False","108","71","37","0.343","4","4","16","12"
"2026-04-13T04:13:34.756914Z","phase3-memleak","575d7bad584bd0ebbabd4c78c3a1672d3f211a34b1e8eaf0b4c872d35a444b5b","codex","0b081255f8cb4f5b733e1af3e3853f589074d1ea14e3bfc099a4c121a21bbee4","b8b5112bce386fd0a1d5113306c09563703c25bf85f3983841becdaad6ffbf46","continuation","False","108","71","37","0.343","4","4","16","12"
"2026-04-13T04:13:36.897015Z","phase3-memleak","575d7bad584bd0ebbabd4c78c3a1672d3f211a34b1e8eaf0b4c872d35a444b5b","codex","1d5ab1bd16b3ba27cb0aa63c948ef2b876c3ff3c43f897aa616d36a10e2ea75a","6d36aa2f975de57d6b20b3b8039aeee9b236237a71f5857a551daebbaccd0a0c","continuation","False","108","71","37","0.343","4","4","16","12"
"2026-04-13T04:13:39.039961Z","phase3-memleak","575d7bad584bd0ebbabd4c78c3a1672d3f211a34b1e8eaf0b4c872d35a444b5b","codex","3c45e80122dbbee18a99efa47cd08c72148370ab991642d8b8d64ef6a7af74ba","1934a9d9d7132e9d1322f265c7f8e008a1bc203337389f7af705576f94908772","continuation","False","108","71","37","0.343","4","4","16","12"
"2026-04-13T04:13:41.133567Z","phase3-memleak","575d7bad584bd0ebbabd4c78c3a1672d3f211a34b1e8eaf0b4c872d35a444b5b","codex","c89e2a40c5b6e183dc9892289ad7f23dd273e54f41e3eaff108f920b94b7d127","cd0c0efe2321493fe70710428ae470e651c2327acee49cc25c4517e09969d60b","continuation","False","108","71","37","0.343","4","4","16","12"
"2026-04-13T04:13:43.272588Z","phase3-memleak","575d7bad584bd0ebbabd4c78c3a1672d3f211a34b1e8eaf0b4c872d35a444b5b","codex","83c36497288f1437ac3fafced4a5b4210bae1f4cf9b7f0e1bb1b4bda542442ca","2e1d2ec15426347ca8b2950d742503a360ca7b72b228059b503cfc300756278e","continuation","False","108","71","37","0.343","4","4","16","12"
"2026-04-13T04:13:45.417532Z","phase3-memleak","575d7bad584bd0ebbabd4c78c3a1672d3f211a34b1e8eaf0b4c872d35a444b5b","codex","b408cd89a94dbbbf5417fa22728af1c10e036589209e3bc7ff804bf75ade54ef","6db5e7e4b0497ebc16bb913687f4768ecd24e0ec6c78dc1c9af30d51678043f4","continuation","False","108","71","37","0.343","4","4","16","12"
"2026-04-13T04:13:47.528892Z","phase3-memleak","575d7bad584bd0ebbabd4c78c3a1672d3f211a34b1e8eaf0b4c872d35a444b5b","codex","389861dfb53e154e180f4796a4a6dd50be5fb96470f4c4161a61791e5ba4509b","1fb32d146e7a9cd8e32b2014b62c684735d76d34263e2de5b9facbd5ecf42eef","continuation","False","108","71","37","0.343","4","4","16","12"
"2026-04-13T04:13:49.657158Z","phase3-memleak","575d7bad584bd0ebbabd4c78c3a1672d3f211a34b1e8eaf0b4c872d35a444b5b","codex","8117881c2996c21cb2f72eced019f85b1e29eae71c1613830e4dd762505ad6df","5b4b25b21cab37a9a12e21fac182c223551daae48e985650ac2fb58b2fff8f69","continuation","False","108","71","37","0.343","4","4","16","12"
"2026-04-13T04:13:51.802655Z","phase3-memleak","575d7bad584bd0ebbabd4c78c3a1672d3f211a34b1e8eaf0b4c872d35a444b5b","codex","166bc5501be7adf13a5bcb64332377284103eaa8f2f2d28b07f9b21189d8697d","559c33d41ef8bb0c38f8a52ca66534fa27107a99be294a0203e7be6ab827fc8b","continuation","False","108","71","37","0.343","4","4","16","12"
"2026-04-13T04:13:53.889796Z","phase3-memleak","575d7bad584bd0ebbabd4c78c3a1672d3f211a34b1e8eaf0b4c872d35a444b5b","codex","6cc655c9ef86049982c4756a567e59bb896eb33d5f603029f9a8c90d049bceea","20bc61e77c42437f9f0290e7676e4c0c483d470e071d6f79630295e1139db8bb","continuation","False","108","71","37","0.343","4","4","16","12"
"2026-04-13T04:13:55.993678Z","phase3-memleak","575d7bad584bd0ebbabd4c78c3a1672d3f211a34b1e8eaf0b4c872d35a444b5b","codex","d2634b8374c33aa72e25b6025f8e57ba3c090745148015b877b18d59699d5c5e","784f43c305f4960d883f462fe32a9e576b90035921c160f580c2dee0253518b0","continuation","False","108","71","37","0.343","4","4","16","12"
"2026-04-13T04:13:58.103540Z","phase3-memleak","575d7bad584bd0ebbabd4c78c3a1672d3f211a34b1e8eaf0b4c872d35a444b5b","codex","a09fb46e877513818f40f1eeaf427af28679855fc2b8e064ed93fd93a630dfc2","c4ee6f536d476e2027106f16a356c6eb9874921f34e0c8165c936a002cd81e2f","continuation","False","108","71","37","0.343","4","4","16","12"
"2026-04-13T04:14:00.210513Z","phase3-memleak","575d7bad584bd0ebbabd4c78c3a1672d3f211a34b1e8eaf0b4c872d35a444b5b","codex","d1fb08714018e5f9ae7d97f1d7a63154eb663897841ea4adebef514ad3d5aabe","8f1965fd97abf2950a7237714a520c2d97804f0eada9cf7a80b2c87478d98b64","continuation","False","108","71","37","0.343","4","4","16","12"
"2026-04-13T04:14:02.338439Z","phase3-memleak","575d7bad584bd0ebbabd4c78c3a1672d3f211a34b1e8eaf0b4c872d35a444b5b","codex","df35d2822e2c644ed1674ee5539e56b632fd3464b43ca9cd478c96fb6354de90","991d078b6c4ccd840fde5c0168404713a63476f8a8c9c5d3f4e4ed79c9931955","continuation","False","108","71","37","0.343","4","4","16","12"
"2026-04-13T04:14:04.488007Z","phase3-memleak","575d7bad584bd0ebbabd4c78c3a1672d3f211a34b1e8eaf0b4c872d35a444b5b","codex","4f520c81e634c8683529449b7f11b69a2c56ba2c42cbcd78ac504c5a54888c7a","0b9e9481ad5469f06590e2a9fa3e7c523a75429cdbc20ae0983a4c29b2b36bfc","continuation","False","108","71","37","0.343","4","4","16","12"
"2026-04-13T04:14:06.605418Z","phase3-memleak","575d7bad584bd0ebbabd4c78c3a1672d3f211a34b1e8eaf0b4c872d35a444b5b","codex","6e4cb708edd848aa5f5bce3c0077f9fe818217501b9de78bc2a357a3342c4a35","e2eae77a8d774ae1fb783db726026b9e7380d520d0974f34ae12569c6a82d5aa","continuation","False","108","71","37","0.343","4","4","16","12"
"2026-04-13T04:14:08.721176Z","phase3-memleak","575d7bad584bd0ebbabd4c78c3a1672d3f211a34b1e8eaf0b4c872d35a444b5b","codex","2fff4b9658c8bc928957f66701d130d71ea769d1b7c033dc10910e05fcade53c","9c93318b2c8040cbc547e92f6ca1446ea7eb992e7ed018cab5e5374c1ab3f5dd","continuation","False","108","71","37","0.343","4","4","16","12"
"2026-04-13T04:14:10.825574Z","phase3-memleak","575d7bad584bd0ebbabd4c78c3a1672d3f211a34b1e8eaf0b4c872d35a444b5b","codex","ef0b9e0b5052174a5b8c5a835a151af9cb40e39f40a1c43f063c91a7035a7f27","03ea9b6de62b8db55770ea187b47c23cf8beadbd1e4704ba413ea05f74888297","continuation","False","108","71","37","0.343","4","4","16","12"
"2026-04-13T04:14:12.933423Z","phase3-memleak","575d7bad584bd0ebbabd4c78c3a1672d3f211a34b1e8eaf0b4c872d35a444b5b","codex","ac5cec5e0c0e55cf53ecc29c5f8a89e7bd283aea8e10b3ae65a2bdf3bda96744","1cd033f5dce81bedcacf1d29e5b18b4d00edb7e087cd093b6f60599cc727d726","continuation","False","108","71","37","0.343","4","4","16","12"
"2026-04-13T04:14:15.002366Z","phase3-memleak","575d7bad584bd0ebbabd4c78c3a1672d3f211a34b1e8eaf0b4c872d35a444b5b","codex","6be6dd7b3d5d00d63bb75a070624eb881c2538055fe4bee0833516c8ccf9203a","4a75070fcaf0f05da32ff5b6f9a12139f261dffdd208eee9dd7f3b5ca672b83d","continuation","False","108","71","37","0.343","4","4","16","12"
"2026-04-13T04:14:17.132154Z","phase3-memleak","575d7bad584bd0ebbabd4c78c3a1672d3f211a34b1e8eaf0b4c872d35a444b5b","codex","eea95f1947a6297fffa269135670cfbcce7ba60365277ded8de5d28a3b5929c4","37c5a2c0d9a6803772d179333ee4f9b069f22b0b22e7ae7d087eec30ee4dd877","continuation","False","108","71","37","0.343","4","4","16","12"
"2026-04-13T04:14:19.258561Z","phase3-memleak","575d7bad584bd0ebbabd4c78c3a1672d3f211a34b1e8eaf0b4c872d35a444b5b","codex","7e68329d4061995de0a018973470775cb4a6fcb528664714ee34a073f4c13586","306e24de298909c4fe53740d96f9e45173bb22ecf42aa98f4b8fa3129e11d2cf","continuation","False","108","71","37","0.343","4","4","16","12"
"2026-04-13T04:14:21.369267Z","phase3-memleak","575d7bad584bd0ebbabd4c78c3a1672d3f211a34b1e8eaf0b4c872d35a444b5b","codex","a944eabd5c566b2fcaef956fb8468887d4919406afe2215829f323706786fd36","59a73c5c9f3716ac3d5c8fd4f153cd42c580a2df84e90bb3018c10ccb999c538","continuation","False","108","71","37","0.343","4","4","16","12"
"2026-04-13T04:14:23.501506Z","phase3-memleak","575d7bad584bd0ebbabd4c78c3a1672d3f211a34b1e8eaf0b4c872d35a444b5b","codex","c0d8d87ad3c11bbee5585ae8224b03b9f241051027c11ed9643d01bfb2471ea1","4cd27a213d43c811e52bb5751ff5b559863d2ffe1ea5cf2a009874883143e660","continuation","False","108","71","37","0.343","4","4","16","12"
"2026-04-13T04:14:25.649492Z","phase3-memleak","575d7bad584bd0ebbabd4c78c3a1672d3f211a34b1e8eaf0b4c872d35a444b5b","codex","14d7be99a09d55c38e122e39a42b7d99358586cdb9bc5f8dcf7648ebeb855c07","fcbce58aab8c3088a8ed00747bbeecc0f152754f51066701355918f219d95bd2","continuation","False","108","71","37","0.343","4","4","16","12"
"2026-04-13T04:14:27.796577Z","phase3-memleak","575d7bad584bd0ebbabd4c78c3a1672d3f211a34b1e8eaf0b4c872d35a444b5b","codex","d81fda1b2396699771a21da5bd86ede61513ab97ef1839f88c30141fd5da5126","766fbd622454df8fa21e9d79e26c8840bf98ed1a898c15a1d0ab23998c88fe7a","continuation","False","108","71","37","0.343","4","4","16","12"
"2026-04-13T04:14:29.895007Z","phase3-memleak","575d7bad584bd0ebbabd4c78c3a1672d3f211a34b1e8eaf0b4c872d35a444b5b","codex","01f5a6efb42ee7ea89a217aa451df2f2ca06525ef0a9df4963f5f6a533205003","ef5212a7f6071e68fdb3a8e9dd50b81d6309ed305a12cf9bcb0c9e0355e7ce2e","continuation","False","108","71","37","0.343","4","4","16","12"
"2026-04-13T04:14:32.012744Z","phase3-memleak","575d7bad584bd0ebbabd4c78c3a1672d3f211a34b1e8eaf0b4c872d35a444b5b","codex","31d27cfcf0ac608ac1275744f40768a52c94c19a9cb6cb746bf528c824865f67","9a3181d2b80d5c5a05cbf2f468ec11d69f6de0d33b5763cfbae42b679d21b0a3","continuation","False","108","71","37","0.343","4","4","16","12"
"2026-04-13T04:14:34.142798Z","phase3-memleak","575d7bad584bd0ebbabd4c78c3a1672d3f211a34b1e8eaf0b4c872d35a444b5b","codex","64c6d65385e5201f3c7a3d9b9b1f3342a88cf35c78287b8fbc3e6d17f82cf083","2ebb195fa1a56d55c9ca33d82287838b97ffecfdf81a4543d12f0e865a9024f2","continuation","False","108","71","37","0.343","4","4","16","12"
"2026-04-13T04:14:36.240917Z","phase3-memleak","575d7bad584bd0ebbabd4c78c3a1672d3f211a34b1e8eaf0b4c872d35a444b5b","codex","186690f1e01316ae28f1b769e70e4679232c71fb3f2ab725d69161135c83cb89","5b771ec63934f7dc4bc5a50d069a3473670b92bac77b7c93e33c725af5d5c299","continuation","False","108","71","37","0.343","4","4","16","12"
"2026-04-13T04:14:38.330038Z","phase3-memleak","575d7bad584bd0ebbabd4c78c3a1672d3f211a34b1e8eaf0b4c872d35a444b5b","codex","98c13065b0bb6413be34bce40f9774a76ab74706e8f1a7d0d5e185bdb49e4f10","55128db28b6e46c8e9a3492c105a808341ef82492638d0f5a84cbb71a105afa2","continuation","False","108","71","37","0.343","4","4","16","12"
"2026-04-13T04:14:40.452266Z","phase3-memleak","575d7bad584bd0ebbabd4c78c3a1672d3f211a34b1e8eaf0b4c872d35a444b5b","codex","02531059f3797d32a2d5ec04eb755aaad6bfa49ca0dbdb82d79a2a63799eecfb","a50e7345ff13551f86bebbc5ffa7de4fc0db8bbd57cc69ac595a894c3a90a7c0","continuation","False","108","71","37","0.343","4","4","16","12"
"2026-04-13T04:14:42.591379Z","phase3-memleak","575d7bad584bd0ebbabd4c78c3a1672d3f211a34b1e8eaf0b4c872d35a444b5b","codex","0e4d5c6cf6f1dbca0a0e830388c6f3ff9bd90503ba2d8f46f91a68c965f7a8a3","9584a050ca94fd0e38e0f2bc348d61808ee309660975848fea83b7a3c7501784","continuation","False","108","71","37","0.343","4","4","16","12"
"2026-04-13T04:14:44.737778Z","phase3-memleak","575d7bad584bd0ebbabd4c78c3a1672d3f211a34b1e8eaf0b4c872d35a444b5b","codex","f19699f60a65c217e39ff9b3e817abb36dd4cb2010038a5ecfaa76cd3958436a","41f1c3b2c11e34d66711d5744eb407754ab19e1e04b27082fa9f08ef63daecab","continuation","False","108","71","37","0.343","4","4","16","12"
"2026-04-13T04:14:46.902696Z","phase3-memleak","575d7bad584bd0ebbabd4c78c3a1672d3f211a34b1e8eaf0b4c872d35a444b5b","codex","def8e77542bd3271feba07a6f609616c7035890de3d0a5a2f28fed4e5079a120","5f9fa72b735caa2f28b86afc7812a7b15de20b1770210ac6ec78b77b9479ffc4","continuation","False","108","71","37","0.343","4","4","16","12"
"2026-04-13T04:14:49.028123Z","phase3-memleak","575d7bad584bd0ebbabd4c78c3a1672d3f211a34b1e8eaf0b4c872d35a444b5b","codex","067c4de93641aa99d256e01f48d1c59c30a34565e6a3d281a79d52ae37175b1b","c83caccc935da4902e7ca0f42d3038fa64db4901bc993fe3eb03bc9537680b8b","continuation","False","108","71","37","0.343","4","4","16","12"
"2026-04-13T04:14:51.141354Z","phase3-memleak","575d7bad584bd0ebbabd4c78c3a1672d3f211a34b1e8eaf0b4c872d35a444b5b","codex","1026a62955f9be8f8ef91422252ba8854f3c8d8aec1f23c3aaf255e091f7d0ba","ca1cdc43cc8fe32b945aec5bcbb7094c55306a094a9f460d842ef9a88f611c58","continuation","False","108","71","37","0.343","4","4","16","12"
"2026-04-13T04:14:53.281177Z","phase3-memleak","575d7bad584bd0ebbabd4c78c3a1672d3f211a34b1e8eaf0b4c872d35a444b5b","codex","0b79485905bb5a36eb0aaf064c6cb7eedb2345d682f280c2d94e92af47af5ed4","186fc96e746b11a5dfbb42882648768bafe0fbad6d19e4d3a48f2ab0f08d1603","continuation","False","108","71","37","0.343","4","4","16","12"
"2026-04-13T04:14:55.379253Z","phase3-memleak","575d7bad584bd0ebbabd4c78c3a1672d3f211a34b1e8eaf0b4c872d35a444b5b","codex","29e5abdb1dc4aec6da08344461c2b80acb9ef09db2dd7f344bed642f46ab31b4","abda07c73e3b3473ce5ec629fb918f33b0375758fb6abd64709e4d45dfee82a2","continuation","False","108","71","37","0.343","4","4","16","12"
"2026-04-13T04:14:57.518095Z","phase3-memleak","575d7bad584bd0ebbabd4c78c3a1672d3f211a34b1e8eaf0b4c872d35a444b5b","codex","2940a1505c63a132351ff238bbfd7d1c3d4c69e6c8b50b4fcdf0b15c10a15644","5448bb3240c0c3d93f0bf15c72f7d33a50b53feeccb5f60a21e996e8527a35f6","continuation","False","108","71","37","0.343","4","4","16","12"
"2026-04-13T04:14:59.668133Z","phase3-memleak","575d7bad584bd0ebbabd4c78c3a1672d3f211a34b1e8eaf0b4c872d35a444b5b","codex","fda56057d71f239ba74d397534cfd604079fb7e6172e173d09f7be613ca929e7","d1be7ffb4eee726dea03dfd461b3c19cfa3631c020f25ab74946d4e77032c122","continuation","False","108","71","37","0.343","4","4","16","12"
"2026-04-13T04:15:01.792777Z","phase3-memleak","575d7bad584bd0ebbabd4c78c3a1672d3f211a34b1e8eaf0b4c872d35a444b5b","codex","1fbc73c9402b986cc61d2cd7a59359fcac06d4b5ac521c8faedce9f9e3ba41f7","1ec62a06aac649579a97312bf674b9c9549ecd47668a9116814095a55cd66b08","continuation","False","108","71","37","0.343","4","4","16","12"
"2026-04-13T04:15:03.923942Z","phase3-memleak","575d7bad584bd0ebbabd4c78c3a1672d3f211a34b1e8eaf0b4c872d35a444b5b","codex","69916462675bbd9aa75f90d8329730a998b3ac3508bce0c49dd635b4ed48fe4c","1a161b962ca06457d1014ca4e1be4573f26c5f657ce891d2733bc3cdd552ce55","continuation","False","108","71","37","0.343","4","4","16","12"
"2026-04-13T04:15:06.048135Z","phase3-memleak","575d7bad584bd0ebbabd4c78c3a1672d3f211a34b1e8eaf0b4c872d35a444b5b","codex","9e1a65c30788dd60adef432bbc69dff986f297f1432f48f38e9ce2ae2fddabc4","c993c0a1eed597bcb2ab25ffa016304f858b8867f8a10c00c6379389a0f90d66","continuation","False","108","71","37","0.343","4","4","16","12"
"2026-04-13T04:15:08.142479Z","phase3-memleak","575d7bad584bd0ebbabd4c78c3a1672d3f211a34b1e8eaf0b4c872d35a444b5b","codex","5778008315f53415beacd88b50d3796c0d3281043e650f7e9ce8340498aa80f1","4b31e806ae384466a9c61e2fd913172f1cdafacd63c9adc2d3ac50ffa8a429a3","continuation","False","108","71","37","0.343","4","4","16","12"
"2026-04-13T04:15:10.278836Z","phase3-memleak","575d7bad584bd0ebbabd4c78c3a1672d3f211a34b1e8eaf0b4c872d35a444b5b","codex","25b0f14b6b22bc3149763875f3fbddb1d12fd56c31761200f88e71b9f87a2731","a0f5834173250ec1bf7513da9d89c7cbb6b62a69cf212da95e5dc1a5b07348c1","continuation","False","108","71","37","0.343","4","4","16","12"
"2026-04-13T04:15:12.412151Z","phase3-memleak","575d7bad584bd0ebbabd4c78c3a1672d3f211a34b1e8eaf0b4c872d35a444b5b","codex","9a18311b6f4f4d0512536a28546a82b750982f8c7bc82dfd7b18fb2174a36594","ee68bb2c6247efa163e151f0e5cdcbd9ec586534f254056a43e15de6e7328232","continuation","False","108","71","37","0.343","4","4","16","12"
"2026-04-13T04:15:14.510959Z","phase3-memleak","575d7bad584bd0ebbabd4c78c3a1672d3f211a34b1e8eaf0b4c872d35a444b5b","codex","b15a0e480dcc549d9b33afc5e54e68b45311b845f8e5c26f9db4c030367c38be","be7592701a1d4988ed2bf1b26fd65b1b89f0b820d88afec2bc5ff21d76d9c901","continuation","False","108","71","37","0.343","4","4","16","12"
"2026-04-13T04:15:16.677520Z","phase3-memleak","575d7bad584bd0ebbabd4c78c3a1672d3f211a34b1e8eaf0b4c872d35a444b5b","codex","5d7cbd9889f91cc400ddeefd879099b7a184f655a4adce0b50994707bf36e536","461b27614cb1c0ef0a831f4e93a89b49281b80490f9e6167180454e37a204afd","continuation","False","108","71","37","0.343","4","4","16","12"
"2026-04-13T04:15:18.809824Z","phase3-memleak","575d7bad584bd0ebbabd4c78c3a1672d3f211a34b1e8eaf0b4c872d35a444b5b","codex","16fb27dd6edfd4e74326e363b9bb17b0311e9ee3d43c915435ad8bf4bd4b7a1e","d010bb4eaa62ae10b24bb7f0fd705ce84629ec78b8c695bf78eac4deb9f259d2","continuation","False","108","71","37","0.343","4","4","16","12"
"2026-04-13T04:15:20.940388Z","phase3-memleak","575d7bad584bd0ebbabd4c78c3a1672d3f211a34b1e8eaf0b4c872d35a444b5b","codex","1f3ead7f34b76b1ea8008f99b2696968f83bb1a5babe4f836d398c1a73a98933","2aebe9db054895c80802f9e1281480a8cd50de17c853d298f7e21917495a9747","continuation","False","108","71","37","0.343","4","4","16","12"
"2026-04-13T04:15:23.073237Z","phase3-memleak","575d7bad584bd0ebbabd4c78c3a1672d3f211a34b1e8eaf0b4c872d35a444b5b","codex","468529268f7a9e7816880ecc267ff20b4cd49cd1253806e2da7aed9f881e800b","be725f376029c7e717695b2631648b2b18c015679ee72c63cc2d16312fd38b73","continuation","False","108","71","37","0.343","4","4","16","12"
"2026-04-13T04:15:25.193612Z","phase3-memleak","575d7bad584bd0ebbabd4c78c3a1672d3f211a34b1e8eaf0b4c872d35a444b5b","codex","c17a2fb8a784a9aceeb8094351c2baf0e98c3790a22e4e1d84089e0d2068259a","8ad8644c315ff41e34735a20060feaf3f6e4d2a694a44022ae6421af1836a163","continuation","False","108","71","37","0.343","4","4","16","12"
"2026-04-13T04:15:27.341913Z","phase3-memleak","575d7bad584bd0ebbabd4c78c3a1672d3f211a34b1e8eaf0b4c872d35a444b5b","codex","300852b1c7237e84a97cb5e9ea2c479b84c590e898f6cbe2f16805c5e46eddbe","fafe14898d647076a7ae2ec2a3ca04f11c0c514c2c410309e1b211718258e294","continuation","False","108","71","37","0.343","4","4","16","12"
"2026-04-13T04:15:29.473324Z","phase3-memleak","575d7bad584bd0ebbabd4c78c3a1672d3f211a34b1e8eaf0b4c872d35a444b5b","codex","9937f40c35c3ed2fc241056732b023a22cebcc493ed5659dcc59bbae25f101c8","404b8a7f9ceeb6b2e78437759d3179c8ad2836f7763b3d44f38e29e81538ae9a","continuation","False","108","71","37","0.343","4","4","16","12"
"2026-04-13T04:15:31.616246Z","phase3-memleak","575d7bad584bd0ebbabd4c78c3a1672d3f211a34b1e8eaf0b4c872d35a444b5b","codex","5dc354e918df693f0ab98aba8a11d31a9f088c2c228967592f08b367fb41aae2","b6ba8cd7149d940dd8e30547a40bcc794683bb4733db18feaea80c06052a1fd1","continuation","False","108","71","37","0.343","4","4","16","12"
"2026-04-13T04:15:33.741076Z","phase3-memleak","575d7bad584bd0ebbabd4c78c3a1672d3f211a34b1e8eaf0b4c872d35a444b5b","codex","081f810176cec82a422b123fb83297dbe626c5c3dcbdadeee424af50c9f50189","f031cc3b5992933b7f4543e969ad5d57769a15c5dd8f67850299337868a396a1","continuation","False","108","71","37","0.343","4","4","16","12"
"2026-04-13T04:15:35.845799Z","phase3-memleak","575d7bad584bd0ebbabd4c78c3a1672d3f211a34b1e8eaf0b4c872d35a444b5b","codex","d27a03b4b555b3eee50db75410a994f0b635c40fc17077396c0df8163202bbfb","efb35f061c842031a85df74825e94e0826ed0ff2deb54559a438c1684a91fd05","continuation","False","108","71","37","0.343","4","4","16","12"
"2026-04-13T04:15:37.954374Z","phase3-memleak","575d7bad584bd0ebbabd4c78c3a1672d3f211a34b1e8eaf0b4c872d35a444b5b","codex","a453551a0119dd798d2d8d7fc21acf3a970ca5595c1136c0449acef0cf624ca4","5930dd382901fc4ab37c175688b871f53cdbd8bc7fd11a9ecc130e10d98426ea","continuation","False","108","71","37","0.343","4","4","16","12"
"2026-04-13T04:15:40.081510Z","phase3-memleak","575d7bad584bd0ebbabd4c78c3a1672d3f211a34b1e8eaf0b4c872d35a444b5b","codex","01e06bf12666cbaa07715422accd5653c0393f7590a9a7bc1b227316e2dc6631","9b4972a80f20181716e69bd8ee308647a070e69e239e2d0119092fc97745b6a4","continuation","False","108","71","37","0.343","4","4","16","12"
"2026-04-13T04:15:42.193388Z","phase3-memleak","575d7bad584bd0ebbabd4c78c3a1672d3f211a34b1e8eaf0b4c872d35a444b5b","codex","d3311fd435918e8bf449c808ff09623ea7b91065cc56c0e09d0bafb9ae183d8f","4d6bcf92d16a17f6e4ab0af726896fc801995af7abf67f963123f65d7abfb3d3","continuation","False","108","71","37","0.343","4","4","16","12"
"2026-04-13T04:15:44.326220Z","phase3-memleak","575d7bad584bd0ebbabd4c78c3a1672d3f211a34b1e8eaf0b4c872d35a444b5b","codex","bd24a5706a608f07b97589dbb40fadac05d90419b9b66a0f3c7e19f6db329327","4d6e4ee6a3379ca4b9bde6ac05ebd0eeb8a3e54cba08c0230680c2dda051ea7f","continuation","False","108","71","37","0.343","4","4","16","12"
"2026-04-13T04:15:46.449445Z","phase3-memleak","575d7bad584bd0ebbabd4c78c3a1672d3f211a34b1e8eaf0b4c872d35a444b5b","codex","2fe1458691e1baf89c052c8bde41de31a24efbf7c6f0d80f72d01e53e9901a77","0de0c28522eb35251799cfff9b1fce2bef20adbde9ccb7b1f4f8678d7d37d2c5","continuation","False","108","71","37","0.343","4","4","16","12"
"2026-04-13T04:15:48.589129Z","phase3-memleak","575d7bad584bd0ebbabd4c78c3a1672d3f211a34b1e8eaf0b4c872d35a444b5b","codex","bcb43cbb79b18f72cf053af62cbfded012f4987e9aa6cc608d1ed7f9ac32f324","66fba978088b2aa8c8fa5ac674e32e24d10a1e427b553592fb61b2598d9383a1","continuation","False","108","71","37","0.343","4","4","16","12"
"2026-04-13T04:15:50.771033Z","phase3-memleak","575d7bad584bd0ebbabd4c78c3a1672d3f211a34b1e8eaf0b4c872d35a444b5b","codex","697d08ef730068533b4ccedbc69a6d210ea708f81d6715bc825366d31649c7f5","122683a4682a4bff3f803053255a1210b9308baac7b3a12756dd3ee1b3f0b4bf","continuation","False","108","71","37","0.343","4","4","16","12"
"2026-04-13T04:15:52.919777Z","phase3-memleak","575d7bad584bd0ebbabd4c78c3a1672d3f211a34b1e8eaf0b4c872d35a444b5b","codex","91ea76a6e873c876ccf345464793b46d818c7779ce02e65b0414778a3b7e465a","0d712ac39aadfec8f99928d4c4787a17de8209a728eca7683d1471518f0be0cb","continuation","False","108","71","37","0.343","4","4","16","12"
"2026-04-13T04:15:55.053030Z","phase3-memleak","575d7bad584bd0ebbabd4c78c3a1672d3f211a34b1e8eaf0b4c872d35a444b5b","codex","013479d363b3b99b70f790de43502b60ca5924871cb0225478ad245938a22d8c","79ecbefec3bdd1237f5febdcc09543c60e0cf68b620e9b5c67df3d392c97eaad","continuation","False","108","71","37","0.343","4","4","16","12"
"2026-04-13T04:15:57.194164Z","phase3-memleak","575d7bad584bd0ebbabd4c78c3a1672d3f211a34b1e8eaf0b4c872d35a444b5b","codex","613178141359e4f906cffd83866ea0589a354f5aa4765b226829166c077c3574","0c0c7872b4911d8c11fb6b8b7b30d8f2073870ad8e4acee3563fdf2367125aa0","continuation","False","108","71","37","0.343","4","4","16","12"
"2026-04-13T04:15:59.327013Z","phase3-memleak","575d7bad584bd0ebbabd4c78c3a1672d3f211a34b1e8eaf0b4c872d35a444b5b","codex","91ac6941904fd9af8089ba2d7d2251dbb5f134df867ef87146ab25e6fcfc70a4","bd8ac8cad5614484936175656ca2a7ba0f405bb0c59b3c5fe68860d082c630fc","continuation","False","108","71","37","0.343","4","4","16","12"
"2026-04-13T04:16:01.457510Z","phase3-memleak","575d7bad584bd0ebbabd4c78c3a1672d3f211a34b1e8eaf0b4c872d35a444b5b","codex","56ffb70a3b3098bff6df2fc85bd96ff04f5e1d9aa822fc3773707ce1ff6d96e7","212dc57f1d4747af87966554624091aebf268390a2a2f70a0136309eaf8174a8","continuation","False","108","71","37","0.343","4","4","16","12"
"2026-04-13T04:16:03.616224Z","phase3-memleak","575d7bad584bd0ebbabd4c78c3a1672d3f211a34b1e8eaf0b4c872d35a444b5b","codex","626ee339a8b06fd6474c33e4622f1592926d184077fe3ee733cf088616a4836f","cf42b47f4c8a2c24788d048a22631b901367916576380d21a6da60fdbbdfe70a","continuation","False","108","71","37","0.343","4","4","16","12"
"2026-04-13T04:16:05.773060Z","phase3-memleak","575d7bad584bd0ebbabd4c78c3a1672d3f211a34b1e8eaf0b4c872d35a444b5b","codex","8479ea1dffcecef78a008ea577e376916d3c40cc4ae81cd16e0a0eaa96f78164","cd4ba7eb0630c23075e7fd2db4a7e14da0131c49ade174621a758d0469a04ff7","continuation","False","108","71","37","0.343","4","4","16","12"
"2026-04-13T04:16:07.925365Z","phase3-memleak","575d7bad584bd0ebbabd4c78c3a1672d3f211a34b1e8eaf0b4c872d35a444b5b","codex","7856b6447174594c9e1950d78c9ce055487c5b8915b2e94efc9f1184f82cde0d","16707f2521debb33f07d75d27f2f60117d8ab0d9bf0b70781fc383946a72e7fd","continuation","False","108","71","37","0.343","4","4","16","12"
"2026-04-13T04:16:10.023883Z","phase3-memleak","575d7bad584bd0ebbabd4c78c3a1672d3f211a34b1e8eaf0b4c872d35a444b5b","codex","3f171904f5f18e0a22d9ec44a62b916850afd72178ca0935266c62538a7c4fe1","aa1818c3d89027d39f075dea16156cdd14921206c75f135f499b748fbb95ecbf","continuation","False","108","71","37","0.343","4","4","16","12"
"2026-04-13T04:16:12.146670Z","phase3-memleak","575d7bad584bd0ebbabd4c78c3a1672d3f211a34b1e8eaf0b4c872d35a444b5b","codex","a91a14bf538eef4280b140979d3810d981b6c481db1e5667ca42c788bc83ac8f","4965f9d7b25e5c4857e4606265d5fa30c77b287c5df2ce235dc80f7a314c1371","continuation","False","108","71","37","0.343","4","4","16","12"
"2026-04-13T04:16:14.265883Z","phase3-memleak","575d7bad584bd0ebbabd4c78c3a1672d3f211a34b1e8eaf0b4c872d35a444b5b","codex","040c5f91114cbcd8fe2ca1092ee26698ab264cce580e25014a0b133f901474f6","dd355fe5d3bac237c400b2c3792297fd1addeea5e3d752317e149f9ec5922e1a","continuation","False","108","71","37","0.343","4","4","16","12"
"2026-04-13T04:16:16.396226Z","phase3-memleak","575d7bad584bd0ebbabd4c78c3a1672d3f211a34b1e8eaf0b4c872d35a444b5b","codex","fd69483c1c17e475ab48bb8432820d92735d805da36e2db6006176ded9e58a69","550e11255e9dd1596f0128cd4fa16751f14f93391ae20b7b46bb8d62f4ea7151","continuation","False","108","71","37","0.343","4","4","16","12"
"2026-04-13T04:16:18.545455Z","phase3-memleak","575d7bad584bd0ebbabd4c78c3a1672d3f211a34b1e8eaf0b4c872d35a444b5b","codex","270695043d3a70b763f719c96c62be391211cd97a757cf1ca1310924cf04f439","87742c48b79309a929516a49cbf846ec1345e209a5d0c5e1c2e3511f0824bcaf","continuation","False","108","71","37","0.343","4","4","16","12"
"2026-04-13T04:16:20.697672Z","phase3-memleak","575d7bad584bd0ebbabd4c78c3a1672d3f211a34b1e8eaf0b4c872d35a444b5b","codex","010ed274c1a8db8ce427730e0f5bd28b0601b06c5483f0a0472e08cda431e0b6","906617193643183ca22b454bb4174d86bd438368beb0b24dd0e46b322d9b2038","continuation","False","108","71","37","0.343","4","4","16","12"
"2026-04-13T04:16:22.888310Z","phase3-memleak","575d7bad584bd0ebbabd4c78c3a1672d3f211a34b1e8eaf0b4c872d35a444b5b","codex","656402f43a3dd0c5724ed2b3a0bfa92d8036b8953680714c6d60d0778a3a3535","30ce1a71c59639ad52ed138d5fa843112f744bc087d0a7848aaf4dcb7d04d2ad","continuation","False","108","71","37","0.343","4","4","16","12"
"2026-04-13T04:16:25.010294Z","phase3-memleak","575d7bad584bd0ebbabd4c78c3a1672d3f211a34b1e8eaf0b4c872d35a444b5b","codex","d2129bedb6bdd54b6e39aca63b1b9951d80e48e326093031f4e2ef79e81b7013","3d783ed372611976b79a2d4db2bf718377aeeafaa18ed45ea4048276c3fd6677","continuation","False","108","71","37","0.343","4","4","16","12"
"2026-04-13T04:16:27.134383Z","phase3-memleak","575d7bad584bd0ebbabd4c78c3a1672d3f211a34b1e8eaf0b4c872d35a444b5b","codex","24f9a79eb85481b0a6a2ec9dcc039a5b3e29b3252220a92ee52edd04440b548e","1f9a1fca5d064f160fac48da2a6e03cbf223bde0e7e7387783d9d167ec8a8cfe","continuation","False","108","71","37","0.343","4","4","16","12"
"2026-04-13T04:16:29.264119Z","phase3-memleak","575d7bad584bd0ebbabd4c78c3a1672d3f211a34b1e8eaf0b4c872d35a444b5b","codex","d61c4b949d751b3249e25a1f594623d5fb0ea8cac529d80b93f0c85a6c0e4daa","ab08106450cd5d9c42d72588babf64211b1cfb3b1fd8736b146cee9eb0df3a7d","continuation","False","108","71","37","0.343","4","4","16","12"
"2026-04-13T04:16:31.379920Z","phase3-memleak","575d7bad584bd0ebbabd4c78c3a1672d3f211a34b1e8eaf0b4c872d35a444b5b","codex","85a215a9b2e4a8c0fa2af2a0e63ccd1592cbab2a65d33fac0a5682db9b021243","0494569d6d7d55c1638781e486015cd0e9028d4d73cb3bceea19c63460af93d2","continuation","False","108","71","37","0.343","4","4","16","12"
"2026-04-13T04:16:33.549975Z","phase3-memleak","575d7bad584bd0ebbabd4c78c3a1672d3f211a34b1e8eaf0b4c872d35a444b5b","codex","4d753e59a827218fab843eaadd0f30c3f4c730eeedebdb53693317494b9afd96","d476821d04eac1e815a73617918a4723b65f5d9a8637654e74d7b4e149f1e61e","continuation","False","108","71","37","0.343","4","4","16","12"
"2026-04-13T04:16:35.707812Z","phase3-memleak","575d7bad584bd0ebbabd4c78c3a1672d3f211a34b1e8eaf0b4c872d35a444b5b","codex","52f94bd0708505398ca84f5ee09dc4c0d3328988905dfdf3f28df6384e02892c","9f51feadf21ee3a2022e53e828d678bd126f691b3b69f691e6dfe5df393b1a1c","continuation","False","108","71","37","0.343","4","4","16","12"
"2026-04-13T04:16:37.842379Z","phase3-memleak","575d7bad584bd0ebbabd4c78c3a1672d3f211a34b1e8eaf0b4c872d35a444b5b","codex","0df5aebb06f4451f6d035840826f5f640203ea9b931fab1a93b1576392895756","db09eefe142672552c10447a2cd0a26903a601b55e4dc9d0c10883ad63501b8b","continuation","False","108","71","37","0.343","4","4","16","12"
"2026-04-13T04:16:39.944468Z","phase3-memleak","575d7bad584bd0ebbabd4c78c3a1672d3f211a34b1e8eaf0b4c872d35a444b5b","codex","dba05b03023d0360fd27454a09cbe5e6dc855f56f51df0e4703dc9ff510c8979","10629ab685a5a1c88acbc5c9f9bbeb2c2f43f8f517533351272fa38b8f29b76c","continuation","False","108","71","37","0.343","4","4","16","12"
"2026-04-13T04:16:42.100475Z","phase3-memleak","575d7bad584bd0ebbabd4c78c3a1672d3f211a34b1e8eaf0b4c872d35a444b5b","codex","1aff368fbede840cffd729e35c5007bd6a927d6b3a76e03194a405aab2c54358","ad45d02106ca1dc540a997e3d9823b3fff084370652955baa5c9e79cf9bef737","continuation","False","108","71","37","0.343","4","4","16","12"
"2026-04-13T04:16:44.207838Z","phase3-memleak","575d7bad584bd0ebbabd4c78c3a1672d3f211a34b1e8eaf0b4c872d35a444b5b","codex","24ad1b761b3c942d6583c348b554d9ef3017f47262c488b3981cd34c856cfa26","6d7910529da81337ed7569792658e4623c293d6ef65a56ea540b4af3f8d43fd4","continuation","False","108","71","37","0.343","4","4","16","12"
"2026-04-13T04:16:46.335783Z","phase3-memleak","575d7bad584bd0ebbabd4c78c3a1672d3f211a34b1e8eaf0b4c872d35a444b5b","codex","6dd4286b805405db8dfd9dcff2693e9467546bfaf2dbc3a2c8385c531c4e7d5c","54912428c7d476a2e44e835842e1cbe674aa0f4936195faac73abfad2f2ae39e","continuation","False","108","71","37","0.343","4","4","16","12"
"2026-04-13T04:16:48.477637Z","phase3-memleak","575d7bad584bd0ebbabd4c78c3a1672d3f211a34b1e8eaf0b4c872d35a444b5b","codex","ccbaf3c3e0921388721d9c88a46f6e00b5ba617164075ab374749a40cd1f83ae","d9bf8445421205f140a641c10b633c8b538f3cb071160c0d37d89af2a8dc8ca8","continuation","False","108","71","37","0.343","4","4","16","12"
"2026-04-13T04:16:50.613774Z","phase3-memleak","575d7bad584bd0ebbabd4c78c3a1672d3f211a34b1e8eaf0b4c872d35a444b5b","codex","5302748ce78f24473d1a8af99938250a6d810f88a509b820d6e90bdc1ee8b73c","0bf8d8ff1cd01622cecd6f3dec1e8937b14339a5be4059310b0072f07c115985","continuation","False","108","71","37","0.343","4","4","16","12"
"2026-04-13T04:16:52.765944Z","phase3-memleak","575d7bad584bd0ebbabd4c78c3a1672d3f211a34b1e8eaf0b4c872d35a444b5b","codex","59f20b2cf55b017598e4d62c0176ab7a049a7c84e6ab5cb6e43b3023b543dba7","342ce7652a07e1a01bbd4240639dbf7879944e8e330ec7875837238bbe3f4862","continuation","False","108","71","37","0.343","4","4","16","12"
"2026-04-13T04:16:54.886627Z","phase3-memleak","575d7bad584bd0ebbabd4c78c3a1672d3f211a34b1e8eaf0b4c872d35a444b5b","codex","fdda73bd84b44b0cd0d0dd8c10e61f8fc1137ca8a12c896e2f42bfa5ea717ea1","57c7ee7663b3fa72787db4669483731a8654a4da1efff3b834cbc38d4f5b8c6c","continuation","False","108","71","37","0.343","4","4","16","12"
"2026-04-13T04:16:56.993306Z","phase3-memleak","575d7bad584bd0ebbabd4c78c3a1672d3f211a34b1e8eaf0b4c872d35a444b5b","codex","176848550f658260170ee947391acc99fec2a8dcaeea8e88b68c0af7a03a38c5","9d82e551572c65c2ee3c94f417de1d5dab325f6a7b8fd5e5018e3afb48707275","continuation","False","108","71","37","0.343","4","4","16","12"
"2026-04-13T04:16:59.093577Z","phase3-memleak","575d7bad584bd0ebbabd4c78c3a1672d3f211a34b1e8eaf0b4c872d35a444b5b","codex","28fe15aefbf1ab10ebaf2919470db2817c5a40bed8d5c16410f0f7efdc4cc583","22c4c09c20703e12e589d2a1b5478eebfe6fdf106806dd3fda8ef0e11ac2fce3","continuation","False","108","71","37","0.343","4","4","16","12"
"2026-04-13T04:17:01.211815Z","phase3-memleak","575d7bad584bd0ebbabd4c78c3a1672d3f211a34b1e8eaf0b4c872d35a444b5b","codex","318795bc05fe38edfcc8d7cc8579e51094a118518b4dd6105d1bf00df0600994","1dc5e4bae9804e12ac1fcc3fc90d8909197e377575495c73a7fa4b85e348a51f","continuation","False","108","71","37","0.343","4","4","16","12"
"2026-04-13T04:17:03.353906Z","phase3-memleak","575d7bad584bd0ebbabd4c78c3a1672d3f211a34b1e8eaf0b4c872d35a444b5b","codex","06a6c33a6f921d0fab81c15189920a4908f49df265bb30b1e6cda57ee1fffa5a","15adc254b276701e3e81f5d8daeb1ce7a9df9a478e3c4da2beec74a3e4c691ea","continuation","False","108","71","37","0.343","4","4","16","12"
"2026-04-13T04:17:05.461671Z","phase3-memleak","575d7bad584bd0ebbabd4c78c3a1672d3f211a34b1e8eaf0b4c872d35a444b5b","codex","23ffb760961fa461c93b793835f8d7347a8c321ecd9dad27a81e1f634e69cd07","90d7cd8609867329aa0a37f8161ddd97ee0cbf16fa3081f20ba86a63409f06de","continuation","False","108","71","37","0.343","4","4","16","12"
"2026-04-13T04:17:07.620067Z","phase3-memleak","575d7bad584bd0ebbabd4c78c3a1672d3f211a34b1e8eaf0b4c872d35a444b5b","codex","4902e900a716506eb98511b8b0559e3a5a9584abe33d4081939f17720a0c4da1","aa2fb3c0a7401ecd9705ac4720d2734d13529a219d68733c46008c05915c0e90","continuation","False","108","71","37","0.343","4","4","16","12"
"2026-04-13T04:17:09.741563Z","phase3-memleak","575d7bad584bd0ebbabd4c78c3a1672d3f211a34b1e8eaf0b4c872d35a444b5b","codex","1f0446f1314a76480c897e4b426bc55683d6e471ce0aa07dcdc66c4140ce12cc","5f68fe688b4739a5a668f5fd1ece628afc69707c612896d92f1d457c2e40bf39","continuation","False","108","71","37","0.343","4","4","16","12"
"2026-04-13T04:17:11.832534Z","phase3-memleak","575d7bad584bd0ebbabd4c78c3a1672d3f211a34b1e8eaf0b4c872d35a444b5b","codex","d55fc09113361373d210cd243a2943b00e7a4129ad0727ba089384bdfd93dd82","e1451d2f2af0934ed2325aedd125ff28b04145376294cc90dd1ec1d8c4162dcc","continuation","False","108","71","37","0.343","4","4","16","12"
"2026-04-13T04:17:13.981643Z","phase3-memleak","575d7bad584bd0ebbabd4c78c3a1672d3f211a34b1e8eaf0b4c872d35a444b5b","codex","711f8498708e92d4aad3c5d28d20bbc4dd7bc89669add7f354069f9c5faf560b","92d56919de6d89cf0134dea0466452b1fa79342cbff4ff35ebeff546eb4a6513","continuation","False","108","71","37","0.343","4","4","16","12"
"2026-04-13T04:17:16.116407Z","phase3-memleak","575d7bad584bd0ebbabd4c78c3a1672d3f211a34b1e8eaf0b4c872d35a444b5b","codex","85ec7e56fc2f7bb7ee4278e3a0f9f35545ead60d6b75fbc02421e16127d15139","e54528e398d9fd45a43870a364a13a2089f272ab1d49068c4dc1fcbc1d14b6ee","continuation","False","108","71","37","0.343","4","4","16","12"
"2026-04-13T04:17:18.241132Z","phase3-memleak","575d7bad584bd0ebbabd4c78c3a1672d3f211a34b1e8eaf0b4c872d35a444b5b","codex","6d3447f6584ba52bbac464f5f552f0482d4458bde3a329de23eae04321cbc731","fecc0913493c267bedb79507b9714540b784b52997da7b9a0bd2c0c69be1916b","continuation","False","108","71","37","0.343","4","4","16","12"
"2026-04-13T04:17:20.390645Z","phase3-memleak","575d7bad584bd0ebbabd4c78c3a1672d3f211a34b1e8eaf0b4c872d35a444b5b","codex","d9bb1ba7289029e804c582613dd1360a03b450785e67f5dc74f90a2fd3567e63","422e00d915a5f6a23e6f937c337a39b3a663d615cf4736256a440f3794e07679","continuation","False","108","71","37","0.343","4","4","16","12"
"2026-04-13T04:17:22.527594Z","phase3-memleak","575d7bad584bd0ebbabd4c78c3a1672d3f211a34b1e8eaf0b4c872d35a444b5b","codex","d46f7e2884c1e04643a744260e70d85add4154cf47fe7ac20eeca90534391edb","75d986129d5ffff60b82b471910e6ca9fff851e216e9c051905d486593d97013","continuation","False","108","71","37","0.343","4","4","16","12"
"2026-04-13T04:17:24.668395Z","phase3-memleak","575d7bad584bd0ebbabd4c78c3a1672d3f211a34b1e8eaf0b4c872d35a444b5b","codex","d0fcabbf7dd55a96a4a9c79f61e8e7703ad9e787a0f7a4ccdd0a205deb4f5c81","445fcb2bdf9f3113198e468618687f1f6fb4fa3bb2bdf0bb2ebd11f74470c536","continuation","False","108","71","37","0.343","4","4","16","12"
"2026-04-13T04:17:26.800750Z","phase3-memleak","575d7bad584bd0ebbabd4c78c3a1672d3f211a34b1e8eaf0b4c872d35a444b5b","codex","8be933562da2299e88ca16c5993a6f1d719e15097da2589886ecd7f1537aaaf9","4e4be83040354fdf0549eeb7dbccd9bb390505bfe988867ee195485b71cb05d1","continuation","False","108","71","37","0.343","4","4","16","12"
"2026-04-13T04:17:28.926322Z","phase3-memleak","575d7bad584bd0ebbabd4c78c3a1672d3f211a34b1e8eaf0b4c872d35a444b5b","codex","cd48d2b0d39697d9401bee2e15fb655431ff347cef074b0a962a92495d3704db","a2e67bfc1baceec8ec50e41b37066ae557cb6ec5156f88db3d665c1acb9516a1","continuation","False","108","71","37","0.343","4","4","16","12"
"2026-04-13T04:17:31.032008Z","phase3-memleak","575d7bad584bd0ebbabd4c78c3a1672d3f211a34b1e8eaf0b4c872d35a444b5b","codex","625fc2d329728c1586dd5e0ed1eb7e13f578ae7b5966ad37eb00b85b58d9bc56","31b0ed70e48db5b94957d6faa37c33283b1bc9c2b11cfcc4543fcfbefce30ba4","continuation","False","108","71","37","0.343","4","4","16","12"
"2026-04-13T04:17:33.140287Z","phase3-memleak","575d7bad584bd0ebbabd4c78c3a1672d3f211a34b1e8eaf0b4c872d35a444b5b","codex","a7d1acdd34da70b958193966d9e791572d458112ffd80c2704ce21458751afe2","35b6822c667aefb44c801d2d81546630d2ba8fec7b1799b3f9e29fb1aebe0dc3","continuation","False","108","71","37","0.343","4","4","16","12"
"2026-04-13T04:17:35.303662Z","phase3-memleak","575d7bad584bd0ebbabd4c78c3a1672d3f211a34b1e8eaf0b4c872d35a444b5b","codex","14c69edcc853a8128fb0b0604a82ec20e1ea219517ff24f2ab1d7edeff4e1e15","955d77bd909f8e71bd8af3b07f0fdb7d80a1a61cd0c203a2226384e92603b71e","continuation","False","108","71","37","0.343","4","4","16","12"
"2026-04-13T04:17:37.493796Z","phase3-memleak","575d7bad584bd0ebbabd4c78c3a1672d3f211a34b1e8eaf0b4c872d35a444b5b","codex","bc94e55eadde98e9144acedd8fd9d78e74ca0a7784795a5c15a213741c886aae","632bac4cb499bd4b5b92e9d24ec987b9b301f8382a3b9916ece252ed6afc1315","continuation","False","108","71","37","0.343","4","4","16","12"
"2026-04-13T04:17:39.677333Z","phase3-memleak","575d7bad584bd0ebbabd4c78c3a1672d3f211a34b1e8eaf0b4c872d35a444b5b","codex","4d37209c129d23ccdae903c37ab6933cdedca708d2d6599694fe5fddf5ba9c31","50c23455959c917a26e8fafdc3697af7f921cd476768843983caf2e70aea89a5","continuation","False","108","71","37","0.343","4","4","16","12"
"2026-04-13T04:17:41.834585Z","phase3-memleak","575d7bad584bd0ebbabd4c78c3a1672d3f211a34b1e8eaf0b4c872d35a444b5b","codex","d4682ab3836ed9d048fe64c10bd716bff5d47f638183d281700873a8f15a9764","0a39120021bb0b60eaf85546de1b10b95d217ba4e1a4fe6cd925185f4f408b1e","continuation","False","108","71","37","0.343","4","4","16","12"
"2026-04-13T04:17:44.011191Z","phase3-memleak","575d7bad584bd0ebbabd4c78c3a1672d3f211a34b1e8eaf0b4c872d35a444b5b","codex","d94297611fa25ef8850f1ff1b0e0b53fee2fa987bf900189e6e705b567bb497d","39ab65de63a890062177ac724c9b5f782a64768143b122db86f11deda1b7ae78","continuation","False","108","71","37","0.343","4","4","16","12"
"2026-04-13T04:17:46.157521Z","phase3-memleak","575d7bad584bd0ebbabd4c78c3a1672d3f211a34b1e8eaf0b4c872d35a444b5b","codex","c0e4cda430a4d193a9bcb5464806b29d50ddfc7c40328f0732c2b5a0fea191f6","a80f3957ca3f42a6093c43163565abd9a5e9527823310b3778f0dfe0d269c766","continuation","False","108","71","37","0.343","4","4","16","12"
"2026-04-13T04:17:48.295597Z","phase3-memleak","575d7bad584bd0ebbabd4c78c3a1672d3f211a34b1e8eaf0b4c872d35a444b5b","codex","e72de5f20df6c0d871d687363a4fd96cf550b4f264f8039e4e55e00661217e40","85e2e0839992576a2c188f9bdc490e9d2765cc15bdfc002ed823efb915233266","continuation","False","108","71","37","0.343","4","4","16","12"
"2026-04-13T04:17:50.457427Z","phase3-memleak","575d7bad584bd0ebbabd4c78c3a1672d3f211a34b1e8eaf0b4c872d35a444b5b","codex","e8094879e1bc2252c36b078a0d1863b7c51ffd1ecd632aeb428e8f1e36f2ca1f","9916c157144ed399f9f2b51b240dc117c363f44f0f40a0307a35f004dbb59d71","continuation","False","108","71","37","0.343","4","4","16","12"
"2026-04-13T04:17:52.563806Z","phase3-memleak","575d7bad584bd0ebbabd4c78c3a1672d3f211a34b1e8eaf0b4c872d35a444b5b","codex","118907560b5838214f16236f9304d827f4974b1237e97891988c1861d9744cfa","7aab7f75ca6a26a3b53d149e7ccd358cf2e754f95b0f576774e0316c546ce046","continuation","False","108","71","37","0.343","4","4","16","12"
"2026-04-13T04:17:54.685004Z","phase3-memleak","575d7bad584bd0ebbabd4c78c3a1672d3f211a34b1e8eaf0b4c872d35a444b5b","codex","e198c7f0966e1b8fe7a32f1ba606bb94713e9ed5d9eef2f14d6e68815b2de344","b78839d307e7b7d975133fec528ad9be0521c320a735f96905a740f0f51affff","continuation","False","108","71","37","0.343","4","4","16","12"
"2026-04-13T04:17:56.805508Z","phase3-memleak","575d7bad584bd0ebbabd4c78c3a1672d3f211a34b1e8eaf0b4c872d35a444b5b","codex","a1a876c9e5a2b02e3808ca170dbe8596d158f85cbf4829179462c14661e47208","d60ba219cc730a019a591f948cafb545899765649d5462e17fbc5135cd8ff8f7","continuation","False","108","71","37","0.343","4","4","16","12"
"2026-04-13T04:17:58.923886Z","phase3-memleak","575d7bad584bd0ebbabd4c78c3a1672d3f211a34b1e8eaf0b4c872d35a444b5b","codex","c08a8df95385698cdbfc7f0b15ca3acb42ccd1d81e1f31b3c5e2f07d013832e2","8bb86ca08dc2fc086e97224f7c3d512a831ad91719e2e9fdcdd89d65f2b00f14","continuation","False","108","71","37","0.343","4","4","16","12"
"2026-04-13T04:18:01.071906Z","phase3-memleak","575d7bad584bd0ebbabd4c78c3a1672d3f211a34b1e8eaf0b4c872d35a444b5b","codex","1f2919314170105ab01143609771ce8a16c5e934e6f02d1a2533ae7fc03ab861","1de205430783aa4c8c01361f6e5d4d8449bade56c99460bb3b33dc8d61073b18","continuation","False","108","71","37","0.343","4","4","16","12"
"2026-04-13T04:18:03.190549Z","phase3-memleak","575d7bad584bd0ebbabd4c78c3a1672d3f211a34b1e8eaf0b4c872d35a444b5b","codex","ac908b27a70fe405165ee0b24963bd7fb2cca5c7e27e54444746ec392becc439","e191c74c33b8f33e2a444693a2511b09e4de7cded5cad64eceefe44c4e9102c1","continuation","False","108","71","37","0.343","4","4","16","12"
"2026-04-13T04:18:05.313376Z","phase3-memleak","575d7bad584bd0ebbabd4c78c3a1672d3f211a34b1e8eaf0b4c872d35a444b5b","codex","7d01a188292388f16b089c183913e7440d20bffed4ff26107dbade95dfdfb51c","ca2608bb431f983c03669d6f26449ef4d00c1d6e27fd7ddcefcc03cd1e931490","continuation","False","108","71","37","0.343","4","4","16","12"
"2026-04-13T04:18:07.461794Z","phase3-memleak","575d7bad584bd0ebbabd4c78c3a1672d3f211a34b1e8eaf0b4c872d35a444b5b","codex","db50258c007a20b68bc6a52a728ba32616e408c0c35e5cbd54a241b66cf95e4a","cd0c08d372cac23ef8b0f7d38634d9e6dda118291860b4514debe1d3c300538a","continuation","False","108","71","37","0.343","4","4","16","12"
"2026-04-13T04:18:09.591907Z","phase3-memleak","575d7bad584bd0ebbabd4c78c3a1672d3f211a34b1e8eaf0b4c872d35a444b5b","codex","0778a2483c4a4837bb1982828d6b09d58fe56a447202c4da4513367e658c0a05","4498e7c33fbef8201de91e1b710b66d208991aab3ebf06506b00f9d4b7d5f3e1","continuation","False","108","71","37","0.343","4","4","16","12"
"2026-04-13T04:18:11.751425Z","phase3-memleak","575d7bad584bd0ebbabd4c78c3a1672d3f211a34b1e8eaf0b4c872d35a444b5b","codex","246a48916f55882f765656f101358991514f9169f30c2745ace4e50ae022686f","96da6f36f97bafbd7302f8ce8c088ea130069a646b2848552b35c4c6926cc620","continuation","False","108","71","37","0.343","4","4","16","12"
"2026-04-13T04:18:13.907171Z","phase3-memleak","575d7bad584bd0ebbabd4c78c3a1672d3f211a34b1e8eaf0b4c872d35a444b5b","codex","45059989d983f9146e8eea42db81abe743b680d5f23f87dda83d36e106124f35","f6751064fe3b5d11bb8ca178942026a0d87c64ccffecf642000a5b3d8054e6c9","continuation","False","108","71","37","0.343","4","4","16","12"
"2026-04-13T04:18:16.028675Z","phase3-memleak","575d7bad584bd0ebbabd4c78c3a1672d3f211a34b1e8eaf0b4c872d35a444b5b","codex","0677504960a885d00589855f67c256f2f1c2b1bd53e8a6411cda2d889939c5de","be86787253de425b657d9727481db86626c4cbe5735534110039168683b942ad","continuation","False","108","71","37","0.343","4","4","16","12"
"2026-04-13T04:18:18.125499Z","phase3-memleak","575d7bad584bd0ebbabd4c78c3a1672d3f211a34b1e8eaf0b4c872d35a444b5b","codex","f3c23cd00254db58d2f184e09e0d48b7411a7179616e9e3ac886467729f357ba","d7f55719ddc313d313d2ae6116317169e5e15ebcc6960e43b82c2526aba95b34","continuation","False","108","71","37","0.343","4","4","16","12"
"2026-04-13T04:18:20.248765Z","phase3-memleak","575d7bad584bd0ebbabd4c78c3a1672d3f211a34b1e8eaf0b4c872d35a444b5b","codex","ecbfd53b6f8331524afa94eae66c44f2797738a0831efa27d701750ae1dcee55","2ea1bb8143439f7e910655ea862a954755f25642c4c1cef24d5df356cd022b8a","continuation","False","108","71","37","0.343","4","4","16","12"
"2026-04-13T04:18:22.400378Z","phase3-memleak","575d7bad584bd0ebbabd4c78c3a1672d3f211a34b1e8eaf0b4c872d35a444b5b","codex","afdde15fc0c50f618aee78fd74152985ca5d91175ffe4818bd60836c6cf1bc5a","4e57438f060e81b73c29417aa7772a16fcbb0cc1cb9f40842b914cc98e69c6e5","continuation","False","108","71","37","0.343","4","4","16","12"
"2026-04-13T04:18:24.523354Z","phase3-memleak","575d7bad584bd0ebbabd4c78c3a1672d3f211a34b1e8eaf0b4c872d35a444b5b","codex","355a045b043b292375e688031a677db103e3081d15c9ed808446569893f8b81e","2ecb5218985a84f7925ac544eb5c6a34b829777935f339c45443a4988419e168","continuation","False","108","71","37","0.343","4","4","16","12"
"2026-04-13T04:18:26.678713Z","phase3-memleak","575d7bad584bd0ebbabd4c78c3a1672d3f211a34b1e8eaf0b4c872d35a444b5b","codex","480f1540c773bb1e84318e6e312a821fa1715b13f0978c6c330ce3b14a0baaf8","5574efbcb2b7b40ff1af6299e97aa7627365b7304990c2766d137f7f5c3520c8","continuation","False","108","71","37","0.343","4","4","16","12"
"2026-04-13T04:18:28.839556Z","phase3-memleak","575d7bad584bd0ebbabd4c78c3a1672d3f211a34b1e8eaf0b4c872d35a444b5b","codex","e72a8905b13726793a2ae4e57315eb41ca32b28c68b1f3820854b06e14dd3bb9","331a82bc9c75c84a488de53b4431e479281ff3a4096865953fa6192460cfa269","continuation","False","108","71","37","0.343","4","4","16","12"
"2026-04-13T04:18:30.991224Z","phase3-memleak","575d7bad584bd0ebbabd4c78c3a1672d3f211a34b1e8eaf0b4c872d35a444b5b","codex","4e8fc6abea395506119de8d473815de586c10c4c4bb97f14435242ca76db9465","67857a3b8c9cf7f769567a47367e7fd9f4c6574c4a6a4c65ef99b2ac0d5f2759","continuation","False","108","71","37","0.343","4","4","16","12"
"2026-04-13T04:18:33.123213Z","phase3-memleak","575d7bad584bd0ebbabd4c78c3a1672d3f211a34b1e8eaf0b4c872d35a444b5b","codex","dd33d7e3d3f7cdf54d23098154a65e3fff06e079d2f74c814471bc6b60672a06","5a6fe317643c29fb2185a42a9254fb8c68a6d2166ac350de3ac4a9352fde7f7d","continuation","False","108","71","37","0.343","4","4","16","12"
"2026-04-13T04:18:35.299142Z","phase3-memleak","575d7bad584bd0ebbabd4c78c3a1672d3f211a34b1e8eaf0b4c872d35a444b5b","codex","775b79a9ad34084755c253c24697eb07032085441dded4d810f943f4e6c6c8de","81ffd6510e8a811ddb245da82613fa1a32bc9726c3b918e4c59d6a07a1ed7448","continuation","False","108","71","37","0.343","4","4","16","12"
"2026-04-13T04:18:37.423436Z","phase3-memleak","575d7bad584bd0ebbabd4c78c3a1672d3f211a34b1e8eaf0b4c872d35a444b5b","codex","b04ef1bb9b95b3c39e8c165272d97bc5393f8b67a69e00980633245be2db9968","e98246b0c132b5d191c9332b662a08c0aa3904565e3f5d955a815e9f9f59bef7","continuation","False","108","71","37","0.343","4","4","16","12"
"2026-04-13T04:18:39.545259Z","phase3-memleak","575d7bad584bd0ebbabd4c78c3a1672d3f211a34b1e8eaf0b4c872d35a444b5b","codex","86e99f02a18035488cf49136ebc8c0271126fcddf40a1829df6e8aa672698289","c3b63058307034a67f3cf42a41b3da9992b1b32307d3c39aa86c7da9fd81793b","continuation","False","108","71","37","0.343","4","4","16","12"
"2026-04-13T04:18:41.671825Z","phase3-memleak","575d7bad584bd0ebbabd4c78c3a1672d3f211a34b1e8eaf0b4c872d35a444b5b","codex","f17220dbfe570c0cf2c36e237191394133520f6e859c28f97391030cb1186088","6adc0419e59042d0381c19b2e999845da019f2531df4cf6045f129fba85f5946","continuation","False","108","71","37","0.343","4","4","16","12"
"2026-04-13T04:18:43.799405Z","phase3-memleak","575d7bad584bd0ebbabd4c78c3a1672d3f211a34b1e8eaf0b4c872d35a444b5b","codex","3c2c6e7691b7be954fa104c620096fd904deff60ec6ff2b5d7b577a860b08567","844c1b822a16860fa34e6ca886eafc1f6899630a19d365c10cf5daf3512a5898","continuation","False","108","71","37","0.343","4","4","16","12"
"2026-04-13T04:18:45.929826Z","phase3-memleak","575d7bad584bd0ebbabd4c78c3a1672d3f211a34b1e8eaf0b4c872d35a444b5b","codex","b8af1d99b01e6cbf9fbfb611623f15efd30c5a1984a50c32ecd599d43881892f","ed49475bfdb7f572f1134c6c8eaa0bc838bcf3e18900c2bbf2fc206d6d1f84a7","continuation","False","108","71","37","0.343","4","4","16","12"
"2026-04-13T04:18:48.060924Z","phase3-memleak","575d7bad584bd0ebbabd4c78c3a1672d3f211a34b1e8eaf0b4c872d35a444b5b","codex","6e022d39d29a039322e82439ae95903b302cfa6efb0f2662ee4a2cd5e503895f","7d84c452a62afc9ea6c12985321b7d93e6847770dea419c23fd5324fa4730a9d","continuation","False","108","71","37","0.343","4","4","16","12"
"2026-04-13T04:18:50.202724Z","phase3-memleak","575d7bad584bd0ebbabd4c78c3a1672d3f211a34b1e8eaf0b4c872d35a444b5b","codex","091fd5a6a05965d5e7a3a42ca9f124dfccae78f1810121d8fba1361e9911e056","556888622f66133a6cde5be5873735887755ccdf165ce9f7d4093fbfcd178dd3","continuation","False","108","71","37","0.343","4","4","16","12"
"2026-04-13T04:18:52.333189Z","phase3-memleak","575d7bad584bd0ebbabd4c78c3a1672d3f211a34b1e8eaf0b4c872d35a444b5b","codex","bd9eb728df256d7c12073c552aa6170c1f27e117782a75c2cf2ba56beee7f7b1","87c792f6b08c6d10b29e14db54277272632f89efe2d7d9e4ffa677ac0212b35f","continuation","False","108","71","37","0.343","4","4","16","12"
"2026-04-13T04:18:54.465153Z","phase3-memleak","575d7bad584bd0ebbabd4c78c3a1672d3f211a34b1e8eaf0b4c872d35a444b5b","codex","be3710c2344b327c053ea954b5d6a9993ad0aca206d0c5342a1f0e0c2bbdf67c","64bc889e35cb73ee5f45e25b6a959c0c7227571d5a424e8c945fa876e518e174","continuation","False","108","71","37","0.343","4","4","16","12"
"2026-04-13T04:18:56.618083Z","phase3-memleak","575d7bad584bd0ebbabd4c78c3a1672d3f211a34b1e8eaf0b4c872d35a444b5b","codex","87bf2a3bd0f22cb634e2db9b1343d0fb7db9c84ef2ec8388cc43e4d67cf880e5","61fb9af5a9c273a73e0be027644217c85168e39513e8486d105c3aaa02e3b18c","continuation","False","108","71","37","0.343","4","4","16","12"
"2026-04-13T04:18:58.763180Z","phase3-memleak","575d7bad584bd0ebbabd4c78c3a1672d3f211a34b1e8eaf0b4c872d35a444b5b","codex","4687120cc24b1d7de068a8e81f9c5007df6337bfff83beff2eb4c22d8c9201c4","473f3fb3afa0bdd2bbca9ef14340eeb369f8dbaa9c32b5ecd3149dc87639b03f","continuation","False","108","71","37","0.343","4","4","16","12"
"2026-04-13T04:19:00.861180Z","phase3-memleak","575d7bad584bd0ebbabd4c78c3a1672d3f211a34b1e8eaf0b4c872d35a444b5b","codex","eb253b44aaeac8d682943e234339aac560c322138e3939cebe0da74cfc6b5ade","d13b7bb53c72b39eb5c4e316070d6b92d8e30eedecedf4c459647570847e3e08","continuation","False","108","71","37","0.343","4","4","16","12"
"2026-04-13T04:19:02.965832Z","phase3-memleak","575d7bad584bd0ebbabd4c78c3a1672d3f211a34b1e8eaf0b4c872d35a444b5b","codex","ee632c5b904850bb8f83278a24b17f27c0f4e463a82f3f54ecd30ec6e391dc81","8aefe2d1ad774d05c16bf85ed6bd92876d066fbb8b4abd6485739c4a96fbfddb","continuation","False","108","71","37","0.343","4","4","16","12"
"2026-04-13T04:19:05.132838Z","phase3-memleak","575d7bad584bd0ebbabd4c78c3a1672d3f211a34b1e8eaf0b4c872d35a444b5b","codex","122ee26c04d3411a377a33ba9498cbe70490e4495d595c879995ed50183029e6","4689951de23de1c05b78b033071a80ac98269402e6d989eef5f584f70c2223c1","continuation","False","108","71","37","0.343","4","4","16","12"
"2026-04-13T04:19:07.260665Z","phase3-memleak","575d7bad584bd0ebbabd4c78c3a1672d3f211a34b1e8eaf0b4c872d35a444b5b","codex","8fd3a67296ae5f464296afb4c5ac88e6e745ae7ad1544b45e29634aa2bfeb3ce","71ff806cefa21f340dc561041e571a83b81ddcb505ad63d1d4e535d10eb899f4","continuation","False","108","71","37","0.343","4","4","16","12"
"2026-04-13T04:19:09.390988Z","phase3-memleak","575d7bad584bd0ebbabd4c78c3a1672d3f211a34b1e8eaf0b4c872d35a444b5b","codex","7cf9b29a8c7882de51a911a097192b6f8f6124c91680ab6e54caf2e29f99e07c","6699dcacaf9de82989a07e33f9d26b4bc9d27c83196fcd4e391c85dc8c909233","continuation","False","108","71","37","0.343","4","4","16","12"
"2026-04-13T04:19:11.519836Z","phase3-memleak","575d7bad584bd0ebbabd4c78c3a1672d3f211a34b1e8eaf0b4c872d35a444b5b","codex","f79880696086806fe6f0744f87d1916eaffbaa37bc5e16e495db76181ec45c95","59cc36212059ba16cdbffb4802fba5011bb27d0cb43b4b01b45e16b0d24cb3ea","continuation","False","108","71","37","0.343","4","4","16","12"
"2026-04-13T04:19:13.622606Z","phase3-memleak","575d7bad584bd0ebbabd4c78c3a1672d3f211a34b1e8eaf0b4c872d35a444b5b","codex","0ed72e6dec49fd0c688002e5f0a1e0706ac9d899ef2e603ababfc361ebe93e54","2115545d04391913c7a4611bb0c4753adb5c1f795d7b5abd590e4905674f4bda","continuation","False","108","71","37","0.343","4","4","16","12"
"2026-04-13T04:19:15.758056Z","phase3-memleak","575d7bad584bd0ebbabd4c78c3a1672d3f211a34b1e8eaf0b4c872d35a444b5b","codex","a833abc68d5110d2d3f19df519787ef804d365d6085537c2f83b790fb9da7899","db93c33382b0816bfae69490d4b42065eec008c4b9ebf90805e95e36085128ec","continuation","False","108","71","37","0.343","4","4","16","12"
"2026-04-13T04:19:17.903652Z","phase3-memleak","575d7bad584bd0ebbabd4c78c3a1672d3f211a34b1e8eaf0b4c872d35a444b5b","codex","d6b314ee69b26c337f90faf25335b9e812bc5e445b7c9ee58d3182099effc1bd","4e22b3f5e2b0470b4ef45fa2992863de7f42f8e42e84af2bfb9c3fc1ed7e5622","continuation","False","108","71","37","0.343","4","4","16","12"
"2026-04-13T04:19:20.014806Z","phase3-memleak","575d7bad584bd0ebbabd4c78c3a1672d3f211a34b1e8eaf0b4c872d35a444b5b","codex","2947cefc97bb99c6a7cc3cb09ace7150ca0ca0a528aec03fcbb2329f33b324e9","c0bd81ae795281fc9fca409ca2ed01a684fde1520b8df41eea61240ad64b3f7c","continuation","False","108","71","37","0.343","4","4","16","12"
"2026-04-13T04:19:22.143130Z","phase3-memleak","575d7bad584bd0ebbabd4c78c3a1672d3f211a34b1e8eaf0b4c872d35a444b5b","codex","be94f757e0f2c6df6e907dea7d7d58d3ebd686bdcb63fcc3ab78629faa567bad","81621f31af3fb6dcbe09e6fdd35e55d1da9a65b5df575caff7202040b8be892c","continuation","False","108","71","37","0.343","4","4","16","12"
"2026-04-13T04:19:24.307600Z","phase3-memleak","575d7bad584bd0ebbabd4c78c3a1672d3f211a34b1e8eaf0b4c872d35a444b5b","codex","2c68f1cdbbd9ea46bb69df23463b64258c372a44c8eb0554770fcf6b54f0a111","8f49cca3f43ea566051f241dfd81859eb0ba3f7dfb8def58bc12c6e9ba65d53b","continuation","False","108","71","37","0.343","4","4","16","12"
"2026-04-13T04:19:26.438738Z","phase3-memleak","575d7bad584bd0ebbabd4c78c3a1672d3f211a34b1e8eaf0b4c872d35a444b5b","codex","a5d512c7664c336b21a8ffc48348881dabf624c086ba805b48a1a772126e6f61","6abb63aa52439a855c868fdca3eac02f3251cc11bffaec67ea2ec8e5210bebf6","continuation","False","108","71","37","0.343","4","4","16","12"
"2026-04-13T04:19:28.575382Z","phase3-memleak","575d7bad584bd0ebbabd4c78c3a1672d3f211a34b1e8eaf0b4c872d35a444b5b","codex","49b8c14842abb59eca1311becbc65412d7c320af2a1783bbe31de88394fde0d9","0e9c873334c0bea2a4fa977cdcacf8986bc14749a544f2d52fe968be761754af","continuation","False","108","71","37","0.343","4","4","16","12"
"2026-04-13T04:19:30.677387Z","phase3-memleak","575d7bad584bd0ebbabd4c78c3a1672d3f211a34b1e8eaf0b4c872d35a444b5b","codex","31074d0e70f4024df63a8b92791730e97ec3acdd55da837ccca8e676e906a614","96884c0fc84300199a8811ab9312f38ba776cd24c732e52d1a77a028d13b5e5a","continuation","False","108","71","37","0.343","4","4","16","12"
"2026-04-13T04:19:32.832470Z","phase3-memleak","575d7bad584bd0ebbabd4c78c3a1672d3f211a34b1e8eaf0b4c872d35a444b5b","codex","b35b741955cb7fa2c49850bffcaca5902d5b1deaf0094e3747102dabfeec7628","fa17a788a3f6fab2872cf61d07eeef4627e7733b49b735e1afc4ea80db026412","continuation","False","108","71","37","0.343","4","4","16","12"
"2026-04-13T04:19:34.957400Z","phase3-memleak","575d7bad584bd0ebbabd4c78c3a1672d3f211a34b1e8eaf0b4c872d35a444b5b","codex","ea06be03d37ef6d1ed4732683f6860aa94662e24738ab70b851f0d22f88f50c2","74cdb9b80043b737e4c0a90ad74333c5674d0e0f147b9fbd4b301ac17055ded8","continuation","False","108","71","37","0.343","4","4","16","12"
"2026-04-13T04:19:37.064807Z","phase3-memleak","575d7bad584bd0ebbabd4c78c3a1672d3f211a34b1e8eaf0b4c872d35a444b5b","codex","9c3f6c638cdda8f85ee7537447e396e592404e8d8ccfeb9517975e0811aa48a8","8b420bf8997ea787ebeb7cafaed202733163e115a78a7bb4637a664099a93cc9","continuation","False","108","71","37","0.343","4","4","16","12"
"2026-04-13T04:19:39.185186Z","phase3-memleak","575d7bad584bd0ebbabd4c78c3a1672d3f211a34b1e8eaf0b4c872d35a444b5b","codex","027b73032e83e9a1b55aa1098c7c163c01e4c955d2323b9ff1181dd75bd77e9a","67c8eb79b8317824410ddb0f2d6022b67786b6d8ead48eb30a68443e58753836","continuation","False","108","71","37","0.343","4","4","16","12"
"2026-04-13T04:19:41.309593Z","phase3-memleak","575d7bad584bd0ebbabd4c78c3a1672d3f211a34b1e8eaf0b4c872d35a444b5b","codex","3cff18738290e12f0597a2ffc1cd0f7227b50435445f4f753774fedcc51838f6","ea9d321e87c0900110d5816572ae0b65f774ffc224c61f7f3c0d6573e03d03ad","continuation","False","108","71","37","0.343","4","4","16","12"
"2026-04-13T04:19:43.414210Z","phase3-memleak","575d7bad584bd0ebbabd4c78c3a1672d3f211a34b1e8eaf0b4c872d35a444b5b","codex","91749f7ee8ba008a389372f706b6540537a664ff03648b5b77a41f8c19f0323f","17f31776589c984601c0135e560586d637a90143c36e8649f24fd5d92062c3bf","continuation","False","108","71","37","0.343","4","4","16","12"
"2026-04-13T04:19:45.556464Z","phase3-memleak","575d7bad584bd0ebbabd4c78c3a1672d3f211a34b1e8eaf0b4c872d35a444b5b","codex","069c6d990b3ed9e23e61f25475e73aad1a393e4ec57f405140717a94361c9b0a","a5d541d124f91ac3721dc23ac0818638f06de0961b83ed66a5fff8511d8a45fa","continuation","False","108","71","37","0.343","4","4","16","12"
"2026-04-13T04:19:47.686612Z","phase3-memleak","575d7bad584bd0ebbabd4c78c3a1672d3f211a34b1e8eaf0b4c872d35a444b5b","codex","7ebe37915970856b18b0066b13087447b664b7bd779dec145a0af1860fb992e0","5ee7b722eeadf1dd2b037e5a164fae0e233a2d35fb2a1f41ac0e6aa4c92397f4","continuation","False","108","71","37","0.343","4","4","16","12"
"2026-04-13T04:19:49.828438Z","phase3-memleak","575d7bad584bd0ebbabd4c78c3a1672d3f211a34b1e8eaf0b4c872d35a444b5b","codex","32aa106931c9103eab1337d182586efceec061c9aaeadd994b9352b9d74cc73c","95359e24a5d78290ed1c6b293fa2722c61ca6f156e05b72048c226c53819252d","continuation","False","108","71","37","0.343","4","4","16","12"
"2026-04-13T04:19:51.961448Z","phase3-memleak","575d7bad584bd0ebbabd4c78c3a1672d3f211a34b1e8eaf0b4c872d35a444b5b","codex","98b6d7b347fa8e531ff4e3a1abeb972d091aeb59fdef08ea8f81bdad716b3192","45d08afefaf8f3c50024c972eb98e8c0e1769469a8189d37efb171e76b6165dd","continuation","False","108","71","37","0.343","4","4","16","12"
"2026-04-13T04:19:54.110826Z","phase3-memleak","575d7bad584bd0ebbabd4c78c3a1672d3f211a34b1e8eaf0b4c872d35a444b5b","codex","c247567e6836460842b2dfc0bc6a9267f9ec31fd50aca0a40b38baa4136a272a","38edc1e5846dfc0202dfb7f84257680cd56a785131f7a09de85d90f75d08ac1b","continuation","False","108","71","37","0.343","4","4","16","12"
"2026-04-13T04:19:56.235659Z","phase3-memleak","575d7bad584bd0ebbabd4c78c3a1672d3f211a34b1e8eaf0b4c872d35a444b5b","codex","e1977ebd188213a5bf32cf5601d401bf3206eda8a1a1b81cc47741969fcdcdfc","8858ead7b04ac3f559fc68d6d8fe3c8305960b982e90e12a5d7fde5e027ab621","continuation","False","108","71","37","0.343","4","4","16","12"
"2026-04-13T04:19:58.366838Z","phase3-memleak","575d7bad584bd0ebbabd4c78c3a1672d3f211a34b1e8eaf0b4c872d35a444b5b","codex","537ab433b06afec81e30c8279429df7732de9bb0563fe98827cb7d07d56d8379","e4eb021b1d4d6c15cd4ca6a3ced1096a6fbcc6ecb5d96a01421e11a9ceb1b1ce","continuation","False","108","71","37","0.343","4","4","16","12"
"2026-04-13T04:20:00.523365Z","phase3-memleak","575d7bad584bd0ebbabd4c78c3a1672d3f211a34b1e8eaf0b4c872d35a444b5b","codex","17c1cfacd5e55a1bc38e5c7f61dea30ca43d1e1a6bcdddb1855ae13721b0a579","88ef186c4489927bfa285db875c3201b0c41406e99c290d4a02bfb4f6902de72","continuation","False","108","71","37","0.343","4","4","16","12"
"2026-04-13T04:20:02.668952Z","phase3-memleak","575d7bad584bd0ebbabd4c78c3a1672d3f211a34b1e8eaf0b4c872d35a444b5b","codex","88341a92d66c1aaee449a398d4436901cbdc5575735c505e7ae04da3a61a2fc6","583615111c332f3c91e90157322578259465affded93cd1d70694d4dbca3bd95","continuation","False","108","71","37","0.343","4","4","16","12"
"2026-04-13T04:20:04.805081Z","phase3-memleak","575d7bad584bd0ebbabd4c78c3a1672d3f211a34b1e8eaf0b4c872d35a444b5b","codex","dbe645c44fd44b56f599eae53d8e419e78e390b1de4020d90f3310cea290b64d","69d6ee9d7ace39665f5bb21cf842d051d207ef2b58e957708066591a059d05a2","continuation","False","108","71","37","0.343","4","4","16","12"
"2026-04-13T04:20:06.945586Z","phase3-memleak","575d7bad584bd0ebbabd4c78c3a1672d3f211a34b1e8eaf0b4c872d35a444b5b","codex","ec563406a7f38c3c2c64c9a5917ee3eb10dd5db8980db3631f5a8e188b54acb2","72ffdcd3670d7705aceffaa7dda7dcc0d449d82c2d09ee24e2f23e5f1f01b01f","continuation","False","108","71","37","0.343","4","4","16","12"
"2026-04-13T04:20:09.084896Z","phase3-memleak","575d7bad584bd0ebbabd4c78c3a1672d3f211a34b1e8eaf0b4c872d35a444b5b","codex","881fa1318874426bf7e06421389ea26db200f55eabdf36a20eed1ef813a71675","3b28a7d06d43af44f9bc0963b7c39face9638916286af0cd83ec5d6fb062899f","continuation","False","108","71","37","0.343","4","4","16","12"
"2026-04-13T04:20:11.211343Z","phase3-memleak","575d7bad584bd0ebbabd4c78c3a1672d3f211a34b1e8eaf0b4c872d35a444b5b","codex","37757b50ab953918dfaa3773aee276e5607fd3db3e8081af7891315190aa56cc","d737ade1b83cf36d1a9df3890227289e4d604675b61ad96b43af845b54255f15","continuation","False","108","71","37","0.343","4","4","16","12"
"2026-04-13T04:20:13.336936Z","phase3-memleak","575d7bad584bd0ebbabd4c78c3a1672d3f211a34b1e8eaf0b4c872d35a444b5b","codex","cbb57c9f15a46ad1d8016ba44d67b7ce082c4eace7b51f10031307d4ef914b46","5d721062c64b8cc86b966351799d3e0660850c44b4deee2d98f7839fd144b76d","continuation","False","108","71","37","0.343","4","4","16","12"
"2026-04-13T04:20:15.467596Z","phase3-memleak","575d7bad584bd0ebbabd4c78c3a1672d3f211a34b1e8eaf0b4c872d35a444b5b","codex","13cdf1e89116895152e73306b2cfd364399bf7a46143d2c54205e8168385b147","d914d63e3678579c520a44e85c550382d1ad1b3988eb64f6f51bfdf320faa0af","continuation","False","108","71","37","0.343","4","4","16","12"
"2026-04-13T04:20:17.595120Z","phase3-memleak","575d7bad584bd0ebbabd4c78c3a1672d3f211a34b1e8eaf0b4c872d35a444b5b","codex","dfbd0870588456853d45ffb410b16b105bee5fc7c72ada23e2721fb75c6c5a28","070f5815c73c1e7bbefdad476864a8b730e602340864bc84ae5ac6e161ce5729","continuation","False","108","71","37","0.343","4","4","16","12"
"2026-04-13T04:20:19.749943Z","phase3-memleak","575d7bad584bd0ebbabd4c78c3a1672d3f211a34b1e8eaf0b4c872d35a444b5b","codex","eab848cff89044dd037963dee7553d75341f5c7062878d33f2d3ef7db0f2acc5","a26bf531106350e135aba7390df9d3bcb63907957d9c10678e1741ee95ba3cb6","continuation","False","108","71","37","0.343","4","4","16","12"
"2026-04-13T04:20:21.875987Z","phase3-memleak","575d7bad584bd0ebbabd4c78c3a1672d3f211a34b1e8eaf0b4c872d35a444b5b","codex","b89d5b54d3cec66fdc6388d250e13461e078814cf0c3e57a1ddb6250ce78a2be","6132e9ba362a2067ecab56c7171a40764eca088ff147de2b998135c0154bcbd6","continuation","False","108","71","37","0.343","4","4","16","12"
"2026-04-13T04:20:24.015711Z","phase3-memleak","575d7bad584bd0ebbabd4c78c3a1672d3f211a34b1e8eaf0b4c872d35a444b5b","codex","ea40f5692e60e49e6d3e363364ed66db0fc94622cd40e32a9e311d62a742deb3","accd707c8adc866e5567b7c740f3136964c2469a00da2483a81d06745e94337a","continuation","False","108","71","37","0.343","4","4","16","12"
"2026-04-13T04:20:26.212374Z","phase3-memleak","575d7bad584bd0ebbabd4c78c3a1672d3f211a34b1e8eaf0b4c872d35a444b5b","codex","7246704df2e3f46b32470d9be6bd7d83f9a14b4402c48a5be821a97fc0e07fc4","87d490e81ab11e3a3147ee1d850da7de3da1ab4e6e6cc5899365f2385861937b","continuation","False","108","71","37","0.343","4","4","16","12"
"2026-04-13T04:20:28.343050Z","phase3-memleak","575d7bad584bd0ebbabd4c78c3a1672d3f211a34b1e8eaf0b4c872d35a444b5b","codex","dc0e5bf51d02f5cda933aede98e8fe8cb3e361ad3a6cb529bd5fbcfa2f35b680","e3211009ae3f58068e36a1cedbc2b49aa55eea231f61bbe3148f8693d31d0426","continuation","False","108","71","37","0.343","4","4","16","12"
"2026-04-13T04:20:30.546173Z","phase3-memleak","575d7bad584bd0ebbabd4c78c3a1672d3f211a34b1e8eaf0b4c872d35a444b5b","codex","171bd9f391367576f1a808400fa4962b3e38ec90c709fe7400232d938f5d15ce","bd88dbda30bc0aa5e977645462e661cf016865d32790d6a06573dfa737d8fc35","continuation","False","108","71","37","0.343","4","4","16","12"
"2026-04-13T04:20:32.705472Z","phase3-memleak","575d7bad584bd0ebbabd4c78c3a1672d3f211a34b1e8eaf0b4c872d35a444b5b","codex","b43d4e1e804f7390b10f21cd74074f8a0d74a82cfa4fbb7dbde502bcfecc6231","cf67266ee4c7adc6a42ca75213b1d8bba17055961d5e10aca2433dcbff27081f","continuation","False","108","71","37","0.343","4","4","16","12"
"2026-04-13T04:20:34.825693Z","phase3-memleak","575d7bad584bd0ebbabd4c78c3a1672d3f211a34b1e8eaf0b4c872d35a444b5b","codex","6d95e06c69973ec89f8b2d67b908a70adb0e664e740ee834f3121d9202981978","db69e4171b80ad96c65c91b611a8e35dfec30c75542a67b9ce648a38f8229277","continuation","False","108","71","37","0.343","4","4","16","12"
"2026-04-13T04:20:36.976127Z","phase3-memleak","575d7bad584bd0ebbabd4c78c3a1672d3f211a34b1e8eaf0b4c872d35a444b5b","codex","ec79b28a50734dde46d218e5b57055f363e73e76b819d851520c63007c9fdfbf","ea3a77a78ca515906943df9b694b3f83424c33bbc78fed3c21e8e11f63d1884e","continuation","False","108","71","37","0.343","4","4","16","12"
"2026-04-13T04:20:39.110499Z","phase3-memleak","575d7bad584bd0ebbabd4c78c3a1672d3f211a34b1e8eaf0b4c872d35a444b5b","codex","2c62842753565cd54c799892ee908942ae4133e54b66e5159b1bb6d505df4aad","3de887902c1e7ee56b074a38bc924bcbbe20540599237170e5c89b96f38580ad","continuation","False","108","71","37","0.343","4","4","16","12"
"2026-04-13T04:20:41.236480Z","phase3-memleak","575d7bad584bd0ebbabd4c78c3a1672d3f211a34b1e8eaf0b4c872d35a444b5b","codex","6db53961449ad4d7378471cfefb0090c7cb93cd8fca8d558aedc6f30fd568fab","f40bf8b46c7a7153edfdf762d88e8b10b84d75649499b31a0a81ea94013a5683","continuation","False","108","71","37","0.343","4","4","16","12"
"2026-04-13T04:21:44.635895Z","final-24h-tenant","575d7bad584bd0ebbabd4c78c3a1672d3f211a34b1e8eaf0b4c872d35a444b5b","codex","abfc8ec33fd94cd8d265c2f52f8bb8ac8591318fef7e999044f3966f282fb9cf","73ee6347ff3cff1e5b13c998cc0bda275c6dd5ebf4f559ca9df9fe6effe13458","continuation","False","108","71","37","0.343","4","4","16","12"
"2026-04-13T04:22:14.788761Z","final-24h-tenant","575d7bad584bd0ebbabd4c78c3a1672d3f211a34b1e8eaf0b4c872d35a444b5b","codex","df9d9f9db4a58cf08ef40aeab4f4d6618c3d34789cf06dddd75df04f642be7b5","523019d570f379760fc63101b04e7243466b40e8c7dc87c833a4584ae66b15cb","continuation","False","108","71","37","0.343","4","4","16","12"
"2026-04-13T04:22:44.951172Z","final-24h-tenant","575d7bad584bd0ebbabd4c78c3a1672d3f211a34b1e8eaf0b4c872d35a444b5b","codex","f10064dd99c02cbb5923c0333b4f3683705effabc15b38827c7e7d372771d1c8","97caf091877fe0cb94dca77865a02fac33b671c2d48c30743b4eb76fc868a81c","continuation","False","108","71","37","0.343","4","4","16","12"
"2026-04-13T04:23:15.077758Z","final-24h-tenant","575d7bad584bd0ebbabd4c78c3a1672d3f211a34b1e8eaf0b4c872d35a444b5b","codex","a4af2edf6e8cbc04f519dd101aa17d0912934ddd96cacdb8f35f76b3ca9c6418","eca708016aa62d4bd1563d18021f4d8854ee48a87ef177f06574dfa430ff0958","continuation","False","108","71","37","0.343","4","4","16","12"
"2026-04-13T04:23:45.161449Z","final-24h-tenant","575d7bad584bd0ebbabd4c78c3a1672d3f211a34b1e8eaf0b4c872d35a444b5b","codex","e8625469aea22a4294d5b5c2d5004479d6e235d389dd8d7c19b4af8b2c8d8ec3","b13d93ba01a7d728306d9bda226fce643a7b788468d847442e223a6b38125e9a","continuation","False","108","71","37","0.343","4","4","16","12"
"2026-04-13T04:24:15.245756Z","final-24h-tenant","575d7bad584bd0ebbabd4c78c3a1672d3f211a34b1e8eaf0b4c872d35a444b5b","codex","2cf119234a76cb0d7b8498c110c8474e91fe6187313fa92f5337ecd079ae66ff","1070343eeba284f8be09adbc9dfff320b6f2119ae9191b297363cebf807e71ca","continuation","False","108","71","37","0.343","4","4","16","12"
"2026-04-13T04:24:45.349681Z","final-24h-tenant","575d7bad584bd0ebbabd4c78c3a1672d3f211a34b1e8eaf0b4c872d35a444b5b","codex","3d0af1e82dc2b8a7aecb1088cd340dda3520015a52d47a9d0907fb58d6ff6f02","49620ee5656506667cc249d7fb4f75603187cbecad326e8f6fbac1c7405bd70e","continuation","False","108","71","37","0.343","4","4","16","12"
"2026-04-13T04:25:15.537537Z","final-24h-tenant","575d7bad584bd0ebbabd4c78c3a1672d3f211a34b1e8eaf0b4c872d35a444b5b","codex","c34a2a158aa7a97bcc89c26276244943f07c67de17675d67927f5615e18cd4e9","4d78ab0179aace9ba13fed0bdb522fcb6ef69d2a2fd70de9385175d0e1b9fe4e","continuation","False","108","71","37","0.343","4","4","16","12"
"2026-04-13T04:25:45.639771Z","final-24h-tenant","575d7bad584bd0ebbabd4c78c3a1672d3f211a34b1e8eaf0b4c872d35a444b5b","codex","5a95b661b9af2fa7cf46fe14fd4b14c5d18ec7697e54bd95c49b34e76d37842f","23ccf3ea8bcc06467b3076b7ac2818bd1f53f6c580af0bdf0d91835767ac94eb","continuation","False","108","71","37","0.343","4","4","16","12"
"2026-04-13T04:26:15.759898Z","final-24h-tenant","575d7bad584bd0ebbabd4c78c3a1672d3f211a34b1e8eaf0b4c872d35a444b5b","codex","111fd8bab3e35f4948b86ea108aa6781ed1dc3677198fa67654631983ebc92a6","f680fabfc7b8a653bea9b150380c250ad608d9789d13e81bf6e6e6e16a2753d0","continuation","False","108","71","37","0.343","4","4","16","12"
"2026-04-13T04:26:45.878303Z","final-24h-tenant","575d7bad584bd0ebbabd4c78c3a1672d3f211a34b1e8eaf0b4c872d35a444b5b","codex","ed68aaed8d2f20c7a9f7d24b1de5f0f2f793fcb3a50699101b4e32a26e00eeca","f3fb034a62832a536e15308aeec5809d2753267e3e82d9a16323f65ed02a75d5","continuation","False","108","71","37","0.343","4","4","16","12"
"2026-04-13T04:27:15.968715Z","final-24h-tenant","575d7bad584bd0ebbabd4c78c3a1672d3f211a34b1e8eaf0b4c872d35a444b5b","codex","46a705b7d36a987e52d31301c97f1bf91227b63920a0184e716ca027edd65570","7f3f87849cadc45ae391fd50337e7b506379d6aeb3af0b9bf653bcf7e003617c","continuation","False","108","71","37","0.343","4","4","16","12"
"2026-04-13T04:27:46.024562Z","final-24h-tenant","575d7bad584bd0ebbabd4c78c3a1672d3f211a34b1e8eaf0b4c872d35a444b5b","codex","47ea17b8ab975810e8d809aa6d202b29054b15dafe518555ec616648579b1629","dd654a9fecef45595ead2ca5a5053f053d5a4eba7c330a9999294a067dfed742","continuation","False","108","71","37","0.343","4","4","16","12"
"2026-04-13T04:28:16.097658Z","final-24h-tenant","575d7bad584bd0ebbabd4c78c3a1672d3f211a34b1e8eaf0b4c872d35a444b5b","codex","b5ce5e8662ddcc3e43ce3d4fd506b9751cc9e00452d3d6ad74e985b4118c006e","4137dc2e2be925a523a1a7efcfcbc84362302476adfc59e99c0579656695fc60","continuation","False","108","71","37","0.343","4","4","16","12"
"2026-04-13T04:28:46.167946Z","final-24h-tenant","575d7bad584bd0ebbabd4c78c3a1672d3f211a34b1e8eaf0b4c872d35a444b5b","codex","d8af00afcbf60bb4d9d0c665cbbc2d878a674abeb94c28d7572814667db95dc8","37b762062314ba81459fcdda7d9c169e46fe685dbaf2b0c9687568e5460ad6a3","continuation","False","108","71","37","0.343","4","4","16","12"
"2026-04-13T04:29:16.253754Z","final-24h-tenant","575d7bad584bd0ebbabd4c78c3a1672d3f211a34b1e8eaf0b4c872d35a444b5b","codex","770695e887b809df18e01c6a99aa8f4f7e32f648caffe280ee83f31fca96dd94","30c384ccf397a009435273ce2beacfbce6e25cfdc3c2c9cc94d55ad71af5826d","continuation","False","108","71","37","0.343","4","4","16","12"
"2026-04-13T04:29:46.332911Z","final-24h-tenant","575d7bad584bd0ebbabd4c78c3a1672d3f211a34b1e8eaf0b4c872d35a444b5b","codex","d7b709ee7619f5fcb5bf04957b681d551e2a303fcf4f00e906cf79501a681051","cdb32bf202580f754016a0276bd0af6a81c13e31f069efcaa16c3b6675adfb03","continuation","False","108","71","37","0.343","4","4","16","12"
"2026-04-13T04:30:16.405741Z","final-24h-tenant","575d7bad584bd0ebbabd4c78c3a1672d3f211a34b1e8eaf0b4c872d35a444b5b","codex","fd8550ba9483926f4eb83436b5176ae7569d5ee03f65f497ecc811272c4bde38","bd276bdd37da1446a6fc5dca52615f6e643c09d1c00d5a28775a3df34ba23a55","continuation","False","108","71","37","0.343","4","4","16","12"
"2026-04-13T04:30:46.478140Z","final-24h-tenant","575d7bad584bd0ebbabd4c78c3a1672d3f211a34b1e8eaf0b4c872d35a444b5b","codex","bfebe3e4c203fa019467d26b0573dab487c0b4fdb66d5e4c06df6ffed403be78","ad95f6eddbe947d585a6cb51ba1303249f7c1b594c9915d39a5a99d6e8cb79d0","continuation","False","108","71","37","0.343","4","4","16","12"
"2026-04-13T04:31:16.552902Z","final-24h-tenant","575d7bad584bd0ebbabd4c78c3a1672d3f211a34b1e8eaf0b4c872d35a444b5b","codex","032bc137e258e7352f33d7ec746f163a91cd55e35debcd1740313814e03798f4","ded7fc062a81b6902982e2dd32fabe346e5cc46505c795bb083582dcef4e06f0","continuation","False","108","71","37","0.343","4","4","16","12"
"2026-04-13T04:31:46.634512Z","final-24h-tenant","575d7bad584bd0ebbabd4c78c3a1672d3f211a34b1e8eaf0b4c872d35a444b5b","codex","f343f7b85e515633714bca75dfa6c66d66b2d8920c92cd2ed5068986e1d84c54","6d69805652e2079099918ef451eb7a94d3f548bf1698ca2f21cabd6cb7ad1523","continuation","False","108","71","37","0.343","4","4","16","12"
"2026-04-13T04:32:16.701399Z","final-24h-tenant","575d7bad584bd0ebbabd4c78c3a1672d3f211a34b1e8eaf0b4c872d35a444b5b","codex","b7deeee475fed9d54110e75dac4e8b4458dac05d44a54049de2c0dc3ab3b01b9","7a509d492307027a26622cb1e1014b992d819711e83f59f652b13b1961d4430c","continuation","False","108","71","37","0.343","4","4","16","12"
"2026-04-13T04:32:46.770236Z","final-24h-tenant","575d7bad584bd0ebbabd4c78c3a1672d3f211a34b1e8eaf0b4c872d35a444b5b","codex","f18f7279e9bf2664b0176d156b9e9d1b3533f91971c6059d0697c5dd53fea636","fa9af7d91444cd7e92136467bff2252ac31fb17419eceb6188cec18ae5d42ace","continuation","False","108","71","37","0.343","4","4","16","12"
"2026-04-13T04:33:16.857099Z","final-24h-tenant","575d7bad584bd0ebbabd4c78c3a1672d3f211a34b1e8eaf0b4c872d35a444b5b","codex","7e9246d7cb649a035969b67256383b9c6e322ebb53eb422bb673281b59e272db","85df54a8d0a7e7cc3bf8d70760e38dde9c110c80a441622d8c9e7048e0287c42","continuation","False","108","71","37","0.343","4","4","16","12"
"2026-04-13T04:33:46.927986Z","final-24h-tenant","575d7bad584bd0ebbabd4c78c3a1672d3f211a34b1e8eaf0b4c872d35a444b5b","codex","1b68ea1a5f7623fd9cfa6ef0ac5961ef4e859e7e5729795c233f3a398e1006d0","e0252b21725c5142ed1600f49a221a8ae48c79ad4e52c91f3c19e1b598760da8","continuation","False","108","71","37","0.343","4","4","16","12"
"2026-04-13T04:34:16.997990Z","final-24h-tenant","575d7bad584bd0ebbabd4c78c3a1672d3f211a34b1e8eaf0b4c872d35a444b5b","codex","cb2d61d7125039e075fbb7d9c8fd482c0f613044316e4c0da0f5486cb7755464","a5fc8975bc3549dc2d5431a5caf84a43ce90f1c8b888da15bbd748004e12797c","continuation","False","108","71","37","0.343","4","4","16","12"
"2026-04-13T04:34:47.088329Z","final-24h-tenant","575d7bad584bd0ebbabd4c78c3a1672d3f211a34b1e8eaf0b4c872d35a444b5b","codex","144d142989008fb144e89eb20f42163d1a328cbab94a09e2132aa95a64663857","867ead57946d2789d81606add675a2769cfd7622f620748f7e5fd6802b871622","continuation","False","108","71","37","0.343","4","4","16","12"
"2026-04-13T04:35:17.170561Z","final-24h-tenant","575d7bad584bd0ebbabd4c78c3a1672d3f211a34b1e8eaf0b4c872d35a444b5b","codex","4857d344455cff312c30e1564ad565ecacae12f1fd00c725a20a3c681beec048","b163e3427e0ba86c97681d52270baf204efb8ad29eed3cb0a2a708a0a38a0e0f","continuation","False","108","71","37","0.343","4","4","16","12"
"2026-04-13T04:35:47.242753Z","final-24h-tenant","575d7bad584bd0ebbabd4c78c3a1672d3f211a34b1e8eaf0b4c872d35a444b5b","codex","90f62eee87c7975b9f59bbb130b24593ae048113da8ab39c8e44473219893561","bebaf5a43bb3f11a175dc091407473234816bc8eeede0890a0d5e8968bd89770","continuation","False","108","71","37","0.343","4","4","16","12"
"2026-04-13T04:36:17.333762Z","final-24h-tenant","575d7bad584bd0ebbabd4c78c3a1672d3f211a34b1e8eaf0b4c872d35a444b5b","codex","1b01706aa074e9330aebdbd545fc8a3d31cddefc76847a62ecd3ea20e47651e4","9a9469a16613fd9877fa253a29ebc3c5a7f8ced5af7e2a6a33d0e49e82843bd9","continuation","False","108","71","37","0.343","4","4","16","12"
"2026-04-13T04:36:47.420404Z","final-24h-tenant","575d7bad584bd0ebbabd4c78c3a1672d3f211a34b1e8eaf0b4c872d35a444b5b","codex","89c225162e4c3dfa8f41749052e82cb569db4f0a5ac375b6f45554fcd3b4a093","e0ebf4f005902d072a3a5ed86acdc5b7b1956b47caae8be7c288db8ac6e2e066","continuation","False","108","71","37","0.343","4","4","16","12"
"2026-04-13T04:37:17.496121Z","final-24h-tenant","575d7bad584bd0ebbabd4c78c3a1672d3f211a34b1e8eaf0b4c872d35a444b5b","codex","c5ebd968ceba74e2be58feb6a4fe055e58803ef0879c2d26c8b4670f8130a3e1","38874224b79a5d977e629e20e7e1298938f7d1b2de4af055f753651959bdbb03","continuation","False","108","71","37","0.343","4","4","16","12"
"2026-04-13T04:37:47.586215Z","final-24h-tenant","575d7bad584bd0ebbabd4c78c3a1672d3f211a34b1e8eaf0b4c872d35a444b5b","codex","50bc428bd87f6764a0ac12413177b7fe0b5084bde01136ef97b1a98d33c8d9cc","c078ed09a9f3fced4dc29fc001a9b13669c7bad36e6938d0a0e540deacf48e6d","continuation","False","108","71","37","0.343","4","4","16","12"
"2026-04-13T04:38:17.678455Z","final-24h-tenant","575d7bad584bd0ebbabd4c78c3a1672d3f211a34b1e8eaf0b4c872d35a444b5b","codex","878da829192d25360e4ddad30c3c4e94d5b4c4491e4d30960d7187f3232e2f1c","cb6e913edc20d0eb6d5c9ad82b68a99de7a9d3a620f51a72fb3d25df4013e881","continuation","False","108","71","37","0.343","4","4","16","12"
"2026-04-13T04:38:47.763271Z","final-24h-tenant","575d7bad584bd0ebbabd4c78c3a1672d3f211a34b1e8eaf0b4c872d35a444b5b","codex","2d3c378d693e465ffab0af3faf92b2b89a8e8c5de510ee97819bfec082d21ad0","09d7e787ae44c6c193ceb2d89130a7f9d0528d0e336088d289f67fd0c7bf162b","continuation","False","108","71","37","0.343","4","4","16","12"
"2026-04-13T04:39:17.850590Z","final-24h-tenant","575d7bad584bd0ebbabd4c78c3a1672d3f211a34b1e8eaf0b4c872d35a444b5b","codex","252f17bb38690d504de9834c2d1bf353c3136dc02bbb89399d55c021eeda3202","30084c16127817619bafb7c2368cf67a195eca8aff5221f533aff0627076d568","continuation","False","108","71","37","0.343","4","4","16","12"
"2026-04-13T04:39:47.930254Z","final-24h-tenant","575d7bad584bd0ebbabd4c78c3a1672d3f211a34b1e8eaf0b4c872d35a444b5b","codex","3f4aadb2c745518e445f171d9d43ccaf2940462de17e18a6b330cc9a26638b14","45e33b46fdde7b9e154751ac7145d02cb15d68dd4e054d2082d1eeb7ba51788a","continuation","False","108","71","37","0.343","4","4","16","12"
"2026-04-13T04:40:18.020298Z","final-24h-tenant","575d7bad584bd0ebbabd4c78c3a1672d3f211a34b1e8eaf0b4c872d35a444b5b","codex","1ee6089c632a20891e9bbc977fe5a38e3f117e29e939e462c2decba18598e992","f676eac14b11c67817823eb518d4f260b5a99e30101778fd0990663eb9619923","continuation","False","108","71","37","0.343","4","4","16","12"
"2026-04-13T04:40:48.093832Z","final-24h-tenant","575d7bad584bd0ebbabd4c78c3a1672d3f211a34b1e8eaf0b4c872d35a444b5b","codex","959cab217ae64668e7c8b1344381da82a6ed6559f968461f6c4bdc38ba53fbff","f7ceb9ab258ec6465357c5376b6c163806b0e2dfe0ec290a733b833cc8f39f02","continuation","False","108","71","37","0.343","4","4","16","12"
"2026-04-13T04:41:18.151374Z","final-24h-tenant","575d7bad584bd0ebbabd4c78c3a1672d3f211a34b1e8eaf0b4c872d35a444b5b","codex","c064091e15be45c961ab31f730aa81ae8f51e2398b42a42487fa8320fde7fea1","318c5876584d317ee09c1763158f261a288d193b89e77fbb3d9cfbd8528bb612","continuation","False","108","71","37","0.343","4","4","16","12"
"2026-04-13T04:41:48.223406Z","final-24h-tenant","575d7bad584bd0ebbabd4c78c3a1672d3f211a34b1e8eaf0b4c872d35a444b5b","codex","e2dfbd4fc202a1555bc1f468709919cbd76b13ce6aef4babc33e83fa3e456ff6","a636932c2128a705690b18758b0edeb7ae17d25c2b83f4df17eadef067d29a1b","continuation","False","108","71","37","0.343","4","4","16","12"
"2026-04-13T04:42:18.293858Z","final-24h-tenant","575d7bad584bd0ebbabd4c78c3a1672d3f211a34b1e8eaf0b4c872d35a444b5b","codex","4b05598a791b7c18e2d0f040bcddcb2b573bfa63d295ed27e16c8eaffec9f930","d10ac229b3e097232ff16c83ebba2d1a7c02e79888065e994f005d7fb7cf601c","continuation","False","108","71","37","0.343","4","4","16","12"
"2026-04-13T04:42:48.373314Z","final-24h-tenant","575d7bad584bd0ebbabd4c78c3a1672d3f211a34b1e8eaf0b4c872d35a444b5b","codex","c6807cab583c4aa964f62ac43bf4aab75d48a18e30cda5a446efbae162c2383e","d15ba017dddaf66cd4116aaf8dc4516a2ff49f2941b37a264ccef7513cc56a9b","continuation","False","108","71","37","0.343","4","4","16","12"
"2026-04-13T04:43:18.433613Z","final-24h-tenant","575d7bad584bd0ebbabd4c78c3a1672d3f211a34b1e8eaf0b4c872d35a444b5b","codex","3755299e160a317a5cb8695eab0e7fcdc5060acde58639995968e63a4dbd0fa8","d6933df8212593301845f9f688df349fa0e35fad9a591e0deb4d25a707b932ac","continuation","False","108","71","37","0.343","4","4","16","12"
"2026-04-13T04:43:48.520765Z","final-24h-tenant","575d7bad584bd0ebbabd4c78c3a1672d3f211a34b1e8eaf0b4c872d35a444b5b","codex","5d2ea6b7bcbef71af29df4fa33fe8eeb1b0e20da9baee8601a62777685334661","0a763a87802afc0d0a63498f9832eac891f478101ce437e35889db56789d5d4a","continuation","False","108","71","37","0.343","4","4","16","12"
"2026-04-13T04:44:18.600222Z","final-24h-tenant","575d7bad584bd0ebbabd4c78c3a1672d3f211a34b1e8eaf0b4c872d35a444b5b","codex","284024a4be79d76612d7829007cbd3a42b3a40801c1f98529917b715bfd422c1","98489ca7fe744876004aa84c1aaf24cf322ffeb838d3462d0a064cecb4b0acff","continuation","False","108","71","37","0.343","4","4","16","12"
"2026-04-13T04:44:48.681895Z","final-24h-tenant","575d7bad584bd0ebbabd4c78c3a1672d3f211a34b1e8eaf0b4c872d35a444b5b","codex","f15f3d7597dea23a36ab47e16685525e4eb789c55231837c6d667fc193e715ea","fe9570f625b31af65bcc72bb9e6f7ad78171669948a3ee1e31b2f9812f60a808","continuation","False","108","71","37","0.343","4","4","16","12"
"2026-04-13T04:45:18.762915Z","final-24h-tenant","575d7bad584bd0ebbabd4c78c3a1672d3f211a34b1e8eaf0b4c872d35a444b5b","codex","8bd7c569484f91234eb9e2cf2aa6b0c42ef3719887d88d044e75be6d0f7f8a13","3f11906d4984b01c31fa4f577759bbc49bd42eb6b5a3e464cb7f6a3588572f95","continuation","False","108","71","37","0.343","4","4","16","12"
"2026-04-13T04:45:48.837217Z","final-24h-tenant","575d7bad584bd0ebbabd4c78c3a1672d3f211a34b1e8eaf0b4c872d35a444b5b","codex","5a1f22b00f6f01b154900b016855f313ba7f0a14ceeeda9aeb2a7422aeab11dc","c114b6bf3ee166082e4ea5f1e2aef70e931479ca1c994fd9084afa5cd1019617","continuation","False","108","71","37","0.343","4","4","16","12"
"2026-04-13T04:46:18.915723Z","final-24h-tenant","575d7bad584bd0ebbabd4c78c3a1672d3f211a34b1e8eaf0b4c872d35a444b5b","codex","ec056ef505c17f43bafcc4e9538644aada0b8439f9eb62499b50183f3c039628","7938bed7822db527ca67fa7bde0b640ef51470d473fc9e9a01e74ee5e19a7296","continuation","False","108","71","37","0.343","4","4","16","12"
"2026-04-13T04:46:49.021640Z","final-24h-tenant","575d7bad584bd0ebbabd4c78c3a1672d3f211a34b1e8eaf0b4c872d35a444b5b","codex","c869b0a9fd00771535558f757898952699c03c9a2b40d04ee3287f67cdf6a16e","4e79bcd4c38db9797b2d7607ad1c0effe843091457ae0d7df587821555637757","continuation","False","108","71","37","0.343","4","4","16","12"
"2026-04-13T04:47:19.234396Z","final-24h-tenant","575d7bad584bd0ebbabd4c78c3a1672d3f211a34b1e8eaf0b4c872d35a444b5b","codex","4b652680e68e96113790f926468d11335d075e7e33a1a78639adb7c3be33476e","ebf1bdf86c927321365f54f745475103b49410831905b20d1f9b3701246411f8","continuation","False","108","71","37","0.343","4","4","16","12"
"2026-04-13T04:47:49.416050Z","final-24h-tenant","575d7bad584bd0ebbabd4c78c3a1672d3f211a34b1e8eaf0b4c872d35a444b5b","codex","ba5c725eb1bdd209c0bd27214140f33b695a215694f50e2eca229131151beb44","230a828b35d1adecfdb3961bb8e110c99f158bd914ea4fbc1d4f15d9b81d625d","continuation","False","108","71","37","0.343","4","4","16","12"
"2026-04-13T04:48:19.546000Z","final-24h-tenant","575d7bad584bd0ebbabd4c78c3a1672d3f211a34b1e8eaf0b4c872d35a444b5b","codex","c34ea399a18f92be4e713699d1dcc7ffa460486aa70f0371279c690d64eec188","c68915861888302fe5107daa89b14ce64b17d5aff9bf2b0ecc160d8cb3d8ea2b","continuation","False","108","71","37","0.343","4","4","16","12"
"2026-04-13T04:48:49.707234Z","final-24h-tenant","575d7bad584bd0ebbabd4c78c3a1672d3f211a34b1e8eaf0b4c872d35a444b5b","codex","9f9bcdea680afc80ee8662240e6206e03c640130f0102d0fbb52c8949c041a72","e24930ca371b36df7d9f0f4a0387c3c7d77019eda338e60e4aeb2c7fabb80760","continuation","False","108","71","37","0.343","4","4","16","12"
"2026-04-13T04:49:19.880896Z","final-24h-tenant","575d7bad584bd0ebbabd4c78c3a1672d3f211a34b1e8eaf0b4c872d35a444b5b","codex","3aa31d6615962c2d2f3abc3337c60b72e23d9cab4c022dd8a93fce4e2bff2d42","0794443e3de83a84faa5914e71dd53355d5fe38c6725bc9cd1742039c788ffec","continuation","False","108","71","37","0.343","4","4","16","12"
"2026-04-13T04:49:49.989058Z","final-24h-tenant","575d7bad584bd0ebbabd4c78c3a1672d3f211a34b1e8eaf0b4c872d35a444b5b","codex","0c77835e210a6664485826069d102de241e1aa1c44662c7ae39d0de5b3c6c2c0","5ee33943854e1fba1ef9e21e1e52c3a935fd98379c140c35d29a18bc1e495fdf","continuation","False","108","71","37","0.343","4","4","16","12"
"2026-04-13T04:50:20.131008Z","final-24h-tenant","575d7bad584bd0ebbabd4c78c3a1672d3f211a34b1e8eaf0b4c872d35a444b5b","codex","3c0e2c969980aad5ca180b20f907e23513b9d4da4a49637db84bd37053de96de","1768846284da65504c1dc34d7010ad7ad82e6748263430178efa0398a04d4412","continuation","False","108","71","37","0.343","4","4","16","12"
"2026-04-13T04:50:50.246779Z","final-24h-tenant","575d7bad584bd0ebbabd4c78c3a1672d3f211a34b1e8eaf0b4c872d35a444b5b","codex","70bd4e9f99983a0f1532fbaefea287402fa47e77407531073d6b62b161ccf252","17cae6d8440d46cce458104f6fe7d70db2af5cf87dc0950cefd604914dd0b603","continuation","False","108","71","37","0.343","4","4","16","12"
"2026-04-13T04:51:20.360144Z","final-24h-tenant","575d7bad584bd0ebbabd4c78c3a1672d3f211a34b1e8eaf0b4c872d35a444b5b","codex","e99eb8db850b1b9fe154ab5482c38247a51d0cddecb8587d74013fee0254ed62","4c196fa7fbf5f080d940faab69ddc35458d2caae0fb2a9b0af92506a9663f228","continuation","False","108","71","37","0.343","4","4","16","12"
"2026-04-13T04:51:50.502260Z","final-24h-tenant","575d7bad584bd0ebbabd4c78c3a1672d3f211a34b1e8eaf0b4c872d35a444b5b","codex","b22e95afb8b58d0455ba64682ee3571c07193321095dc4342c226936484951e2","0b7609eb7c3b7a9b819938e21aabb4ee8945576b8b0e9b02ec78f4564c3b9bb0","continuation","False","108","71","37","0.343","4","4","16","12"
"2026-04-13T04:52:20.655360Z","final-24h-tenant","575d7bad584bd0ebbabd4c78c3a1672d3f211a34b1e8eaf0b4c872d35a444b5b","codex","e641360c8a6e0a72bb2a460da67a84136077c4c4cc1d9f2808462fe10c4dbd1b","f9fe34b9816ab51207af38c599d340816aa4b1a2f8d852d079d6538df38259d0","continuation","False","108","71","37","0.343","4","4","16","12"
"2026-04-13T04:52:50.810393Z","final-24h-tenant","575d7bad584bd0ebbabd4c78c3a1672d3f211a34b1e8eaf0b4c872d35a444b5b","codex","f6ab396da0696f9478617a12a00b9098ef581b2528eefc7a1a790a9b58ee5e31","a840e1714ea7cee9a9eb6ad0b8f15032e06cd6ae98febcc4c602b01741c7feb5","continuation","False","108","71","37","0.343","4","4","16","12"
"2026-04-13T04:53:20.970571Z","final-24h-tenant","575d7bad584bd0ebbabd4c78c3a1672d3f211a34b1e8eaf0b4c872d35a444b5b","codex","c5fc9db3c47d9950050f0416254360dc4c168271a494574e92bd5ba51898f801","1ca8de9634e938952dcfa6f55093b6be38354ff5ebb22360bbaff4b6834905a2","continuation","False","108","71","37","0.343","4","4","16","12"
"2026-04-13T04:53:51.112155Z","final-24h-tenant","575d7bad584bd0ebbabd4c78c3a1672d3f211a34b1e8eaf0b4c872d35a444b5b","codex","773aae77d16fdca4173fec6a5e2d59f979250be0dff9e4f679a0d04567a2c479","362531521bb58f3013ed9106f21aaea655078d3dc223cec95b5eb45a4f24b20f","continuation","False","108","71","37","0.343","4","4","16","12"
"2026-04-13T04:54:21.261129Z","final-24h-tenant","575d7bad584bd0ebbabd4c78c3a1672d3f211a34b1e8eaf0b4c872d35a444b5b","codex","3b6551b58a3ea0ffdff914ae60772b07084d27b83b68a29ecee7300c0d837ae7","b3f4c752faf07753e683e642bc5371614473c4d277a286d4226263f98e0a80de","continuation","False","108","71","37","0.343","4","4","16","12"
"2026-04-13T04:54:51.397888Z","final-24h-tenant","575d7bad584bd0ebbabd4c78c3a1672d3f211a34b1e8eaf0b4c872d35a444b5b","codex","59e7361b5f8cc2f5a874e509b48727cb92d901ab3c49608cf9d936d9767e631f","82d17912257b146547b64ba6212d558b02e1e4d5b8aff5596c52511b6fd4a0af","continuation","False","108","71","37","0.343","4","4","16","12"
"2026-04-13T04:55:21.547909Z","final-24h-tenant","575d7bad584bd0ebbabd4c78c3a1672d3f211a34b1e8eaf0b4c872d35a444b5b","codex","0bf3e11aadc05bee6fa06c58705a669ed31d48fd3a879cdc68c8761a1a602411","b5d3ccf7c13a8feda46b9a7a2b342dfbd7e06923d3f8121f335be8c6d8cf0e97","continuation","False","108","71","37","0.343","4","4","16","12"
"2026-04-13T04:55:51.676292Z","final-24h-tenant","575d7bad584bd0ebbabd4c78c3a1672d3f211a34b1e8eaf0b4c872d35a444b5b","codex","1eac6478f46764fcc2244e7be9d30446f8a92b7e1c9cab1c35f37d38f751c188","617887e7651be9d429196016c8ad80c5e948a2fff3d10b76cac8e1773a68f9fa","continuation","False","108","71","37","0.343","4","4","16","12"
"2026-04-13T04:56:21.859463Z","final-24h-tenant","575d7bad584bd0ebbabd4c78c3a1672d3f211a34b1e8eaf0b4c872d35a444b5b","codex","73e87708208f44dfd2317c62ac4aec3a0fd5e9e1460d1c4768c197e826cc5319","de481a5971118c2075eeaf885be0311e7f96106965c0dcff613cdf1ac7940378","continuation","False","108","71","37","0.343","4","4","16","12"
"2026-04-13T04:56:52.039666Z","final-24h-tenant","575d7bad584bd0ebbabd4c78c3a1672d3f211a34b1e8eaf0b4c872d35a444b5b","codex","4ae5c5b65efab939de52d19c54e99bbadde669fc2e4e44e447ff14a57ed32a4b","593f4dfb37b81fc25fedc6cc0c2260cd032e364c62e523abcf086310ef6d9062","continuation","False","108","71","37","0.343","4","4","16","12"
"2026-04-13T04:57:22.226665Z","final-24h-tenant","575d7bad584bd0ebbabd4c78c3a1672d3f211a34b1e8eaf0b4c872d35a444b5b","codex","faa91b67fa300773a1b64b720fc173f59eeafbfb749b38ebd8d1dc17a3de0d74","17a5fd0f2bb2cc3d547cfdc44490c599775eb527df649b614b2fa3aacae8129f","continuation","False","108","71","37","0.343","4","4","16","12"
"2026-04-13T04:57:52.388852Z","final-24h-tenant","575d7bad584bd0ebbabd4c78c3a1672d3f211a34b1e8eaf0b4c872d35a444b5b","codex","ea0854905ddcdd5484c838854b24fa98df5e3f63946c59fc8cd8c21fa8edd044","9a6bcc2b260a446562126c17e938f07b7c16a9f59bf8d370b4b61e6b8ddacfef","continuation","False","108","71","37","0.343","4","4","16","12"
"2026-04-13T04:58:22.528195Z","final-24h-tenant","575d7bad584bd0ebbabd4c78c3a1672d3f211a34b1e8eaf0b4c872d35a444b5b","codex","2e1476d69ac0a231c8dbff9d6841d8b01c82c227297441d11712eca804557ad7","5eb2eccc4b04e64d683cde5cb056c37cbfcaabd6a831f3d5381ac0d228cb0372","continuation","False","108","71","37","0.343","4","4","16","12"
"2026-04-13T04:58:52.694034Z","final-24h-tenant","575d7bad584bd0ebbabd4c78c3a1672d3f211a34b1e8eaf0b4c872d35a444b5b","codex","191c4c0ccc31d30a792ab94100caa4cacc2fb677591ec3fac46c9566237d2fee","5e664d6001730763bc45da47cfc9c7b27bc01391e5c74d69dcaea29cc688c20b","continuation","False","108","71","37","0.343","4","4","16","12"
"2026-04-13T04:59:22.873844Z","final-24h-tenant","575d7bad584bd0ebbabd4c78c3a1672d3f211a34b1e8eaf0b4c872d35a444b5b","codex","9a065e267f544371a5e1962cd2605c142bd7d12ffe0a1c33fafb748a9fc9e4f0","e111b95fa086f362f33dfe07f6a41a79317451625c4d3bdd2c685a1322ff1710","continuation","False","108","71","37","0.343","4","4","16","12"
"2026-04-13T04:59:53.006711Z","final-24h-tenant","575d7bad584bd0ebbabd4c78c3a1672d3f211a34b1e8eaf0b4c872d35a444b5b","codex","6e793e32f91bd5588b473c7b1fcfec05f84bd475e792a4c51eeeb44a6e7ddf84","e6d1b5ca9ebe45937f0d124250c65ea51a36b15f9cbf2a5729bf911fc505cbd3","continuation","False","108","71","37","0.343","4","4","16","12"
"2026-04-13T05:00:23.163135Z","final-24h-tenant","575d7bad584bd0ebbabd4c78c3a1672d3f211a34b1e8eaf0b4c872d35a444b5b","codex","cffb65b7d572d1d4824769adb29a8266615ba33a236e83bcfd6456521a21b921","6e0bdaa73f002caeec21a63c853d6551230f760460f54b25ee4417177c0ea160","continuation","False","108","71","37","0.343","4","4","16","12"
"2026-04-13T05:00:53.322666Z","final-24h-tenant","575d7bad584bd0ebbabd4c78c3a1672d3f211a34b1e8eaf0b4c872d35a444b5b","codex","6caf59a3f0ab9eb1b417948fc05cd80cece38363f5dfcb1f9ce387c7206f09ee","b2224fac190bfc559a939d9200e60ff6be7dad5d72e8eb81fff426798067e1bb","continuation","False","108","71","37","0.343","4","4","16","12"
"2026-04-13T05:01:23.518252Z","final-24h-tenant","575d7bad584bd0ebbabd4c78c3a1672d3f211a34b1e8eaf0b4c872d35a444b5b","codex","790c0ad4e60556ab87e91f08aa6eae466a391e0f2bfd1232e6ebccbbf9971e91","41c62e4599b4c999df9f837ad097c2a5f65f9715ecc71554222942dabe5e061e","continuation","False","108","71","37","0.343","4","4","16","12"
"2026-04-13T05:01:53.641488Z","final-24h-tenant","575d7bad584bd0ebbabd4c78c3a1672d3f211a34b1e8eaf0b4c872d35a444b5b","codex","3cac52da340c375206af81f27a69f4188ecb0f865b6cd7198ed6593f1f97ed3c","f5d7bf8d113a401d9b79e3fd3be51d9035d8d3409345c25ae70037ab844ab3f4","continuation","False","108","71","37","0.343","4","4","16","12"
"2026-04-13T05:02:23.804475Z","final-24h-tenant","575d7bad584bd0ebbabd4c78c3a1672d3f211a34b1e8eaf0b4c872d35a444b5b","codex","65d50929df7d8198daec45cc5fa2affc77b4ec937754f979e8ac5a559d6d1170","9fb171f1879f4314df933fded5eb8ae7b2ce3e5acc8a1f2755d65eb7770c5400","continuation","False","108","71","37","0.343","4","4","16","12"
"2026-04-13T05:02:53.987927Z","final-24h-tenant","575d7bad584bd0ebbabd4c78c3a1672d3f211a34b1e8eaf0b4c872d35a444b5b","codex","86019796bfeec6ee038e82cf047c894cc09167ed4a2ca45407416995cc5cf7ae","0c0726652297ea4ac7cccfb241951ae961b7fc5ec59f872676356d2f465b34ea","continuation","False","108","71","37","0.343","4","4","16","12"
"2026-04-13T05:03:24.095645Z","final-24h-tenant","575d7bad584bd0ebbabd4c78c3a1672d3f211a34b1e8eaf0b4c872d35a444b5b","codex","f64582bbf799c921a756203b93272e85cddd8772dd26cd332c59692feb09806f","30b38764bedac04d6905fcdf83141399bca3db3f77ae94a8ebf275c62dc5aadd","continuation","False","108","71","37","0.343","4","4","16","12"
"2026-04-13T05:03:54.245604Z","final-24h-tenant","575d7bad584bd0ebbabd4c78c3a1672d3f211a34b1e8eaf0b4c872d35a444b5b","codex","21cc00172befa05552c4991aeff7c22e74d6b22fc173ffea1af566bc1a230209","12c7df37d96b265b4aeea27cffc9727613342b3e0db90a02b174250c0b464b22","continuation","False","108","71","37","0.343","4","4","16","12"
"2026-04-13T05:04:24.421238Z","final-24h-tenant","575d7bad584bd0ebbabd4c78c3a1672d3f211a34b1e8eaf0b4c872d35a444b5b","codex","82f0340126f97c75faf92d488762c9bd048b271280179c2bc12f0cb58a6ceac6","8bc24c6821c7463e2f08e8bbd551aae96aef0064512b3fde6cdd09d653342661","continuation","False","108","71","37","0.343","4","4","16","12"
"2026-04-13T05:04:54.615023Z","final-24h-tenant","575d7bad584bd0ebbabd4c78c3a1672d3f211a34b1e8eaf0b4c872d35a444b5b","codex","956f8c2234685affb862db5aea5a0ad3d55b679a1d64a28e989c901d428078b3","5808a7155149cca2c6c5da4a1b46c04eca479d945899c9399d905a79e893f363","continuation","False","108","71","37","0.343","4","4","16","12"
"2026-04-13T05:05:24.773781Z","final-24h-tenant","575d7bad584bd0ebbabd4c78c3a1672d3f211a34b1e8eaf0b4c872d35a444b5b","codex","9b2a0234c81c6420c977c95383f5f262981638e86cb054dd2b3ca63ef2a20c56","e369b2e3fe428bc7f6b4fcbb98edfa4c2271150f3b9421c55d48868ffdbaacb8","continuation","False","108","71","37","0.343","4","4","16","12"
"2026-04-13T05:05:54.890154Z","final-24h-tenant","575d7bad584bd0ebbabd4c78c3a1672d3f211a34b1e8eaf0b4c872d35a444b5b","codex","986c68eaf23e328fd7791b94bfeef93c4fa703d4ce23c3647e12acd8d401b2e7","9726f39970842d2dcef6ee235b6df1313ec76d4c03a947b788ecafaf1fafae89","continuation","False","108","71","37","0.343","4","4","16","12"
"2026-04-13T05:06:25.028637Z","final-24h-tenant","575d7bad584bd0ebbabd4c78c3a1672d3f211a34b1e8eaf0b4c872d35a444b5b","codex","148940b205454a105eddee933dfd737b7f8b92ff7e30b4632d47696cfd1387eb","5281c4b509d0aa0aa5a6f565c0917e45324f2b7b5c40ac4a2731253f8588302d","continuation","False","108","71","37","0.343","4","4","16","12"
"2026-04-13T05:06:55.191895Z","final-24h-tenant","575d7bad584bd0ebbabd4c78c3a1672d3f211a34b1e8eaf0b4c872d35a444b5b","codex","219da3652d13f972adc32f2c8d0fb0ef4ad8b42bc12fe2d552e62c8b9297cd41","5e5602a7365929da2e137ba782cb547e226177a1fa82e06c1486583651ba5404","continuation","False","108","71","37","0.343","4","4","16","12"
"2026-04-13T05:07:25.371213Z","final-24h-tenant","575d7bad584bd0ebbabd4c78c3a1672d3f211a34b1e8eaf0b4c872d35a444b5b","codex","d6fa44fbcbc7a795c550d82a641b37a05c51a6e96df392476b30bfa18eca1217","f72fb7488aaff67b43ca505d4c4ab1ef339289c753f492c4d0003fddf675a47a","continuation","False","108","71","37","0.343","4","4","16","12"
"2026-04-13T05:07:55.527902Z","final-24h-tenant","575d7bad584bd0ebbabd4c78c3a1672d3f211a34b1e8eaf0b4c872d35a444b5b","codex","16a59bcb830499c46f364953e90d48123dc67098b056b5ed87d7fedc02bd1d32","19735f9e53b23e6cb4b949830366bdc790c64de569b7feb8a61d1e6f18ca0680","continuation","False","108","71","37","0.343","4","4","16","12"
"2026-04-13T05:08:25.631740Z","final-24h-tenant","575d7bad584bd0ebbabd4c78c3a1672d3f211a34b1e8eaf0b4c872d35a444b5b","codex","c4522fb6512eb338e4a655b3d574125a4166ed9111991cd7ddab1560fe3974a4","0e4de6c8e8163c07ceb0811ccd45f4e9a09f4e623e25168f6a625371b98103b5","continuation","False","108","71","37","0.343","4","4","16","12"
"2026-04-13T05:08:55.747910Z","final-24h-tenant","575d7bad584bd0ebbabd4c78c3a1672d3f211a34b1e8eaf0b4c872d35a444b5b","codex","078232088c966c9369e71d1e1321247cd8734fa3365dd3df94891e0517211d7c","462be071343601fc5a29332dee04c3675cf68bf413ac06153bb3f1c07f020fe4","continuation","False","108","71","37","0.343","4","4","16","12"
"2026-04-13T05:09:25.904163Z","final-24h-tenant","575d7bad584bd0ebbabd4c78c3a1672d3f211a34b1e8eaf0b4c872d35a444b5b","codex","370d81995ca370156d61d233a9215a292708355080e6e9ae928189069425990c","d219ae754bdb2e012f809328a5eba274dab9c73b481a2fd13f732550357a42db","continuation","False","108","71","37","0.343","4","4","16","12"
"2026-04-13T05:09:56.061924Z","final-24h-tenant","575d7bad584bd0ebbabd4c78c3a1672d3f211a34b1e8eaf0b4c872d35a444b5b","codex","4aa1dd3039204c08a96fe4ead08529c7223e5ad2f575ff0adfe5c7997123aafb","d1360171c7a23f9c356bcde66c9c036778c26071c3319dbd1667b6846aaea455","continuation","False","108","71","37","0.343","4","4","16","12"
"2026-04-13T05:10:26.203476Z","final-24h-tenant","575d7bad584bd0ebbabd4c78c3a1672d3f211a34b1e8eaf0b4c872d35a444b5b","codex","3835da89c33468188162a688d266f44efcad502ae3e24ff95b45c17780bb8872","1eaedee4e3c62e07fae465150c3df63c16cdb3c709df3109ad6a6ede6f18982c","continuation","False","108","71","37","0.343","4","4","16","12"
"2026-04-13T05:10:56.381556Z","final-24h-tenant","575d7bad584bd0ebbabd4c78c3a1672d3f211a34b1e8eaf0b4c872d35a444b5b","codex","7c11ba0e74766f373de936dd27097a93c32208b1a5bf991b831c40812ce2eaa3","8420007ecc352cc462086210940834dccc01fa078d4ff3689225d764c1759858","continuation","False","108","71","37","0.343","4","4","16","12"
"2026-04-13T05:11:26.577245Z","final-24h-tenant","575d7bad584bd0ebbabd4c78c3a1672d3f211a34b1e8eaf0b4c872d35a444b5b","codex","2fa6a37fd725c3f30d32d2924d0f4a56a23e8889c71df4625cffc19b0e3ed225","6cdf66f0e22992d042321dfd81cf00c8d56f0da8973b0015f24cae0b534fe067","continuation","False","108","71","37","0.343","4","4","16","12"
"2026-04-13T05:11:56.763644Z","final-24h-tenant","575d7bad584bd0ebbabd4c78c3a1672d3f211a34b1e8eaf0b4c872d35a444b5b","codex","13f1520f122f739085ecf2ddbaf3d2d6e1500242b6cca57f8ab5df3b65501040","4ae8608fa126cf7122b828718c1224e5bcde93f93305d6923b1bf1191c0d4325","continuation","False","108","71","37","0.343","4","4","16","12"
"2026-04-13T05:12:26.945254Z","final-24h-tenant","575d7bad584bd0ebbabd4c78c3a1672d3f211a34b1e8eaf0b4c872d35a444b5b","codex","d22701477b49f0f24d1646182429b18f2c26bd7d94747fb1f95bd3a7d71c8371","17443bfdecb6e6b31d2bcd5b9bc58ded565f49d19a399f00a246fa97fa8e9e8d","continuation","False","108","71","37","0.343","4","4","16","12"
"2026-04-13T05:12:57.074615Z","final-24h-tenant","575d7bad584bd0ebbabd4c78c3a1672d3f211a34b1e8eaf0b4c872d35a444b5b","codex","5a802ff1c51ed1cb237c300aff585d1f106dc216d2c21282dfdd222cab703ac9","9cd7e259b9606ceb6d86d92786a0c557989c57f16e9136d909309d448b6156d9","continuation","False","108","71","37","0.343","4","4","16","12"
"2026-04-13T05:13:27.214607Z","final-24h-tenant","575d7bad584bd0ebbabd4c78c3a1672d3f211a34b1e8eaf0b4c872d35a444b5b","codex","b3c2dd0033e47bdd3d1f8c088ec9dd3757bc0704f28cd225359ebddbe66cced6","0d7a867261ef22843881f209678978be46ebef57b1dd371c8d471bfa6688420e","continuation","False","108","71","37","0.343","4","4","16","12"
"2026-04-13T05:13:57.331352Z","final-24h-tenant","575d7bad584bd0ebbabd4c78c3a1672d3f211a34b1e8eaf0b4c872d35a444b5b","codex","53ff25607e0e50cbf1ddf2b5ef9365158920039929b2295a6c52328613c885b8","3db7f0300f7ca6965cd0a4177fdaf5f41f9ed6e67c662c118693c85258412c89","continuation","False","108","71","37","0.343","4","4","16","12"
"2026-04-13T05:14:27.484622Z","final-24h-tenant","575d7bad584bd0ebbabd4c78c3a1672d3f211a34b1e8eaf0b4c872d35a444b5b","codex","fd53abe092ecf810b7fa1a467f2bd8157ee86353bc02ca4e3d334f06c6f83d02","062a36e4727a3327172bc55f767bbda19ea5f49a0dde2fbfc2bb1ea9d1811876","continuation","False","108","71","37","0.343","4","4","16","12"
"2026-04-13T05:14:57.675006Z","final-24h-tenant","575d7bad584bd0ebbabd4c78c3a1672d3f211a34b1e8eaf0b4c872d35a444b5b","codex","e299de7ff3d82f0a2ca13fa49d551bcad82455f7d33a800c15c1407c602ba293","62ab42bdf45c54fb864f1b47ef8ce2689077d8227fe9c1d64fd569cac3260472","continuation","False","108","71","37","0.343","4","4","16","12"
"2026-04-13T05:15:27.840198Z","final-24h-tenant","575d7bad584bd0ebbabd4c78c3a1672d3f211a34b1e8eaf0b4c872d35a444b5b","codex","e12524822ed6a7a8a700ce4ec95f878f6dd8baf2611908add64570201bb878cc","a4b0c29df2d3bb155efd3bae498fe2b9a2b79f8684db880eec3d171901f382c4","continuation","False","108","71","37","0.343","4","4","16","12"
"2026-04-13T05:15:58.043973Z","final-24h-tenant","575d7bad584bd0ebbabd4c78c3a1672d3f211a34b1e8eaf0b4c872d35a444b5b","codex","5c0bedd7040180050e84d71b5c2a855d3dfe1252ea3d945f8a193a6b05c57a84","2193de43c80dc04e604957140e92a8352d2d464664d88928c38b5695510c5b26","continuation","False","108","71","37","0.343","4","4","16","12"
"2026-04-13T05:16:28.195442Z","final-24h-tenant","575d7bad584bd0ebbabd4c78c3a1672d3f211a34b1e8eaf0b4c872d35a444b5b","codex","38bc4594ba93fbc7394c00a70f53fb5832a1374a404c494173475762fc5f276e","3abd9f52da15cdae5f6fb8f46495e0e3c344de32cba60abd979978656e6c0b19","continuation","False","108","71","37","0.343","4","4","16","12"
"2026-04-13T05:16:58.362300Z","final-24h-tenant","575d7bad584bd0ebbabd4c78c3a1672d3f211a34b1e8eaf0b4c872d35a444b5b","codex","ce18ecc2d4edb25a92f44d13c93387e13c7938518c9b872c7de1c745573b2075","880bba09ef4d484e8147ec1f78c717ac171bd7b5e716947426832de1181bb854","continuation","False","108","71","37","0.343","4","4","16","12"
"2026-04-13T05:17:28.525174Z","final-24h-tenant","575d7bad584bd0ebbabd4c78c3a1672d3f211a34b1e8eaf0b4c872d35a444b5b","codex","f6079c96b3fc04c14c0b448a1bfd4818c968ae96ac56d1e41690b0777c086769","6c0d03e29d4b22564ba51a9f35a1e60303e565c172fe484f2f57efa4c51214d8","continuation","False","108","71","37","0.343","4","4","16","12"
"2026-04-13T05:17:58.699801Z","final-24h-tenant","575d7bad584bd0ebbabd4c78c3a1672d3f211a34b1e8eaf0b4c872d35a444b5b","codex","beee1ee8212769ae18498600fc59211cd932403a672df5a454ff54c29f7a755b","9524c90c548590a6827b487e912ec00c68084ec00bee4b67c8859a4b2b133074","continuation","False","108","71","37","0.343","4","4","16","12"
"2026-04-13T05:18:28.879249Z","final-24h-tenant","575d7bad584bd0ebbabd4c78c3a1672d3f211a34b1e8eaf0b4c872d35a444b5b","codex","c0147c8118e4b0e6c2d2242cc4c0b4860c32468fba6d6ee6c034763125133cf8","dfed65d87f2ee7569170e0b50cc239c1d8e464f73329839ddb5d6250eb9ffd58","continuation","False","108","71","37","0.343","4","4","16","12"
"2026-04-13T05:18:59.009637Z","final-24h-tenant","575d7bad584bd0ebbabd4c78c3a1672d3f211a34b1e8eaf0b4c872d35a444b5b","codex","b187324280364b331cceac0e5abd13af4752dda977dc702d29fb2121c689da01","adef3f64be767c20286570c4c3b2db89925000b106dc24a8772b982bafaa978d","continuation","False","108","71","37","0.343","4","4","16","12"
"2026-04-13T05:19:29.184698Z","final-24h-tenant","575d7bad584bd0ebbabd4c78c3a1672d3f211a34b1e8eaf0b4c872d35a444b5b","codex","c28c35595f4d8aa30d31a0269a233ff9f60703cde370cd855f48501c5d5b7c6b","7aa50d87bd08acb208b04a1bbd03e312766036e4905598a1492bfb44b8a9c2f4","continuation","False","108","71","37","0.343","4","4","16","12"
"2026-04-13T05:19:59.338267Z","final-24h-tenant","575d7bad584bd0ebbabd4c78c3a1672d3f211a34b1e8eaf0b4c872d35a444b5b","codex","7ab5a6ef0e509273f81864c130d575c31b36c9c5c2a87014f4f28ca1420fe10d","2488a9bb84ccaf53adc5f988b1d00baf304bc7ac07e8393cd02e4bb2ecfe22cc","continuation","False","108","71","37","0.343","4","4","16","12"
"2026-04-13T05:20:29.469914Z","final-24h-tenant","575d7bad584bd0ebbabd4c78c3a1672d3f211a34b1e8eaf0b4c872d35a444b5b","codex","7642936c56715aaf512119a5763dc9f2695709eddc81f1b71104e955a7241561","19540c8f91f9bc5996cdcec78817792e82efad6938740e57b83b463181f05311","continuation","False","108","71","37","0.343","4","4","16","12"
"2026-04-13T05:20:59.655100Z","final-24h-tenant","575d7bad584bd0ebbabd4c78c3a1672d3f211a34b1e8eaf0b4c872d35a444b5b","codex","93021751353b3b7ce4d133c13a9720e124645e8e450dfd38e6d717f8318e17f0","f8d01cb6f44979e8c664ad893443aa8c00f35754c86ad5c19002eb6f007a639d","continuation","False","108","71","37","0.343","4","4","16","12"
"2026-04-13T05:21:29.814436Z","final-24h-tenant","575d7bad584bd0ebbabd4c78c3a1672d3f211a34b1e8eaf0b4c872d35a444b5b","codex","90218bab60e0f59707b46bfefe215fcf4f718a930d0364a02e5cc4cfe5d48ce5","47f48fba26c92e2dde707aa82ae47541ee237d7b7da6e2bbb659848c109daec9","continuation","False","108","71","37","0.343","4","4","16","12"
"2026-04-13T05:21:59.993730Z","final-24h-tenant","575d7bad584bd0ebbabd4c78c3a1672d3f211a34b1e8eaf0b4c872d35a444b5b","codex","a8c33efaf454292d5186d2d01a36f8c2a3974c9d8f25efb3ee55417a8874cb0b","776e9484416679ba2fdf2d1e053a29f22b2984475dcac3416c4ce3c8864e7c66","continuation","False","108","71","37","0.343","4","4","16","12"
"2026-04-13T05:22:30.127875Z","final-24h-tenant","575d7bad584bd0ebbabd4c78c3a1672d3f211a34b1e8eaf0b4c872d35a444b5b","codex","30b66eac705ab64cf3497804175cb29df09f718645d447be049a63c723cd1a98","bd05ca2aa5f98fde30b899a2f67149789d775fa65379251ef49695da7ded5ea9","continuation","False","108","71","37","0.343","4","4","16","12"
"2026-04-13T05:23:00.270247Z","final-24h-tenant","575d7bad584bd0ebbabd4c78c3a1672d3f211a34b1e8eaf0b4c872d35a444b5b","codex","ea651a6e3f15a7c67c115ee585ab128301f52fd604183fc857fa1df3e7a5a3a5","8c76278e9a539a823092f466283ee86df47e67e0da3609de7778fc3c946bf271","continuation","False","108","71","37","0.343","4","4","16","12"
"2026-04-13T05:23:30.421042Z","final-24h-tenant","575d7bad584bd0ebbabd4c78c3a1672d3f211a34b1e8eaf0b4c872d35a444b5b","codex","d1962ed2f6ab10739df1442e7237be2db531612bdd83e6fb65b05479afbee8cd","658b6f41ac72b0ce8bd28676dd08c4c40a48539cf66504d6df12d0164cc62b2d","continuation","False","108","71","37","0.343","4","4","16","12"
"2026-04-13T05:24:00.589285Z","final-24h-tenant","575d7bad584bd0ebbabd4c78c3a1672d3f211a34b1e8eaf0b4c872d35a444b5b","codex","59f4f4e463afbd6b46b60cd5238d1008e37b6f0f11e6e1ae8310e994500724dc","4be10099fc28def3dae038adeb5f661bd2f10ef958f6bddcd5041deec2cb28fb","continuation","False","108","71","37","0.343","4","4","16","12"
"2026-04-13T05:24:30.765963Z","final-24h-tenant","575d7bad584bd0ebbabd4c78c3a1672d3f211a34b1e8eaf0b4c872d35a444b5b","codex","146397cc4c5556a53f52855e44f5e9ecc257eec36431c70f11e30870a502be0e","015a14e10f11d849d11684ad334996a23aca3cf3a8af9fbbb540f95cc5223357","continuation","False","108","71","37","0.343","4","4","16","12"
"2026-04-13T05:25:00.912577Z","final-24h-tenant","575d7bad584bd0ebbabd4c78c3a1672d3f211a34b1e8eaf0b4c872d35a444b5b","codex","4b90b749d593239e1414c96066bc03c88e20a39a02dc76d0512e76f4f73b6a0f","1c4b7da0777a45be21197cf2d6d8858be5336119155c306f6a2e9e9a83373886","continuation","False","108","71","37","0.343","4","4","16","12"
"2026-04-13T05:25:31.063623Z","final-24h-tenant","575d7bad584bd0ebbabd4c78c3a1672d3f211a34b1e8eaf0b4c872d35a444b5b","codex","a3ffa5057ad765b1a263f684b4f85d25c159647731a68ed0f8e6435abcc3b835","b22e4f37ee3f83fac141a65c180b2ee2b11b1e6ee4a8eda5ff4108eb9ffdac8b","continuation","False","108","71","37","0.343","4","4","16","12"
"2026-04-13T05:26:01.218079Z","final-24h-tenant","575d7bad584bd0ebbabd4c78c3a1672d3f211a34b1e8eaf0b4c872d35a444b5b","codex","ab59012d4d13195262a50c501154660a7b10e92b0eaaa4f4b072fe1e9c88bc71","77939d9a8b964add47d20bf6f24b627a27bdbb0c1fe34c1ff2a09aeeaa217e86","continuation","False","108","71","37","0.343","4","4","16","12"
"2026-04-13T05:26:31.359978Z","final-24h-tenant","575d7bad584bd0ebbabd4c78c3a1672d3f211a34b1e8eaf0b4c872d35a444b5b","codex","0e71fb9c54336064e620a9246b258754ee3d7f9e8eb70aa2b1bb4b8c8b062841","69b1d3d139b6c02a05119b7ec32b774022c7255acf40e035e454a5f3beae0d5a","continuation","False","108","71","37","0.343","4","4","16","12"
"2026-04-13T05:27:01.549943Z","final-24h-tenant","575d7bad584bd0ebbabd4c78c3a1672d3f211a34b1e8eaf0b4c872d35a444b5b","codex","1a1f008b451bf9a86403e648da7f44fc2aea9e2c4a5df98e852dd36c2b026684","b25ca8677ab12f3d748948ba6ba0d0987afac90ebab34b3dbd49e67bbaaf85f1","continuation","False","108","71","37","0.343","4","4","16","12"
"2026-04-13T05:27:31.716949Z","final-24h-tenant","575d7bad584bd0ebbabd4c78c3a1672d3f211a34b1e8eaf0b4c872d35a444b5b","codex","2658fafcaaccda4b757340c6c498cad769d1b9afbb8ce469ecb2d347a7573005","7bc7f7713561f6c85152d23e7d3186bd3fd6ca31439d0b8b5123d295875763b5","continuation","False","108","71","37","0.343","4","4","16","12"
"2026-04-13T05:28:01.873065Z","final-24h-tenant","575d7bad584bd0ebbabd4c78c3a1672d3f211a34b1e8eaf0b4c872d35a444b5b","codex","b165d310687667dc84cf7eef7a4f9b9a98674eafcc8b39a5020afc8f88eaa3f0","5f51d6d4470d4b29e7c1d72daf848eda24fc2d805357b999ab8a7216f632a8e3","continuation","False","108","71","37","0.343","4","4","16","12"
"2026-04-13T05:28:32.186100Z","final-24h-tenant","575d7bad584bd0ebbabd4c78c3a1672d3f211a34b1e8eaf0b4c872d35a444b5b","codex","7d2be46857bfbfad1317a4380838f680b50aefedd79a092bdebfbc9f9c15636c","fdfb7f67d06f9270e6476a962ecce078769daa676199a729645450321442e001","continuation","False","108","71","37","0.343","4","4","16","12"
"2026-04-13T05:29:02.363458Z","final-24h-tenant","575d7bad584bd0ebbabd4c78c3a1672d3f211a34b1e8eaf0b4c872d35a444b5b","codex","f654b0e1d913ac9062ced6ef4128b7c60b062b062c1642a0e93f40d5634f350c","9f31ce5c484318b394e17f48345a8859daafe62972448b56b90889171a5e8913","continuation","False","108","71","37","0.343","4","4","16","12"
"2026-04-13T05:29:32.500883Z","final-24h-tenant","575d7bad584bd0ebbabd4c78c3a1672d3f211a34b1e8eaf0b4c872d35a444b5b","codex","06f398bbf74955ab24df609df5bb39d17fd91f7be68790217e220717c9c573a1","56a03ac4a2061db99ff5ffddd3f4f5c5db1560b44a7af93a00d360481f91d3f7","continuation","False","108","71","37","0.343","4","4","16","12"
"2026-04-13T05:30:02.652018Z","final-24h-tenant","575d7bad584bd0ebbabd4c78c3a1672d3f211a34b1e8eaf0b4c872d35a444b5b","codex","d71f2b8b14d8a4f5974a431c14e8d4bcde98d98e874d63cbfacd6c4057ace499","9307ed5f0c4ac66f4d46c596e79fcc63d2ef236e5e2cab1f80c4beef573da653","continuation","False","108","71","37","0.343","4","4","16","12"
"2026-04-13T05:30:32.759503Z","final-24h-tenant","575d7bad584bd0ebbabd4c78c3a1672d3f211a34b1e8eaf0b4c872d35a444b5b","codex","5fc81a1ef798cb4d2c95d847381568e5d0f7ebb8acf89f2eb4d9df7a71e57efd","6857ad201832a60f09c657e0d3ed6ef13feeb64c331ccb2ae59f3d0038c2da5f","continuation","False","108","71","37","0.343","4","4","16","12"
"2026-04-13T05:31:02.934465Z","final-24h-tenant","575d7bad584bd0ebbabd4c78c3a1672d3f211a34b1e8eaf0b4c872d35a444b5b","codex","eb06720eba5c5cdb33fc31658388479f755819a9474d33927eeda1b37eaac094","7487c926dd44aa8582fb6d90726911890962c3163b1016fa18c1a042cbd648e7","continuation","False","108","71","37","0.343","4","4","16","12"
"2026-04-13T05:31:33.086785Z","final-24h-tenant","575d7bad584bd0ebbabd4c78c3a1672d3f211a34b1e8eaf0b4c872d35a444b5b","codex","4f134491ec3e0db31b31fadcc84282f3adae23b18e34868f99917b1155c50102","3d5ca6c670743bd18ab69f1666328ccb383c012a73605f67827bb58b022a0cb8","continuation","False","108","71","37","0.343","4","4","16","12"
"2026-04-13T05:32:03.226847Z","final-24h-tenant","575d7bad584bd0ebbabd4c78c3a1672d3f211a34b1e8eaf0b4c872d35a444b5b","codex","51cef11fd113da8897937e81be678367ae59bbbc04c40b084cef8fc770ee46aa","c26814c49645d0e8629e8e2df246fcbfbaebb14ceafb442c27585c4f77fb3290","continuation","False","108","71","37","0.343","4","4","16","12"
"2026-04-13T05:32:33.365679Z","final-24h-tenant","575d7bad584bd0ebbabd4c78c3a1672d3f211a34b1e8eaf0b4c872d35a444b5b","codex","422f9ba55223f3ef4dc9b802d9cc2897d3aa4806fd7123ae64b971763f695c1c","91d7277b4c2310912af24c4282ef6d60b95c854598fff1e5aaf76270bce3e0ee","continuation","False","108","71","37","0.343","4","4","16","12"
"2026-04-13T05:33:03.532842Z","final-24h-tenant","575d7bad584bd0ebbabd4c78c3a1672d3f211a34b1e8eaf0b4c872d35a444b5b","codex","cf61a8c3a20d776d711c7866eb9eee75e4570571865db909e6daa0ed4981ab91","a1462a0b083512cdb440b5dadac60e31ad192b2a0a8eb1fd704b8a5b80d4fc5b","continuation","False","108","71","37","0.343","4","4","16","12"
"2026-04-13T05:33:33.656943Z","final-24h-tenant","575d7bad584bd0ebbabd4c78c3a1672d3f211a34b1e8eaf0b4c872d35a444b5b","codex","a1e49db40683db74d659502f0dbe5f565feaf23c9f4b5def7340afdf8cc55ed8","a1787e6e2111987dad709bd348c986c39dd6c13a6ccddaa4c6974aebb225be1e","continuation","False","108","71","37","0.343","4","4","16","12"
"2026-04-13T05:34:03.791218Z","final-24h-tenant","575d7bad584bd0ebbabd4c78c3a1672d3f211a34b1e8eaf0b4c872d35a444b5b","codex","184215b8348ef647b736768ee8bf733363f23b002495e3b9d8615dd199f9bedf","e34827e6d23e8f7a739a012af55fe757a5bc5c8349239687acaa6ee493cd491a","continuation","False","108","71","37","0.343","4","4","16","12"
"2026-04-13T05:34:33.926948Z","final-24h-tenant","575d7bad584bd0ebbabd4c78c3a1672d3f211a34b1e8eaf0b4c872d35a444b5b","codex","cf1886f854460e3e348612f125131eb86e5024c3406bd4f53c62a51baa33c98e","7436d673553e44269454ea35577ae399ffbe28399e826bc7759ea0fa77c605b0","continuation","False","108","71","37","0.343","4","4","16","12"
"2026-04-13T05:35:04.082438Z","final-24h-tenant","575d7bad584bd0ebbabd4c78c3a1672d3f211a34b1e8eaf0b4c872d35a444b5b","codex","eaadda8f099d9ba98f0cbb910887c2e30694647d632b310a4d2e5cbb2d74aa81","ed8e58015638179e4d6c41666c507aeca18c322520e5542e094c953ec7f62c45","continuation","False","108","71","37","0.343","4","4","16","12"
"2026-04-13T05:35:34.216389Z","final-24h-tenant","575d7bad584bd0ebbabd4c78c3a1672d3f211a34b1e8eaf0b4c872d35a444b5b","codex","de99890db2c5e1fa8ea8cf7e815821dd7961e511bfb0e1f5a1ccb8e7a9de3441","79e119ea6bd2f63fe6638d975676b30041db68c2275b4da4248caa970f0f9cb6","continuation","False","108","71","37","0.343","4","4","16","12"
"2026-04-13T05:36:04.401920Z","final-24h-tenant","575d7bad584bd0ebbabd4c78c3a1672d3f211a34b1e8eaf0b4c872d35a444b5b","codex","43f31d862d16561e10ea9206f06bc15acf7e395fce3d058808a62002e6cd8c0c","b5ab513677e40fd7a37f4d28823b4c249b5e49f8b15163bfe8c128f039d97f55","continuation","False","108","71","37","0.343","4","4","16","12"
"2026-04-13T05:36:34.560186Z","final-24h-tenant","575d7bad584bd0ebbabd4c78c3a1672d3f211a34b1e8eaf0b4c872d35a444b5b","codex","afbd90fc38ff1feac7ea6fa1816aefb50c88ed8fc604f44e80e13b4d4232ba17","9a2c71534a5e604dfc425d5284c72e760706e249328a5c9aeacbdf9a3123c512","continuation","False","108","71","37","0.343","4","4","16","12"
"2026-04-13T05:37:04.776405Z","final-24h-tenant","575d7bad584bd0ebbabd4c78c3a1672d3f211a34b1e8eaf0b4c872d35a444b5b","codex","bc2a1992d2b8d2bd265720598f742f71026b7df5a4c03e2914a3575ef7022587","a207aca897c66a2ffc3d3777558444fb13a198da9ab60d7e4e75167d315d13a6","continuation","False","108","71","37","0.343","4","4","16","12"
"2026-04-13T05:37:34.892361Z","final-24h-tenant","575d7bad584bd0ebbabd4c78c3a1672d3f211a34b1e8eaf0b4c872d35a444b5b","codex","bb2763fecd3f57e329ca8726adbd348866cb6cde1bd8ad414b7e575768df70e1","af24dbabc45f7e2d3786fc1a31d86cbcc904b04e84031e9be7649a520e101d28","continuation","False","108","71","37","0.343","4","4","16","12"
"2026-04-13T05:38:05.055464Z","final-24h-tenant","575d7bad584bd0ebbabd4c78c3a1672d3f211a34b1e8eaf0b4c872d35a444b5b","codex","8ea05c812e785838549f9dde767b17255f363881ce4c9f8cd166fbd2c86b0597","29fc38ec3d5adee9887dfcb4603acdcbf557b746dabd35818d399dd3f9b4a2d0","continuation","False","108","71","37","0.343","4","4","16","12"
"2026-04-13T05:38:35.174073Z","final-24h-tenant","575d7bad584bd0ebbabd4c78c3a1672d3f211a34b1e8eaf0b4c872d35a444b5b","codex","642c755651d9b496652c9af6cecbc73a15e64418e8e304f5ef492d3f16ffd235","673292ce51f74fab7b2785ade678711737be1511d206dbe8ad22908f17a9d404","continuation","False","108","71","37","0.343","4","4","16","12"
"2026-04-13T05:39:05.321973Z","final-24h-tenant","575d7bad584bd0ebbabd4c78c3a1672d3f211a34b1e8eaf0b4c872d35a444b5b","codex","38cc176333dd4fb156399d9b5e827719567007f5fc043f02bf021746ae23c7a5","05d87f7362294b89a444cb6cdff0214a888f2e6d0726a9373b72c6a260a194b6","continuation","False","108","71","37","0.343","4","4","16","12"
"2026-04-13T05:39:35.490964Z","final-24h-tenant","575d7bad584bd0ebbabd4c78c3a1672d3f211a34b1e8eaf0b4c872d35a444b5b","codex","66bc517f374bc70d7d655de31a1565270b9188e50006b239f70c9b47e89dbde8","8475cd73631fde22e15ca382899fa3db6489ff5ba4363168762bd5522d2d79e0","continuation","False","108","71","37","0.343","4","4","16","12"
"2026-04-13T05:40:05.646648Z","final-24h-tenant","575d7bad584bd0ebbabd4c78c3a1672d3f211a34b1e8eaf0b4c872d35a444b5b","codex","e99cd7cb67eb63ed416084cac8b0137b1c7f6a758067f370e37eaa3c92b69838","2a14eaeda0ec1f36e514e1cf816bcccee82bb8cc36c6e53a4a713a59800a9cfa","continuation","False","108","71","37","0.343","4","4","16","12"
"2026-04-13T05:40:35.794155Z","final-24h-tenant","575d7bad584bd0ebbabd4c78c3a1672d3f211a34b1e8eaf0b4c872d35a444b5b","codex","15e5a21437fecb192727d9437162f4931f2495ed188fafe05bee51bedeea5103","94e075818cf133d67ada1761c33204c061c23224b72122611be384fafdd251d7","continuation","False","108","71","37","0.343","4","4","16","12"
"2026-04-13T05:41:05.946162Z","final-24h-tenant","575d7bad584bd0ebbabd4c78c3a1672d3f211a34b1e8eaf0b4c872d35a444b5b","codex","015d6fbb19a0ea13f053527becb16a1c3e3c72b67b855cb1f282c2ee0ad7c92f","5fe87097dbd6b3d50f2554d9f4936f7cc5e54b926ee536ee911dbee4384a2b8f","continuation","False","108","71","37","0.343","4","4","16","12"
"2026-04-13T05:41:36.084821Z","final-24h-tenant","575d7bad584bd0ebbabd4c78c3a1672d3f211a34b1e8eaf0b4c872d35a444b5b","codex","d68b0f58374733f1af6ea7b2a6c0dee15d2064e0bdff3832600cab028de4f090","9c8c775d6dc004cc33fb6ff39c79a9b48d40a10735d0e57bab1258fdb6ac478c","continuation","False","108","71","37","0.343","4","4","16","12"
"2026-04-13T05:42:06.218871Z","final-24h-tenant","575d7bad584bd0ebbabd4c78c3a1672d3f211a34b1e8eaf0b4c872d35a444b5b","codex","7a8bd1bd3fed914001fc8139e8040d0394ee537af633a78f92a02b4aa6606dda","5c6637276751dfc2c619d46f4304df821019e538ea37d105e2efac2206bc8022","continuation","False","108","71","37","0.343","4","4","16","12"
"2026-04-13T05:42:36.351439Z","final-24h-tenant","575d7bad584bd0ebbabd4c78c3a1672d3f211a34b1e8eaf0b4c872d35a444b5b","codex","2d0bb191678901efb0ef896ee83b90cbcd4aa2611b1497d585e99f846c99fdef","54945eb8d0bc9bd214e755b83b8fdc7732966e1dbc6a16894f868c14df0c912c","continuation","False","108","71","37","0.343","4","4","16","12"
"2026-04-13T05:43:06.519599Z","final-24h-tenant","575d7bad584bd0ebbabd4c78c3a1672d3f211a34b1e8eaf0b4c872d35a444b5b","codex","d0692c6dd796231a580f3ba431d15f96b90c714eea66867e26ecc40e421375f2","3c0b3174a94a52ffa3c62c8c848eb927b09b225f8ec654bed388da929a167afa","continuation","False","108","71","37","0.343","4","4","16","12"
"2026-04-13T05:43:36.685890Z","final-24h-tenant","575d7bad584bd0ebbabd4c78c3a1672d3f211a34b1e8eaf0b4c872d35a444b5b","codex","fedeaee5a607f4ff4dacd51d609fcdf9f47efb497235e8602874a95a0038b616","243bea1445924481084be120fe1ecbc9f3122aa23d8443fa042ad6cdbdc547e8","continuation","False","108","71","37","0.343","4","4","16","12"
"2026-04-13T05:44:06.863473Z","final-24h-tenant","575d7bad584bd0ebbabd4c78c3a1672d3f211a34b1e8eaf0b4c872d35a444b5b","codex","234dbf0884c9095e7cbe9556958029b7232a5cacdb67f6edde27bfb2e024c978","40594a07a5238636d947f94e30ffc13f43c166cc9eb3a0a3178a7d6042605a50","continuation","False","108","71","37","0.343","4","4","16","12"
"2026-04-13T05:44:37.019919Z","final-24h-tenant","575d7bad584bd0ebbabd4c78c3a1672d3f211a34b1e8eaf0b4c872d35a444b5b","codex","a5a6061ae2157237dac41569d097faace01c361e6666c9f5b8fd71d8488fc282","8126721f4fd9152b172017712bf21be3032b286b48e65064765767a3be2a03d6","continuation","False","108","71","37","0.343","4","4","16","12"
"2026-04-13T05:45:07.134064Z","final-24h-tenant","575d7bad584bd0ebbabd4c78c3a1672d3f211a34b1e8eaf0b4c872d35a444b5b","codex","6a7ec3b2066528bceb14b275b9e5d114739532e99601b3443fd372bd86d62ee8","9edf66c39397b3fb6024927caeacc7c7b4d321d68185cd0ccf363ab05a93f2d6","continuation","False","108","71","37","0.343","4","4","16","12"
"2026-04-13T05:45:37.291261Z","final-24h-tenant","575d7bad584bd0ebbabd4c78c3a1672d3f211a34b1e8eaf0b4c872d35a444b5b","codex","7dc93b63df34bd847ac54090ffe830309c044cbcebca4eaca8c4c3ec46a48992","c8eeb8cab09009bd70ec0844bd6ea87e11f5fcc631d3222917add2aa23a32672","continuation","False","108","71","37","0.343","4","4","16","12"
"2026-04-13T05:46:07.443010Z","final-24h-tenant","575d7bad584bd0ebbabd4c78c3a1672d3f211a34b1e8eaf0b4c872d35a444b5b","codex","1bc40f5c12bf63394244b42db19c143e39ef4a443eb8710a89b6614eb28fb399","fefd5ce3af331de4e789841e4bbcf26a9081f967faca8d81ced637f7584e410e","continuation","False","108","71","37","0.343","4","4","16","12"
"2026-04-13T05:46:37.582740Z","final-24h-tenant","575d7bad584bd0ebbabd4c78c3a1672d3f211a34b1e8eaf0b4c872d35a444b5b","codex","1998be822da701a5bb16c45b4d68305a25131948b0c0c5d5c489ded1ace1a1b1","6872dab35cd7ee9c569fc21730427f9c211c7d3849245321595c8622825843a9","continuation","False","108","71","37","0.343","4","4","16","12"
"2026-04-13T05:47:07.729721Z","final-24h-tenant","575d7bad584bd0ebbabd4c78c3a1672d3f211a34b1e8eaf0b4c872d35a444b5b","codex","7165ef8b9f1514950a0c77f9d071094f4a4ce8ff4b3ac9e5b02edfffb8d6e676","77a16334a5fd51d80338274a73afb25d20c19e004980ec8ca9175d44684ecd54","continuation","False","108","71","37","0.343","4","4","16","12"
"2026-04-13T05:47:37.865620Z","final-24h-tenant","575d7bad584bd0ebbabd4c78c3a1672d3f211a34b1e8eaf0b4c872d35a444b5b","codex","6108be2a40046f34108938df9d1c4591b647d568b478e3de130cc2c6490c78ec","8bd1a4e9269f8e829d6d934e640471acdb134da5e6436b53a250c41274827765","continuation","False","108","71","37","0.343","4","4","16","12"
"2026-04-13T05:48:08.035252Z","final-24h-tenant","575d7bad584bd0ebbabd4c78c3a1672d3f211a34b1e8eaf0b4c872d35a444b5b","codex","7b7ab6a6fc17f7b9f42136e1d31cc59ca56d0b531454846f4156088cc0896c8a","4734e3042384e263e3eb0a651421a430f1e1b07dd4b84a094eda4dee60e31cac","continuation","False","108","71","37","0.343","4","4","16","12"
"2026-04-13T05:48:38.193699Z","final-24h-tenant","575d7bad584bd0ebbabd4c78c3a1672d3f211a34b1e8eaf0b4c872d35a444b5b","codex","f7da5551ab9f39c99981af5b73805ac21734a5d86efb9c9215db52975332e21f","8d0daf7bd37b4b93d0b47b662c8d3b03825fc36eb7ddf921e69bab822f97091d","continuation","False","108","71","37","0.343","4","4","16","12"
"2026-04-13T05:49:08.363414Z","final-24h-tenant","575d7bad584bd0ebbabd4c78c3a1672d3f211a34b1e8eaf0b4c872d35a444b5b","codex","95da9c0ad08912b64215cf40521b7b494dbb4b3139a3bcf5a8220943100963e0","80e1a579f447b1123abe86d3729a1f610ea94bcbf7f371b291523600382f54db","continuation","False","108","71","37","0.343","4","4","16","12"
"2026-04-13T05:49:38.514311Z","final-24h-tenant","575d7bad584bd0ebbabd4c78c3a1672d3f211a34b1e8eaf0b4c872d35a444b5b","codex","cdacaa97d336ec8740ddd264af8c96ef2b22f5e7802887e61fab5f123da4e274","62d9b193399f84db45eabfdb3b484c2f135c1d06186ebda131585f9ea3ddd37a","continuation","False","108","71","37","0.343","4","4","16","12"
"2026-04-13T05:50:08.657413Z","final-24h-tenant","575d7bad584bd0ebbabd4c78c3a1672d3f211a34b1e8eaf0b4c872d35a444b5b","codex","76e2ada9445a4ae342c176ee267340cf7177b6406df4bda67c9cc2f112377758","604820e738b449a95af6bf3ee0a25f5b8fbb3d72b70786b917e1ae97671a2cb6","continuation","False","108","71","37","0.343","4","4","16","12"
"2026-04-13T05:50:38.832547Z","final-24h-tenant","575d7bad584bd0ebbabd4c78c3a1672d3f211a34b1e8eaf0b4c872d35a444b5b","codex","88b3c8ad63eeaa7500fb37f45effea7b55d16e3987ee6d829b087ee4a5ffbac4","e888819a278fedb64e62b6cfe1b2dba8fb5436d845c588cb652204b34e917ad5","continuation","False","108","71","37","0.343","4","4","16","12"
"2026-04-13T05:51:09.027339Z","final-24h-tenant","575d7bad584bd0ebbabd4c78c3a1672d3f211a34b1e8eaf0b4c872d35a444b5b","codex","dac785b19a28038ca87d170387edf4fdd00b37028ad4d48f362cdd8aeac6dff0","11cf6a0a50786b4ae92cc50630b09bf17c06480e0937645468826e04f74d3123","continuation","False","108","71","37","0.343","4","4","16","12"
"2026-04-13T05:51:39.199241Z","final-24h-tenant","575d7bad584bd0ebbabd4c78c3a1672d3f211a34b1e8eaf0b4c872d35a444b5b","codex","ea2169a137525b96d49131fd488873ed43107f90880e1f4871a61885a8a98a24","1755a01f37d99e9a2f53ebc6d6cf09d8d385d86a14ef58c82efc847b38b0fff9","continuation","False","108","71","37","0.343","4","4","16","12"
"2026-04-13T05:52:09.353609Z","final-24h-tenant","575d7bad584bd0ebbabd4c78c3a1672d3f211a34b1e8eaf0b4c872d35a444b5b","codex","19f98a5345927ae753ddda53db4cb8fd3b0ff5c28367a11a4fc26892a23eab5f","2a9514a0e3b4fee2040990c49b17119cfcb34a577550dd16ee2bb8f376db0e88","continuation","False","108","71","37","0.343","4","4","16","12"
"2026-04-13T05:52:39.503699Z","final-24h-tenant","575d7bad584bd0ebbabd4c78c3a1672d3f211a34b1e8eaf0b4c872d35a444b5b","codex","1e92e5e144a75084f8430263415a9f087abb6461e850ad3625d30d02cfe38cab","943b84eadbe0b98f66f14fe395c6d303ef9c3afdb4d2407cf5c96bc501554dee","continuation","False","108","71","37","0.343","4","4","16","12"
"2026-04-13T05:53:09.692484Z","final-24h-tenant","575d7bad584bd0ebbabd4c78c3a1672d3f211a34b1e8eaf0b4c872d35a444b5b","codex","0e1bb4a7afd74a201c83748e06fb65bfb5016f4955ef9255fafdf8bfd5055445","41dbc793f821ad7cc7400aa12fa7ead01af79930b3953b82553e553193ea363e","continuation","False","108","71","37","0.343","4","4","16","12"
"2026-04-13T05:53:39.858709Z","final-24h-tenant","575d7bad584bd0ebbabd4c78c3a1672d3f211a34b1e8eaf0b4c872d35a444b5b","codex","f9a466c2c39acf6dda85440ac47ec77b9cd8ab7316d9b41541de6902606f86f9","ac9923a4d2c5d74d028fd3ef342894de2b5db478f5da7c42295553bad9548400","continuation","False","108","71","37","0.343","4","4","16","12"
"2026-04-13T05:54:10.040980Z","final-24h-tenant","575d7bad584bd0ebbabd4c78c3a1672d3f211a34b1e8eaf0b4c872d35a444b5b","codex","db14d33869cb52563c49059647bb379c565935eb6deae830b084154fd4697299","b242ea23e66250ecf70e4c0241bf8d6de526cf68cdbb2296379e0229b7956f52","continuation","False","108","71","37","0.343","4","4","16","12"
"2026-04-13T05:54:40.167158Z","final-24h-tenant","575d7bad584bd0ebbabd4c78c3a1672d3f211a34b1e8eaf0b4c872d35a444b5b","codex","32c29be9fe937e69d0f58433d221fe4ba0313f16cec63aad22be42446f1550ce","eaba595262a1de534cf8624eab2272f653c68b0c8eb19b89ebdd06d6c28a2ffe","continuation","False","108","71","37","0.343","4","4","16","12"
"2026-04-13T05:55:10.332290Z","final-24h-tenant","575d7bad584bd0ebbabd4c78c3a1672d3f211a34b1e8eaf0b4c872d35a444b5b","codex","fec347198d76dcc739f8e8e679b02672a5faffce5c1d995c9912f6cc393d4723","fd79e13c559f634aa113a4aeee7cca9a7c37f752149e7a560a6c06640f176c17","continuation","False","108","71","37","0.343","4","4","16","12"
"2026-04-13T05:55:40.488724Z","final-24h-tenant","575d7bad584bd0ebbabd4c78c3a1672d3f211a34b1e8eaf0b4c872d35a444b5b","codex","e441c47e6d1e54db90a88917d99bcc9d6dfbc4eda621dc0e77e3ecb8533cef28","f47d4a84b49005b8e2657186284dc8dc01457edcf70949dc017978be76b12a57","continuation","False","108","71","37","0.343","4","4","16","12"
"2026-04-13T05:56:10.671934Z","final-24h-tenant","575d7bad584bd0ebbabd4c78c3a1672d3f211a34b1e8eaf0b4c872d35a444b5b","codex","9b2f6c3632165c2023437074345a5b60b8f1b2ba2cfd686a372df2953898ffca","0129ce1178bf1b9e5fad3727073a1d4db450c7fc4364ef6c4f99bbb63cbac8e1","continuation","False","108","71","37","0.343","4","4","16","12"
"2026-04-13T05:56:40.817211Z","final-24h-tenant","575d7bad584bd0ebbabd4c78c3a1672d3f211a34b1e8eaf0b4c872d35a444b5b","codex","c16e2861f8066f26355f25e27edb718426b68e597981de45c9e1422f7da85ecc","1c40aaa86e38b093802c9233c8170a2be74dc1693a5eff95da2741a2fc81cf9e","continuation","False","108","71","37","0.343","4","4","16","12"
"2026-04-13T05:57:10.974124Z","final-24h-tenant","575d7bad584bd0ebbabd4c78c3a1672d3f211a34b1e8eaf0b4c872d35a444b5b","codex","46cddac61bb036b0fc750002f5cd5bdd70e8e5c7be6085ad66bd1fa6ea8df37e","8ca40982db02559237b46ba9f95163374b547d6fe79bac185a9577ff91958316","continuation","False","108","71","37","0.343","4","4","16","12"
"2026-04-13T05:57:41.106980Z","final-24h-tenant","575d7bad584bd0ebbabd4c78c3a1672d3f211a34b1e8eaf0b4c872d35a444b5b","codex","ef2d589aada5b3219288c73a64693af52f0a1080160172b3d4ae413830324e6e","6491e5daac5be33de7272aecbc676cd00bf7ec70c7445a7d1cd93ab3dd67f1c1","continuation","False","108","71","37","0.343","4","4","16","12"
"2026-04-13T05:58:11.246997Z","final-24h-tenant","575d7bad584bd0ebbabd4c78c3a1672d3f211a34b1e8eaf0b4c872d35a444b5b","codex","2c4fddc798db7e7f935fd4386764d829f838e113b4c8e73087bc1aa38c415ccb","9794bc783c6457bbf86f801d8bfde62c6f68d87c5c0d76a909fb9310d90ae19c","continuation","False","108","71","37","0.343","4","4","16","12"
"2026-04-13T05:58:41.401622Z","final-24h-tenant","575d7bad584bd0ebbabd4c78c3a1672d3f211a34b1e8eaf0b4c872d35a444b5b","codex","42df73001fa91b05217bbecdb2a2879948428cd9ac31e60ae58f7ac81ef4af1c","92b9b648b9d3e19ce6c8eafc9f191f4eecd6c986ba81acde35c931319bbcef04","continuation","False","108","71","37","0.343","4","4","16","12"
"2026-04-13T05:59:11.564247Z","final-24h-tenant","575d7bad584bd0ebbabd4c78c3a1672d3f211a34b1e8eaf0b4c872d35a444b5b","codex","57aecfff4abad5fc76795732667afe483e3ebd4ad087d7152d2b5b49668b0248","4ecd02f9ac1b536a3b4319549ec82eb35f3ba654667359585fe98f3ad46f073b","continuation","False","108","71","37","0.343","4","4","16","12"
"2026-04-13T05:59:41.738474Z","final-24h-tenant","575d7bad584bd0ebbabd4c78c3a1672d3f211a34b1e8eaf0b4c872d35a444b5b","codex","dce8a67a5eef0cdb72d2299cf7b4997876a138ee9d573ebcbf4b2ffca8cb54f4","06eb47052f43065574a21fabb8cfebb476c3d6cffbe2d9d49166c1aa67979812","continuation","False","108","71","37","0.343","4","4","16","12"
"2026-04-13T06:00:11.866357Z","final-24h-tenant","575d7bad584bd0ebbabd4c78c3a1672d3f211a34b1e8eaf0b4c872d35a444b5b","codex","87517378655ad9eec259e8f89b49c6a8f0fc22ff44abce7ae21d5c457d899132","2acf856074a7ba42b18015f41cc93cc1de1c9bdb33d41d5e28ad06671ebbba57","continuation","False","108","71","37","0.343","4","4","16","12"
"2026-04-13T06:00:42.004535Z","final-24h-tenant","575d7bad584bd0ebbabd4c78c3a1672d3f211a34b1e8eaf0b4c872d35a444b5b","codex","192c287f975c8d657292dca8cbf6e3cae903a2d82e61c214dc77fcfc852aeecf","3f17bd6584f7efcc8aa4ea8e22c089f1ef7b10629fac47767bd48263919aae3b","continuation","False","108","71","37","0.343","4","4","16","12"
"2026-04-13T06:01:12.131043Z","final-24h-tenant","575d7bad584bd0ebbabd4c78c3a1672d3f211a34b1e8eaf0b4c872d35a444b5b","codex","6262b43332a0ecff1a5eb7f5892b4ee66f6b531e60b1e3f385f568b87ebb4d31","f13aaa1a86389df88190d0d44fa426a4f057b3aa0ef409573008198a3be9b6cd","continuation","False","108","71","37","0.343","4","4","16","12"
"2026-04-13T06:01:42.292194Z","final-24h-tenant","575d7bad584bd0ebbabd4c78c3a1672d3f211a34b1e8eaf0b4c872d35a444b5b","codex","6b798ed3b7fcb299ec30652dd7377bb0d8ee7741045a1e7a5bfff14a6b9043f5","b14593598fa6426fb97224315a177bb3876bf44dfd25856386bc3fe57f8882d4","continuation","False","108","71","37","0.343","4","4","16","12"
"2026-04-13T06:02:12.434296Z","final-24h-tenant","575d7bad584bd0ebbabd4c78c3a1672d3f211a34b1e8eaf0b4c872d35a444b5b","codex","73f2ca27ddf0bd86a03ccdd82d19e974b961c238b1f64147b2dd7a4443e412a9","ec0524001db05f45d95cbdce893cab45444b9bd52536bd64cd6909625d5eb02c","continuation","False","108","71","37","0.343","4","4","16","12"
"2026-04-13T06:02:42.644177Z","final-24h-tenant","575d7bad584bd0ebbabd4c78c3a1672d3f211a34b1e8eaf0b4c872d35a444b5b","codex","c29a7f3bb7668cbd4826d454703204fa000b78fe7620d4483a5b5396cb02ff39","8f535a76ebf5f78712c63e365f409b0ba12de02c68db18e3e3583c1173905ee1","continuation","False","108","71","37","0.343","4","4","16","12"
"2026-04-13T06:03:12.787074Z","final-24h-tenant","575d7bad584bd0ebbabd4c78c3a1672d3f211a34b1e8eaf0b4c872d35a444b5b","codex","2c8731bfaf25dffb42fdfd1308dd3f4b13736e22393ce6bc8a9ce48676f33b37","41f90211201c41764689757ef427920b9ef7fe75821274478a4dd7668ed5f68d","continuation","False","108","71","37","0.343","4","4","16","12"
"2026-04-13T06:03:42.931919Z","final-24h-tenant","575d7bad584bd0ebbabd4c78c3a1672d3f211a34b1e8eaf0b4c872d35a444b5b","codex","7431c279f2c2088b1195dde05fecde6658ed10bbb8ed0f25b40c795786290412","c538cb4831941617c557eda684b990d63586487f3a90cc833fe3a4395dd12546","continuation","False","108","71","37","0.343","4","4","16","12"
"2026-04-13T06:04:13.091598Z","final-24h-tenant","575d7bad584bd0ebbabd4c78c3a1672d3f211a34b1e8eaf0b4c872d35a444b5b","codex","a7246216d62ad2ef15a06035d0854c202ec981c2ff4953b7f79614e953e00366","272b42ca6e905e7153096074379e2c64800fdda99f6ee18d5767026a0b6e2324","continuation","False","108","71","37","0.343","4","4","16","12"
"2026-04-13T06:04:43.242997Z","final-24h-tenant","575d7bad584bd0ebbabd4c78c3a1672d3f211a34b1e8eaf0b4c872d35a444b5b","codex","f17caa22077797dd03bbecc914086e145f7df399fe8675609249096f0f4df5c2","71a8a920527b96e262fc251d65c03e52aac1995079aadf0f67b7a8e0d3f9a845","continuation","False","108","71","37","0.343","4","4","16","12"
"2026-04-13T06:05:13.398767Z","final-24h-tenant","575d7bad584bd0ebbabd4c78c3a1672d3f211a34b1e8eaf0b4c872d35a444b5b","codex","3a0e854dd3985e2c159c240c6c98974cc4b2bfecaa9d47f4b1c21bbd78620626","b02ebefc816d0973d7c13f36c6e7ec715915c4d5e6d1dd1d71b314be50720fad","continuation","False","108","71","37","0.343","4","4","16","12"
"2026-04-13T06:05:43.524083Z","final-24h-tenant","575d7bad584bd0ebbabd4c78c3a1672d3f211a34b1e8eaf0b4c872d35a444b5b","codex","8b840903df6c027006f1b479ba794364f6143fbb43046bd99a504e279c213f01","1c5d7f7b7af2f7d9d8009da990966a6de39037b9150f0e3ee0a0d8474b093f81","continuation","False","108","71","37","0.343","4","4","16","12"
"2026-04-13T06:06:13.675848Z","final-24h-tenant","575d7bad584bd0ebbabd4c78c3a1672d3f211a34b1e8eaf0b4c872d35a444b5b","codex","322d0b45aa156d4beb95bd5b386214ba4cb91619d3966d5b7310fce285a411e5","03623d00ef53aa3e33d7f20cf880d10ae65cfd69565736cb6da475a28592ea18","continuation","False","108","71","37","0.343","4","4","16","12"
"2026-04-13T06:06:43.820403Z","final-24h-tenant","575d7bad584bd0ebbabd4c78c3a1672d3f211a34b1e8eaf0b4c872d35a444b5b","codex","fd932271d1f8af7c613980d82eb5ac3a58d58a7b0564f727af2c7cbdef381f83","601f296de3b306b8f2a1d0c5d34c5968c7e15fd501f986fc150a34e298c047bb","continuation","False","108","71","37","0.343","4","4","16","12"
"2026-04-13T06:07:13.973686Z","final-24h-tenant","575d7bad584bd0ebbabd4c78c3a1672d3f211a34b1e8eaf0b4c872d35a444b5b","codex","133608ea3fb11d67f8974241293263533604cae62d65c39da1359810b086e0ee","b04931f50a6fe6530319216522088b667780ecec04e1535af58538e78d83318f","continuation","False","108","71","37","0.343","4","4","16","12"
"2026-04-13T06:07:44.147515Z","final-24h-tenant","575d7bad584bd0ebbabd4c78c3a1672d3f211a34b1e8eaf0b4c872d35a444b5b","codex","168721f5ffbc584e9d1d15da4b19686dbffad34722f5686409dc724425166fc6","a82ec15f8ca7f4f94a0d73251d873c425f012e6f71ee979dc1244fb15ce6db0f","continuation","False","108","71","37","0.343","4","4","16","12"
"2026-04-13T06:08:14.329882Z","final-24h-tenant","575d7bad584bd0ebbabd4c78c3a1672d3f211a34b1e8eaf0b4c872d35a444b5b","codex","6705412cf849c762ae0685ec50720ea79840a9bcb9764fee3522b7e9a19d448b","5679a096699c8113cece9213458c857d9c4ed0d9fedfacf3768deafa755cbb9d","continuation","False","108","71","37","0.343","4","4","16","12"
"2026-04-13T06:08:44.485121Z","final-24h-tenant","575d7bad584bd0ebbabd4c78c3a1672d3f211a34b1e8eaf0b4c872d35a444b5b","codex","b1686b4c5c7c5a531ef0359eb814856d0dc22f9e8181a2593d9a060c7cf4170e","e47923d469aff7a6b1dcc859111bac6e4629a45e5439ed6d83470fd339256a38","continuation","False","108","71","37","0.343","4","4","16","12"
"2026-04-13T06:09:14.643577Z","final-24h-tenant","575d7bad584bd0ebbabd4c78c3a1672d3f211a34b1e8eaf0b4c872d35a444b5b","codex","e1a545bcd6b03484f8849d191053eec0eb13744417e921b26cbe2a7d59935924","ff68ba246c5b6df4662925363111140c92ba0621dedb9b4906531e4f4981bb22","continuation","False","108","71","37","0.343","4","4","16","12"
"2026-04-13T06:09:44.777380Z","final-24h-tenant","575d7bad584bd0ebbabd4c78c3a1672d3f211a34b1e8eaf0b4c872d35a444b5b","codex","e1ca0371a0fd60f800ee7c0b9d21f5f5bb51ea459ebad7a8fc2222603b8d09cd","5c4e80876e83c34133957a14a29dea12eb151f4a87cc6f5cc82599122898f442","continuation","False","108","71","37","0.343","4","4","16","12"
"2026-04-13T06:10:14.932526Z","final-24h-tenant","575d7bad584bd0ebbabd4c78c3a1672d3f211a34b1e8eaf0b4c872d35a444b5b","codex","81c8bc3c1ce46f84d1276f1ce90d9bc12daf83062071818627dd78e1448bb99a","78c4ae2c14d3a616acfd3361ab996fc08c3d7ebef230095404418f7510cfbdc1","continuation","False","108","71","37","0.343","4","4","16","12"
"2026-04-13T06:10:45.060977Z","final-24h-tenant","575d7bad584bd0ebbabd4c78c3a1672d3f211a34b1e8eaf0b4c872d35a444b5b","codex","3191f7b852ca7e05edc2d10f26357e9adde44e68eedad8c5de136bedb395232b","d5324dd6ff34e38fd15dcbed33f5acf69324dae5cebd7daeb9a952c255d456aa","continuation","False","108","71","37","0.343","4","4","16","12"
"2026-04-13T06:11:15.226306Z","final-24h-tenant","575d7bad584bd0ebbabd4c78c3a1672d3f211a34b1e8eaf0b4c872d35a444b5b","codex","f9c8807104e4deb5b1c8947a29fb15f3a4d1219b1d6004a3af10d0d35ecfa590","013fbb72333a34b17a085629887655e5dfd4b8a48d6973dee0728fb4ca8276a2","continuation","False","108","71","37","0.343","4","4","16","12"
"2026-04-13T06:11:45.358539Z","final-24h-tenant","575d7bad584bd0ebbabd4c78c3a1672d3f211a34b1e8eaf0b4c872d35a444b5b","codex","40229ca05083da8ad0a6c009b11417ba476631d237f7c399f55374735719d216","1b43ea1b86a115f613285ce2cfa4a40ae7e65d63d0d2f3ea9758c4d84092287c","continuation","False","108","71","37","0.343","4","4","16","12"
"2026-04-13T06:12:15.490632Z","final-24h-tenant","575d7bad584bd0ebbabd4c78c3a1672d3f211a34b1e8eaf0b4c872d35a444b5b","codex","5ab395e891862ea846aa6f7b22284440be026ade8e60bc2587456060a90659fa","72aedd3b33a7a641bb5a46a3de2c75fea772cc096a42ec14ae9a6cc9744313b0","continuation","False","108","71","37","0.343","4","4","16","12"
"2026-04-13T06:12:45.664994Z","final-24h-tenant","575d7bad584bd0ebbabd4c78c3a1672d3f211a34b1e8eaf0b4c872d35a444b5b","codex","f905c7d1945fc76e2ad9cd85d4e480a9feb4aa5cb09d6bb1c607c91af0d00abc","2ed65a8551a6044dd31cc5c0dd145258fba8659f89f13ddc28925e3e22caa728","continuation","False","108","71","37","0.343","4","4","16","12"
"2026-04-13T06:13:15.814434Z","final-24h-tenant","575d7bad584bd0ebbabd4c78c3a1672d3f211a34b1e8eaf0b4c872d35a444b5b","codex","28021b6d6791e46455033c52bd798b35c1f03c8b6b4db0a1d02ee0f32f8c75a7","012b2c826a1f1f5946604f591ce318bea53c63dbf9ba485cc51fb17175211cb6","continuation","False","108","71","37","0.343","4","4","16","12"
"2026-04-13T06:13:45.968676Z","final-24h-tenant","575d7bad584bd0ebbabd4c78c3a1672d3f211a34b1e8eaf0b4c872d35a444b5b","codex","b94b8408c9e6a2ac69afeae05dae9c68bcb648d72a9df6c0db2b6fd9dcb97a6b","35ab48d516b472e69d4460e42ab6a64b3b3642b6ab2e2b2bbc8d1f054ea5d768","continuation","False","108","71","37","0.343","4","4","16","12"
"2026-04-13T06:14:16.107778Z","final-24h-tenant","575d7bad584bd0ebbabd4c78c3a1672d3f211a34b1e8eaf0b4c872d35a444b5b","codex","ab1867c7d4f5347596f9198d7645db1d48293b319361d4d9cd2d8f5ef745ec8c","0484e21ecc57874b7b1ac2a1a8e90b59f26245d714280562e674c1e8a938c5b7","continuation","False","108","71","37","0.343","4","4","16","12"
"2026-04-13T06:14:46.270055Z","final-24h-tenant","575d7bad584bd0ebbabd4c78c3a1672d3f211a34b1e8eaf0b4c872d35a444b5b","codex","cdfc0cdf7feffadcc606d511e2faca7c072890c64f74bb95bf47b2c0a775b68f","d4bfba080f1009083743a7348faa1bce5bb363dd05fec348dc0c49042dbb29e9","continuation","False","108","71","37","0.343","4","4","16","12"
"2026-04-13T06:15:16.444671Z","final-24h-tenant","575d7bad584bd0ebbabd4c78c3a1672d3f211a34b1e8eaf0b4c872d35a444b5b","codex","ce9c30bc4b0a3ac49cf6cfede912e0ea45ce2740d1b53028145ab432949594b8","cf526c9b1b7de06995d53e30ddf12b614b9d9be7af0750da8d24ed7762c684e3","continuation","False","108","71","37","0.343","4","4","16","12"
"2026-04-13T06:15:46.587648Z","final-24h-tenant","575d7bad584bd0ebbabd4c78c3a1672d3f211a34b1e8eaf0b4c872d35a444b5b","codex","8d811488fe8e820213aa89623983f416f5cf84ad6b4da131c5d57218cc976d4e","14acfaaf7376de3016cf02e3b47c37c55c9514c405bef7838b83f08a9ce51191","continuation","False","108","71","37","0.343","4","4","16","12"
"2026-04-13T06:16:16.762955Z","final-24h-tenant","575d7bad584bd0ebbabd4c78c3a1672d3f211a34b1e8eaf0b4c872d35a444b5b","codex","c767fdbacb689b29a3025295e8a6918324ccbdb60f23980bbae35cb992913800","1d4790848f9ac95582c29ddd220d3611409be9e3a731f068f21a28bc405be665","continuation","False","108","71","37","0.343","4","4","16","12"
"2026-04-13T06:16:46.923924Z","final-24h-tenant","575d7bad584bd0ebbabd4c78c3a1672d3f211a34b1e8eaf0b4c872d35a444b5b","codex","157b30f5c8f6ddfaa6a2147408771ea8f0c89592e9e1279be253e337704c76ad","f5b972d612724841fe84bc62e2cb2581d4f50aafc1322b29ea0e88307c7a1578","continuation","False","108","71","37","0.343","4","4","16","12"
"2026-04-13T06:17:17.094235Z","final-24h-tenant","575d7bad584bd0ebbabd4c78c3a1672d3f211a34b1e8eaf0b4c872d35a444b5b","codex","ff2c5be1bae647bd31627e2ff0e8ba6706e259fbbc46569d52cc74d710568942","e3c7f5b041aae5493570aed91a43c458afb9a0d774314a2236591f2a8b288069","continuation","False","108","71","37","0.343","4","4","16","12"
"2026-04-13T06:17:47.248033Z","final-24h-tenant","575d7bad584bd0ebbabd4c78c3a1672d3f211a34b1e8eaf0b4c872d35a444b5b","codex","db285068bbc7652ed4ded1c0dc9b87fd52e5da41add527ac0113e514d2bd4d6e","7ca0b8cf7ba3d1f18331c5544c4791cc5f90e5d8361bc0a462b66eaf46d31976","continuation","False","108","71","37","0.343","4","4","16","12"
"2026-04-13T06:18:17.423333Z","final-24h-tenant","575d7bad584bd0ebbabd4c78c3a1672d3f211a34b1e8eaf0b4c872d35a444b5b","codex","bba54db0a053dfc81e0dbe3dfc60175c04dfbd99f09fb3a95186ad8381dcf0be","0f2bd2bc7d45f8224b4667c311e5fe444f0ba00b92f67c32ac8f60e14fdc62e2","continuation","False","108","71","37","0.343","4","4","16","12"
"2026-04-13T06:18:47.570435Z","final-24h-tenant","575d7bad584bd0ebbabd4c78c3a1672d3f211a34b1e8eaf0b4c872d35a444b5b","codex","e63e9bee2635603c9c43900f4e951d7434f21bf81a8970b3348290e3c6d35246","a2aa58c2cea8df286ea870c8acc12c2193be499f51a1378f7777c97d1fef9337","continuation","False","108","71","37","0.343","4","4","16","12"
"2026-04-13T06:19:17.695202Z","final-24h-tenant","575d7bad584bd0ebbabd4c78c3a1672d3f211a34b1e8eaf0b4c872d35a444b5b","codex","585bf44878431e3ce412ed8e6ac9a9fe33bcffe651189109115470bcbc0abbd8","bb71af5edb05c89e86a3fbf35e304bdbca11a73e7f3e507b3f2857c5cf640e52","continuation","False","108","71","37","0.343","4","4","16","12"
"2026-04-13T06:19:47.858863Z","final-24h-tenant","575d7bad584bd0ebbabd4c78c3a1672d3f211a34b1e8eaf0b4c872d35a444b5b","codex","c6687638cb3a1580a2b322ae93a494db391b127cf46ac9b1399feb81e564ff4e","a58daa9b537e1c27aa9f546c723e26f51b10057332b7b51d71ace573023d4310","continuation","False","108","71","37","0.343","4","4","16","12"
"2026-04-13T06:20:18.007939Z","final-24h-tenant","575d7bad584bd0ebbabd4c78c3a1672d3f211a34b1e8eaf0b4c872d35a444b5b","codex","f788c8594ba5263ecefcd1a2471778d650b6b08889827d906549b4486d554c36","7e5001a33c790224734acd63868e63d2fed1fe93b94a6347c0a053164271383b","continuation","False","108","71","37","0.343","4","4","16","12"
"2026-04-13T06:20:48.129346Z","final-24h-tenant","575d7bad584bd0ebbabd4c78c3a1672d3f211a34b1e8eaf0b4c872d35a444b5b","codex","02669022dd6830a9f8e573baf05ef9b13c46c71d3b7baacb5033a16ce6a2ead4","6bdbc58f784ef96cd14ed748adba44405c935631019058c115658c3945898f63","continuation","False","108","71","37","0.343","4","4","16","12"
"2026-04-13T06:21:18.290472Z","final-24h-tenant","575d7bad584bd0ebbabd4c78c3a1672d3f211a34b1e8eaf0b4c872d35a444b5b","codex","2254b4b1b81e971a229ad7d2552eea5e671259392805868d0d7b12953be00602","055c9cf1bd37e9d88f317fdd6a296a166b49b08d9600b29841a37c5c4c7322fa","continuation","False","108","71","37","0.343","4","4","16","12"
"2026-04-13T06:21:48.455982Z","final-24h-tenant","575d7bad584bd0ebbabd4c78c3a1672d3f211a34b1e8eaf0b4c872d35a444b5b","codex","e3029f680396775a51940ba44b938b66036ec3d9961992bc58d77b6a25f5c235","59e48e86d428dbebe46cd755b125d4961419684532140e3deaf8668ae6bd59ca","continuation","False","108","71","37","0.343","4","4","16","12"
"2026-04-13T06:22:18.630318Z","final-24h-tenant","575d7bad584bd0ebbabd4c78c3a1672d3f211a34b1e8eaf0b4c872d35a444b5b","codex","0f8b727a30f4cee681bdbf3ea1e2f973b4f1a105cc8e9c62c373e9f84f8b84b7","9f1e2460cd4cc430fbde59582d13fe855c2da24154dc76ad53d0a3333b71de2b","continuation","False","108","71","37","0.343","4","4","16","12"
"2026-04-13T06:22:48.857001Z","final-24h-tenant","575d7bad584bd0ebbabd4c78c3a1672d3f211a34b1e8eaf0b4c872d35a444b5b","codex","30be84d70cf72949693cbd52e391302a7475e786369ec6d9c0c65ba0c4bbcdea","b9087531b7a1e89a9dd7e82df4fd012fb22e0763ae0a1d73fbdf2a0232a30e82","continuation","False","108","71","37","0.343","4","4","16","12"
"2026-04-13T06:23:19.039031Z","final-24h-tenant","575d7bad584bd0ebbabd4c78c3a1672d3f211a34b1e8eaf0b4c872d35a444b5b","codex","0775563a0332fc57d531986be2e976abc71236325ddcc5fd86c18432384bef74","824ef5314b708db676474d627dfe6e50848f1fbf63b11ac952d5fcd6f938f125","continuation","False","108","71","37","0.343","4","4","16","12"
"2026-04-13T06:23:49.214406Z","final-24h-tenant","575d7bad584bd0ebbabd4c78c3a1672d3f211a34b1e8eaf0b4c872d35a444b5b","codex","249fcffb4990c80f51c9bf1957584e16055ff4acd1f3a9e3a118ef2ccf3fc2ff","a6de63d62ed218fdaabb6d3ba7f63f988e056afd26750c41832bf2397b107322","continuation","False","108","71","37","0.343","4","4","16","12"
"2026-04-13T06:24:19.368487Z","final-24h-tenant","575d7bad584bd0ebbabd4c78c3a1672d3f211a34b1e8eaf0b4c872d35a444b5b","codex","0fdd1f15de2c30684a03b7a18423a29b1c156adb3f4b162f0172fc016642a0de","66b0512b1e2e3000b44bdfe1aedcca2764acd9cb05eb071650816b13fc397b3c","continuation","False","108","71","37","0.343","4","4","16","12"
"2026-04-13T06:24:49.535864Z","final-24h-tenant","575d7bad584bd0ebbabd4c78c3a1672d3f211a34b1e8eaf0b4c872d35a444b5b","codex","454bbccefb0bcdc6685515c8934150d485285158dc3acf44eae4f715a63f175a","d2ce10e676a26a6e1fbe321aaa78e19ef3a57b5fc9eaecaf4b6f5a9a8d6a34c9","continuation","False","108","71","37","0.343","4","4","16","12"
"2026-04-13T06:25:19.731134Z","final-24h-tenant","575d7bad584bd0ebbabd4c78c3a1672d3f211a34b1e8eaf0b4c872d35a444b5b","codex","df6563db1f8c43a4524c0d5dce33318584dd1cd497f096f62a7bcab338cfc8ac","82d53972e0e5943256df270bdc919555210a4c6aa6e696ae75ec1337d6308b8b","continuation","False","108","71","37","0.343","4","4","16","12"
"2026-04-13T06:25:49.864070Z","final-24h-tenant","575d7bad584bd0ebbabd4c78c3a1672d3f211a34b1e8eaf0b4c872d35a444b5b","codex","2dcf9a0d5d79b572534332e2f2c94c3a3699fed75ff4de6ce0a17d33cb9009bc","de87c166a92c2f3ccdd664d738d8befaf301875efe29da5227f5ba657baf27ca","continuation","False","108","71","37","0.343","4","4","16","12"
"2026-04-13T06:26:20.028376Z","final-24h-tenant","575d7bad584bd0ebbabd4c78c3a1672d3f211a34b1e8eaf0b4c872d35a444b5b","codex","85f217cfb2fe1d1a832bdff9fef07ef6d7f16721cea7b83de62829a2b40bf120","786b5e75146a118484dd0a7936d1dbb6b16adfbe8185488e76625033f68526d5","continuation","False","108","71","37","0.343","4","4","16","12"
"2026-04-13T06:26:50.200124Z","final-24h-tenant","575d7bad584bd0ebbabd4c78c3a1672d3f211a34b1e8eaf0b4c872d35a444b5b","codex","0f8c6f7dd01853eb144db9d452ac3af562440ee1026ec4be8d05ebf2bff4b411","7870e4e30cb0902e068431991f9700f1cf0a680920508ce27ebf7070c2b47f01","continuation","False","108","71","37","0.343","4","4","16","12"
"2026-04-13T06:27:20.406713Z","final-24h-tenant","575d7bad584bd0ebbabd4c78c3a1672d3f211a34b1e8eaf0b4c872d35a444b5b","codex","c2a48ce0078c9347ba166289a8d2fd3066f68c22e72bac0ffbf9fefabc2c4599","1a4f6e4e00e3bdffb9381dec027b5435d2dd7c99d93d765e6f2e6130fc55cbd7","continuation","False","108","71","37","0.343","4","4","16","12"
"2026-04-13T06:27:50.598933Z","final-24h-tenant","575d7bad584bd0ebbabd4c78c3a1672d3f211a34b1e8eaf0b4c872d35a444b5b","codex","91cd800fc4efd520dd1e0cc606f1adfd33ae59e5a4d37a150afa7117442e2ebe","629bc8fd18db63e0e32324cdd8e877201c0d22cdd44d04eaf51b4e413cb13b95","continuation","False","108","71","37","0.343","4","4","16","12"
"2026-04-13T06:28:20.771234Z","final-24h-tenant","575d7bad584bd0ebbabd4c78c3a1672d3f211a34b1e8eaf0b4c872d35a444b5b","codex","af76456b0e2b7e7c7d6bf0bdaf9e90ffee9af48495ff3e9478f7cf2ecdadfd9e","a51d6212557edffc6379c30c1e06fa233d41e326ffd2b8cb07847a000be2eceb","continuation","False","108","71","37","0.343","4","4","16","12"
"2026-04-13T06:28:50.921243Z","final-24h-tenant","575d7bad584bd0ebbabd4c78c3a1672d3f211a34b1e8eaf0b4c872d35a444b5b","codex","3575d74c1fc9d6b3bda2f9277b1612f1bf2104968c38f82eb89aa4c041fcdab6","634d30885a47cd3e751b1da9294c042a75fe025a3e0b8e3e36b0cb605a78a55a","continuation","False","108","71","37","0.343","4","4","16","12"
"2026-04-13T06:29:21.099801Z","final-24h-tenant","575d7bad584bd0ebbabd4c78c3a1672d3f211a34b1e8eaf0b4c872d35a444b5b","codex","f15fcceefb69bf85f5557119bd1d4ea3ccc3a4e8258a1950454879746145acd3","622c2b09586c6ad501c692388545fc11194e3e22ea98250b7ad8a9c232dee3b6","continuation","False","108","71","37","0.343","4","4","16","12"
"2026-04-13T06:29:51.253583Z","final-24h-tenant","575d7bad584bd0ebbabd4c78c3a1672d3f211a34b1e8eaf0b4c872d35a444b5b","codex","36e925fefdd23e19695763177fd8e18b53e12b077c67aaa423943742a09df298","bd5dcc0f22bdbdc06e948f214f5496e7eb5d5fb3e3492d282ed3288a28e7a614","continuation","False","108","71","37","0.343","4","4","16","12"
"2026-04-13T06:30:21.423835Z","final-24h-tenant","575d7bad584bd0ebbabd4c78c3a1672d3f211a34b1e8eaf0b4c872d35a444b5b","codex","e1eed85cae69faf50edb974edc366b377ba8210880ce7d25a7f20e85717cea68","3080ca847d60b0be3f39b4f893a321bff672504436f91e0cde3d23ddbc572720","continuation","False","108","71","37","0.343","4","4","16","12"
"2026-04-13T06:30:51.566438Z","final-24h-tenant","575d7bad584bd0ebbabd4c78c3a1672d3f211a34b1e8eaf0b4c872d35a444b5b","codex","996e5654f665d8f1980ac942e98ba193c1a552d5ddeac937c4e91e15bc708dbc","356d43e9d05f6331b335aceaa6b11842f38a18d6a21393c21db1f5721fe33032","continuation","False","108","71","37","0.343","4","4","16","12"
"2026-04-13T06:31:21.727129Z","final-24h-tenant","575d7bad584bd0ebbabd4c78c3a1672d3f211a34b1e8eaf0b4c872d35a444b5b","codex","919701d4ade4bf632b444d9fc2b886a778bbe3d6c1c93bfbe95461041c436e56","e209ffb6b6037154b47a288bb6d107ba0af37e7459eba1dfb1df87a84d2403b3","continuation","False","108","71","37","0.343","4","4","16","12"
"2026-04-13T06:31:51.898861Z","final-24h-tenant","575d7bad584bd0ebbabd4c78c3a1672d3f211a34b1e8eaf0b4c872d35a444b5b","codex","119860f82216228c08be00394cc9d91d4adf23735ca2bdf95ddf82c95f79afd2","c0a4972d19d5f2face178ea5ef396ce96445d0b799f0f957460bb89c068c548f","continuation","False","108","71","37","0.343","4","4","16","12"
"2026-04-13T06:32:22.057940Z","final-24h-tenant","575d7bad584bd0ebbabd4c78c3a1672d3f211a34b1e8eaf0b4c872d35a444b5b","codex","da0d3e248b95e5ebf23ef29611f27d9f6ea6317d6b1f37226e2974896edeca82","76853cc4c408c624b814fc6084604f5c46d451f5be84aeb318b5af689e6971ce","continuation","False","108","71","37","0.343","4","4","16","12"
"2026-04-13T06:32:52.225667Z","final-24h-tenant","575d7bad584bd0ebbabd4c78c3a1672d3f211a34b1e8eaf0b4c872d35a444b5b","codex","1ae0dea7fbbb78b077f27b36ae388b6dfe099aa9863a17b0c598f6f3e004ae67","36941777dbc83bba4bc4772d50a331079f28fd731b56c937c96f3436120bfbe3","continuation","False","108","71","37","0.343","4","4","16","12"
"2026-04-13T06:33:22.389950Z","final-24h-tenant","575d7bad584bd0ebbabd4c78c3a1672d3f211a34b1e8eaf0b4c872d35a444b5b","codex","404b0ba57eb564edf59a2fc05da353d44b6cc104a8072a5b1eec69f8ddb265c0","64052cca4bae979eea77bd7a4b0a7e501d2a4986bac2b32564de0005f1bebb52","continuation","False","108","71","37","0.343","4","4","16","12"
"2026-04-13T06:33:52.546975Z","final-24h-tenant","575d7bad584bd0ebbabd4c78c3a1672d3f211a34b1e8eaf0b4c872d35a444b5b","codex","da4ff198165322ea940d731d35054d84d271ba1c44c38185547b5f429f444de0","659a4352c99e1e0a37ed28921d9110a4529d0dada40513f3aafd1eacd8e7c5e0","continuation","False","108","71","37","0.343","4","4","16","12"
"2026-04-13T06:34:22.679326Z","final-24h-tenant","575d7bad584bd0ebbabd4c78c3a1672d3f211a34b1e8eaf0b4c872d35a444b5b","codex","c3bdb6f5e38eb0fc1e9a3463b8cdc59d1ede33de0f4df13a32ec430ed696eee0","b39cc34bd311934759f034e5c6218d8a5cebe137961326b00676194f25c3862e","continuation","False","108","71","37","0.343","4","4","16","12"
"2026-04-13T06:34:52.890840Z","final-24h-tenant","575d7bad584bd0ebbabd4c78c3a1672d3f211a34b1e8eaf0b4c872d35a444b5b","codex","3fb6615d53c7cc15f1feab49e2fb512eea2824dd32de0e812a5364ebb8a7449a","5cc36d7e869885dabe5bfeec2fcf229fedf776edf97df1ad0a584ee96c18fdba","continuation","False","108","71","37","0.343","4","4","16","12"
"2026-04-13T06:35:23.066391Z","final-24h-tenant","575d7bad584bd0ebbabd4c78c3a1672d3f211a34b1e8eaf0b4c872d35a444b5b","codex","cb2f001395b3accb024d3c012b7b5417cabbac4d63e7d02a2c0be0da909680d5","aa7da7bb2f91ba769777b209c87e3a4ab2d34c7b5bfe11008ee7f85b90a31f07","continuation","False","108","71","37","0.343","4","4","16","12"
"2026-04-13T06:35:53.232871Z","final-24h-tenant","575d7bad584bd0ebbabd4c78c3a1672d3f211a34b1e8eaf0b4c872d35a444b5b","codex","7eb42b2b5ba1a5338ac3f43913c11c4a81ddef88e5600df481cd44279af59c64","c37460a6cb6844bce1dd0461500b3bae989d537cf6278fd2e901f935260b4f17","continuation","False","108","71","37","0.343","4","4","16","12"
"2026-04-13T06:36:23.384607Z","final-24h-tenant","575d7bad584bd0ebbabd4c78c3a1672d3f211a34b1e8eaf0b4c872d35a444b5b","codex","6c7117577602a1faf957c1851681412648f2066048cec7645a71fb3dcae1e6ea","8cc7a782526c9e8c2b14053d6943797f8059f4d855033e5a347bd3ef4f274ce4","continuation","False","108","71","37","0.343","4","4","16","12"
"2026-04-13T06:36:53.557053Z","final-24h-tenant","575d7bad584bd0ebbabd4c78c3a1672d3f211a34b1e8eaf0b4c872d35a444b5b","codex","b5511cead061b7a6cc2b2ffbb536e5df42f400a225892663e5ba5705d56145bd","c5961bceccbfde589b7a05e8cac22950a3087d8905db46cc69c7ce09c7691089","continuation","False","108","71","37","0.343","4","4","16","12"
"2026-04-13T06:37:23.775896Z","final-24h-tenant","575d7bad584bd0ebbabd4c78c3a1672d3f211a34b1e8eaf0b4c872d35a444b5b","codex","a33e4a9080596fd719069f48c509d2814aebe0e6d7c180826c803b3dfc153f3c","930fa7fd7372c7dcecb87e7ac8453ae4776e683a9567e8af1a5ae471b627313a","continuation","False","108","71","37","0.343","4","4","16","12"
"2026-04-13T06:37:53.911149Z","final-24h-tenant","575d7bad584bd0ebbabd4c78c3a1672d3f211a34b1e8eaf0b4c872d35a444b5b","codex","5ac34c3c26422ccdc6d77ee3c8bf9edd3ab658f6c7f646f4caccdc8e4e8092af","670b232c4eb73a90dafb46ff5f19979c41f1af401e1878c76ff94f4b043dbab2","continuation","False","108","71","37","0.343","4","4","16","12"
"2026-04-13T06:38:24.038795Z","final-24h-tenant","575d7bad584bd0ebbabd4c78c3a1672d3f211a34b1e8eaf0b4c872d35a444b5b","codex","bd56eb169107575af2e598c8b916ca85afde3b41fdb1ab9339d2df122700e36f","b2283d7f8e91f7aa67d00fd3f152f589e012137aedcf9000badf8f167046d6e9","continuation","False","108","71","37","0.343","4","4","16","12"
"2026-04-13T06:38:54.160924Z","final-24h-tenant","575d7bad584bd0ebbabd4c78c3a1672d3f211a34b1e8eaf0b4c872d35a444b5b","codex","6c34f27f7186a8ba624b70afe5b582b9f794b7c4c2a4afc47bfd5756e668b0ba","0cea36c157185cbcf35848c556e2a3543a37f8e93540c7add457d12279edf313","continuation","False","108","71","37","0.343","4","4","16","12"
"2026-04-13T06:39:24.279628Z","final-24h-tenant","575d7bad584bd0ebbabd4c78c3a1672d3f211a34b1e8eaf0b4c872d35a444b5b","codex","99ec974812c2ee77bce5ef013b8c7dfecc5417de58a764d46c5bb8c6eb296a1b","8bbb4955cffcc1db8290158e1852a6135fbbcd7fff3f1d8dec46de4f182f3da2","continuation","False","108","71","37","0.343","4","4","16","12"
"2026-04-13T06:39:54.409584Z","final-24h-tenant","575d7bad584bd0ebbabd4c78c3a1672d3f211a34b1e8eaf0b4c872d35a444b5b","codex","9a986fd46eaae6fe46c534b2d89fa740ab4ddb7b00aec30501cd9d37d16ebb4f","0ea129c2a500ab3784a1a520761e7631af7ad4aead779c5c5438bb3024ad95f8","continuation","False","108","71","37","0.343","4","4","16","12"
"2026-04-13T06:40:24.583143Z","final-24h-tenant","575d7bad584bd0ebbabd4c78c3a1672d3f211a34b1e8eaf0b4c872d35a444b5b","codex","83ce8bd88d66314ff3daaabc88a212222564f7b5b505141756ee99d60c325b0e","7fec8ece69df878ef97826784807b05a3eebd20d1c9c010f543ae4888a20d154","continuation","False","108","71","37","0.343","4","4","16","12"
"2026-04-13T06:40:54.721292Z","final-24h-tenant","575d7bad584bd0ebbabd4c78c3a1672d3f211a34b1e8eaf0b4c872d35a444b5b","codex","2127f2d44c8e5f1febdb3e7bade8a316c294d1a56740a07684986ff514686db4","8bf88ef2954627bb64eeaf959a3dc7861ce4a634f6ace27cb71a065ced865a36","continuation","False","108","71","37","0.343","4","4","16","12"
"2026-04-13T06:41:24.871803Z","final-24h-tenant","575d7bad584bd0ebbabd4c78c3a1672d3f211a34b1e8eaf0b4c872d35a444b5b","codex","bad0e72f67e4a15f7a2817f16800f2ea0d9496fd83d69a053eabccfb7f4981c9","c2513f2e9217b78ad5ff8d7c2c27b2c96a34984475ead025c37e47e033bb9883","continuation","False","108","71","37","0.343","4","4","16","12"
"2026-04-13T06:41:55.019053Z","final-24h-tenant","575d7bad584bd0ebbabd4c78c3a1672d3f211a34b1e8eaf0b4c872d35a444b5b","codex","5e0f2d3c253393c80efb41396eee541dd6a3bc538881fbcb1b33bc482a296b8a","1ca316b77aa2dbed0c02b032db466fbe226975d0b7d58badda51f80746c42739","continuation","False","108","71","37","0.343","4","4","16","12"
"2026-04-13T06:42:25.157293Z","final-24h-tenant","575d7bad584bd0ebbabd4c78c3a1672d3f211a34b1e8eaf0b4c872d35a444b5b","codex","20f1bb0c483c5ad34c9784a5b339697e1afdca0a721f7ea9b3f6bd94006975b7","eb22a37d0ef2058ca10895943fecbbfa5e4179dffa7a80b47226cf111a647019","continuation","False","108","71","37","0.343","4","4","16","12"
"2026-04-13T06:42:55.330999Z","final-24h-tenant","575d7bad584bd0ebbabd4c78c3a1672d3f211a34b1e8eaf0b4c872d35a444b5b","codex","c2074e6e1cb4b9280d65bc2ebf48895037c6099cc7f68d0883921387cd938458","f6f5ac539afb0c49bef067a486dd16e3b27c21b55c26762c288deba6e9ee18a1","continuation","False","108","71","37","0.343","4","4","16","12"
"2026-04-13T06:43:25.496411Z","final-24h-tenant","575d7bad584bd0ebbabd4c78c3a1672d3f211a34b1e8eaf0b4c872d35a444b5b","codex","264f5675d0a359cf956167d0c2ad1a16bf026ba34887d46f13b243a7cce1710a","6ce6ceb02bea0f9af91cdce9b047b4680ddb35e3f1e6d46013a1b7c7f9964d5c","continuation","False","108","71","37","0.343","4","4","16","12"
"2026-04-13T06:43:55.636266Z","final-24h-tenant","575d7bad584bd0ebbabd4c78c3a1672d3f211a34b1e8eaf0b4c872d35a444b5b","codex","7b93a2935c37772519ff34a8b68e83e213cc6c8837da44997f6a62ffe0965364","90232e4d6bc5bba3c1c363e3747ce0a537c4d7dd025ac2b94f50314a92eca526","continuation","False","108","71","37","0.343","4","4","16","12"
"2026-04-13T06:44:25.791919Z","final-24h-tenant","575d7bad584bd0ebbabd4c78c3a1672d3f211a34b1e8eaf0b4c872d35a444b5b","codex","fbf21a52a0c8338976b0de90d0d614f010c9beb4c3975f1afeeb0247ab8bff91","1186eafb259a3a505d518354ddf33622f50f06dcf87e2eb100e95382a302e738","continuation","False","108","71","37","0.343","4","4","16","12"
"2026-04-13T06:44:55.956845Z","final-24h-tenant","575d7bad584bd0ebbabd4c78c3a1672d3f211a34b1e8eaf0b4c872d35a444b5b","codex","ed3b4abcb96c1a588813975830e2fb7c80786e3b92b6df88c23024b391c761ef","afaf269f04fe479985887cf547c5f93e2aebdbdca1f245705cc693e78a59c39a","continuation","False","108","71","37","0.343","4","4","16","12"
"2026-04-13T06:45:26.089825Z","final-24h-tenant","575d7bad584bd0ebbabd4c78c3a1672d3f211a34b1e8eaf0b4c872d35a444b5b","codex","b08777aa70aba2e54c76455ec97faad35ae577a84d2eb7bb44b8a503d6bc26bc","fc3f26b4c68ab91ad8a9bf8934a4d77c6e334f942955f9fda8098cae4ffa1847","continuation","False","108","71","37","0.343","4","4","16","12"
"2026-04-13T06:45:56.247739Z","final-24h-tenant","575d7bad584bd0ebbabd4c78c3a1672d3f211a34b1e8eaf0b4c872d35a444b5b","codex","5941d849e7d4e1287f060c32092329d1d6b4f7cfbe42f0b9c512e871987ca94f","04a3eec6020605f93e353b7403d522fad3e9943a64379bcfec39f440cd346456","continuation","False","108","71","37","0.343","4","4","16","12"
"2026-04-13T06:46:26.399158Z","final-24h-tenant","575d7bad584bd0ebbabd4c78c3a1672d3f211a34b1e8eaf0b4c872d35a444b5b","codex","957e9f0ad0924c695635f370731bd68a157b5ef0e7c2e7863bde81d94c193371","4834d4f5b4a4e11dfd76fdb3b603924397256d57af562382b329d4929cc7b0cb","continuation","False","108","71","37","0.343","4","4","16","12"
"2026-04-13T06:46:56.579083Z","final-24h-tenant","575d7bad584bd0ebbabd4c78c3a1672d3f211a34b1e8eaf0b4c872d35a444b5b","codex","2f412736fff5fe3a67801cc1e16c06b6e86c5fd98ce0d002eff6848213545804","4109f77652e9f4fc37b76cc6af9205b0e21c1886093520dc355616841567b59c","continuation","False","108","71","37","0.343","4","4","16","12"
"2026-04-13T06:47:26.733785Z","final-24h-tenant","575d7bad584bd0ebbabd4c78c3a1672d3f211a34b1e8eaf0b4c872d35a444b5b","codex","038ec41049921b155c8a73a97b0aa29f57c0cad9b8729551e1a30d5e001cfcf8","2134c8cbf4d5a04e9e7f96051b21f37bc8368eefa7e0597ffc9ccd46e94d07f7","continuation","False","108","71","37","0.343","4","4","16","12"
"2026-04-13T06:47:56.898032Z","final-24h-tenant","575d7bad584bd0ebbabd4c78c3a1672d3f211a34b1e8eaf0b4c872d35a444b5b","codex","ec193001c82884d4f0bbbdd2b30ff16ef3b7c02227556cd273498f78c0db127d","b7eee2a30889548b32ef7d50a9e5fe06ca64fb8d8a2b87a77dfadaffb985f916","continuation","False","108","71","37","0.343","4","4","16","12"
"2026-04-13T06:48:27.102025Z","final-24h-tenant","575d7bad584bd0ebbabd4c78c3a1672d3f211a34b1e8eaf0b4c872d35a444b5b","codex","7fb9d0deb65bfbe2474a29e06af25bf426d217855229c591b0fd7f24211f6001","00f3aa86d46b45f5a0cb3bbcd404bce58e1f9d601d9581e0850fcde0546ae9a8","continuation","False","108","71","37","0.343","4","4","16","12"
"2026-04-13T06:48:57.265489Z","final-24h-tenant","575d7bad584bd0ebbabd4c78c3a1672d3f211a34b1e8eaf0b4c872d35a444b5b","codex","0bb12bad68b5d714164f5cee09a9b6d07a441ddd2910240b222af8ecbf92aa1f","d49e238f02b882768a9fb2f6496a816f2e274ea3b98acfd3607ac6d919587cb0","continuation","False","108","71","37","0.343","4","4","16","12"
"2026-04-13T06:49:27.442672Z","final-24h-tenant","575d7bad584bd0ebbabd4c78c3a1672d3f211a34b1e8eaf0b4c872d35a444b5b","codex","22f1a22c288f6d97df77ce40de30c028db5bf95ac7e3a7114a3f843f0ce8916e","332d2c4dd365717be614f225d5f8135bcfc09b88b6771cc30fade9db0983f4b2","continuation","False","108","71","37","0.343","4","4","16","12"
"2026-04-13T06:49:57.630135Z","final-24h-tenant","575d7bad584bd0ebbabd4c78c3a1672d3f211a34b1e8eaf0b4c872d35a444b5b","codex","50c0816573052a120db7a4e8564d71df659ceb3118688af245de8bdd927b6ade","cfc0a864504e350a970a8462db7966cd224b51bde356396f7eaea9ed395f6c94","continuation","False","108","71","37","0.343","4","4","16","12"
"2026-04-13T06:50:27.823651Z","final-24h-tenant","575d7bad584bd0ebbabd4c78c3a1672d3f211a34b1e8eaf0b4c872d35a444b5b","codex","87e83ad01d08bdd3d6cb2f32a8df1f2cf733cd478e5e33907017d30a2cafb88a","1162a1b1eb794172d1d3d3e663ddf699a4ff150a3c47aec33232d5cbb8f8cda8","continuation","False","108","71","37","0.343","4","4","16","12"
"2026-04-13T06:50:57.988916Z","final-24h-tenant","575d7bad584bd0ebbabd4c78c3a1672d3f211a34b1e8eaf0b4c872d35a444b5b","codex","1b982e92de902925841eb14d94c320a829de504df28eb9b171931782a33fea24","c355a5cb1974af4e2e4a0438d6486f44a2b88ff6fcf4c47455b8195cf3461d12","continuation","False","108","71","37","0.343","4","4","16","12"
"2026-04-13T06:51:28.191100Z","final-24h-tenant","575d7bad584bd0ebbabd4c78c3a1672d3f211a34b1e8eaf0b4c872d35a444b5b","codex","0c8fef922ef2e11e9a915ff240eb29749e74ba12f2617103d55b86672a5d4985","b46c23ab3fa0083b381a1d510ade4ef17c50ed1c2db5dceab15b246a539007d3","continuation","False","108","71","37","0.343","4","4","16","12"
"2026-04-13T06:51:58.349284Z","final-24h-tenant","575d7bad584bd0ebbabd4c78c3a1672d3f211a34b1e8eaf0b4c872d35a444b5b","codex","a51758f32c5f575a38f6312d195d60cadf5b3b725e31732044fe7bc72b26db06","e45e165f902311300b6ea9358a216d683326b7f9e5cec3603e2a8717a834435f","continuation","False","108","71","37","0.343","4","4","16","12"
"2026-04-13T06:52:28.499182Z","final-24h-tenant","575d7bad584bd0ebbabd4c78c3a1672d3f211a34b1e8eaf0b4c872d35a444b5b","codex","a3a3f517ee29988cc5a597a2c10293341d7ad1178af78e6e28ce39be60097a3b","26c89a2e28180351970e29443e789b9824d3e0e1c50af2b15fea8d69cc664045","continuation","False","108","71","37","0.343","4","4","16","12"
"2026-04-13T06:52:58.654626Z","final-24h-tenant","575d7bad584bd0ebbabd4c78c3a1672d3f211a34b1e8eaf0b4c872d35a444b5b","codex","1e6eba15250d3425ee22d563a447994e081f28e1871bf14a7174424e6bfd6f22","e89639e6ea1ecc83396f0c700222bd9fa0fe9e3fad2a4783fa8fbdf67addab8b","continuation","False","108","71","37","0.343","4","4","16","12"
"2026-04-13T06:53:28.858581Z","final-24h-tenant","575d7bad584bd0ebbabd4c78c3a1672d3f211a34b1e8eaf0b4c872d35a444b5b","codex","19c89b1097b87b368114129263d446cadd1546b30699e1cb69cb8afbcd8576ad","ddd86a78807c6342621fec242fd2cda9062182676cb6180ce933efa577870c95","continuation","False","108","71","37","0.343","4","4","16","12"
"2026-04-13T06:53:59.029267Z","final-24h-tenant","575d7bad584bd0ebbabd4c78c3a1672d3f211a34b1e8eaf0b4c872d35a444b5b","codex","cf18e1d4f042694c9c700e98412542415cda145e22850b98c5502f24d694ef0b","fa42a712bf214558d4879119f0275752423f57b47c44caef139e1ac95c713080","continuation","False","108","71","37","0.343","4","4","16","12"
"2026-04-13T06:54:29.188758Z","final-24h-tenant","575d7bad584bd0ebbabd4c78c3a1672d3f211a34b1e8eaf0b4c872d35a444b5b","codex","be4724d0a2ded24637faf6485dc00bd681ed5d195cd741b30a46823c55f938b9","989ac2c86989eb43b15243a6e04d84fa94f679033d84e60c476b5f939e69b4f3","continuation","False","108","71","37","0.343","4","4","16","12"
"2026-04-13T06:54:59.346625Z","final-24h-tenant","575d7bad584bd0ebbabd4c78c3a1672d3f211a34b1e8eaf0b4c872d35a444b5b","codex","abf910804a2f45b01c06e952ce1de9e3d81c9f78ba0c417e70ff077d1c466e44","494d44309cb10bf540447d12e9ec6847ab0100a6a14c86dd236c4ec0318b2a1d","continuation","False","108","71","37","0.343","4","4","16","12"
"2026-04-13T06:55:29.475546Z","final-24h-tenant","575d7bad584bd0ebbabd4c78c3a1672d3f211a34b1e8eaf0b4c872d35a444b5b","codex","4fb7711d3297ef89c3e3dfc3c25f9ad52606ffe637fc84f249c5b4c4c0196a50","8bfb6dd964dea86001d524586a0b2a174aa56105e3910d9f5b4efd395284a65a","continuation","False","108","71","37","0.343","4","4","16","12"
"2026-04-13T06:55:59.708815Z","final-24h-tenant","575d7bad584bd0ebbabd4c78c3a1672d3f211a34b1e8eaf0b4c872d35a444b5b","codex","9f084d47f3fb8abd2c486fb95928fe233a2ebabe6f52266bcd050b581481fead","9f3c74d62869e30c2a7e240c93eeac4a6c0098bb4a6068eb5abbcef7e7d13325","continuation","False","108","71","37","0.343","4","4","16","12"
"2026-04-13T06:56:29.864880Z","final-24h-tenant","575d7bad584bd0ebbabd4c78c3a1672d3f211a34b1e8eaf0b4c872d35a444b5b","codex","15eca4a16b9705b5d5d04166a2bba5120656d382f92f6fed89a4f3d63f411fb6","eecad6a847f7cdad6bc5f302a0fdfe9fd776d60d7d05a94cbfb97518f7f08029","continuation","False","108","71","37","0.343","4","4","16","12"
"2026-04-13T06:57:00.002054Z","final-24h-tenant","575d7bad584bd0ebbabd4c78c3a1672d3f211a34b1e8eaf0b4c872d35a444b5b","codex","4237bcdab95d696fb1c76250600bf434d04936289041f7986da4b703ac225fd4","58d56764ede3423565aa7c7ea50df3a447ceae95959d2713519d1f0572139e6b","continuation","False","108","71","37","0.343","4","4","16","12"
"2026-04-13T06:57:30.181570Z","final-24h-tenant","575d7bad584bd0ebbabd4c78c3a1672d3f211a34b1e8eaf0b4c872d35a444b5b","codex","c0c847780e895bae18279290b830d3e96760c34bf8f6bf845df381c9925e226c","45e685ce7f4b2c3473a4fe313414a03e2cc0bc846b7ecd0ab6a60a71a8529f85","continuation","False","108","71","37","0.343","4","4","16","12"
"2026-04-13T06:58:00.378992Z","final-24h-tenant","575d7bad584bd0ebbabd4c78c3a1672d3f211a34b1e8eaf0b4c872d35a444b5b","codex","ce7b87672cd5410e33909d605b18a8d660e408c0ab3ff7675da9444a743e6582","6bbd06495447d4c8662ff1dce3751224e981fcd75634559ec48430800002340c","continuation","False","108","71","37","0.343","4","4","16","12"
"2026-04-13T06:58:30.562539Z","final-24h-tenant","575d7bad584bd0ebbabd4c78c3a1672d3f211a34b1e8eaf0b4c872d35a444b5b","codex","001d08c9958252457b97e38e1e68e08a29d6d39f7dc67a233624ea7f34ef8fec","84ed669a448b5d91fa812368dbed25adba599bdeada5545ea174f5a810d5a387","continuation","False","108","71","37","0.343","4","4","16","12"
"2026-04-13T06:59:00.752074Z","final-24h-tenant","575d7bad584bd0ebbabd4c78c3a1672d3f211a34b1e8eaf0b4c872d35a444b5b","codex","8d359c01615206f84a0132f5b78f75830c7a36873ad788a25a76e29aee411bc1","ba68b94aaeb63ebd77f0371c2fc7a3ffc268165c0ca16bda6713fbd3bcfe2e19","continuation","False","108","71","37","0.343","4","4","16","12"
"2026-04-13T06:59:30.953265Z","final-24h-tenant","575d7bad584bd0ebbabd4c78c3a1672d3f211a34b1e8eaf0b4c872d35a444b5b","codex","5fa73220ffdb899967c075897ff14ea5df160f9aa5cbbf731aca61873ce6e8f2","1b5b84e11db872221116aa86ccfcd9b39ed0d9c387ab3e791ca7be18a7ba3f2a","continuation","False","108","71","37","0.343","4","4","16","12"
"2026-04-13T07:00:01.118505Z","final-24h-tenant","575d7bad584bd0ebbabd4c78c3a1672d3f211a34b1e8eaf0b4c872d35a444b5b","codex","ee83e70d5b4770be3a64e90ebbc8aef06c597dbfb031229346ce4d35a2db3e46","32b3167460e6225dab66df5eb9e3c1dd675693a6d749fddfc0fa4aa95231179e","continuation","False","108","71","37","0.343","4","4","16","12"
"2026-04-13T07:00:31.263507Z","final-24h-tenant","575d7bad584bd0ebbabd4c78c3a1672d3f211a34b1e8eaf0b4c872d35a444b5b","codex","a9920e03e97862efc0e2eda8ed0fbc42f9be10725f35cbfd34ab625281a72753","7ba90ee0b03bb6275bda2c2bdcc6a3b42d97f55b916d847476bb2ac32415d9ba","continuation","False","108","71","37","0.343","4","4","16","12"
"2026-04-13T07:01:01.419709Z","final-24h-tenant","575d7bad584bd0ebbabd4c78c3a1672d3f211a34b1e8eaf0b4c872d35a444b5b","codex","47d1f0febbbfe16259674e960abdd4f8084d784c26493eec3b9d49f47bd4553c","590f7426ad8b5cdf43e89904aa037fa067f0cf5cd9c3b7ac855509a1f0b7d2d9","continuation","False","108","71","37","0.343","4","4","16","12"
"2026-04-13T07:01:31.562179Z","final-24h-tenant","575d7bad584bd0ebbabd4c78c3a1672d3f211a34b1e8eaf0b4c872d35a444b5b","codex","5cc1272d06a60c7327264c5a5ead4da56b052bad8200789ca8cdc02f28f25f23","d3430adfd29ad342d4e60637d543117dbadb9c4b3a490ad7a8fc2fdf3589b0db","continuation","False","108","71","37","0.343","4","4","16","12"
"2026-04-13T07:02:01.732732Z","final-24h-tenant","575d7bad584bd0ebbabd4c78c3a1672d3f211a34b1e8eaf0b4c872d35a444b5b","codex","f4f92bfae65277df87f53120e0875258038c61c64aa9fc4b0a860279ff0e105e","ce9fc18f21d89c8958fdba5166aa3f15b797373354e4b34126443260f038ad6b","continuation","False","108","71","37","0.343","4","4","16","12"
"2026-04-13T07:02:31.902269Z","final-24h-tenant","575d7bad584bd0ebbabd4c78c3a1672d3f211a34b1e8eaf0b4c872d35a444b5b","codex","d57965acd2512b20e4a376c5e2a4e23fa2d96834b5a3f7da4f4f6e6f425cd9b5","719aac4f2c4d4917e59e93190a8b0aff8bb87c9afa2fc603957ad6244317f936","continuation","False","108","71","37","0.343","4","4","16","12"
"2026-04-13T07:03:02.078209Z","final-24h-tenant","575d7bad584bd0ebbabd4c78c3a1672d3f211a34b1e8eaf0b4c872d35a444b5b","codex","ff83732e385d426f0dd56f71b5a4666435b5dcbd05cebc75342e4f82e506a3e1","b23e074aa1d6ed00989ccabea2f437fd33ac86be8f1a654433f6a75a4468dfb4","continuation","False","108","71","37","0.343","4","4","16","12"
"2026-04-13T07:03:32.265322Z","final-24h-tenant","575d7bad584bd0ebbabd4c78c3a1672d3f211a34b1e8eaf0b4c872d35a444b5b","codex","5d53be355a9fffb7016b0ca1418c756c305c3308771cb585d729a024d5e652de","1806711365ea65de6f3092984995528d49506b455095d0468208e42875d1e054","continuation","False","108","71","37","0.343","4","4","16","12"
"2026-04-13T07:04:02.437946Z","final-24h-tenant","575d7bad584bd0ebbabd4c78c3a1672d3f211a34b1e8eaf0b4c872d35a444b5b","codex","23a9bbae54cf5ba8406f09353aa983856e4d9c6c6ba5bffcc07e228edc79592b","95385241179cb2d3379ac3dc1ec1cfa6c26386503e353adefea68ee3aae2656d","continuation","False","108","71","37","0.343","4","4","16","12"
"2026-04-13T07:04:32.601796Z","final-24h-tenant","575d7bad584bd0ebbabd4c78c3a1672d3f211a34b1e8eaf0b4c872d35a444b5b","codex","628ae5355231a135d49cc1e8e96d9b9a9e132f1a5ec325f0a42cab99f0a99d42","470e2a2c2886a892d9af489483bf43da7c23e63364f168cb545f069ec0acf1b7","continuation","False","108","71","37","0.343","4","4","16","12"
"2026-04-13T07:05:02.735881Z","final-24h-tenant","575d7bad584bd0ebbabd4c78c3a1672d3f211a34b1e8eaf0b4c872d35a444b5b","codex","d46a86adf0e67d83f0763e0abd7592e2b348cea460da3bec4efc382edd962690","8d21b1ec4745e8bfccb2fc68e3cbe2d662877805b553f0aff4a9b7284db49bb2","continuation","False","108","71","37","0.343","4","4","16","12"
"2026-04-13T07:05:32.871256Z","final-24h-tenant","575d7bad584bd0ebbabd4c78c3a1672d3f211a34b1e8eaf0b4c872d35a444b5b","codex","fc77c30e57364a3cc16eaa8fce1a030b5b0ac9c66c6e21c3679ee55b16c16eb6","4adc43cffafa3837edf134d5f039e9a316c694da056fd3cfc01d34858e1c72df","continuation","False","108","71","37","0.343","4","4","16","12"
"2026-04-13T07:06:03.041857Z","final-24h-tenant","575d7bad584bd0ebbabd4c78c3a1672d3f211a34b1e8eaf0b4c872d35a444b5b","codex","f6fd805720da4fb4527745a722c1314b810c99167b8d4340bec2f3646f426ec8","8337381727e17affe848d2b152af5c4e27b42177872ec0d134d4269237cbba83","continuation","False","108","71","37","0.343","4","4","16","12"
"2026-04-13T07:06:33.203440Z","final-24h-tenant","575d7bad584bd0ebbabd4c78c3a1672d3f211a34b1e8eaf0b4c872d35a444b5b","codex","07a49edf761cf58286f5ce025a61e56351fe5d616b741b23789d1cd1744e5e1b","de98f148b42402999e4e7bd0702bd9fb6f0d822fdebe8f13bde1e0e9757317ef","continuation","False","108","71","37","0.343","4","4","16","12"
"2026-04-13T07:07:03.367758Z","final-24h-tenant","575d7bad584bd0ebbabd4c78c3a1672d3f211a34b1e8eaf0b4c872d35a444b5b","codex","22992b6fd32fc0edb41140e5cb4c6511e7661e3423d7de035592e19f21de975a","9b74479453487bce51748b266ee600225a8aa5233d781263504d2764a141cb66","continuation","False","108","71","37","0.343","4","4","16","12"
"2026-04-13T07:07:33.579150Z","final-24h-tenant","575d7bad584bd0ebbabd4c78c3a1672d3f211a34b1e8eaf0b4c872d35a444b5b","codex","f865fc91cb23a1d363b173825bc0865426c7982f7ea553957e8c7fbfe479d02c","68bf952f915a2af3ff8b0fa33fff683e8d8179badc462e1f6db9b357f1ae1bd1","continuation","False","108","71","37","0.343","4","4","16","12"
"2026-04-13T07:08:03.765512Z","final-24h-tenant","575d7bad584bd0ebbabd4c78c3a1672d3f211a34b1e8eaf0b4c872d35a444b5b","codex","29d7792554d11b2ad6727a39fb9dfa0dc125cd8033b586c0406c14ba00f9a6a0","9842edd4f1ea08f3d8a199b80a078bee8d5eb472f86002545e4483119ab290bb","continuation","False","108","71","37","0.343","4","4","16","12"
"2026-04-13T07:08:33.913262Z","final-24h-tenant","575d7bad584bd0ebbabd4c78c3a1672d3f211a34b1e8eaf0b4c872d35a444b5b","codex","0f043fa856f659bd9c4a1a46ef8589a49b503f6be7494d0e80ecc61b9087cb66","36397a078588108c1db40f2b62fbf3936d02d1a59de060837b0126da399679e7","continuation","False","108","71","37","0.343","4","4","16","12"
"2026-04-13T07:09:04.107452Z","final-24h-tenant","575d7bad584bd0ebbabd4c78c3a1672d3f211a34b1e8eaf0b4c872d35a444b5b","codex","47b63324c260de5e1a8da0ceed37a379f59b643db60a04029f0c2432c75238ee","3b9ffe2188ef08bdad7650d2d3b2f9e9cde11c5b8b233ae2ef5202ce26ed3bf0","continuation","False","108","71","37","0.343","4","4","16","12"
"2026-04-13T07:09:34.280574Z","final-24h-tenant","575d7bad584bd0ebbabd4c78c3a1672d3f211a34b1e8eaf0b4c872d35a444b5b","codex","d75f8320abd5909481c1f27753d2d0128c95b971a5e5e840e5da7f40a4b98beb","9372c6d8e3b972cf880478347b211a9ce769f843b53b276a05c239fdd2895b09","continuation","False","108","71","37","0.343","4","4","16","12"
"2026-04-13T07:10:04.471164Z","final-24h-tenant","575d7bad584bd0ebbabd4c78c3a1672d3f211a34b1e8eaf0b4c872d35a444b5b","codex","b7db0a09cd4793b66f1db82c214be901407797fd3e0a9200c684a934a942ea45","efd58807aca44dae69ec4d724dd8ca4fe1c34c85d2fcdd6e06e7b63a84b10ce2","continuation","False","108","71","37","0.343","4","4","16","12"
"2026-04-13T07:10:34.629203Z","final-24h-tenant","575d7bad584bd0ebbabd4c78c3a1672d3f211a34b1e8eaf0b4c872d35a444b5b","codex","55f683d1503335c3153ed154f83a2cf0437f82ccc15df3481442d6f0ae6f8097","1b321531c8c2db0681d1e7a37c8cbacb9c41d2fa452890b46288516e1fb2ea61","continuation","False","108","71","37","0.343","4","4","16","12"
"2026-04-13T07:11:04.770310Z","final-24h-tenant","575d7bad584bd0ebbabd4c78c3a1672d3f211a34b1e8eaf0b4c872d35a444b5b","codex","f003b7b127ea8cd7c6716468a7eb381acc7721e7d5c51f85c40ac17921fb31ca","747b53be90f4ae4e16569574070c4721a353676ffe6ca33d2b647055668c8a18","continuation","False","108","71","37","0.343","4","4","16","12"
"2026-04-13T07:11:34.921962Z","final-24h-tenant","575d7bad584bd0ebbabd4c78c3a1672d3f211a34b1e8eaf0b4c872d35a444b5b","codex","a7343c39668d3c0993f0927b3ae2b5af50662fe28f76c902ac9283b68b185502","3b9e851ca562e072b6df4a4770de42865de1fc352a0c8a99232163b8462c6986","continuation","False","108","71","37","0.343","4","4","16","12"
"2026-04-13T07:12:05.107093Z","final-24h-tenant","575d7bad584bd0ebbabd4c78c3a1672d3f211a34b1e8eaf0b4c872d35a444b5b","codex","1105f975222066252a46b7123f9ca6509b6e5ea2c0e34ffff23def518257232f","03a00888f07d75b8fe60c7cb79ad85790ffd709b89f750cfb1504886676498b2","continuation","False","108","71","37","0.343","4","4","16","12"
"2026-04-13T07:12:35.293314Z","final-24h-tenant","575d7bad584bd0ebbabd4c78c3a1672d3f211a34b1e8eaf0b4c872d35a444b5b","codex","796bc8be9894630b98b4660ac2c033c7246367b8ca95f42112397d6515117b29","6338cb82a339eaf2e2110b3f5839e228734b1d44161c1e1176445039145c43f2","continuation","False","108","71","37","0.343","4","4","16","12"
"2026-04-13T07:13:05.448583Z","final-24h-tenant","575d7bad584bd0ebbabd4c78c3a1672d3f211a34b1e8eaf0b4c872d35a444b5b","codex","074a1021a0400c1f05c7045819f92c7f0b9bab18bcfb69cb3fa8db98912de02b","300bd241e5a15c22cdbe7c6cccdda1853e8ef99ee29b85ca3c5643686d748961","continuation","False","108","71","37","0.343","4","4","16","12"
"2026-04-13T07:13:35.599534Z","final-24h-tenant","575d7bad584bd0ebbabd4c78c3a1672d3f211a34b1e8eaf0b4c872d35a444b5b","codex","29ed5bfde497bb6a1639613e51c951e5eef5a7a36a36bfa891850ff6d7d9b144","7bf4a516700e5803bc89e6af6ed7d5ca94612cf7254bfc2acf6a279195d66f94","continuation","False","108","71","37","0.343","4","4","16","12"
"2026-04-13T07:14:05.757898Z","final-24h-tenant","575d7bad584bd0ebbabd4c78c3a1672d3f211a34b1e8eaf0b4c872d35a444b5b","codex","1bf194a9e84a197d519da3ef4f034f37e373fb6e337005f7171a258d78ee5b9d","629ccd2f6f6c9761f90c36f86415b500d76965e9d7e410875949181cb0ff5af9","continuation","False","108","71","37","0.343","4","4","16","12"
"2026-04-13T07:14:35.937959Z","final-24h-tenant","575d7bad584bd0ebbabd4c78c3a1672d3f211a34b1e8eaf0b4c872d35a444b5b","codex","7f9c959f6f920ffdadebb916b23121a5b35103a7e35814dca0009dbd56114426","4b90d9cdcf01abfc22e62652563eba22cdd2b05b395fb2f0e1041abff9f41350","continuation","False","108","71","37","0.343","4","4","16","12"
"2026-04-13T07:15:06.077916Z","final-24h-tenant","575d7bad584bd0ebbabd4c78c3a1672d3f211a34b1e8eaf0b4c872d35a444b5b","codex","d0982ee620cd5a5026dc30dae15009884d936b4736887e6a9695a25850b0d134","b20c61d1f512801643e521348498b22ce3732eef47427b4fe36a1206cea18e5a","continuation","False","108","71","37","0.343","4","4","16","12"
"2026-04-13T07:15:36.208706Z","final-24h-tenant","575d7bad584bd0ebbabd4c78c3a1672d3f211a34b1e8eaf0b4c872d35a444b5b","codex","9bc4e0ae3bd78ab1e0cdd70d5f22d26dc60d38df34481a3a896eb0b2a744eea1","0b0548320aad165bb5bc51ba86c348714b9c181caa47b1b4aca3ab9296871608","continuation","False","108","71","37","0.343","4","4","16","12"
"2026-04-13T07:16:06.352761Z","final-24h-tenant","575d7bad584bd0ebbabd4c78c3a1672d3f211a34b1e8eaf0b4c872d35a444b5b","codex","8e8d03d73b944a429ca4dc21a1d2609ed89f162a5b30ed3674b210971367f2ab","83f15c40979703d8168740f875dcdd84034d6a92f578640b4ee4d5b4be9a9991","continuation","False","108","71","37","0.343","4","4","16","12"
"2026-04-13T07:16:36.499919Z","final-24h-tenant","575d7bad584bd0ebbabd4c78c3a1672d3f211a34b1e8eaf0b4c872d35a444b5b","codex","bc7cced3a7503f0e701f36e53a7ef4e6b4cc3573af3e6e7dbf4a782d6249b11f","7dff5197d1728d452ae45db1ba67e0e97bb385282fbba656af63508f2ac83bb0","continuation","False","108","71","37","0.343","4","4","16","12"
"2026-04-13T07:17:06.673413Z","final-24h-tenant","575d7bad584bd0ebbabd4c78c3a1672d3f211a34b1e8eaf0b4c872d35a444b5b","codex","9e73a09b98ed7572cfa660a7112afd544606ab0327dd81bd82d3c43ce3737a3d","3a15b389a7f3cb7aa443aef953b68cd78a8d9e3e1dc45078cd252fce02b07ea4","continuation","False","108","71","37","0.343","4","4","16","12"
"2026-04-13T07:17:36.839754Z","final-24h-tenant","575d7bad584bd0ebbabd4c78c3a1672d3f211a34b1e8eaf0b4c872d35a444b5b","codex","d0e7599045d85c08093b862d31db2f7cb34604464f834efc9320c7c4d9366ff9","8545e64961609ee6fad0ddbf92d3b0b487904d05892ae55ffde760da1d041f51","continuation","False","108","71","37","0.343","4","4","16","12"
"2026-04-13T07:18:06.985796Z","final-24h-tenant","575d7bad584bd0ebbabd4c78c3a1672d3f211a34b1e8eaf0b4c872d35a444b5b","codex","d147a4dbedaae5e706b66e62f484b1e116842ee5e90abe74a2f833ae5b7e4d74","3a549a0ed06ee82ecba9385f76d4b05e069c5afa8c210635425a5502a6a069fd","continuation","False","108","71","37","0.343","4","4","16","12"
"2026-04-13T07:18:37.131790Z","final-24h-tenant","575d7bad584bd0ebbabd4c78c3a1672d3f211a34b1e8eaf0b4c872d35a444b5b","codex","65e38a8c703d9611bdf58005af61a5ae62cccdcbffe832f13dc5a6112d3442bd","93d03c6b15ff0f67ec71f9ecaeecbbc767ca5ed8f5846fb3a349e08655442e81","continuation","False","108","71","37","0.343","4","4","16","12"
"2026-04-13T07:19:07.344448Z","final-24h-tenant","575d7bad584bd0ebbabd4c78c3a1672d3f211a34b1e8eaf0b4c872d35a444b5b","codex","ad34c1e871b007f4d80a041165a9845b18e6bfbf6078e83eaae710fbb59090b1","8413f958556a8ca02e99e8e8c7b7ebdf703cb0b4806191aa4cc9a4c50a11ac63","continuation","False","108","71","37","0.343","4","4","16","12"
"2026-04-13T07:19:37.519945Z","final-24h-tenant","575d7bad584bd0ebbabd4c78c3a1672d3f211a34b1e8eaf0b4c872d35a444b5b","codex","b72e69cf58f1a64a9932e12eb63cc829a7bc1ad3d02c195cf409058f16bdf482","00885eb541805d28304163eedbdb36ff48311a4962eb061f883498dd4f171051","continuation","False","108","71","37","0.343","4","4","16","12"
"2026-04-13T07:20:07.660637Z","final-24h-tenant","575d7bad584bd0ebbabd4c78c3a1672d3f211a34b1e8eaf0b4c872d35a444b5b","codex","6f1bec3b8e701cd09efebbc1fa0efd0c5a236f90585b21338a3b643012576719","54faf54032473d03a8e6e872b7639651a21f10ebaf1f718c3239f250254f4873","continuation","False","108","71","37","0.343","4","4","16","12"
"2026-04-13T07:20:37.827164Z","final-24h-tenant","575d7bad584bd0ebbabd4c78c3a1672d3f211a34b1e8eaf0b4c872d35a444b5b","codex","b75f38e7e31ba8f8de676276ab47b80ad52b468adc40f43500bd21ad1323e052","73c270c8593230d7421a985c2412c9bf7a7fe8d9317e54672a8fdb4c6419a984","continuation","False","108","71","37","0.343","4","4","16","12"
"2026-04-13T07:21:07.989415Z","final-24h-tenant","575d7bad584bd0ebbabd4c78c3a1672d3f211a34b1e8eaf0b4c872d35a444b5b","codex","d007342380fa9451447277fafc3df53ca101944d63728276735ca58c75142af2","e55cbde18f71b7c582fb814ae72e46d56438fcb2fae07d070c25324fd06c2960","continuation","False","108","71","37","0.343","4","4","16","12"
"2026-04-13T07:21:38.176976Z","final-24h-tenant","575d7bad584bd0ebbabd4c78c3a1672d3f211a34b1e8eaf0b4c872d35a444b5b","codex","8524b296916af60f644bc21824231792839f7509eda6701e58071e207f35921f","099c63e6d0070ac44e2200c2f7157b34b14d1cfebf474af2522556b41925974e","continuation","False","108","71","37","0.343","4","4","16","12"
"2026-04-13T07:22:08.373733Z","final-24h-tenant","575d7bad584bd0ebbabd4c78c3a1672d3f211a34b1e8eaf0b4c872d35a444b5b","codex","5d26fc848c0faa44fa38d1366628a9b9677defe0d1561714dacf8a266f0a676a","a89b452023acdbd4f8c9e222e715843ff5dc5fb0bdf3df99622c34c6d10e313d","continuation","False","108","71","37","0.343","4","4","16","12"
"2026-04-13T07:22:38.535346Z","final-24h-tenant","575d7bad584bd0ebbabd4c78c3a1672d3f211a34b1e8eaf0b4c872d35a444b5b","codex","c80c3138b27e5bbc605f8e6849b8e5292f6ff384c8008b111f7fd2afafe715d1","f4133f408430f92d77fdfe829b2f0b18ce10c202d793555b89178855cf13d86c","continuation","False","108","71","37","0.343","4","4","16","12"
"2026-04-13T07:23:08.721660Z","final-24h-tenant","575d7bad584bd0ebbabd4c78c3a1672d3f211a34b1e8eaf0b4c872d35a444b5b","codex","ec91b1887ca3f709a9b1189c2a32ba5f665177e24a283f810bb7a9a7d0d7f8fa","4d379996094ff5ef95b2d62c919f829a20b00f326890e2c3ca449607a4ca2148","continuation","False","108","71","37","0.343","4","4","16","12"
"2026-04-13T07:23:38.886700Z","final-24h-tenant","575d7bad584bd0ebbabd4c78c3a1672d3f211a34b1e8eaf0b4c872d35a444b5b","codex","10535f0fc9189cb0eed9a4c4b0c9bedd73c417f109a0a1d1ce0345f163c92e65","7c221a34b06b075fa819717d0b292a748632297be35822e869d035898afd5d49","continuation","False","108","71","37","0.343","4","4","16","12"
"2026-04-13T07:24:09.047110Z","final-24h-tenant","575d7bad584bd0ebbabd4c78c3a1672d3f211a34b1e8eaf0b4c872d35a444b5b","codex","62242576dd36c191c43fe1f9c6800539c29b7f72c737c931a710e19a32e62dfb","0a4e7a1ae53754fb256f9fc59f6b3a8b3368d818c901b647e258bd1d8e590e72","continuation","False","108","71","37","0.343","4","4","16","12"
"2026-04-13T07:24:39.209148Z","final-24h-tenant","575d7bad584bd0ebbabd4c78c3a1672d3f211a34b1e8eaf0b4c872d35a444b5b","codex","f9dd97d584ab7bd05307c214f2a0b502740184142b7c02b8c294c68b161b49fb","d7dc83c27062c18d7c61c3a36efe14ad37044a53b773671ad26d2c47d0677438","continuation","False","108","71","37","0.343","4","4","16","12"
"2026-04-13T07:25:09.389955Z","final-24h-tenant","575d7bad584bd0ebbabd4c78c3a1672d3f211a34b1e8eaf0b4c872d35a444b5b","codex","627edb789d6a4fd8f8ef8c6ef710d95863958c54b337c58078feebe116dfec98","2011ab746ed12101facd850778d1e1a347e13d487c4a5538cf025fc950a9b5bd","continuation","False","108","71","37","0.343","4","4","16","12"
"2026-04-13T07:25:39.582059Z","final-24h-tenant","575d7bad584bd0ebbabd4c78c3a1672d3f211a34b1e8eaf0b4c872d35a444b5b","codex","52a8a8f534044fde1aa8ff944ff54cff29a9692e58b0882253c8b09315fd3b71","22ae08f9a35cf1055f01f91fb2dd00c6356c9891d0a5fad09bf0bd77cb533fe9","continuation","False","108","71","37","0.343","4","4","16","12"
"2026-04-13T07:26:09.741862Z","final-24h-tenant","575d7bad584bd0ebbabd4c78c3a1672d3f211a34b1e8eaf0b4c872d35a444b5b","codex","2e1f1b44dbf902a5f5ba31c44f941248b6aca70654edd9557269f495f67b2e0e","67f0e5824d5c440ae3fb8481ca9acd632c1406ab954af7705bcb1789867f76bd","continuation","False","108","71","37","0.343","4","4","16","12"
"2026-04-13T07:26:39.913241Z","final-24h-tenant","575d7bad584bd0ebbabd4c78c3a1672d3f211a34b1e8eaf0b4c872d35a444b5b","codex","7b12f61da4280464d7b050ff845b7cd12423150f9fe331ea6f2291fe3d889d6f","e69840882971c184064ec2f74c53de8bddd1a313705e4404bef51139eeff4c34","continuation","False","108","71","37","0.343","4","4","16","12"
"2026-04-13T07:27:10.104083Z","final-24h-tenant","575d7bad584bd0ebbabd4c78c3a1672d3f211a34b1e8eaf0b4c872d35a444b5b","codex","7cdf2774ee9c31e5296d6a8f3943f5cf9f6cd0dc1b36c12c94383a3bafacf42b","4474512785aee08281270667fc6c3ec98d0455493b6c18338230e6bd74bd0a0b","continuation","False","108","71","37","0.343","4","4","16","12"
"2026-04-13T07:27:40.252134Z","final-24h-tenant","575d7bad584bd0ebbabd4c78c3a1672d3f211a34b1e8eaf0b4c872d35a444b5b","codex","565b4bf9cc727a10a9266ba87029eaafa5fd9664d053f544009fe22ad494ada9","017298e5bc95382592a047e1aaac388b98713cbaabc71293deb54ce082827b70","continuation","False","108","71","37","0.343","4","4","16","12"
"2026-04-13T07:28:10.419461Z","final-24h-tenant","575d7bad584bd0ebbabd4c78c3a1672d3f211a34b1e8eaf0b4c872d35a444b5b","codex","b645b2168e527e0accfbe6e6e73483d93cf9b0d7ba3ee1e09bdd8df668047595","c7e2e8454e765a0926103b31ec4d68115986d36b00185d46fc3991f26b2d1935","continuation","False","108","71","37","0.343","4","4","16","12"
"2026-04-13T07:28:40.606499Z","final-24h-tenant","575d7bad584bd0ebbabd4c78c3a1672d3f211a34b1e8eaf0b4c872d35a444b5b","codex","be1a82dfdc06eeed1181850b08607e17878e86972b755a19e706cf962e91c4b4","0705204eb8f0329371d7a3465cce581350d1de8bac0d1b0efe9b2b2b2363f595","continuation","False","108","71","37","0.343","4","4","16","12"
"2026-04-13T07:29:10.803381Z","final-24h-tenant","575d7bad584bd0ebbabd4c78c3a1672d3f211a34b1e8eaf0b4c872d35a444b5b","codex","05bbed6b67c258bfb539d72ddc2ec0eeeb3dd7fe3581952135e34ae1f7856976","ac2c481ae8904dced9a798746d12d560270b32980e3739940caf407d97994f2c","continuation","False","108","71","37","0.343","4","4","16","12"
"2026-04-13T07:29:40.980142Z","final-24h-tenant","575d7bad584bd0ebbabd4c78c3a1672d3f211a34b1e8eaf0b4c872d35a444b5b","codex","f8eaff4ed53895d8798f70624d942cb77edc750b9389f012842745e11462bb31","130414bab6b492288909d190931dc4f8e2a59d6f21d7fc0847bec1391353dbfc","continuation","False","108","71","37","0.343","4","4","16","12"
"2026-04-13T07:30:11.115079Z","final-24h-tenant","575d7bad584bd0ebbabd4c78c3a1672d3f211a34b1e8eaf0b4c872d35a444b5b","codex","d22a7ad4347891bac7cd13c2a7fac4f4eb5b31de7b576091da99cc5689848a5d","4e18c013ef7ffcb7fc759b73498139bc27bc26c15f250416243f9357303aae09","continuation","False","108","71","37","0.343","4","4","16","12"
"2026-04-13T07:30:41.273079Z","final-24h-tenant","575d7bad584bd0ebbabd4c78c3a1672d3f211a34b1e8eaf0b4c872d35a444b5b","codex","8d15b9d14d4399771b84a72f28b1ec451f7760c83a96320848359ab0e42e2278","e3b126a6e7bcb77382c26e59f567130f946846407c2d2f0e9a3a620602c412c8","continuation","False","108","71","37","0.343","4","4","16","12"
"2026-04-13T07:31:11.460187Z","final-24h-tenant","575d7bad584bd0ebbabd4c78c3a1672d3f211a34b1e8eaf0b4c872d35a444b5b","codex","fd9e84b5800bb05d5104e75dd21aa562772b2c1befb6c1a60f95aed6e3fb18af","d6611b6c4abe609d9a9f5d8a81f14752fc315b128531c230030e4172a2ccc784","continuation","False","108","71","37","0.343","4","4","16","12"
"2026-04-13T07:31:41.682753Z","final-24h-tenant","575d7bad584bd0ebbabd4c78c3a1672d3f211a34b1e8eaf0b4c872d35a444b5b","codex","934a53451d12f2d87bceab509d1d81b30b5377b290f07fcb17abfd1d17e2b43b","8fa3509083f2f9e9c3ecdb5cc49e3c0fcf55267362ce8e3e71ae480f5a5f3440","continuation","False","108","71","37","0.343","4","4","16","12"
"2026-04-13T07:32:11.875690Z","final-24h-tenant","575d7bad584bd0ebbabd4c78c3a1672d3f211a34b1e8eaf0b4c872d35a444b5b","codex","ac6eeb399a19be74e70412115d43edc662108443164b55fe3e5dc1b9a0fa788c","869c7e292acea773bdc1072e49b9797b4557eb964c980d2579b61b6a8d30c641","continuation","False","108","71","37","0.343","4","4","16","12"
"2026-04-13T07:32:42.061256Z","final-24h-tenant","575d7bad584bd0ebbabd4c78c3a1672d3f211a34b1e8eaf0b4c872d35a444b5b","codex","662263d525a981502648afb6db9bec5829224ae05f06ddac4d5942ea54c4db15","85b6f239f255fe0cfc68f791f6e5560dcc455b90034cd1096d3663f9f99ee040","continuation","False","108","71","37","0.343","4","4","16","12"
"2026-04-13T07:33:12.215987Z","final-24h-tenant","575d7bad584bd0ebbabd4c78c3a1672d3f211a34b1e8eaf0b4c872d35a444b5b","codex","9a6ce39654809e12922bfc03623f6a3712543f94c2cc6aef9f64e9af9772e7ae","3e0a0e7ae4d44ec5ca90fb6e2c57f6479fdb70cc9d5ca2b21e45f0302bfb4ccb","continuation","False","108","71","37","0.343","4","4","16","12"
"2026-04-13T07:33:42.378109Z","final-24h-tenant","575d7bad584bd0ebbabd4c78c3a1672d3f211a34b1e8eaf0b4c872d35a444b5b","codex","848af59a3d671638ba01a089730d4ae578c85a2c2145a29a7685ae3438616f4d","23d3bd34324551f935c169cf9719af558a782e73b1f2e20dafe1f27a83ff5c87","continuation","False","108","71","37","0.343","4","4","16","12"
"2026-04-13T07:34:12.574197Z","final-24h-tenant","575d7bad584bd0ebbabd4c78c3a1672d3f211a34b1e8eaf0b4c872d35a444b5b","codex","349342f263c46875b5271bc07e93252d558276ee6f7fbd2b5965904fdd879f31","a1ba9f7e80253e53df7c4e1013afc3b2eee308e6cfc5fe984756d9eb93700236","continuation","False","108","71","37","0.343","4","4","16","12"
"2026-04-13T07:34:42.731717Z","final-24h-tenant","575d7bad584bd0ebbabd4c78c3a1672d3f211a34b1e8eaf0b4c872d35a444b5b","codex","6c5c6f2bbd121787b1a7ca97f01152ccf858d4405fdce55374ea9f7abc61b9c7","3eb037a0a8f9cca3665a77a15c150ec8724364dd08b58686a957028c8a489829","continuation","False","108","71","37","0.343","4","4","16","12"
"2026-04-13T07:35:12.955994Z","final-24h-tenant","575d7bad584bd0ebbabd4c78c3a1672d3f211a34b1e8eaf0b4c872d35a444b5b","codex","b6139636fc968ed25884f51e47478ce1d90b97eda1a4b0499f49a24069e7e9ed","7e013ad188a6326b4896319301fc13a1c0827ef86ee6d536732f693d4c26787d","continuation","False","108","71","37","0.343","4","4","16","12"
"2026-04-13T07:35:43.107861Z","final-24h-tenant","575d7bad584bd0ebbabd4c78c3a1672d3f211a34b1e8eaf0b4c872d35a444b5b","codex","b49d192cbe339979c1f0421285fec69941a7608d375a8010c628f0f155d109ea","19f43e9460ace03eb7b688cf28f67c2e7a4ea39a09b42a12593aad6110620a61","continuation","False","108","71","37","0.343","4","4","16","12"
"2026-04-13T07:36:13.312826Z","final-24h-tenant","575d7bad584bd0ebbabd4c78c3a1672d3f211a34b1e8eaf0b4c872d35a444b5b","codex","8d2481433363397248360e25461363c2e99c42256faabc5c44ebdeab818b7327","9570314d67eeb32fc7bf2fbac686cc73c6ca9697723ca6633fd8bea02a353315","continuation","False","108","71","37","0.343","4","4","16","12"
"2026-04-13T07:36:43.466815Z","final-24h-tenant","575d7bad584bd0ebbabd4c78c3a1672d3f211a34b1e8eaf0b4c872d35a444b5b","codex","142517507f45835dda77b1ee622e6bdaa6854cacb079b42c02ac8836fdc50b24","fbc65e7d0f1b45444470b6e2c69cfd062c80144d81854ecde7dbdedc0589cf43","continuation","False","108","71","37","0.343","4","4","16","12"
"2026-04-13T07:37:13.645647Z","final-24h-tenant","575d7bad584bd0ebbabd4c78c3a1672d3f211a34b1e8eaf0b4c872d35a444b5b","codex","5399cff52dc205461663ab1423310908e67e693b46daf7bc7818622f6148aefc","c3400321594b2d16c57591a7ad33ead36251e56b015a6c221f725e3755e2650f","continuation","False","108","71","37","0.343","4","4","16","12"
"2026-04-13T07:37:43.820542Z","final-24h-tenant","575d7bad584bd0ebbabd4c78c3a1672d3f211a34b1e8eaf0b4c872d35a444b5b","codex","290fab4134f4fcd202fde8da3f29749c7e7d3f21d1cc34d4e1e7d9201948c3e6","e8df3ab7efb620858672761b9fcf58f955259ac4e5893b477f975f3b8f14c8e1","continuation","False","108","71","37","0.343","4","4","16","12"
"2026-04-13T07:38:14.025884Z","final-24h-tenant","575d7bad584bd0ebbabd4c78c3a1672d3f211a34b1e8eaf0b4c872d35a444b5b","codex","87f0301e03e5232277c41675d8f10ea1a6439e8145eaa5b59ac7400230455ad1","bd0f47a057c1aac9fe8b410ff93145f2d6dd35e8cc6ef079cecc2543f1d99168","continuation","False","108","71","37","0.343","4","4","16","12"
"2026-04-13T07:38:44.218726Z","final-24h-tenant","575d7bad584bd0ebbabd4c78c3a1672d3f211a34b1e8eaf0b4c872d35a444b5b","codex","579c21249fabd6a03f953f4fb1590de7a79f39b5a9a2ac5e7d626a5a7f72b826","8a6e5b9fea583cbb5f0facfaf0fb4583ec099dca87f5c75af5fd4e15f4c2a2b6","continuation","False","108","71","37","0.343","4","4","16","12"
"2026-04-13T07:39:14.428225Z","final-24h-tenant","575d7bad584bd0ebbabd4c78c3a1672d3f211a34b1e8eaf0b4c872d35a444b5b","codex","eceafee5c4a6805fd7b5c737d6e3a9703651d752ba7d28780d80f71ac1259639","3da5ae4d0058364654db346a8cdc075421469a9fcf732693ce941f9fde51bf36","continuation","False","108","71","37","0.343","4","4","16","12"
"2026-04-13T07:39:44.633026Z","final-24h-tenant","575d7bad584bd0ebbabd4c78c3a1672d3f211a34b1e8eaf0b4c872d35a444b5b","codex","b01930ab48a1044837b0dd94161917e776d05eaffc012bc7477a5c6b143db67b","5938accd204c8b861aecb1730d3742c8667c06c6a63998f08f878b844f92b11c","continuation","False","108","71","37","0.343","4","4","16","12"
"2026-04-13T07:40:14.840915Z","final-24h-tenant","575d7bad584bd0ebbabd4c78c3a1672d3f211a34b1e8eaf0b4c872d35a444b5b","codex","3399efcdc6ec42c9e300c4219218b173fa67cf7253cb565f1894c2cdf9f44985","64397de2ec67842687ec4f2ecede4e85f75714eb7e5e3bd8ef762cfed19a63f3","continuation","False","108","71","37","0.343","4","4","16","12"
"2026-04-13T07:40:45.014230Z","final-24h-tenant","575d7bad584bd0ebbabd4c78c3a1672d3f211a34b1e8eaf0b4c872d35a444b5b","codex","38bff25d8a09d51bb2e254475d114d2a9f646697ec24ba6630cc07ce03996495","a067ef08f86e1a94f9c430e2ac9e8c3db9bfe0035293e3874ff10c46f9687f0c","continuation","False","108","71","37","0.343","4","4","16","12"
"2026-04-13T07:41:15.163833Z","final-24h-tenant","575d7bad584bd0ebbabd4c78c3a1672d3f211a34b1e8eaf0b4c872d35a444b5b","codex","2d82e4d54388e5c1c3624f7d866902d2873fcd982fe0102d686a2c45b5720d8f","5e619e02cd94808a90c687ac8436a95eb3b0180c87a18d6fede9afd200897540","continuation","False","108","71","37","0.343","4","4","16","12"
"2026-04-13T07:41:45.357618Z","final-24h-tenant","575d7bad584bd0ebbabd4c78c3a1672d3f211a34b1e8eaf0b4c872d35a444b5b","codex","4a97c59874424a3b73ecbc639973d7e812fef5f09e6906a17100bcb636a439b0","83da63f058cba6ea9970cf2789cc22df2e779c9eba186f2e7c07ba8a81d9d993","continuation","False","108","71","37","0.343","4","4","16","12"
"2026-04-13T07:42:15.533376Z","final-24h-tenant","575d7bad584bd0ebbabd4c78c3a1672d3f211a34b1e8eaf0b4c872d35a444b5b","codex","5aa42639339e33150ab1982129075bc27c10c937426ada23f60820cbbf5647cd","38e647f2aeee8a84f5e2c393661fe1e863922480d31739bf0ba19309f2164bb2","continuation","False","108","71","37","0.343","4","4","16","12"
"2026-04-13T07:42:45.735048Z","final-24h-tenant","575d7bad584bd0ebbabd4c78c3a1672d3f211a34b1e8eaf0b4c872d35a444b5b","codex","f21ebb51455cd14aacb79e0274882a611362e59ea59815b238411e338c96d764","1d752c3418322d5a8ba8f6f92206eff7fa29f3161c09d2add75bf58828319423","continuation","False","108","71","37","0.343","4","4","16","12"
"2026-04-13T07:43:15.890576Z","final-24h-tenant","575d7bad584bd0ebbabd4c78c3a1672d3f211a34b1e8eaf0b4c872d35a444b5b","codex","4f0f81daabe8b4c1d103858ce68a391c3f38a2e1ac65593ccc2ec28b20e85a4e","341e43334b2b358a0f378a26f1377920ac94a40f1fac24657c2896ff2a794274","continuation","False","108","71","37","0.343","4","4","16","12"
"2026-04-13T07:43:46.084563Z","final-24h-tenant","575d7bad584bd0ebbabd4c78c3a1672d3f211a34b1e8eaf0b4c872d35a444b5b","codex","11f429e335d752d68555d4150f9fea95d65cc51d68fb9363fd8a11ed58799326","135ba1f28730fff2353a04a9514e97fca3d443de0979ffc90a402534cc296a3e","continuation","False","108","71","37","0.343","4","4","16","12"
"2026-04-13T07:44:16.241801Z","final-24h-tenant","575d7bad584bd0ebbabd4c78c3a1672d3f211a34b1e8eaf0b4c872d35a444b5b","codex","210016f2fbcaac9e3edfff7022b71c8d0dea0e2e5db2bf666b063f10a5efc63a","087db5973b7d9eee5b1fecd369b5105fc041a761aaabf6eceae89f7d2087d24a","continuation","False","108","71","37","0.343","4","4","16","12"
"2026-04-13T07:44:46.434102Z","final-24h-tenant","575d7bad584bd0ebbabd4c78c3a1672d3f211a34b1e8eaf0b4c872d35a444b5b","codex","2b1c3f736f92032c62547fe1b134879c4abdd2cedeaf7c4e79a4bb3b60a0e5c9","f4c20d731fea73497b5b18b95889967cd96796f4f55e3cfcb96ba2bc537f1f9b","continuation","False","108","71","37","0.343","4","4","16","12"
"2026-04-13T07:45:16.601953Z","final-24h-tenant","575d7bad584bd0ebbabd4c78c3a1672d3f211a34b1e8eaf0b4c872d35a444b5b","codex","07391e939e5cd84f579624f85358c6ab79e6a0ba041f077c00a2dd8511c45480","6ad39949cf38968fc3251ec8432b7b9082fbc77af0dbf0e33796e35aeeccc7d9","continuation","False","108","71","37","0.343","4","4","16","12"
"2026-04-13T07:45:46.742193Z","final-24h-tenant","575d7bad584bd0ebbabd4c78c3a1672d3f211a34b1e8eaf0b4c872d35a444b5b","codex","a3f71c3937934e72d820e754b6a9c0a70ffb92ec892c2d4412ed88ea6a84c9f9","6bc22b45de36eff5a4da502ff1876ed5ed966940291e2a0828404890ef2b2b88","continuation","False","108","71","37","0.343","4","4","16","12"
"2026-04-13T07:46:16.904210Z","final-24h-tenant","575d7bad584bd0ebbabd4c78c3a1672d3f211a34b1e8eaf0b4c872d35a444b5b","codex","d95faf128835a4518aa4bda7598c796a510250e1391cbd7fe37fbbd1ab9a6ba7","aeaa87f24fd78d2dc7457be0c4872105cafae53e1fe526d44f0b48080ac158f6","continuation","False","108","71","37","0.343","4","4","16","12"
"2026-04-13T07:46:47.070671Z","final-24h-tenant","575d7bad584bd0ebbabd4c78c3a1672d3f211a34b1e8eaf0b4c872d35a444b5b","codex","056286add4c7db7f0f1e7e8f0456b3cf7f935f2d5de588f14d9bcfa677a6ebc3","a4420602c4f6203b5734d6f9fa1dceb76bb1ed4ffb2e69b7788c68db7ee0842c","continuation","False","108","71","37","0.343","4","4","16","12"
"2026-04-13T07:47:17.269812Z","final-24h-tenant","575d7bad584bd0ebbabd4c78c3a1672d3f211a34b1e8eaf0b4c872d35a444b5b","codex","763d9435e29648b447fca2a061959aca326dcdec61877d3a4f3d33e7f59941c3","2dd2d3e24f3cc1f7c84220d1626d424f6f4ff775e38f02e21fdf054e2759b26a","continuation","False","108","71","37","0.343","4","4","16","12"
"2026-04-13T07:47:47.459762Z","final-24h-tenant","575d7bad584bd0ebbabd4c78c3a1672d3f211a34b1e8eaf0b4c872d35a444b5b","codex","046821262e68977f90f71234ebd98961a680b9753267559ef5c4a7ae3bdeebb2","bcf66d3ba5773c63169c2bd1e628bea3a5b3ae0c4aa75fd4fb8039a9f2139673","continuation","False","108","71","37","0.343","4","4","16","12"
"2026-04-13T07:48:17.658441Z","final-24h-tenant","575d7bad584bd0ebbabd4c78c3a1672d3f211a34b1e8eaf0b4c872d35a444b5b","codex","bdd115366fd6e3cc1cd0891a929d495fee3c2f057cd6d86c81ab615d283f2035","37c2fc1f0e47343c01b331957c2fd5ee5c5a2d4a9aa5b79685d16801b79e9f69","continuation","False","108","71","37","0.343","4","4","16","12"
"2026-04-13T07:48:47.846081Z","final-24h-tenant","575d7bad584bd0ebbabd4c78c3a1672d3f211a34b1e8eaf0b4c872d35a444b5b","codex","7632b51993df41209131bd87118827406fa61709149e95435caaa516eef57097","d83bae26db67af4ea85f8f77158c1ab9c1825226d4cae253c202f9a084a80632","continuation","False","108","71","37","0.343","4","4","16","12"
"2026-04-13T07:49:18.000690Z","final-24h-tenant","575d7bad584bd0ebbabd4c78c3a1672d3f211a34b1e8eaf0b4c872d35a444b5b","codex","5ec08b2f5d49163d0ee806276fba3c502a07641d76e8e6858eebdf12cfafcc63","9d5afbbaf619f094c2810cc19da8155462572f9c34a16d8ae51d538de92d40b8","continuation","False","108","71","37","0.343","4","4","16","12"
"2026-04-13T07:49:48.176994Z","final-24h-tenant","575d7bad584bd0ebbabd4c78c3a1672d3f211a34b1e8eaf0b4c872d35a444b5b","codex","897c736e291462bf93d7354b00174570ce7e3734977d9de5881d21e66474b3e4","eaf35f79d4dda194a7c1b56f057f5b53bdb8cc2b03833d22e3a2aaa9a0379a3e","continuation","False","108","71","37","0.343","4","4","16","12"
"2026-04-13T07:50:18.357262Z","final-24h-tenant","575d7bad584bd0ebbabd4c78c3a1672d3f211a34b1e8eaf0b4c872d35a444b5b","codex","eea8502b0b57026b07e772458160a9d16d7c03f7f8135b4d21d454da5d097517","6572aa94489635e462a0fa43e161bd58c2fecff42ff9ee24ee2c8d58f401e79a","continuation","False","108","71","37","0.343","4","4","16","12"
"2026-04-13T07:50:48.489755Z","final-24h-tenant","575d7bad584bd0ebbabd4c78c3a1672d3f211a34b1e8eaf0b4c872d35a444b5b","codex","c83af0cf80bce2114dbfa1f7b89f37902b86b0544b945d736b82e9f55e56120e","1e2c270b320da99b845bfb963d028709e3e0b46791aa1a48beed1b64b3893fc3","continuation","False","108","71","37","0.343","4","4","16","12"
"2026-04-13T07:51:18.681855Z","final-24h-tenant","575d7bad584bd0ebbabd4c78c3a1672d3f211a34b1e8eaf0b4c872d35a444b5b","codex","03edf9e720307fbf6abc05ba0723e2d2ef9ee02579bda725fc965823e2334c19","68d73bb553ccf058a18d9007cc18b737c841c4e78d68fda0cc4915f4929aacea","continuation","False","108","71","37","0.343","4","4","16","12"
"2026-04-13T07:51:48.896554Z","final-24h-tenant","575d7bad584bd0ebbabd4c78c3a1672d3f211a34b1e8eaf0b4c872d35a444b5b","codex","9fbec3c7e629295daabc30a0bc73a8334f9f7b537252dc84c1f00ff5d852cc98","431ca1a1f32c86d1ee17765f297abe8ec6522ffa2eebc14428eac59de8133be1","continuation","False","108","71","37","0.343","4","4","16","12"
"2026-04-13T07:52:19.074219Z","final-24h-tenant","575d7bad584bd0ebbabd4c78c3a1672d3f211a34b1e8eaf0b4c872d35a444b5b","codex","b3cfa3caa00062aeb8a551e1fab455d91fc53a7aa97bdc158078c0a21f33f868","3f36e6d65d1d27784920d3c4d738ef26b5469fea359b3b3a8304c04c68a47ff5","continuation","False","108","71","37","0.343","4","4","16","12"
"2026-04-13T07:52:49.239900Z","final-24h-tenant","575d7bad584bd0ebbabd4c78c3a1672d3f211a34b1e8eaf0b4c872d35a444b5b","codex","78601806d43090eadc69a86f8a0aa3cf661680e38e0c7cdcac18657943515249","6b1002d8f3fc28a2cc0fc9adea6ff3f9419fb602b028ee4f6e97abfa6b04728f","continuation","False","108","71","37","0.343","4","4","16","12"
"2026-04-13T07:53:19.424209Z","final-24h-tenant","575d7bad584bd0ebbabd4c78c3a1672d3f211a34b1e8eaf0b4c872d35a444b5b","codex","2d2c5e0ca4a9cff63ff92dae8f414ef5ab91dbfbf65f851ca863ab35dce13072","6d9482aef13ac5448a1e9871f18f121fa3ff88ce5af553d74cf2c0137fa26946","continuation","False","108","71","37","0.343","4","4","16","12"
"2026-04-13T07:53:49.620929Z","final-24h-tenant","575d7bad584bd0ebbabd4c78c3a1672d3f211a34b1e8eaf0b4c872d35a444b5b","codex","b59fb262716b5f92216c41e11ba10ef46551f89a37140a57d5efdeacf80a947a","7c273b06430cf65e340fd44d3f6e0401797f1494ca331e8e163dec41c7a46a17","continuation","False","108","71","37","0.343","4","4","16","12"
"2026-04-13T07:54:19.814044Z","final-24h-tenant","575d7bad584bd0ebbabd4c78c3a1672d3f211a34b1e8eaf0b4c872d35a444b5b","codex","63ebdce9cb00178443909b1786b5f45406eac586c7ffcfd36b99b484b477bc67","490cc6b562f3837a0f0caa355d43897c29856257fafd4e590ec87578e24a69b0","continuation","False","108","71","37","0.343","4","4","16","12"
"2026-04-13T07:54:49.998923Z","final-24h-tenant","575d7bad584bd0ebbabd4c78c3a1672d3f211a34b1e8eaf0b4c872d35a444b5b","codex","84c549b4ec968645237f1c0de449c43e06ebbc37f736fff5928c1b35a8670bae","dd32c7e9603b677d4f7810e44af03dc74d8fb6dfc32c584a192de78661bef6e7","continuation","False","108","71","37","0.343","4","4","16","12"
"2026-04-13T07:55:20.161978Z","final-24h-tenant","575d7bad584bd0ebbabd4c78c3a1672d3f211a34b1e8eaf0b4c872d35a444b5b","codex","85cab6aac4dd3d229c3e59db7ffa0a16774eada4fad95ca1441cff4b80f39d83","1f527187367ec37c2a3414415b74854c82a718ef76a775558d3c8afafeb94c5e","continuation","False","108","71","37","0.343","4","4","16","12"
"2026-04-13T07:55:50.338595Z","final-24h-tenant","575d7bad584bd0ebbabd4c78c3a1672d3f211a34b1e8eaf0b4c872d35a444b5b","codex","417166dd317484f913739e28ed0fa742f67532fd3a8fcbd229d40ec9a937e90b","a3cdbb158f065c5b630b6e809238537de6c565cdd17320e1a4682ee75c335509","continuation","False","108","71","37","0.343","4","4","16","12"
"2026-04-13T07:56:20.502573Z","final-24h-tenant","575d7bad584bd0ebbabd4c78c3a1672d3f211a34b1e8eaf0b4c872d35a444b5b","codex","44df33b977ee6a8966f49fffe693a95331e532de2a2ec69fb0e7f7f6c3181cb6","17dc1e6616472b9c84eeb628ad5b6b66c92e111d9fa554285cfa1cc950f718e4","continuation","False","108","71","37","0.343","4","4","16","12"
"2026-04-13T07:56:50.682532Z","final-24h-tenant","575d7bad584bd0ebbabd4c78c3a1672d3f211a34b1e8eaf0b4c872d35a444b5b","codex","6d02c6ae9b7c5afbda0315e564c38561e7336e5d4d3e61d9752d3ce1f119fd03","a0db106072e0752ecc4fcbfdffe37b20bb5a481e23b5443b50582fb791b2269f","continuation","False","108","71","37","0.343","4","4","16","12"
"2026-04-13T07:57:20.840648Z","final-24h-tenant","575d7bad584bd0ebbabd4c78c3a1672d3f211a34b1e8eaf0b4c872d35a444b5b","codex","f72eb8de8e52661274ced5d7ba003b1a3999c1e10e48a232a36284e5f253420e","1867ebb30c6453390191b8e0e508cab98e4f33a358b360630db7967117e91ba3","continuation","False","108","71","37","0.343","4","4","16","12"
"2026-04-13T07:57:51.057078Z","final-24h-tenant","575d7bad584bd0ebbabd4c78c3a1672d3f211a34b1e8eaf0b4c872d35a444b5b","codex","de728129494132d935f2c701830eb0a88b7a86441f9c85b6b59a19fedd24c6e4","b8841e0c103181623b5a69cef8ae271d29a0f94312a82707c63390f71254426b","continuation","False","108","71","37","0.343","4","4","16","12"
"2026-04-13T07:58:21.257509Z","final-24h-tenant","575d7bad584bd0ebbabd4c78c3a1672d3f211a34b1e8eaf0b4c872d35a444b5b","codex","2519aa277fbd4857f682c88a1f6a13b9901c00d9f9de99fef762d045e3060f47","8ef01e7f11f92d1270ec0edecad39b1348eb54d82222f6dbd9ec75f2cf5e8621","continuation","False","108","71","37","0.343","4","4","16","12"
"2026-04-13T07:58:51.482779Z","final-24h-tenant","575d7bad584bd0ebbabd4c78c3a1672d3f211a34b1e8eaf0b4c872d35a444b5b","codex","18e21905fac5d063bb4f4ddf6615b0612b02ddfb54b1274ca85e77244bd28de0","94ac40892516947f21ea5ef5f62cd45279b6caf14c03731f26645350433db553","continuation","False","108","71","37","0.343","4","4","16","12"
"2026-04-13T07:59:21.644790Z","final-24h-tenant","575d7bad584bd0ebbabd4c78c3a1672d3f211a34b1e8eaf0b4c872d35a444b5b","codex","6aaf9cf75e468b7f7246ce3c860c3c43af0cc68fbc278069e81d0ef43abbb90e","8bbcbb8d7f527def39aaf4410522533b96e4f476359652d599c254b1069b3bb0","continuation","False","108","71","37","0.343","4","4","16","12"
"2026-04-13T07:59:51.812558Z","final-24h-tenant","575d7bad584bd0ebbabd4c78c3a1672d3f211a34b1e8eaf0b4c872d35a444b5b","codex","71edf27576a5072422160c3883f2761fed00eecdb964a49781051697ff806e10","cfa9d5af642ff1e9b3081cf69b390cfe7d12b924b9098909b0417771ff453b90","continuation","False","108","71","37","0.343","4","4","16","12"
"2026-04-13T08:00:21.989412Z","final-24h-tenant","575d7bad584bd0ebbabd4c78c3a1672d3f211a34b1e8eaf0b4c872d35a444b5b","codex","3827a18c8d5183436063018f0b7ad3b81373ac46b66b0d3c7a5f04f6a1e10db4","00b99977f66582c78d9f3b10689ec7221f7aab4e927e060016606e1631518aff","continuation","False","108","71","37","0.343","4","4","16","12"
"2026-04-13T08:00:52.127917Z","final-24h-tenant","575d7bad584bd0ebbabd4c78c3a1672d3f211a34b1e8eaf0b4c872d35a444b5b","codex","f7889d70516336455594239d85d7e5229276d97272f262e5943db68e2ffe6615","493852083a0ff4ca754b0e46e55ccc364959043ab4e9e2132385ecd62531f701","continuation","False","108","71","37","0.343","4","4","16","12"
"2026-04-13T08:01:22.297724Z","final-24h-tenant","575d7bad584bd0ebbabd4c78c3a1672d3f211a34b1e8eaf0b4c872d35a444b5b","codex","3990a4ada112a68675a4badf648182222c06999cbf99dc0997eb120dabc9dc6f","55c8525b111e97b315d10eb19fb7fda377e4bc4144c7e94d354031d6c9e4aa69","continuation","False","108","71","37","0.343","4","4","16","12"
"2026-04-13T08:01:52.515879Z","final-24h-tenant","575d7bad584bd0ebbabd4c78c3a1672d3f211a34b1e8eaf0b4c872d35a444b5b","codex","a7f3cc76b7a0f2767c0073fa419d1864a569427f67097b17bf001ec895c23950","4a4ef752e91823f127fceb6a8d807c28800e4224e20364436bf49718f9757cb6","continuation","False","108","71","37","0.343","4","4","16","12"
"2026-04-13T08:02:22.683015Z","final-24h-tenant","575d7bad584bd0ebbabd4c78c3a1672d3f211a34b1e8eaf0b4c872d35a444b5b","codex","cac7a17de441f1b0737a1f5a7f56d9cab9cdb938662e25cb0663387129fbe29b","f19b867a342b24ea0c1b61f07b989161d56efa63215f4b86a9a45a56851c9763","continuation","False","108","71","37","0.343","4","4","16","12"
"2026-04-13T08:02:52.857962Z","final-24h-tenant","575d7bad584bd0ebbabd4c78c3a1672d3f211a34b1e8eaf0b4c872d35a444b5b","codex","e4d64e9013e68ec4b80145e8547043fa73e7f4a28968f6bd3baf38e1ecc9a62b","1e467a15349481dbe70a7e687392cbcbff1d30f4d132c30e8a0e37d1464522e7","continuation","False","108","71","37","0.343","4","4","16","12"
"2026-04-13T08:03:23.032906Z","final-24h-tenant","575d7bad584bd0ebbabd4c78c3a1672d3f211a34b1e8eaf0b4c872d35a444b5b","codex","1733ea2d90f740cf8608a3441343412d862c9e8bf018cc6d57eb0bc4702906e3","ed082942bdc06e0743d5e0e3eb06f8034697ee27c7a9144106fa81638a717e78","continuation","False","108","71","37","0.343","4","4","16","12"
"2026-04-13T08:03:53.196065Z","final-24h-tenant","575d7bad584bd0ebbabd4c78c3a1672d3f211a34b1e8eaf0b4c872d35a444b5b","codex","e4302de159c63d7bccc4055e67b0ce4b0df262d4820002790ea98d22183173c4","a1a66f2290378c59cdaceff9924cd3f93b649ebf153703181d53e2d03d725ef6","continuation","False","108","71","37","0.343","4","4","16","12"
"2026-04-13T08:04:23.391973Z","final-24h-tenant","575d7bad584bd0ebbabd4c78c3a1672d3f211a34b1e8eaf0b4c872d35a444b5b","codex","cbf59bebd69025f6c8a1625ff6ceff7eae2ae33bfd922075eea6bc7ea1319292","9723dfb9757a4dab8a858ba20b6ddcccf56cbf7a625b208926cfbceaeaf48d21","continuation","False","108","71","37","0.343","4","4","16","12"
"2026-04-13T08:04:53.572584Z","final-24h-tenant","575d7bad584bd0ebbabd4c78c3a1672d3f211a34b1e8eaf0b4c872d35a444b5b","codex","3d5455623d3e63bca5bc3ac6c52a09cc8ab36b119f5d34b0836f4412061c98d6","5d9eaa33be734d55934fac289ffaa8e770fefa8724446a9d8b241272fc6ef12c","continuation","False","108","71","37","0.343","4","4","16","12"
"2026-04-13T08:05:23.745720Z","final-24h-tenant","575d7bad584bd0ebbabd4c78c3a1672d3f211a34b1e8eaf0b4c872d35a444b5b","codex","5c634f499103ec24f0f4ab4fbb4f4d00581ccde60271baf5f5ca0331192e4c58","7e704518ef0c7f7ad3a923f23c4ec63da34f968889341b2354c5a2a15c5bb486","continuation","False","108","71","37","0.343","4","4","16","12"
"2026-04-13T08:05:53.935310Z","final-24h-tenant","575d7bad584bd0ebbabd4c78c3a1672d3f211a34b1e8eaf0b4c872d35a444b5b","codex","7e71c5b8c10ce75e9ed45c41e41304d2020082570e66a515132d73b266f4bc2d","85900431118e09737f8a82f113745a963bd795d0b1314b209e8acf3ea23eed3d","continuation","False","108","71","37","0.343","4","4","16","12"
"2026-04-13T08:06:24.109046Z","final-24h-tenant","575d7bad584bd0ebbabd4c78c3a1672d3f211a34b1e8eaf0b4c872d35a444b5b","codex","3fc69d5b2502cfd309482c9d37d2396bfd44bf5b6f822a98247961ad9ccffa4e","65cb41abff8bd8771d29b51c79b2ab8e651a53db74b009289c4658a12253e2a8","continuation","False","108","71","37","0.343","4","4","16","12"
"2026-04-13T08:06:54.295607Z","final-24h-tenant","575d7bad584bd0ebbabd4c78c3a1672d3f211a34b1e8eaf0b4c872d35a444b5b","codex","8cd520a2e769a1aef018c53988379a96588676abacc44000526e527a336a541f","ec6e32e77bb8387ac24ffbb1bbaa724fd3c407886e3a5f6e89d0dc3f2eb2ec67","continuation","False","108","71","37","0.343","4","4","16","12"
"2026-04-13T08:07:24.465426Z","final-24h-tenant","575d7bad584bd0ebbabd4c78c3a1672d3f211a34b1e8eaf0b4c872d35a444b5b","codex","aa91a387eef1fc6a349d6985423514eb77496698fc4da38e768b08a98e1f39b6","6e3e5e0e45fae72f3d715d98d20a5abcd3e87bdb25c9699f32df9994158c1385","continuation","False","108","71","37","0.343","4","4","16","12"
"2026-04-13T08:07:54.643704Z","final-24h-tenant","575d7bad584bd0ebbabd4c78c3a1672d3f211a34b1e8eaf0b4c872d35a444b5b","codex","28b7516c0c666eea88521380e18f691017e7d7a9304df514eaaa00da1c3cd428","330c2b8d2a4e13c4c853657e76990e3ff391eb5dc048731a5295ce4c8d8a3eab","continuation","False","108","71","37","0.343","4","4","16","12"
"2026-04-13T08:08:24.828249Z","final-24h-tenant","575d7bad584bd0ebbabd4c78c3a1672d3f211a34b1e8eaf0b4c872d35a444b5b","codex","473dfa2a22b56db254509663e9466128aabb4d959220e7182eb2ae2a771f5c41","ac866839a0672ab338cb92d3331c3958ea96f754e59c8a134ed23b7e52b8257c","continuation","False","108","71","37","0.343","4","4","16","12"
"2026-04-13T08:08:54.991013Z","final-24h-tenant","575d7bad584bd0ebbabd4c78c3a1672d3f211a34b1e8eaf0b4c872d35a444b5b","codex","84f8aab5e0007e4193b24129f50c4b188930a6f970eb0c26e0679361749d44c6","b58a207250dadac0ad506c9177639bac480cf88ab63dc443920e9a2df48841bd","continuation","False","108","71","37","0.343","4","4","16","12"
"2026-04-13T08:09:25.128928Z","final-24h-tenant","575d7bad584bd0ebbabd4c78c3a1672d3f211a34b1e8eaf0b4c872d35a444b5b","codex","030fede8b1ad6b7b118285d658d5d953f1a0844ca0f50ef0cac8cb2304a1b261","df1921aab6db9880b9f8a402cbbba497d6981dc64a429fc355b224dc922627c7","continuation","False","108","71","37","0.343","4","4","16","12"
"2026-04-13T08:09:55.291905Z","final-24h-tenant","575d7bad584bd0ebbabd4c78c3a1672d3f211a34b1e8eaf0b4c872d35a444b5b","codex","a37c05968c936f12bac6c71b77846a8324372c6ae5c44db7d43b335055c4ffce","c3ce9698d1e4e2fd184e254a8064e39b4fb0d31f6c59c916147dcb0c19927b9f","continuation","False","108","71","37","0.343","4","4","16","12"
"2026-04-13T08:10:25.482971Z","final-24h-tenant","575d7bad584bd0ebbabd4c78c3a1672d3f211a34b1e8eaf0b4c872d35a444b5b","codex","fde65c411531c5db95b8f07e3e225a14e430e4c46d0ae0c6ea9dda11fbbb1d95","b9bc6422bad0f19dca3cf3bb03c725a0161e3340aeb5d9a069e69907cddb10cd","continuation","False","108","71","37","0.343","4","4","16","12"
"2026-04-13T08:10:55.656413Z","final-24h-tenant","575d7bad584bd0ebbabd4c78c3a1672d3f211a34b1e8eaf0b4c872d35a444b5b","codex","575d3e53da9b523c8d37393153d739a4ec597b057d3dc6a470c1d1bf83659167","622f680eb2262d61312d7862adf4f6d93ae323a0cacffa71358b9e299031d5ba","continuation","False","108","71","37","0.343","4","4","16","12"
"2026-04-13T08:11:25.854247Z","final-24h-tenant","575d7bad584bd0ebbabd4c78c3a1672d3f211a34b1e8eaf0b4c872d35a444b5b","codex","b85cad97e3151f6711a83741ef7676fe201a56c7c0f7ca3529f346dbac7db416","28cda1b478423223323e9b84b0a5bc9fcbba15447c33c7098c0e5e4e772a2345","continuation","False","108","71","37","0.343","4","4","16","12"
"2026-04-13T08:11:56.040561Z","final-24h-tenant","575d7bad584bd0ebbabd4c78c3a1672d3f211a34b1e8eaf0b4c872d35a444b5b","codex","dc2fa9592f0deddda4422054437a8da5ca2814194460b1600f3944e0f2ed2f75","8b8fe0d08da3e43781e34c52e356424658b4b3f89bc5a55a4c21c39c2443a68c","continuation","False","108","71","37","0.343","4","4","16","12"
"2026-04-13T08:12:26.236751Z","final-24h-tenant","575d7bad584bd0ebbabd4c78c3a1672d3f211a34b1e8eaf0b4c872d35a444b5b","codex","e3921f67d59845d83bf1ddfeb35c9d821955cf9f7ec510d087d22b516c680b0a","4482857cd917592ec7be79131136e2f19df40b0ad32a2aaed9e0a0d5d65fe29e","continuation","False","108","71","37","0.343","4","4","16","12"
"2026-04-13T08:12:56.422748Z","final-24h-tenant","575d7bad584bd0ebbabd4c78c3a1672d3f211a34b1e8eaf0b4c872d35a444b5b","codex","ce5d0c38900e91513ebd58e0d88d74891c6c68316f4f382985331a23582ccc8d","c70671c7b15aa492f76d9762a383afc635cee1af7bc9d24763f435c97a8889e9","continuation","False","108","71","37","0.343","4","4","16","12"
"2026-04-13T08:13:26.601132Z","final-24h-tenant","575d7bad584bd0ebbabd4c78c3a1672d3f211a34b1e8eaf0b4c872d35a444b5b","codex","9c80f6a51e7d4a8377d2e81ce702ed4ed20de69ee5a470c4dc15efd20f1daaad","19417768e19b6a8fc6a4dd149b449f21eaa7abeb0a081c7f52f8c2f90970d5b6","continuation","False","108","71","37","0.343","4","4","16","12"
"2026-04-13T08:13:56.791623Z","final-24h-tenant","575d7bad584bd0ebbabd4c78c3a1672d3f211a34b1e8eaf0b4c872d35a444b5b","codex","7753904b6f89e26f43b420c661bda19dae3342744481f3dc2a5b2fdf246d3bcf","9e30bb8b075c8b1b57ff1c6cdeecf258e3790e551a8a190b7b8e7da444b2087b","continuation","False","108","71","37","0.343","4","4","16","12"
"2026-04-13T08:14:27.009552Z","final-24h-tenant","575d7bad584bd0ebbabd4c78c3a1672d3f211a34b1e8eaf0b4c872d35a444b5b","codex","476652d4f3d7bfde842540e7595473ba211f7eaf1d615f796dc13ed9a43c4876","29bb52c1bcefc0c2d135c1e64f7f22045aa8b9edb0880d35f6a22977c61f1846","continuation","False","108","71","37","0.343","4","4","16","12"
"2026-04-13T08:14:57.162017Z","final-24h-tenant","575d7bad584bd0ebbabd4c78c3a1672d3f211a34b1e8eaf0b4c872d35a444b5b","codex","8bb5230c42ddee5d8a2dc7158bbf8fa657136db7252ec4a36d6f15150b9062a7","fb827619f9130f92bcb57915095ca6ccd85cde861ef47c65fe176eb91451f7d7","continuation","False","108","71","37","0.343","4","4","16","12"
"2026-04-13T08:15:27.377706Z","final-24h-tenant","575d7bad584bd0ebbabd4c78c3a1672d3f211a34b1e8eaf0b4c872d35a444b5b","codex","4c34d08a02984779ce3fa4e2d0f8d332473a8abc6e78ec1edd1b68f5e4d1edd1","dd7392ef737dad6ea7ea181fc102b3000cc28f8eddf41f42c24c13ae16a90aa8","continuation","False","108","71","37","0.343","4","4","16","12"
"2026-04-13T08:15:57.520919Z","final-24h-tenant","575d7bad584bd0ebbabd4c78c3a1672d3f211a34b1e8eaf0b4c872d35a444b5b","codex","99de12bc5bc4313ed15b19ebf50d4f90b83e9d8124a86984c8e9ec6be0ad680c","443cad97a53a0cd2bd4b9c245b6d36a0624d820c2b7cfb0314f96790fd981c3d","continuation","False","108","71","37","0.343","4","4","16","12"
"2026-04-13T08:16:27.691274Z","final-24h-tenant","575d7bad584bd0ebbabd4c78c3a1672d3f211a34b1e8eaf0b4c872d35a444b5b","codex","5158087f9c92da0c9fd2b0e7151fc1f246ec07b70a81854fbd8225e130a32bc6","d6040f9b729183f57997919737c7719606189f94c3b3b6d29228de8dabb15114","continuation","False","108","71","37","0.343","4","4","16","12"
"2026-04-13T08:16:57.883460Z","final-24h-tenant","575d7bad584bd0ebbabd4c78c3a1672d3f211a34b1e8eaf0b4c872d35a444b5b","codex","3478748f930c0e63f1b408ce4ff9d025ef45489169f775974542115c4fdddb2e","75dd944f6060e2df18baefb42c0fc9cf711f8788679aeb9acdff5db044244769","continuation","False","108","71","37","0.343","4","4","16","12"
"2026-04-13T08:17:28.091656Z","final-24h-tenant","575d7bad584bd0ebbabd4c78c3a1672d3f211a34b1e8eaf0b4c872d35a444b5b","codex","1bdaac1a9f4ea130255e9cefd95b1b95ce584f1b6e66f0469ccf08b53f1872d6","c8aa26f28a4c047d67e751727b9bbe5f4abf901c6213cee134b602d257e3951e","continuation","False","108","71","37","0.343","4","4","16","12"
"2026-04-13T08:17:58.281529Z","final-24h-tenant","575d7bad584bd0ebbabd4c78c3a1672d3f211a34b1e8eaf0b4c872d35a444b5b","codex","adf39896f156b729a51d0f4c4dbfe01f693efeeda250787232669457bb545eb3","f0c999fbe7e79b411476281849a437bf2358dbd0cfdc61133cececbe08fcbd79","continuation","False","108","71","37","0.343","4","4","16","12"
"2026-04-13T08:18:28.486974Z","final-24h-tenant","575d7bad584bd0ebbabd4c78c3a1672d3f211a34b1e8eaf0b4c872d35a444b5b","codex","ad31b3251ba757c403bb498b864c81e463cc9330bdd00eff18eb8913ec095731","157db8284a55d331478be1dc5234a5cf45af77b99dd12f56e86fd7b73e7d6b3d","continuation","False","108","71","37","0.343","4","4","16","12"
"2026-04-13T08:18:58.710243Z","final-24h-tenant","575d7bad584bd0ebbabd4c78c3a1672d3f211a34b1e8eaf0b4c872d35a444b5b","codex","dc1608a236dc01f497db97dfa25d6d5d28b13a10c640157e56f6e718d09d12a0","fd1b53a766e438ee6fa7be86ce2ca08e269575004e30c6d54c1d8201505e15f1","continuation","False","108","71","37","0.343","4","4","16","12"
"2026-04-13T08:19:28.902909Z","final-24h-tenant","575d7bad584bd0ebbabd4c78c3a1672d3f211a34b1e8eaf0b4c872d35a444b5b","codex","70c62fef84785459a0f9743ec730e1663a1bcdcbcc0632c44b82ed4b8f99f00c","98257267af3aee8aa594264aed1ec9d88e3756a50673583141844d9c01d9e9fe","continuation","False","108","71","37","0.343","4","4","16","12"
"2026-04-13T08:19:59.083174Z","final-24h-tenant","575d7bad584bd0ebbabd4c78c3a1672d3f211a34b1e8eaf0b4c872d35a444b5b","codex","0c1203d4496bbfc29ddfb23f5bd01d9e242eff2fc50109f33c53e8a0584d2bc0","04a1c771bab71f6364e5d80044eb24cec4c217d866d7a6a333fdcf2a06328ee1","continuation","False","108","71","37","0.343","4","4","16","12"
"2026-04-13T08:20:29.257342Z","final-24h-tenant","575d7bad584bd0ebbabd4c78c3a1672d3f211a34b1e8eaf0b4c872d35a444b5b","codex","33132fb7f5f898fba4db0946afd5a6b5f05f4683d7155024230c7052c755c11d","c0aa85b333208e2db936903c9db71c79a4f031f896c425b34145b52561a1eeba","continuation","False","108","71","37","0.343","4","4","16","12"
"2026-04-13T08:20:59.382258Z","final-24h-tenant","575d7bad584bd0ebbabd4c78c3a1672d3f211a34b1e8eaf0b4c872d35a444b5b","codex","e0b09cf54bbc6158220105f3c9d60a4d8996f7c232542d5d3baad286f0ce917a","0d9ed833ab89f222577edf81fc51c7be0cc2fe71a36ee87becfec6ed32242aeb","continuation","False","108","71","37","0.343","4","4","16","12"
"2026-04-13T08:21:29.544100Z","final-24h-tenant","575d7bad584bd0ebbabd4c78c3a1672d3f211a34b1e8eaf0b4c872d35a444b5b","codex","f337d1d7d5eb9fab5f64af937f006fcad02ff23e6c3ccd091b37dee41157c148","63c8bb54cd0b861086aee4703dce646451ecca7e7f417cc7fe2c53be45bb2ec6","continuation","False","108","71","37","0.343","4","4","16","12"
"2026-04-13T08:21:59.720762Z","final-24h-tenant","575d7bad584bd0ebbabd4c78c3a1672d3f211a34b1e8eaf0b4c872d35a444b5b","codex","b6413af551be911107ecce8c09b2fce1afa65ff714343e7d893a404eb3b6be65","2a4d74f9de74453ab290d2ccba0124f5d3afc09e06fd3166b5164aafe11e9d1c","continuation","False","108","71","37","0.343","4","4","16","12"
"2026-04-13T08:22:29.965390Z","final-24h-tenant","575d7bad584bd0ebbabd4c78c3a1672d3f211a34b1e8eaf0b4c872d35a444b5b","codex","d0bcb003ed392cff8a29f865d88dc0ad2b32b43d40cf67a58f6ed7a8b12e0c18","12290b60cace8845557208e9f8db89d2f16cd51dc2db3b134c68d05a57996d91","continuation","False","108","71","37","0.343","4","4","16","12"
"2026-04-13T08:23:00.127702Z","final-24h-tenant","575d7bad584bd0ebbabd4c78c3a1672d3f211a34b1e8eaf0b4c872d35a444b5b","codex","a939121b91489075dbbca71058e60dc0a75c1489e38b2492792938903bdfd2b8","8a914401dffce384a4821ffc4689bd7e64582b80c377521c284b46b24844a6d4","continuation","False","108","71","37","0.343","4","4","16","12"
"2026-04-13T08:23:30.275388Z","final-24h-tenant","575d7bad584bd0ebbabd4c78c3a1672d3f211a34b1e8eaf0b4c872d35a444b5b","codex","f394b9c847c3be95ce928196c70eb5904f32e69150c3a5b51c3338e5a491a1ea","696d3f63385d2662ecdc8d3451e122374ca52cfee7dc6ea994798320d6625e29","continuation","False","108","71","37","0.343","4","4","16","12"
"2026-04-13T08:24:00.437319Z","final-24h-tenant","575d7bad584bd0ebbabd4c78c3a1672d3f211a34b1e8eaf0b4c872d35a444b5b","codex","16753db5356e47c93c2bbade4f4c4cbdc074056a055b3a3630df6ce7068b5565","573f604c80d2873dc93059e4330f6a5ea28e63db45b8a1bdfcc4abb8065eb11e","continuation","False","108","71","37","0.343","4","4","16","12"
"2026-04-13T08:24:30.607079Z","final-24h-tenant","575d7bad584bd0ebbabd4c78c3a1672d3f211a34b1e8eaf0b4c872d35a444b5b","codex","0c79aba0e42f30ad32b7ed235a0ab17c7062c7f6e7238c9040bdf6241cc77c27","2b8b070de4553777aeedfd1969096862c7cde767d314b2640b7825ec535b1d10","continuation","False","108","71","37","0.343","4","4","16","12"
"2026-04-13T08:25:00.836990Z","final-24h-tenant","575d7bad584bd0ebbabd4c78c3a1672d3f211a34b1e8eaf0b4c872d35a444b5b","codex","17653793e3159d18e667737a771bc4141aee6b8a6198ad2de7597021a69929cf","d89b86012468bc4b6923b29ab81770238263dbe3d31a212c123a59aea2031a3b","continuation","False","108","71","37","0.343","4","4","16","12"
"2026-04-13T08:25:31.030037Z","final-24h-tenant","575d7bad584bd0ebbabd4c78c3a1672d3f211a34b1e8eaf0b4c872d35a444b5b","codex","fc49ca7e26b5dbcf93894a788e58f09281044d322dbbf946e9235f2a5d782cb4","fc0fc00cd150436a0db32c43d60f931d6915fb029aa2fbc44766501d992ea11d","continuation","False","108","71","37","0.343","4","4","16","12"
"2026-04-13T08:26:01.211094Z","final-24h-tenant","575d7bad584bd0ebbabd4c78c3a1672d3f211a34b1e8eaf0b4c872d35a444b5b","codex","ffd969fe739f08f87d76a5f804178f321f38d105d0d705b3b1814f45f0a76e5b","c0ac9c45d693bb49fd565cf20fb41c14bae42ed7d66e0d9f720ec2dc63adecfc","continuation","False","108","71","37","0.343","4","4","16","12"
"2026-04-13T08:26:31.437137Z","final-24h-tenant","575d7bad584bd0ebbabd4c78c3a1672d3f211a34b1e8eaf0b4c872d35a444b5b","codex","871fe3b6eec2ea5ffdb2fe6bfdc484b820b6dd7ac78e1872ca862237466a8cdf","9bb66944cfc51fec354de8121d0e40efae14dc556bcc4101f544aa639b76db3c","continuation","False","108","71","37","0.343","4","4","16","12"
"2026-04-13T08:27:01.603859Z","final-24h-tenant","575d7bad584bd0ebbabd4c78c3a1672d3f211a34b1e8eaf0b4c872d35a444b5b","codex","fe2b54bb96ed451591858c67f6662446499716b0195759e6ef1a93952e95b212","c79421a20127afcc80323c482f254c7d1f0ebd5af462e0b56784c4e342ffe7b1","continuation","False","108","71","37","0.343","4","4","16","12"
"2026-04-13T08:27:31.740418Z","final-24h-tenant","575d7bad584bd0ebbabd4c78c3a1672d3f211a34b1e8eaf0b4c872d35a444b5b","codex","33c1d992f81d554c575eedb6ccaa9a0613cc5d94e18c7ffbdd07d7b5665910df","56b1ec63d0d1fea2361ab77c9257b3fe23ef6df6e3476bdbbceef7295d8b43d5","continuation","False","108","71","37","0.343","4","4","16","12"
"2026-04-13T08:28:01.910660Z","final-24h-tenant","575d7bad584bd0ebbabd4c78c3a1672d3f211a34b1e8eaf0b4c872d35a444b5b","codex","f590e2380366e3741de7564636bd2c6a4954e207e941c4ef6bfc0fe1ae3039ab","dbeaed757b0d0c25c5ef3a0b1c9b91a15030ecdad2c56cfad2d91689c54c2424","continuation","False","108","71","37","0.343","4","4","16","12"
"2026-04-13T08:28:32.059914Z","final-24h-tenant","575d7bad584bd0ebbabd4c78c3a1672d3f211a34b1e8eaf0b4c872d35a444b5b","codex","90fede7c3189e840dc676d860fa3c87ee2dce17537e634667df75b210dd47d20","7c9bbe305ba1d19a1984cd8727150d9c894505405319b7ef24f9f62521d54131","continuation","False","108","71","37","0.343","4","4","16","12"
"2026-04-13T08:29:02.203653Z","final-24h-tenant","575d7bad584bd0ebbabd4c78c3a1672d3f211a34b1e8eaf0b4c872d35a444b5b","codex","7d70995fee177c1458db0b1cfe54999b47bbc63640c5ffdb0f2a9532786925f5","10bb42dc489336b319af6d9e053ff1b27ff982f5f8527a6f0986f84132e1923d","continuation","False","108","71","37","0.343","4","4","16","12"
"2026-04-13T08:29:32.358475Z","final-24h-tenant","575d7bad584bd0ebbabd4c78c3a1672d3f211a34b1e8eaf0b4c872d35a444b5b","codex","488f8c691e3cb9ace68a6332f936b9b57e5b7a013a18a9c604fd57a5a6108388","be422103d594cd005ae9556126889cd8c387890675f5dfe39542d692f427b1ff","continuation","False","108","71","37","0.343","4","4","16","12"
"2026-04-13T08:30:02.518650Z","final-24h-tenant","575d7bad584bd0ebbabd4c78c3a1672d3f211a34b1e8eaf0b4c872d35a444b5b","codex","3733bae970d6e799e3703c148b5a8e49b8cf0ab81ed55baf1d7314a55e9855b8","0b2e395c5021154e148629a764aa96c931860acd7eeff5041acdc232022525e7","continuation","False","108","71","37","0.343","4","4","16","12"
"2026-04-13T08:30:32.667800Z","final-24h-tenant","575d7bad584bd0ebbabd4c78c3a1672d3f211a34b1e8eaf0b4c872d35a444b5b","codex","d1bfc86f78366fa46ae0babe9e21f991703ca9081f91f157b88ec77dc8cd7434","28afe7848932c03788f1993bb8563282c7c4063e26f02948db20a5c566361135","continuation","False","108","71","37","0.343","4","4","16","12"
"2026-04-13T08:31:02.871350Z","final-24h-tenant","575d7bad584bd0ebbabd4c78c3a1672d3f211a34b1e8eaf0b4c872d35a444b5b","codex","cf780fa4772aebb3e048c288cb63955878b05a97636aad872192c3ff06713788","0cf4096eb09156b0129fa82b1ce43fc8ce16998aa14d08d0e77fe80952af5295","continuation","False","108","71","37","0.343","4","4","16","12"
"2026-04-13T08:31:33.043349Z","final-24h-tenant","575d7bad584bd0ebbabd4c78c3a1672d3f211a34b1e8eaf0b4c872d35a444b5b","codex","c4c27f7bccffa295898e6d7e18907509f7dec8231acfa27b7f41b192c3d2e68f","afd27cfaf5bab3a679f472fe71a591eb400c1a5d8c45778af156080d837de794","continuation","False","108","71","37","0.343","4","4","16","12"
"2026-04-13T08:32:03.217714Z","final-24h-tenant","575d7bad584bd0ebbabd4c78c3a1672d3f211a34b1e8eaf0b4c872d35a444b5b","codex","ed815f0ed8b89e71dadb1dfe678f6d6ed404952e4ec87296871a1bb125468fb9","103494a380a5681b20bfcafa4b32c043325e04bc5bc0759aebc8d14c5810f697","continuation","False","108","71","37","0.343","4","4","16","12"
"2026-04-13T08:32:33.408154Z","final-24h-tenant","575d7bad584bd0ebbabd4c78c3a1672d3f211a34b1e8eaf0b4c872d35a444b5b","codex","428f94efe4fc45ecf51a25c75e9edd7510469a0b1de95048b82e735494254e8e","cce86ba07fe054cd53a16ecefe59b54240b0ab662887ed29e5f31578914c30f7","continuation","False","108","71","37","0.343","4","4","16","12"
"2026-04-13T08:33:03.602515Z","final-24h-tenant","575d7bad584bd0ebbabd4c78c3a1672d3f211a34b1e8eaf0b4c872d35a444b5b","codex","b9414dc4a0c44e1205e6dbf17a24885769f3a25e7ae026461fe507df4f54555a","ed3c6f099acda84b9d05ba5e721330a99ea36008ebfc658679a8f7012cf9d6be","continuation","False","108","71","37","0.343","4","4","16","12"
"2026-04-13T08:33:33.765805Z","final-24h-tenant","575d7bad584bd0ebbabd4c78c3a1672d3f211a34b1e8eaf0b4c872d35a444b5b","codex","6643fbb44946440b21bb0588e5dcf777c44616a2570a90a276c47f5ee6840b9f","629d871bc1f59e1c2b0dc4dbddc026a8e4ab06bed694d2795ea977e4275f3385","continuation","False","108","71","37","0.343","4","4","16","12"
"2026-04-13T08:34:03.957740Z","final-24h-tenant","575d7bad584bd0ebbabd4c78c3a1672d3f211a34b1e8eaf0b4c872d35a444b5b","codex","782f247bc1ca83737998c95b4afb768ede2613c2457cabf23951a4bb29505d6d","f4c4306e9a3ca3d41a0eef14c62fa14df9a82945e88166cdb2de856cb6db653d","continuation","False","108","71","37","0.343","4","4","16","12"
"2026-04-13T08:34:34.122366Z","final-24h-tenant","575d7bad584bd0ebbabd4c78c3a1672d3f211a34b1e8eaf0b4c872d35a444b5b","codex","be5330d13ec08e00599facc7824fa2d685c7868838c0f751d1339ecf6819f58a","c3fa624b705b6b3775debdc7bb5c58e8e5248cac4fa778145868de2df069f10f","continuation","False","108","71","37","0.343","4","4","16","12"
"2026-04-13T08:35:04.305694Z","final-24h-tenant","575d7bad584bd0ebbabd4c78c3a1672d3f211a34b1e8eaf0b4c872d35a444b5b","codex","d28e224c3b620ae97ad10061ac936d069f85fa53f1c9732405e662ef93246414","7863148c83a00fd94826cfcf0b929dc327c824bea8aabd73065369e3b0c807ca","continuation","False","108","71","37","0.343","4","4","16","12"
"2026-04-13T08:35:34.470144Z","final-24h-tenant","575d7bad584bd0ebbabd4c78c3a1672d3f211a34b1e8eaf0b4c872d35a444b5b","codex","6332d7408157e9e5751d4e58c86bc7fcb2ef32eda62fbf9c37f44fa34e7e8b8d","bd00404792163eec11b20d4c5c4d922738fbf22425eedf1e7177ac490843cd6d","continuation","False","108","71","37","0.343","4","4","16","12"
"2026-04-13T08:36:04.640494Z","final-24h-tenant","575d7bad584bd0ebbabd4c78c3a1672d3f211a34b1e8eaf0b4c872d35a444b5b","codex","abc716c59fd653f05c8f3a810cf8efd622ff55654765c1f085673724380b16ee","2e5e708930954d92d10b72453801f1cdf081cf39a2cf22015a6a0755e2270d76","continuation","False","108","71","37","0.343","4","4","16","12"
"2026-04-13T08:36:34.810679Z","final-24h-tenant","575d7bad584bd0ebbabd4c78c3a1672d3f211a34b1e8eaf0b4c872d35a444b5b","codex","5a252914fae4fe9145517d8c89822596d93f81b0944f9c1354b8f6c578b4fb9e","8608f72c05a72195336bcf94fe4fc2e228cebb52d1b75b1408042209d6f72b97","continuation","False","108","71","37","0.343","4","4","16","12"
"2026-04-13T08:37:04.995034Z","final-24h-tenant","575d7bad584bd0ebbabd4c78c3a1672d3f211a34b1e8eaf0b4c872d35a444b5b","codex","8c645b036b51afb2839b2b4d52d6f2d979c3a4f36ff8198a8de0a6ea19e7fe19","015956cd52fad1d8b937f865f670aa4799aa321b2cdf56daa01e85a9a18cad98","continuation","False","108","71","37","0.343","4","4","16","12"
"2026-04-13T08:37:35.172026Z","final-24h-tenant","575d7bad584bd0ebbabd4c78c3a1672d3f211a34b1e8eaf0b4c872d35a444b5b","codex","1480711200a681494eee08d7af5c166800ada8e9623d58ea24607a45f28bc587","f628046fd8bcbf5e68b359259db6930516a8be0a7c35c7b4e5b14560760b3929","continuation","False","108","71","37","0.343","4","4","16","12"
"2026-04-13T08:38:05.370720Z","final-24h-tenant","575d7bad584bd0ebbabd4c78c3a1672d3f211a34b1e8eaf0b4c872d35a444b5b","codex","ac0c770222c1922ab409f31a63b5d301ecb8e88ee338240022a99bcfd97462a7","8778f243f2ad4b08e78f21f0bdb5fcd7155b88701265077710a704c2e80608d2","continuation","False","108","71","37","0.343","4","4","16","12"
"2026-04-13T08:38:35.527265Z","final-24h-tenant","575d7bad584bd0ebbabd4c78c3a1672d3f211a34b1e8eaf0b4c872d35a444b5b","codex","34e0653117e93266e9bd523a5e2d9a52e3a4253e0188c7c8d5683a8694c1abd7","a28fc91291dfde033772db95153f21b1ecf6a1d3a2c63ab5e93a09d434889eec","continuation","False","108","71","37","0.343","4","4","16","12"
"2026-04-13T08:39:05.730511Z","final-24h-tenant","575d7bad584bd0ebbabd4c78c3a1672d3f211a34b1e8eaf0b4c872d35a444b5b","codex","2621573b6e017afdbe7856836fd458b88cc75a67e6e305adf465de4828480ad4","c53b6ea869435a9e8e5fe3339164a42b7eb45850bdff4776f1f4f21aa2fca8ae","continuation","False","108","71","37","0.343","4","4","16","12"
"2026-04-13T08:39:35.917083Z","final-24h-tenant","575d7bad584bd0ebbabd4c78c3a1672d3f211a34b1e8eaf0b4c872d35a444b5b","codex","22f82ed2548956567bb8c7537195a2634439b2bdaecc11993cae42b5f10c88ab","59ac28d4ce1832236eaf04dbd6d66233a31881254aeeefd5a486a4dd379467ca","continuation","False","108","71","37","0.343","4","4","16","12"
"2026-04-13T08:40:06.122635Z","final-24h-tenant","575d7bad584bd0ebbabd4c78c3a1672d3f211a34b1e8eaf0b4c872d35a444b5b","codex","9a3f263455f6ab8311d61a8a5079234005adae0cfa0b6c14992c9c10a7667e2a","f5aab9a8b642252b1f09e3dbc5b0302ff6d9271fa86f7a7b01ef66dd41674913","continuation","False","108","71","37","0.343","4","4","16","12"
"2026-04-13T08:40:36.271337Z","final-24h-tenant","575d7bad584bd0ebbabd4c78c3a1672d3f211a34b1e8eaf0b4c872d35a444b5b","codex","5971f90e0292cdcb6ed77f3fe1b5e92fc8121a07ec4b3081efc6bc0e1bb8e888","97248c0c0146d2969371f2f93a37bcf0da8aa544bbba3e75c7aa7d9e3d3e7b7c","continuation","False","108","71","37","0.343","4","4","16","12"
"2026-04-13T08:41:06.445880Z","final-24h-tenant","575d7bad584bd0ebbabd4c78c3a1672d3f211a34b1e8eaf0b4c872d35a444b5b","codex","2139e4372d0447ac981b44303ca0b9ec0bfd8246957c75419f14cf89d08808d8","ca84c987489adf52605ad35e3c9de5459154a29dce6c808cebd0308abe22a81f","continuation","False","108","71","37","0.343","4","4","16","12"
"2026-04-13T08:41:36.634466Z","final-24h-tenant","575d7bad584bd0ebbabd4c78c3a1672d3f211a34b1e8eaf0b4c872d35a444b5b","codex","68754712f21a4a26e3c18770a5f2f0963075538d1d4c282152e6024c6ba254dc","89ae99ac27110fdcf9fe8c10f47c35bd03cbe8f59000cff3df2250f6b057776c","continuation","False","108","71","37","0.343","4","4","16","12"
"2026-04-13T08:42:06.810809Z","final-24h-tenant","575d7bad584bd0ebbabd4c78c3a1672d3f211a34b1e8eaf0b4c872d35a444b5b","codex","aa24cd9879b87e30f52287a0ee56d80383a799077e781be777b5dc789dbb0162","69aea4ce89a6885768170295068137c7b30f19b886b5f613733009de9d6dcda6","continuation","False","108","71","37","0.343","4","4","16","12"
"2026-04-13T08:42:37.033234Z","final-24h-tenant","575d7bad584bd0ebbabd4c78c3a1672d3f211a34b1e8eaf0b4c872d35a444b5b","codex","72c7f82f0373a9a544171e0f3bb66e63ac98f5640f70c14887f55be84cb5bb0f","09ea012d3d2f8f8c313c839ee285ef6b99a59202adc39c44e7ca84543501be37","continuation","False","108","71","37","0.343","4","4","16","12"
"2026-04-13T08:43:07.208896Z","final-24h-tenant","575d7bad584bd0ebbabd4c78c3a1672d3f211a34b1e8eaf0b4c872d35a444b5b","codex","647c97510727e0cc2b1082e96cbb7ee2d541e2ba324cfd1cf0bef843c2de4039","fe00403c167d0b8c59d3c2b5e54262b84a527e6594fdfc2bcb9a8a8735d42d28","continuation","False","108","71","37","0.343","4","4","16","12"
"2026-04-13T08:43:37.382105Z","final-24h-tenant","575d7bad584bd0ebbabd4c78c3a1672d3f211a34b1e8eaf0b4c872d35a444b5b","codex","f7e7a96305838440fee3e2675c3f910125f398502dc1eb956ac9f8fbac32a7d9","3a6385c452fff0c4062f7cde76507eb546f905ca33fd332223584eb05e5df677","continuation","False","108","71","37","0.343","4","4","16","12"
"2026-04-13T08:44:07.548733Z","final-24h-tenant","575d7bad584bd0ebbabd4c78c3a1672d3f211a34b1e8eaf0b4c872d35a444b5b","codex","f7eba6f5a4f4f849c373d7430138b2d5dc05883044cd8387e8231cc1df5f60ec","d96215ab02fab23c17a57b63798077f1a7454245ab575ae8e74df43953cc1145","continuation","False","108","71","37","0.343","4","4","16","12"
"2026-04-13T08:44:37.740606Z","final-24h-tenant","575d7bad584bd0ebbabd4c78c3a1672d3f211a34b1e8eaf0b4c872d35a444b5b","codex","00740aea1dc2e93b6972d39261e17e77fee665a4a1baa7ff983996fa337fe955","d71e0b866d710d043b060bd89fe2f39316a34dcc663a301358de1b4f7c6145d7","continuation","False","108","71","37","0.343","4","4","16","12"
"2026-04-13T08:45:07.922767Z","final-24h-tenant","575d7bad584bd0ebbabd4c78c3a1672d3f211a34b1e8eaf0b4c872d35a444b5b","codex","519c6758452890b5ec576129da8124469de5369c47e0f1441316e15ea0dc7a1f","732c50fe1a19f26d782294530e1fc30ae5c5f949dcbccc019ad47552362ced3d","continuation","False","108","71","37","0.343","4","4","16","12"
"2026-04-13T08:45:38.085198Z","final-24h-tenant","575d7bad584bd0ebbabd4c78c3a1672d3f211a34b1e8eaf0b4c872d35a444b5b","codex","6783c086a4d3f41a2ce2c8022d79b06bc6c682e68465c5d3e26acf78d040df4e","14db9af6f98cddd87bfdfc644ec377432c54796e0219ddc6de3676c16faddc69","continuation","False","108","71","37","0.343","4","4","16","12"
"2026-04-13T08:46:08.265071Z","final-24h-tenant","575d7bad584bd0ebbabd4c78c3a1672d3f211a34b1e8eaf0b4c872d35a444b5b","codex","3ca47f9865f0aa6c57830bbfff5ee02e665c96c8efb468be50d2a138ab236fe6","26eb29722812a1a552a9a0f1b2eed703d74ec5a7fd1e3872a23032fe63012f7b","continuation","False","108","71","37","0.343","4","4","16","12"
"2026-04-13T08:46:38.442103Z","final-24h-tenant","575d7bad584bd0ebbabd4c78c3a1672d3f211a34b1e8eaf0b4c872d35a444b5b","codex","e39a238e02871eed6c9220a691ca47afea8f85b423b9967186b33b97d3788eb2","fb034322ea1fbefca8f61b6f68bcbcaa26878af98c81ba1d2109e7c490da2447","continuation","False","108","71","37","0.343","4","4","16","12"
"2026-04-13T08:47:08.619704Z","final-24h-tenant","575d7bad584bd0ebbabd4c78c3a1672d3f211a34b1e8eaf0b4c872d35a444b5b","codex","06d6b0513a84d1de5699f39a3300e9a9e2288040716019f02b4a5bd34e59d7ce","711a2ee4a488762dfbf32c2d7558f70d64b69193cafd44420589b45c5366a340","continuation","False","108","71","37","0.343","4","4","16","12"
"2026-04-13T08:47:38.780190Z","final-24h-tenant","575d7bad584bd0ebbabd4c78c3a1672d3f211a34b1e8eaf0b4c872d35a444b5b","codex","a7abe4be77e7e8929fd32d83a3e9f8f7798bf10504e778ac58094d030047dd72","d0f80c318fa9f3dfbd79da97c6f673f534a414329b6408bb2dac6f22ac554d3b","continuation","False","108","71","37","0.343","4","4","16","12"
"2026-04-13T08:48:08.987937Z","final-24h-tenant","575d7bad584bd0ebbabd4c78c3a1672d3f211a34b1e8eaf0b4c872d35a444b5b","codex","25b7cf8672488d761e14df87863f2725ebc7fe5fa280e30ae2f178bb179b3809","d68aaff711f23e15ad5ee5230ec24c6ffbd20b1afe7f52604cb3fa598d893b1e","continuation","False","108","71","37","0.343","4","4","16","12"
"2026-04-13T08:48:39.190994Z","final-24h-tenant","575d7bad584bd0ebbabd4c78c3a1672d3f211a34b1e8eaf0b4c872d35a444b5b","codex","39ec4956ad8938228a620537f329464a15f20537e2b39e6e6683fe43e5256ba2","5af2a19bdce2e1a9af453af31946ff337807e5f0a0e003696d13e994910606cc","continuation","False","108","71","37","0.343","4","4","16","12"
"2026-04-13T08:49:09.397514Z","final-24h-tenant","575d7bad584bd0ebbabd4c78c3a1672d3f211a34b1e8eaf0b4c872d35a444b5b","codex","5437cad2267b9b804a33c81cadec440123bae255ad2c37a713d4604c0d2d0794","5a1ad1ca0407ade2c7a24db3e84a585670aabf2c11f7eee955cfea52df44a1cb","continuation","False","108","71","37","0.343","4","4","16","12"
"2026-04-13T08:49:39.623357Z","final-24h-tenant","575d7bad584bd0ebbabd4c78c3a1672d3f211a34b1e8eaf0b4c872d35a444b5b","codex","ce8ec997fc4d2d58d442fe3c7bdd8a455f21b9bd49ecf7e4d06ed8cab4d63de9","a3d6f936ced5498be781dc02f3058e10c9803e61a254155ff4412f30a7dc2d9b","continuation","False","108","71","37","0.343","4","4","16","12"
"2026-04-13T08:50:09.795291Z","final-24h-tenant","575d7bad584bd0ebbabd4c78c3a1672d3f211a34b1e8eaf0b4c872d35a444b5b","codex","57befe68a45044f1b48c54c3cc81629cdbfe2f8cdcee5402d343778bcbff0aef","6acdcb32dd57465e26e224ed464c88385b685c61fd46ccf3d6b0e3bed77cfc54","continuation","False","108","71","37","0.343","4","4","16","12"
"2026-04-13T08:50:40.001175Z","final-24h-tenant","575d7bad584bd0ebbabd4c78c3a1672d3f211a34b1e8eaf0b4c872d35a444b5b","codex","ad37a119cd5def10f92161729503536686a9bacada3b099c7bca940c32e5e6f8","db2b7e9a836b5d3eedf533b6ee7f26ead0efa1572bc0182a550b0c0df9b02e43","continuation","False","108","71","37","0.343","4","4","16","12"
"2026-04-13T08:51:10.191001Z","final-24h-tenant","575d7bad584bd0ebbabd4c78c3a1672d3f211a34b1e8eaf0b4c872d35a444b5b","codex","aabf68ffa5628a7472734101761fc66e98c3526930f9053b985d1cde1990a294","7e7bbcaa682349b5ffec05d2495bd3bb37434f041bec16edc214ab2948e7703b","continuation","False","108","71","37","0.343","4","4","16","12"
"2026-04-13T08:51:40.369872Z","final-24h-tenant","575d7bad584bd0ebbabd4c78c3a1672d3f211a34b1e8eaf0b4c872d35a444b5b","codex","9615d73978d07642b7cb5c7d2dfa168e4acf8ed65ec07e3180f2a4c63e3f78fb","f138b6b16a9488a6701b524e98dc516965ff01fdf3e330e5cb55dac06cb653ba","continuation","False","108","71","37","0.343","4","4","16","12"
"2026-04-13T08:52:10.548260Z","final-24h-tenant","575d7bad584bd0ebbabd4c78c3a1672d3f211a34b1e8eaf0b4c872d35a444b5b","codex","8cc8ae79c6c7baf166671b4bfa3b0f9023d362fc5d03b577ece30d4e18c7fb98","3df27e7d989ff32f69e63433295f872eba320d778bbd3d77fcd981c052224936","continuation","False","108","71","37","0.343","4","4","16","12"
"2026-04-13T08:52:40.752926Z","final-24h-tenant","575d7bad584bd0ebbabd4c78c3a1672d3f211a34b1e8eaf0b4c872d35a444b5b","codex","5c64fd97146835e446ae287d426625753d86f561ceb4e92cfdd816a337958252","ddaedde8a0ddf6e5a6163127540349612c27f8ce7a7763a2d4ef2d81205b4db1","continuation","False","108","71","37","0.343","4","4","16","12"
"2026-04-13T08:53:10.961350Z","final-24h-tenant","575d7bad584bd0ebbabd4c78c3a1672d3f211a34b1e8eaf0b4c872d35a444b5b","codex","e784c192189ab0c080e2fb9bfc5e3eb87030e0e13d651705cf0f2d1fadb2d772","1d9a9746d3856de3c0356eb3feb8fc71867997960372df2ae2ae17e53fa6e4d2","continuation","False","108","71","37","0.343","4","4","16","12"
"2026-04-13T08:53:41.123687Z","final-24h-tenant","575d7bad584bd0ebbabd4c78c3a1672d3f211a34b1e8eaf0b4c872d35a444b5b","codex","83502c17a7b66bc1e4f0d69fffa25b545cf63f71601cf2eac8a0f756f088b0fd","ee6a5082af526cbdae57fc62cedfc3e287e6959c8b2606784010a08c2caa2cd5","continuation","False","108","71","37","0.343","4","4","16","12"
"2026-04-13T08:54:11.322481Z","final-24h-tenant","575d7bad584bd0ebbabd4c78c3a1672d3f211a34b1e8eaf0b4c872d35a444b5b","codex","b88c311c86337a02e4cbac4977eba4e011c7b948ca76c02433eeb94fec31c4d0","0e2d36474b6012a22aaf45d5490bdc214152d7acae498b003c7467ddbeeae704","continuation","False","108","71","37","0.343","4","4","16","12"
"2026-04-13T08:54:41.493499Z","final-24h-tenant","575d7bad584bd0ebbabd4c78c3a1672d3f211a34b1e8eaf0b4c872d35a444b5b","codex","19c89d0ee58a3452a6b0ce43ef640805b39c323d31762fd67c3f2734b17defea","82f2a99098f3579440529ec21ad30feafa63a825084d5bbd18b2086e71c3d97a","continuation","False","108","71","37","0.343","4","4","16","12"
"2026-04-13T08:55:11.712207Z","final-24h-tenant","575d7bad584bd0ebbabd4c78c3a1672d3f211a34b1e8eaf0b4c872d35a444b5b","codex","77ba3d270a0a0751c0117e5265df93d77b368c477164ba96ad4fde0da8b2a382","26a4995d223df5eb7cb3f40e69937817edba596bf63bbb17229dbe4332e6f601","continuation","False","108","71","37","0.343","4","4","16","12"
"2026-04-13T08:55:41.898642Z","final-24h-tenant","575d7bad584bd0ebbabd4c78c3a1672d3f211a34b1e8eaf0b4c872d35a444b5b","codex","c422fdade9c486ecd3414a0f25beb0c65b1b6725571bcf9aff9344086c31a81c","ad4ba619e8fa242e63be76d21e6d0f6be16c325ae90f07c189612715ba07803a","continuation","False","108","71","37","0.343","4","4","16","12"
"2026-04-13T08:56:12.111273Z","final-24h-tenant","575d7bad584bd0ebbabd4c78c3a1672d3f211a34b1e8eaf0b4c872d35a444b5b","codex","7a6fc0fdd991c27d67492bd78bae6d19245a55c07909ee433d7d7751a175f2f3","238618d297391388dd7353d5f4493cee0c6e46b1e166a9604fce279b12a0247d","continuation","False","108","71","37","0.343","4","4","16","12"
"2026-04-13T08:56:42.311753Z","final-24h-tenant","575d7bad584bd0ebbabd4c78c3a1672d3f211a34b1e8eaf0b4c872d35a444b5b","codex","dd5a5d0771d44dab7cbec93fe35902c68133e3a795b82e061717c4d604156757","54e7e653e2f176b3a4de0348fb5f252ef6267c3c9a736a882a18afa1b089ff90","continuation","False","108","71","37","0.343","4","4","16","12"
"2026-04-13T08:57:12.537368Z","final-24h-tenant","575d7bad584bd0ebbabd4c78c3a1672d3f211a34b1e8eaf0b4c872d35a444b5b","codex","cd7ee8299cea64664effb8615831d720c3087e482f1a63893eb365821bb8737f","2618630617e231cf9d5c4bdeac193ebee95468b0410bf95dbdce72b366910264","continuation","False","108","71","37","0.343","4","4","16","12"
"2026-04-13T08:57:42.723183Z","final-24h-tenant","575d7bad584bd0ebbabd4c78c3a1672d3f211a34b1e8eaf0b4c872d35a444b5b","codex","d7972362f64e2f1c200ec5c3e8959845967b4138f64db1512474e98249db05e3","242f4be8dea2bb4dd3d857a8ba1dcb5135c7adc79cb74395b91bdae2398267ef","continuation","False","108","71","37","0.343","4","4","16","12"
"2026-04-13T08:58:12.876622Z","final-24h-tenant","575d7bad584bd0ebbabd4c78c3a1672d3f211a34b1e8eaf0b4c872d35a444b5b","codex","3af50ec5d42b8f24b9f4af23abe51da3507d4c9c1ae957dd577a5cd12b50c6c2","81e7db2fc6bb0771b36235f6c646d876f7ba03c47bbab2cff849c3e19db51f33","continuation","False","108","71","37","0.343","4","4","16","12"
"2026-04-13T08:58:43.087899Z","final-24h-tenant","575d7bad584bd0ebbabd4c78c3a1672d3f211a34b1e8eaf0b4c872d35a444b5b","codex","759a62a28754fcf8280dcff951fa2d36ab5c992013efc08f862fe263915e9e0f","272fdf844b8248ddba09f249c3ff5f33f5065e9c04a0fe0c27b26060b11678b4","continuation","False","108","71","37","0.343","4","4","16","12"
"2026-04-13T08:59:13.279609Z","final-24h-tenant","575d7bad584bd0ebbabd4c78c3a1672d3f211a34b1e8eaf0b4c872d35a444b5b","codex","26ad96a0f1443a4c24cf50f30afb2de9ced33974816c0c9d297654bfb7264117","1c18efe0a7d4e4a898d8ca9a11cf5a1b6d78e659221cab05c13aebfbffce1c33","continuation","False","108","71","37","0.343","4","4","16","12"
"2026-04-13T08:59:43.484833Z","final-24h-tenant","575d7bad584bd0ebbabd4c78c3a1672d3f211a34b1e8eaf0b4c872d35a444b5b","codex","f1820f61d1e6dc4fc99a1f8839d20ca0e9e00f3be3cef2222e769e870700bd79","04580f3dedbb3e0924e7a588e18a3f9688b7f8627c25ab51d4fe528f7b9d3fbe","continuation","False","108","71","37","0.343","4","4","16","12"
"2026-04-13T09:00:13.647691Z","final-24h-tenant","575d7bad584bd0ebbabd4c78c3a1672d3f211a34b1e8eaf0b4c872d35a444b5b","codex","33e3309dab1179126a8a53e01c9df727628c90e72e325042bd84497e481fe298","9441dbe97cbd81b5e39890106c36cbe57e3fc83ee98cd1f39ea01b86a1f009b0","continuation","False","108","71","37","0.343","4","4","16","12"
"2026-04-13T09:00:43.801660Z","final-24h-tenant","575d7bad584bd0ebbabd4c78c3a1672d3f211a34b1e8eaf0b4c872d35a444b5b","codex","ed443979292bc48b74e950bd4a0fb6d9bac0b78d9903c0be9e0c5b30b19367f2","080ccb80b9d90627a56df9c2ac817b610afb47643cfd417017330d0a1783d3f0","continuation","False","108","71","37","0.343","4","4","16","12"
"2026-04-13T09:01:13.984059Z","final-24h-tenant","575d7bad584bd0ebbabd4c78c3a1672d3f211a34b1e8eaf0b4c872d35a444b5b","codex","fb5ab67f6530a7a289736b6f12dd0cd30fbce4cf49c472c751b76f902f58be10","c7648f760e7c7bec0683ce40a22ede7f11a1a56743ccf333f35ac1bc45720ae5","continuation","False","108","71","37","0.343","4","4","16","12"
"2026-04-13T09:01:44.146588Z","final-24h-tenant","575d7bad584bd0ebbabd4c78c3a1672d3f211a34b1e8eaf0b4c872d35a444b5b","codex","b451ef720e59eb4d6c9a8c6f96fe526b78039fb583dec12e39d678f98936ddec","18378adcee4e649f1188191b68697345db28d1f827269351f4307e39deccc4c4","continuation","False","108","71","37","0.343","4","4","16","12"
"2026-04-13T09:02:14.309907Z","final-24h-tenant","575d7bad584bd0ebbabd4c78c3a1672d3f211a34b1e8eaf0b4c872d35a444b5b","codex","52c84db8d3e2ad336679df5b1b25edf77ea705b89f76ee99a0812bfb56674699","39ef6b55982bb327149d752bdf0a890f43591cf6755b39c82f7407897a52ba05","continuation","False","108","71","37","0.343","4","4","16","12"
"2026-04-13T09:02:44.496135Z","final-24h-tenant","575d7bad584bd0ebbabd4c78c3a1672d3f211a34b1e8eaf0b4c872d35a444b5b","codex","81f01ea38336961d847333479c99475810406b4c8c5e6e485a40d8590bb55050","9cd1c172cdaf2e36885cc4acead49f97252bcafae097b9c55e9252bd88bfed8b","continuation","False","108","71","37","0.343","4","4","16","12"
"2026-04-13T09:03:14.674795Z","final-24h-tenant","575d7bad584bd0ebbabd4c78c3a1672d3f211a34b1e8eaf0b4c872d35a444b5b","codex","3871e737e312658dc5b24e80cb6437ede51de49e3fc81b53cabe2357439dae76","67418e633bedf8da4658c029a8a65c61232e24eff1c6195c690fbf4f900b3066","continuation","False","108","71","37","0.343","4","4","16","12"
"2026-04-13T09:03:44.855591Z","final-24h-tenant","575d7bad584bd0ebbabd4c78c3a1672d3f211a34b1e8eaf0b4c872d35a444b5b","codex","725bcceae7c0813f0d2f174a712837f76a7dde3a4fd4c9711d68de8917d73bb5","e24d3bbf881d1c850cc5709c13c6b5b6423734abc28548699da848e21863a3a4","continuation","False","108","71","37","0.343","4","4","16","12"
"2026-04-13T09:04:15.015241Z","final-24h-tenant","575d7bad584bd0ebbabd4c78c3a1672d3f211a34b1e8eaf0b4c872d35a444b5b","codex","3eda65fe3380ace6f2a0b7f5ee7b89fa40003c4f50faaaab80d43f09d2eda7e7","9dcfb5b6d3af4e28174c3ce41663e161ad67a8be8f055e6a4d4b4b8f1fb2cdc5","continuation","False","108","71","37","0.343","4","4","16","12"
"2026-04-13T09:04:45.214905Z","final-24h-tenant","575d7bad584bd0ebbabd4c78c3a1672d3f211a34b1e8eaf0b4c872d35a444b5b","codex","efb0ed85ec7a7f47201b6ed94a5ef1531674c5d47fba3533b78c4b226708283c","3e40054a0e68e9ea91dd9b842caa45a9ae3ced32570b43d0663e284580ca0c5d","continuation","False","108","71","37","0.343","4","4","16","12"
"2026-04-13T09:05:15.415410Z","final-24h-tenant","575d7bad584bd0ebbabd4c78c3a1672d3f211a34b1e8eaf0b4c872d35a444b5b","codex","5a07f459dce20d88c05fa3ae1a92dcb561933d66364ebf7251e0a83f80faf7f9","012ea3f87cef9629e59977b42e4879a61ea0c78065b33fc49a5a55d93a081916","continuation","False","108","71","37","0.343","4","4","16","12"
"2026-04-13T09:05:45.621195Z","final-24h-tenant","575d7bad584bd0ebbabd4c78c3a1672d3f211a34b1e8eaf0b4c872d35a444b5b","codex","16b4ed82dfee1cc13f82cf7aeced2fad94be53b7763d13de782f8fd719cb8b50","0d20b198b7e870c42c5edc6fa0879c04ab43efc36582a4dddea62445bb896250","continuation","False","108","71","37","0.343","4","4","16","12"
"2026-04-13T09:06:15.805559Z","final-24h-tenant","575d7bad584bd0ebbabd4c78c3a1672d3f211a34b1e8eaf0b4c872d35a444b5b","codex","09bcb48750137bc769945b262246eaee1483c7e91323bb7075eae51cd15084f6","b7cb8c24f42dcabe72865197da83f0a43a92b2c611ae0b63d687998b52ac96e1","continuation","False","108","71","37","0.343","4","4","16","12"
"2026-04-13T09:06:46.021415Z","final-24h-tenant","575d7bad584bd0ebbabd4c78c3a1672d3f211a34b1e8eaf0b4c872d35a444b5b","codex","6f6ab25db5927c01303a133ced684671bc73f01c5d49268f2e104cac49350bb1","5510d01e73098f755f5dd8f01943b0f7beaed050002dacb8d33c4f9bd731fdf2","continuation","False","108","71","37","0.343","4","4","16","12"
"2026-04-13T09:07:16.224027Z","final-24h-tenant","575d7bad584bd0ebbabd4c78c3a1672d3f211a34b1e8eaf0b4c872d35a444b5b","codex","abfa2b78045a634881000c7b01ca5e4ea4f02f903f55ca4a61ece134b791e3fa","692becf41334f75e18d41fccd2d454c11ae799a9f2aefb8ecbeda992b269f0df","continuation","False","108","71","37","0.343","4","4","16","12"
"2026-04-13T09:07:46.460359Z","final-24h-tenant","575d7bad584bd0ebbabd4c78c3a1672d3f211a34b1e8eaf0b4c872d35a444b5b","codex","a331cfe5e45cf0b53bb58b8a2c0be6609489614a3dd6621d9ee563c44af8e226","6c53edaee914bae7c7b4faa4973b1ee28413e752074d3e418f62c9865e8db63c","continuation","False","108","71","37","0.343","4","4","16","12"
"2026-04-13T09:08:16.630432Z","final-24h-tenant","575d7bad584bd0ebbabd4c78c3a1672d3f211a34b1e8eaf0b4c872d35a444b5b","codex","7716801489ea164b7c0e63a9a34bd4dee308a13c8a063f7444e7d798332db1ae","e4279cceb158d5998ca55f9030e824c2a57d46e6fc1f0c72c241c2ec06135341","continuation","False","108","71","37","0.343","4","4","16","12"
"2026-04-13T09:08:46.815866Z","final-24h-tenant","575d7bad584bd0ebbabd4c78c3a1672d3f211a34b1e8eaf0b4c872d35a444b5b","codex","76c663c9ae1aaaaa8df7f1fd622e9dd0a798c4bef17da330579ca954baf4c7fd","7838e97385a41e669dbb699cbd8f6921db2e3527edcefda4aba376a07d2fa44b","continuation","False","108","71","37","0.343","4","4","16","12"
"2026-04-13T09:09:17.015370Z","final-24h-tenant","575d7bad584bd0ebbabd4c78c3a1672d3f211a34b1e8eaf0b4c872d35a444b5b","codex","1d34856ad9ee549d34b3468895da715ad4305fc800021132179643aab15f4e21","804ba51608623e2b1e4e526d2ea869c94c00368af5d9b55189e3c749ae8b3d16","continuation","False","108","71","37","0.343","4","4","16","12"
"2026-04-13T09:09:47.171365Z","final-24h-tenant","575d7bad584bd0ebbabd4c78c3a1672d3f211a34b1e8eaf0b4c872d35a444b5b","codex","f0877eb547941d9d50ca9998b3d9a5466d7d2e8a783a0db21807d12bc2a02a07","ceb2356427a1d091f16f1db8cec2886f29d47247ce8e7bb8d67c82c0d1c902dc","continuation","False","108","71","37","0.343","4","4","16","12"
"2026-04-13T09:10:17.374178Z","final-24h-tenant","575d7bad584bd0ebbabd4c78c3a1672d3f211a34b1e8eaf0b4c872d35a444b5b","codex","17b10316b4b3f24d795fffe0fe6d6e5ece8b7ffd786d0771664a698556a4e0cd","e4a4289cdac01bde81f2314f75e3ec681ab104567c751c5ed26b1387e09295a4","continuation","False","108","71","37","0.343","4","4","16","12"
"2026-04-13T09:10:47.558573Z","final-24h-tenant","575d7bad584bd0ebbabd4c78c3a1672d3f211a34b1e8eaf0b4c872d35a444b5b","codex","d3e39d15bdc326f6b51aee7986313be382d7e1165465b3da727497ebd6e02854","7463d54a9dfb68c24946f37e493267d1462d2b9c8fc60ee6ddd7457e29a5d8f1","continuation","False","108","71","37","0.343","4","4","16","12"
"2026-04-13T09:11:17.749151Z","final-24h-tenant","575d7bad584bd0ebbabd4c78c3a1672d3f211a34b1e8eaf0b4c872d35a444b5b","codex","bb339513c6e62b584f20e5d5897a2b7c4cdbb59e693883a8167f63002bac20ce","3027551ed0702719c7582fb5976adf8433a4a0da811af4a12305bbdf62f597aa","continuation","False","108","71","37","0.343","4","4","16","12"
"2026-04-13T09:11:47.961123Z","final-24h-tenant","575d7bad584bd0ebbabd4c78c3a1672d3f211a34b1e8eaf0b4c872d35a444b5b","codex","26f06911e3ef9b5c118e036e7e3d0ab620385b8f93970c8243fb25b38082abcf","5f5068328bb6e0e25d1a3b84744adcf8d29b93b2c13654be7e177dbfe86f5244","continuation","False","108","71","37","0.343","4","4","16","12"
"2026-04-13T09:12:18.390880Z","final-24h-tenant","575d7bad584bd0ebbabd4c78c3a1672d3f211a34b1e8eaf0b4c872d35a444b5b","codex","f12a377c20d6e7a54d11aea1d02056944d65de24d42289a51bb35b80f077d4a5","60b057efd63a4e1ee78d0a15021b816ee4f4e36dc9c47d8fd5544e35c9997abd","continuation","False","108","71","37","0.343","4","4","16","12"
"2026-04-13T09:12:48.718413Z","final-24h-tenant","575d7bad584bd0ebbabd4c78c3a1672d3f211a34b1e8eaf0b4c872d35a444b5b","codex","b58504016be368afb39c540c4b030523e0632d47ed7b2a4f906b2eb8a88a43cb","daa679516229e30b464e8332dcb7c8f6c237c2854a60981833d8e76321b4e511","continuation","False","108","71","37","0.343","4","4","16","12"
"2026-04-13T09:13:18.903808Z","final-24h-tenant","575d7bad584bd0ebbabd4c78c3a1672d3f211a34b1e8eaf0b4c872d35a444b5b","codex","5bc02b46c9d2d1b1812f18fdd930ac7eada8bf2fad10cab6330c0c42340e2c19","5f587930fbca0c8ce2c52a5ec34ddcaa7f4d575882ad9c8a5a8c7658c76b1def","continuation","False","108","71","37","0.343","4","4","16","12"
"2026-04-13T09:13:49.108310Z","final-24h-tenant","575d7bad584bd0ebbabd4c78c3a1672d3f211a34b1e8eaf0b4c872d35a444b5b","codex","06496944c2e912a9221ff5c3ca3aeb733a63650a6bb970d01c2bb54511258712","0de9e37d486f313b27bbe5f6333e6617150a720df1f2a4851fa847709ea44922","continuation","False","108","71","37","0.343","4","4","16","12"
"2026-04-13T09:14:19.322533Z","final-24h-tenant","575d7bad584bd0ebbabd4c78c3a1672d3f211a34b1e8eaf0b4c872d35a444b5b","codex","1a090324b19851996c3e9abe411297b64a9c5fd6f55cf5404cebfdac8981538a","b71ff37ea3b44c0ee96b2790e2ffd5052742cb16c44a80eabcb0700a14f7eda1","continuation","False","108","71","37","0.343","4","4","16","12"
"2026-04-13T09:14:49.547260Z","final-24h-tenant","575d7bad584bd0ebbabd4c78c3a1672d3f211a34b1e8eaf0b4c872d35a444b5b","codex","691ff670c4d89e15d5792e1a20a3f3185e7088f4fdd633044b992ea90c22186f","10fcc5259d28297899c7d3d2baf2d88b97532c1b60c4c2fb4f5bf61721778a5f","continuation","False","108","71","37","0.343","4","4","16","12"
"2026-04-13T09:15:19.740883Z","final-24h-tenant","575d7bad584bd0ebbabd4c78c3a1672d3f211a34b1e8eaf0b4c872d35a444b5b","codex","942d94abf48f5cf83b2e83dae879a9e10e9556d6f5903d57ec0fa51ed89e4164","5432d538f80b71b1dfe25ce9722da9abbcff53ee8c1c77750954a9637e04fb8c","continuation","False","108","71","37","0.343","4","4","16","12"
"2026-04-13T09:15:49.911934Z","final-24h-tenant","575d7bad584bd0ebbabd4c78c3a1672d3f211a34b1e8eaf0b4c872d35a444b5b","codex","3ad1b54833d8ec8864681a34c82402dfb0d6f33f51b10182704aebb82227b77f","3b48bd575ca72c66daf656c89dfc70c75996306cc488da146b5f0e73decde797","continuation","False","108","71","37","0.343","4","4","16","12"
"2026-04-13T09:16:20.116231Z","final-24h-tenant","575d7bad584bd0ebbabd4c78c3a1672d3f211a34b1e8eaf0b4c872d35a444b5b","codex","a41dc731d171b2581585cf73671378681669b7e8e5024d01a3f60db0b9ce28a1","2060fa1e7edb09d65718dbc089173c8eecdbb57a07c979164601bf0a0e492554","continuation","False","108","71","37","0.343","4","4","16","12"
"2026-04-13T09:16:50.304561Z","final-24h-tenant","575d7bad584bd0ebbabd4c78c3a1672d3f211a34b1e8eaf0b4c872d35a444b5b","codex","e92020c7830e16fb276229e0984df68f8eab44b759ad6ca4538bfb41c5b65151","fb0759dd02d6834ce46602053a6d29542f6831fc7eef3d951077053c886a031b","continuation","False","108","71","37","0.343","4","4","16","12"
"2026-04-13T09:17:20.524813Z","final-24h-tenant","575d7bad584bd0ebbabd4c78c3a1672d3f211a34b1e8eaf0b4c872d35a444b5b","codex","76701ee63cd5d7d3256dd77d4da9bfd09a27601196cb1e9f59407f0b3eadc56b","2e83bf5ebe3f7dd399dd20cfc16098fec65dd0fc93343d4c88ea0d5a45ae9c50","continuation","False","108","71","37","0.343","4","4","16","12"
"2026-04-13T09:17:50.730207Z","final-24h-tenant","575d7bad584bd0ebbabd4c78c3a1672d3f211a34b1e8eaf0b4c872d35a444b5b","codex","5d3602a35a33e68fa8bd3ea49626944801ff29c07b623913e7a64798b685c02a","1f60184859b15e4441239fa169ab801ec62bea1e6f578b7133126f67aa21b8f4","continuation","False","108","71","37","0.343","4","4","16","12"
"2026-04-13T09:18:20.940033Z","final-24h-tenant","575d7bad584bd0ebbabd4c78c3a1672d3f211a34b1e8eaf0b4c872d35a444b5b","codex","e7ef22ee33c533c3fa67216eecdb7848d93e84dfc8071000f0e608f32f37de12","6f3f8af570eb8baf4dece25b39753e1f8073f412f9173931f3e351bafd80dd20","continuation","False","108","71","37","0.343","4","4","16","12"
"2026-04-13T09:18:51.112584Z","final-24h-tenant","575d7bad584bd0ebbabd4c78c3a1672d3f211a34b1e8eaf0b4c872d35a444b5b","codex","dde256aa9baad5826f322eeeffb647958b53ea791052454c9eff2284dea18c44","9b8834227403c10355e81d66d3f9e5ee77e3424a7ee998cededfe403e73574a3","continuation","False","108","71","37","0.343","4","4","16","12"
"2026-04-13T09:19:21.275807Z","final-24h-tenant","575d7bad584bd0ebbabd4c78c3a1672d3f211a34b1e8eaf0b4c872d35a444b5b","codex","fbff7d36b4a398ab7a76881e3bc54235f5bb97052500d72cfa40fa2e1f2ad3a7","27a68146a62316dfe6aaba019f3e0bbea149887b38ab18cf2f43c97f5274b6ff","continuation","False","108","71","37","0.343","4","4","16","12"
"2026-04-13T09:19:51.500336Z","final-24h-tenant","575d7bad584bd0ebbabd4c78c3a1672d3f211a34b1e8eaf0b4c872d35a444b5b","codex","5bcbe55a80cd34cb8c6b2f7790c87dcc7cf93f939db6bbe27d8524caccfa7f5a","40e94f557592bce4ce6fa1dd8b2484521fb7f4da2b306ebf8f7f0c0c9b3b47c5","continuation","False","108","71","37","0.343","4","4","16","12"
"2026-04-13T09:20:21.659150Z","final-24h-tenant","575d7bad584bd0ebbabd4c78c3a1672d3f211a34b1e8eaf0b4c872d35a444b5b","codex","0f6af806de1f5a2c7017378135c3812979138ef7db00c12a7950718d3329a3af","33e227dcdb6a3876330ca211ee5a3fe1bfcf4763a84b2e6d5b39ef8f6504a835","continuation","False","108","71","37","0.343","4","4","16","12"
"2026-04-13T09:20:51.864104Z","final-24h-tenant","575d7bad584bd0ebbabd4c78c3a1672d3f211a34b1e8eaf0b4c872d35a444b5b","codex","48e72d2e81c03bb0b1b3e53d4f6b66dc89c394ff0ede314f278bc25544f21914","f692b09c06bd7d38307c6251eb848fe65d2cbe641f6bea7d805bb21aad70f678","continuation","False","108","71","37","0.343","4","4","16","12"
"2026-04-13T09:21:22.096263Z","final-24h-tenant","575d7bad584bd0ebbabd4c78c3a1672d3f211a34b1e8eaf0b4c872d35a444b5b","codex","d6f0a31eeae5297690a76c04b5682c2092db1a01548a918c107c7ee692641195","5cd504d6108bdabe699ee663fe17b1981d0d6e8c8121d3042aeb859e24fed68d","continuation","False","108","71","37","0.343","4","4","16","12"
"2026-04-13T09:21:52.317871Z","final-24h-tenant","575d7bad584bd0ebbabd4c78c3a1672d3f211a34b1e8eaf0b4c872d35a444b5b","codex","5f10bda0b9a5731e0bacc2c8bc8bececec2838cb241ad171596c8d7819b297fa","ab73e08cf91e01b2ebe40c249c37fbe86d1d3073459786a3f5dd148a0f41f5b0","continuation","False","108","71","37","0.343","4","4","16","12"
"2026-04-13T09:22:22.513299Z","final-24h-tenant","575d7bad584bd0ebbabd4c78c3a1672d3f211a34b1e8eaf0b4c872d35a444b5b","codex","94621c435e845075e92bca124a5614d08fa989844a4f79741f98d03a56ca0fc0","a9e732536d205a572db39f9f1cd6be7433a3ec936f3a489badf2bc9ad8ddabd7","continuation","False","108","71","37","0.343","4","4","16","12"
"2026-04-13T09:22:52.718023Z","final-24h-tenant","575d7bad584bd0ebbabd4c78c3a1672d3f211a34b1e8eaf0b4c872d35a444b5b","codex","2e37eff618ffde252579debcf8ad97ee43a4ced11222ea69bdaea93fb60231bc","9ffabb936ebd019891de26fa8e47ecc34755099add890aceeb29565fcbd4fd5c","continuation","False","108","71","37","0.343","4","4","16","12"
"2026-04-13T09:23:22.968724Z","final-24h-tenant","575d7bad584bd0ebbabd4c78c3a1672d3f211a34b1e8eaf0b4c872d35a444b5b","codex","70372071de88aebb4a6d7fc14477eccd763c67c18e905707f6fd78a2f2771a6b","5fe360e9517945d40711944fc747d8631ffe538a7ff725abe34a138df5d0cbfa","continuation","False","108","71","37","0.343","4","4","16","12"
"2026-04-13T09:23:53.152537Z","final-24h-tenant","575d7bad584bd0ebbabd4c78c3a1672d3f211a34b1e8eaf0b4c872d35a444b5b","codex","a0cfb6b1a67e3d425ffc34994549272c6c3d564515ca835ff665f205ec925082","e86db27ed16a6725ad4ea4305fcb08094b52cf1b13c547e213913f8d15ca3048","continuation","False","108","71","37","0.343","4","4","16","12"
"2026-04-13T09:24:23.337320Z","final-24h-tenant","575d7bad584bd0ebbabd4c78c3a1672d3f211a34b1e8eaf0b4c872d35a444b5b","codex","edb0acd324272dafeec451be0136119aee818cc96d3487922f1752968274ea09","00060ad2765660739059acff92825d41c098cf83c4b60d1776aafa92c923004e","continuation","False","108","71","37","0.343","4","4","16","12"
"2026-04-13T09:24:53.525505Z","final-24h-tenant","575d7bad584bd0ebbabd4c78c3a1672d3f211a34b1e8eaf0b4c872d35a444b5b","codex","b95cb774a91690378d60b3aeaebd44d4618988358efe5ff06e444544999c9bab","e956acc4c9906248b77208b19d103096affb22574929def8feb674156032d9bc","continuation","False","108","71","37","0.343","4","4","16","12"
"2026-04-13T09:25:23.728358Z","final-24h-tenant","575d7bad584bd0ebbabd4c78c3a1672d3f211a34b1e8eaf0b4c872d35a444b5b","codex","6f755150f41e4c656a8cb08188e791298a6a45937b0c325c6535aa8ffc057d0c","16504912ac9be8f7e450b010bbae63df1c24403ecb2b96421611ba563ac1e3ae","continuation","False","108","71","37","0.343","4","4","16","12"
"2026-04-13T09:25:53.936441Z","final-24h-tenant","575d7bad584bd0ebbabd4c78c3a1672d3f211a34b1e8eaf0b4c872d35a444b5b","codex","27d170966b2df1b572d990fc8878512b30987c35cc9b7614abb8dc89a5a91911","36135793290d6248d2e5a1e5b073bd33aea171ed5eb9bd97f7c0449c84061f31","continuation","False","108","71","37","0.343","4","4","16","12"
"2026-04-13T09:26:24.143208Z","final-24h-tenant","575d7bad584bd0ebbabd4c78c3a1672d3f211a34b1e8eaf0b4c872d35a444b5b","codex","7e9f5fdf5820bec162f22a41be6f46cef87a7c7c23c2a2c48f3d1452de6d9601","0998ccee32b107117d55fe5e1468ede589fca2788f28e86c1c249a2d03753dcd","continuation","False","108","71","37","0.343","4","4","16","12"
"2026-04-13T09:26:54.403328Z","final-24h-tenant","575d7bad584bd0ebbabd4c78c3a1672d3f211a34b1e8eaf0b4c872d35a444b5b","codex","46d8c1400dc36821c19c0fc7e9115865639c093a234739340cea38bd741e1730","dd5d632d06d629302cc758aae9707ea2a6a259682e94279be425b1969988430f","continuation","False","108","71","37","0.343","4","4","16","12"
"2026-04-13T09:27:24.605365Z","final-24h-tenant","575d7bad584bd0ebbabd4c78c3a1672d3f211a34b1e8eaf0b4c872d35a444b5b","codex","026c5d1d10eca3e94523ce4ecf31cffa7e44f55f1c8f5fa8c412ac98394eccae","64b300b364d90b49a3c7ff4cf8bb876f8d254a5d4adbaafc426ff36122007af9","continuation","False","108","71","37","0.343","4","4","16","12"
"2026-04-13T09:27:54.799880Z","final-24h-tenant","575d7bad584bd0ebbabd4c78c3a1672d3f211a34b1e8eaf0b4c872d35a444b5b","codex","134a7bbe8fd53e84992f021f41fb8da63df0119bd374a7d5b7db60b9d9345c3d","4fd74934ec983fc2dff9ca2ba205852f350f6c182b6490cf459539a1617cf553","continuation","False","108","71","37","0.343","4","4","16","12"
"2026-04-13T09:28:24.990733Z","final-24h-tenant","575d7bad584bd0ebbabd4c78c3a1672d3f211a34b1e8eaf0b4c872d35a444b5b","codex","b1b848b0daf8d01930d0b24f21dc56569c2869e415196f6515b21d9e7aaae574","41cf343ea129ea30e42c4ff0ed4ebe169b118af716474303c25b43f98ac5a234","continuation","False","108","71","37","0.343","4","4","16","12"
"2026-04-13T09:28:55.212061Z","final-24h-tenant","575d7bad584bd0ebbabd4c78c3a1672d3f211a34b1e8eaf0b4c872d35a444b5b","codex","58de5c9b41e061526ddbd535f144e7107be0202821454bbe608e21a1a21d1aef","81cf942b139d310f87746c96a096bce5c84aea7abf0e530c8cdf676bac0d19e7","continuation","False","108","71","37","0.343","4","4","16","12"
"2026-04-13T09:29:25.374468Z","final-24h-tenant","575d7bad584bd0ebbabd4c78c3a1672d3f211a34b1e8eaf0b4c872d35a444b5b","codex","d279b995c51d4ef11fa5e0b7a30d46f0da4d77cc43e3ec4b1650cdfafc27c4e5","870b4013f6bd10856567db9fbeeb8265d41d3c1f4e57ac4bcbda9259ecf3cb6f","continuation","False","108","71","37","0.343","4","4","16","12"
"2026-04-13T09:29:55.588128Z","final-24h-tenant","575d7bad584bd0ebbabd4c78c3a1672d3f211a34b1e8eaf0b4c872d35a444b5b","codex","ae0a87b3f377b0d86b6d42d4c59667c6666716ed8af035ef7c072ad0ccd6e4e2","124f8fec0dead6409cc26479b8fdfe4b8a86475963cb2895355e3a77b75f383b","continuation","False","108","71","37","0.343","4","4","16","12"
"2026-04-13T09:30:25.769600Z","final-24h-tenant","575d7bad584bd0ebbabd4c78c3a1672d3f211a34b1e8eaf0b4c872d35a444b5b","codex","ee3c038fd6e52f776bc5ae99a57541d9225782e8b9160cafc152f9189059b9c9","1e7280f3d70391aa63b8d048a9fdd1328dd46115eb3a445d8a63c9dd1f173592","continuation","False","108","71","37","0.343","4","4","16","12"
"2026-04-13T09:30:55.950402Z","final-24h-tenant","575d7bad584bd0ebbabd4c78c3a1672d3f211a34b1e8eaf0b4c872d35a444b5b","codex","33ae8ce1d22b6af6ccac508db4a931ea44b358220bc012599ed7f1cc2d20f2d4","71ee714095bcaee94c68cf86bcf35e060f14c15af98d1155e87842b764b725fc","continuation","False","108","71","37","0.343","4","4","16","12"
"2026-04-13T09:31:26.173916Z","final-24h-tenant","575d7bad584bd0ebbabd4c78c3a1672d3f211a34b1e8eaf0b4c872d35a444b5b","codex","3818c2212c8d5ca4cf5281569e652343a29d377d635bd81769e6a153c4854d39","0521194996ee3356abd3d6c7f7d4244cb6c13a7b5e4f2998f6ebdae433f0fa04","continuation","False","108","71","37","0.343","4","4","16","12"
"2026-04-13T09:31:56.372637Z","final-24h-tenant","575d7bad584bd0ebbabd4c78c3a1672d3f211a34b1e8eaf0b4c872d35a444b5b","codex","3d10da5c03509bcca69b7aae63abb913b0039ad729153700de6ed66e39dd8ae8","09b08c83d3011d714382ce63465af27f71786b5cde96fdbf8ea36dccbfc055eb","continuation","False","108","71","37","0.343","4","4","16","12"
"2026-04-13T09:32:26.558172Z","final-24h-tenant","575d7bad584bd0ebbabd4c78c3a1672d3f211a34b1e8eaf0b4c872d35a444b5b","codex","b0489ae0945b41687729e7bc02ccc070f6ef9ce33832244e32e24e4dcf21d5b4","8a65a1853a387ff0a5c02ccee3dd356acfe15d1bf7cd1702f34cac06881c0c5d","continuation","False","108","71","37","0.343","4","4","16","12"
"2026-04-13T09:32:56.742473Z","final-24h-tenant","575d7bad584bd0ebbabd4c78c3a1672d3f211a34b1e8eaf0b4c872d35a444b5b","codex","a923d161b592b19546a2b3c225e8e31fff29a3321475004dc24beae19d3513fc","d19d7a98780aefbf72b743bf8301fbe717ec62da2c4cdd1a72a6874f4cbea7d4","continuation","False","108","71","37","0.343","4","4","16","12"
"2026-04-13T09:34:02.617537Z","final-24h-tenant","575d7bad584bd0ebbabd4c78c3a1672d3f211a34b1e8eaf0b4c872d35a444b5b","codex","d06d4ba5ec1dfdb56f15daf60c541a050afd25456832ad5f77a929c38b48720d","b767268ec12615f6f5a510998cca5b9f1aeeceda69cf63e467631bb58cec5b2d","continuation","False","108","71","37","0.343","4","4","16","12"
"2026-04-13T09:34:06.921244Z","test","575d7bad584bd0ebbabd4c78c3a1672d3f211a34b1e8eaf0b4c872d35a444b5b","claude_code","f81b3ca75ea91c368c12d5640b806f1626d36ab2288cdf36269588fa8638f9cf","5191ed77129cd7dcd0a159f96d1b0864a58d7ea7ed88eb1a420af426f5c892b7","continuation","False","108","71","37","0.343","4","4","16","12"
"2026-04-13T09:34:32.714051Z","final-24h-tenant","575d7bad584bd0ebbabd4c78c3a1672d3f211a34b1e8eaf0b4c872d35a444b5b","codex","aec6194d1affc380728b4111b315377036a056ce22d027fcb04945d6d913a6ef","30ca6a58b76864031f37a25b3c573a859c4060883ea3f3a677b29089cb79936a","continuation","False","108","71","37","0.343","4","4","16","12"
"2026-04-13T09:35:02.819186Z","final-24h-tenant","575d7bad584bd0ebbabd4c78c3a1672d3f211a34b1e8eaf0b4c872d35a444b5b","codex","9fccefd5a3cd19c57f67c888753972a04c15ba6c8824236af6ed7b17e7354e79","995e3f559161e322c8d2fee298751568038000e12cf8868892c536139e7dd69b","continuation","False","108","71","37","0.343","4","4","16","12"
"2026-04-13T09:35:32.931734Z","final-24h-tenant","575d7bad584bd0ebbabd4c78c3a1672d3f211a34b1e8eaf0b4c872d35a444b5b","codex","dc9d1f77c795b00dc8ece0c6787d27c43d5b638d2e7e91b0ded217f1866f16c2","f656b864fe9352a98424ef38d66f2aad6b483f1e3f96208f56fedef2a7672bbf","continuation","False","108","71","37","0.343","4","4","16","12"
"2026-04-13T09:36:03.042337Z","final-24h-tenant","575d7bad584bd0ebbabd4c78c3a1672d3f211a34b1e8eaf0b4c872d35a444b5b","codex","12a110cadce37e02acf487232a262f1ca40fecc637b99960178fb67cc64e3818","15b6ad5b3ae369fa60e7a86fa127371b104c4ae80952e4b1eb0a21b6343e26c6","continuation","False","108","71","37","0.343","4","4","16","12"
"2026-04-13T09:36:33.143846Z","final-24h-tenant","575d7bad584bd0ebbabd4c78c3a1672d3f211a34b1e8eaf0b4c872d35a444b5b","codex","abf50fa869d4f692059504a97247d180a9cd0f2a2328ca1e256927b7d83721ce","1a131117600fbbadefae23af2555f7f5905dcdd8da776163db77426871813b17","continuation","False","108","71","37","0.343","4","4","16","12"
"2026-04-13T09:37:03.289008Z","final-24h-tenant","575d7bad584bd0ebbabd4c78c3a1672d3f211a34b1e8eaf0b4c872d35a444b5b","codex","fe023c33035e3881d33bed0eb8ae2d324f4154d633e40e431ddbc6f0953ca95d","71ab9ec42ee410b524ac374c06119f257fb0c5eb4c68b0a425f6c74e55b57cac","continuation","False","108","71","37","0.343","4","4","16","12"
"2026-04-13T09:37:33.446808Z","final-24h-tenant","575d7bad584bd0ebbabd4c78c3a1672d3f211a34b1e8eaf0b4c872d35a444b5b","codex","7cc8891ce9d1deb44e3a558d56ce95c0286755f0e23e1b293cea7d324923ae7c","bcc51fad1f4077d0e83590f3113310f1f072a057ddffbab2da83a3392f4cd002","continuation","False","108","71","37","0.343","4","4","16","12"
"2026-04-13T09:38:03.556319Z","final-24h-tenant","575d7bad584bd0ebbabd4c78c3a1672d3f211a34b1e8eaf0b4c872d35a444b5b","codex","c8faf358446cb579545592bda83b1ceb56e68404f7f66fa7b10af36c70f1289e","cbb75d3e63424e11a1ee91be30c7f2cc4ab32825fe279a226a6d979bbe0bc1b7","continuation","False","108","71","37","0.343","4","4","16","12"
"2026-04-13T09:38:33.686124Z","final-24h-tenant","575d7bad584bd0ebbabd4c78c3a1672d3f211a34b1e8eaf0b4c872d35a444b5b","codex","85637b2ee951c3d0b0544943bf434f917d45cba969004ea6c7378e602c07e123","f1759016d4b06548ce296aa74cd6ce28de50dede6ad1a6114390fb17a9b5aa30","continuation","False","108","71","37","0.343","4","4","16","12"
"2026-04-13T09:39:03.835352Z","final-24h-tenant","575d7bad584bd0ebbabd4c78c3a1672d3f211a34b1e8eaf0b4c872d35a444b5b","codex","de0f6163ac5c9700336feb6958fa124ed87ed04a07049902091cf467511cc640","8b42cde7b110119830d39616bafec57bbe31cbcaf8f21f27f7692302a8249ce0","continuation","False","108","71","37","0.343","4","4","16","12"
"2026-04-13T09:39:33.959074Z","final-24h-tenant","575d7bad584bd0ebbabd4c78c3a1672d3f211a34b1e8eaf0b4c872d35a444b5b","codex","d94d91553d3aca68cfb6ea0039df98b08e67c738a80f6860824bde45b6716fd3","7f03e88cd3b2280877a672da2b472874cb0b2033313e24ee20d5298e5c8cf9ec","continuation","False","108","71","37","0.343","4","4","16","12"
"2026-04-13T09:40:04.075811Z","final-24h-tenant","575d7bad584bd0ebbabd4c78c3a1672d3f211a34b1e8eaf0b4c872d35a444b5b","codex","35c59844ef80f4c5cdb916676470f551ebe58f503fc13553f0a46b207c420e21","f8bcb3e4da9028fa369cf5a6ae7007e1793bcffbf7c4a623ae7430111aec7cbf","continuation","False","108","71","37","0.343","4","4","16","12"
"2026-04-13T09:40:34.174013Z","final-24h-tenant","575d7bad584bd0ebbabd4c78c3a1672d3f211a34b1e8eaf0b4c872d35a444b5b","codex","8d9a2d756831d1acd110f5b54f4f81bc52fd87889325b90a62376e4f7ed82b73","c5058b50f01c3134d6642432e2aef59ba5cabe81081df07b3ee046551ee4ae3f","continuation","False","108","71","37","0.343","4","4","16","12"
"2026-04-13T09:41:04.321773Z","final-24h-tenant","575d7bad584bd0ebbabd4c78c3a1672d3f211a34b1e8eaf0b4c872d35a444b5b","codex","06d8d6165d90a46ae43b64021f3d178b1b5fa93b81757bcbf859bcb275480c11","8e72d0fd794997d6b5007c3461d3d24b7c21446ccff354cb6fe4cfe08e96d305","continuation","False","108","71","37","0.343","4","4","16","12"
"2026-04-13T09:41:34.447917Z","final-24h-tenant","575d7bad584bd0ebbabd4c78c3a1672d3f211a34b1e8eaf0b4c872d35a444b5b","codex","f0fcab9358b2a8511d04c6ca55753722d23f5612f4a4c5adcbb57852789b1b68","584d3e074cabdac6cfa6a8adee96fbae1304bf4cc9d478f6b6d75ad2f2286314","continuation","False","108","71","37","0.343","4","4","16","12"
"2026-04-13T09:42:04.560897Z","final-24h-tenant","575d7bad584bd0ebbabd4c78c3a1672d3f211a34b1e8eaf0b4c872d35a444b5b","codex","e38b95184bee7550ec65cb549e2728ff29bc4edcc6fc511354706b3dee69a138","f75cfb080a0a979efb27443bcd99db534d29c9f54df9154c3e40cf89a5d328e0","continuation","False","108","71","37","0.343","4","4","16","12"
"2026-04-13T09:42:34.689043Z","final-24h-tenant","575d7bad584bd0ebbabd4c78c3a1672d3f211a34b1e8eaf0b4c872d35a444b5b","codex","5337d4c44de11aa00c56fab3de8c607b470c32e2d619ed1bc82b723e01b1e0c5","8da5f0d9ebcb1ccf0ac2912577e56b0c0f06cff764f65461d37dc2442dae262d","continuation","False","108","71","37","0.343","4","4","16","12"
"2026-04-13T09:43:04.813324Z","final-24h-tenant","575d7bad584bd0ebbabd4c78c3a1672d3f211a34b1e8eaf0b4c872d35a444b5b","codex","3020ac7b678bebf604f95e566aeb5ca1c55523b1ef33afc17afc51ba7eeeb4e0","2285e02d18fcc10dd893b3459e30331d728ce8451e5c3ca285c8ea270b762042","continuation","False","108","71","37","0.343","4","4","16","12"
"2026-04-13T09:43:34.938727Z","final-24h-tenant","575d7bad584bd0ebbabd4c78c3a1672d3f211a34b1e8eaf0b4c872d35a444b5b","codex","948155957c97ba971446e49180b220ef4954fa42a47a8444f30a56b384b8a350","85326ec50da541de94289b15a6bf8dba2406133df0a070182fdbaba3b23397c1","continuation","False","108","71","37","0.343","4","4","16","12"
"2026-04-13T09:44:05.069124Z","final-24h-tenant","575d7bad584bd0ebbabd4c78c3a1672d3f211a34b1e8eaf0b4c872d35a444b5b","codex","cef61b642c0106c349bd470e4cea4623c03c528cff338716b4820a038f1b685b","4513b20354d1c07c5fc97ba576fe5de2887755d303bea25252043b507ac478b2","continuation","False","108","71","37","0.343","4","4","16","12"
"2026-04-13T09:44:35.195201Z","final-24h-tenant","575d7bad584bd0ebbabd4c78c3a1672d3f211a34b1e8eaf0b4c872d35a444b5b","codex","d7f3524f55a7f263ec29e1efbd62466a8e6d4cfee56316ab662d0eb714134480","e2074ff7cec1f0117b2c825e1e3f4751e65349971dc556451d2f1a7b1a8c500d","continuation","False","108","71","37","0.343","4","4","16","12"
"2026-04-13T09:45:05.328425Z","final-24h-tenant","575d7bad584bd0ebbabd4c78c3a1672d3f211a34b1e8eaf0b4c872d35a444b5b","codex","cf2be3ab4a74e3ccd0d7138d1bc70b4e93377173209df31f909639ea1bc2fb99","86eb2cd3f1cf3e512e2ef4f14f1f94fd10b0c5334d3eff4d63a947b039363264","continuation","False","108","71","37","0.343","4","4","16","12"
"2026-04-13T09:45:35.453916Z","final-24h-tenant","575d7bad584bd0ebbabd4c78c3a1672d3f211a34b1e8eaf0b4c872d35a444b5b","codex","7343be46bc831940e8cb7cc710d88221acdfb8bc510415739943dd1bf63e076a","ce1627abe210fd9f670b7ee0e65dc762450dd6fdb2fd62353c9bee55776d820d","continuation","False","108","71","37","0.343","4","4","16","12"
"2026-04-13T09:46:05.578643Z","final-24h-tenant","575d7bad584bd0ebbabd4c78c3a1672d3f211a34b1e8eaf0b4c872d35a444b5b","codex","0139ed8d435036911a3f7db50364ec7049684ad9c3c65d7e7937192cc74aa221","23fce735b7c19702c90bffe88113b59c3d090ab7b69d239cbd54b4c1f7a49bcf","continuation","False","108","71","37","0.343","4","4","16","12"
"2026-04-13T09:46:35.714570Z","final-24h-tenant","575d7bad584bd0ebbabd4c78c3a1672d3f211a34b1e8eaf0b4c872d35a444b5b","codex","d8e9c724b77e8d895ecd60d0f25daaac02e8c451e4fe6f5b2062356160bca965","7f800c20b948d93d954ebccc65ddcbf939d2d51d73cbff4b8fd55a2cee50ad4b","continuation","False","108","71","37","0.343","4","4","16","12"
"2026-04-13T09:47:05.856990Z","final-24h-tenant","575d7bad584bd0ebbabd4c78c3a1672d3f211a34b1e8eaf0b4c872d35a444b5b","codex","a8d126a5afe08415d23c574ad168f8aa09a6be7513984238780f2e304da86220","46d29f3c1ca3167a8f8c82169d3c7f05eca7ab8164ceab22e2acac3e8658ebcb","continuation","False","108","71","37","0.343","4","4","16","12"
"2026-04-13T09:47:36.002598Z","final-24h-tenant","575d7bad584bd0ebbabd4c78c3a1672d3f211a34b1e8eaf0b4c872d35a444b5b","codex","fa81ccf7430bc6623ca2f32a76a2489bca43dcd88ac1e98e52831693439cdfed","8be8c9018aa8c9a88867b64b6255fde18b47f049971c0a91cb41c6417784b322","continuation","False","108","71","37","0.343","4","4","16","12"
"2026-04-13T09:48:06.103053Z","final-24h-tenant","575d7bad584bd0ebbabd4c78c3a1672d3f211a34b1e8eaf0b4c872d35a444b5b","codex","02f5ea6d37d23d0af5cc3f09b15c4dc662fa560c460dbfe96e843390c641a955","03edd99c7a6fad55deda6f0b97d12b2652d43269904174526ee64915a0c6cf64","continuation","False","108","71","37","0.343","4","4","16","12"
"2026-04-13T09:48:36.230027Z","final-24h-tenant","575d7bad584bd0ebbabd4c78c3a1672d3f211a34b1e8eaf0b4c872d35a444b5b","codex","228ee20d9011931764d156555693804119df520ffcad15bedfda0cb9b8e51e59","1e0eaa1398ec5cc692eaf3f656ba25a500eda8a45e4a0a84c8fbcfe3b9e96def","continuation","False","108","71","37","0.343","4","4","16","12"
"2026-04-13T09:49:06.357821Z","final-24h-tenant","575d7bad584bd0ebbabd4c78c3a1672d3f211a34b1e8eaf0b4c872d35a444b5b","codex","72fbc39a9fecb595910b4c23d63d877b0ed384bd04d88db0804e1b093a422a2d","ad98b4aa30d856413b05a4d964881ffe9ced43338dac2dfc63659d69ca1464a1","continuation","False","108","71","37","0.343","4","4","16","12"
"2026-04-13T09:49:36.477865Z","final-24h-tenant","575d7bad584bd0ebbabd4c78c3a1672d3f211a34b1e8eaf0b4c872d35a444b5b","codex","dab1d5ebfcac74d8dfa6313b59a12f142607c10372157d2faf6a2579b8b36198","07b37c0e16159c5866534c8b6a3e48108a0b58cd29ded1a664db28f386927469","continuation","False","108","71","37","0.343","4","4","16","12"
"2026-04-13T09:50:06.593845Z","final-24h-tenant","575d7bad584bd0ebbabd4c78c3a1672d3f211a34b1e8eaf0b4c872d35a444b5b","codex","28a634bfd1379b1a4539b6e8658d153bb4832f5957b93031c54e4bbfcb9e00eb","1167c7d43e249a3b7f807680d72d08f8e208124fb33d303e464e294647a081e8","continuation","False","108","71","37","0.343","4","4","16","12"
"2026-04-13T09:50:36.700882Z","final-24h-tenant","575d7bad584bd0ebbabd4c78c3a1672d3f211a34b1e8eaf0b4c872d35a444b5b","codex","265eafa27fe7ff5de82faaa7bf8aa076feb0383123c43eb7f14bedeb570c110c","5bf4dc94872b6d15b48833fad14d15a3488f3fdc3b8c2224b7e1123d1db18417","continuation","False","108","71","37","0.343","4","4","16","12"
"2026-04-13T09:51:06.812337Z","final-24h-tenant","575d7bad584bd0ebbabd4c78c3a1672d3f211a34b1e8eaf0b4c872d35a444b5b","codex","59c1077470bca09a22262eacda64d1f3e28a8ccf29809cc62220adb66027617c","417967bea40fc0c6329b53753552d1a11524ca82332d942f3ad38ab228378959","continuation","False","108","71","37","0.343","4","4","16","12"
"2026-04-13T09:51:36.928320Z","final-24h-tenant","575d7bad584bd0ebbabd4c78c3a1672d3f211a34b1e8eaf0b4c872d35a444b5b","codex","9b54c205e6ceadf9e3310af2aecfa4004eebcbf65ee3a328bb95eb6045a7009d","aa73d2bdceb8bbff1a06d0a37d9bdc55ec72880cd0c26aa385145c5fc0413336","continuation","False","108","71","37","0.343","4","4","16","12"
"2026-04-13T09:52:07.077933Z","final-24h-tenant","575d7bad584bd0ebbabd4c78c3a1672d3f211a34b1e8eaf0b4c872d35a444b5b","codex","82eeaa5c2569913c470a0e52b1cd19aa9755a2ac0350cad3b31c65f7f331b5cc","848c5e1997620ebb081b046f182e02a931e94bbd292bddd07379a2800c0bf8fd","continuation","False","108","71","37","0.343","4","4","16","12"
"2026-04-13T09:52:37.209423Z","final-24h-tenant","575d7bad584bd0ebbabd4c78c3a1672d3f211a34b1e8eaf0b4c872d35a444b5b","codex","879f4804fd3867574475e48c921f8290750e5a4acd5feaab001e378d8228d19f","66724920863503cc78cd8b0da2669798cb69388f78b497175637de4ca52c5160","continuation","False","108","71","37","0.343","4","4","16","12"
"2026-04-13T09:53:07.344682Z","final-24h-tenant","575d7bad584bd0ebbabd4c78c3a1672d3f211a34b1e8eaf0b4c872d35a444b5b","codex","a560fc882ebf3569fdeb6fd9f58fb0eeb787800d456ce932e546970af74d01bf","6694511c886bd8346881a0fcddb22d77127d768b1aaa4f0c44ec251f80aea2e7","continuation","False","108","71","37","0.343","4","4","16","12"
"2026-04-13T09:53:37.490793Z","final-24h-tenant","575d7bad584bd0ebbabd4c78c3a1672d3f211a34b1e8eaf0b4c872d35a444b5b","codex","a44d6afe83443eaf872129672dd96a6a7ef3510c8b2242294c2fcb155b7296b7","85cf646781a612346c351d2e28a1ca0883997e5bed5caba6712bb1d88cce665f","continuation","False","108","71","37","0.343","4","4","16","12"
"2026-04-13T09:54:07.627675Z","final-24h-tenant","575d7bad584bd0ebbabd4c78c3a1672d3f211a34b1e8eaf0b4c872d35a444b5b","codex","e63d14e9b88c6809ac93945ec82d57be641c81d1b0f434df9535bae2a19589a9","4bf163af19ca03b89c6d8cbd431e1dbd3a7a55f08d6c1d7361d7f8667f6c5822","continuation","False","108","71","37","0.343","4","4","16","12"
"2026-04-13T09:54:37.752184Z","final-24h-tenant","575d7bad584bd0ebbabd4c78c3a1672d3f211a34b1e8eaf0b4c872d35a444b5b","codex","3bc55f8ba5c89895d131b92604da45b350e8bdc6ac1d6489151e7c3a665cc326","fc98a62f8857e57b442a2401d238c4a72355d4ee0268a0c2edf26aeadf77db5d","continuation","False","108","71","37","0.343","4","4","16","12"
"2026-04-13T09:55:07.890870Z","final-24h-tenant","575d7bad584bd0ebbabd4c78c3a1672d3f211a34b1e8eaf0b4c872d35a444b5b","codex","d7bd57a88c13a566d57d04f4b90a65160c5de0219f15a03f3aaef159f42b1072","91470ad2b97a9a281a7154e5d77ea70ccb5a1ca768f9ed80daea0cf3c0aa2db5","continuation","False","108","71","37","0.343","4","4","16","12"
"2026-04-13T09:55:38.018596Z","final-24h-tenant","575d7bad584bd0ebbabd4c78c3a1672d3f211a34b1e8eaf0b4c872d35a444b5b","codex","f974bfb17ef79531d15352324fefbe2434555180aa8fce4096e5501fedebf002","f1907972374158e5fcddd481afffc8342ef67b2ba6353a7df4377fd680e8e463","continuation","False","108","71","37","0.343","4","4","16","12"
"2026-04-13T09:56:08.154648Z","final-24h-tenant","575d7bad584bd0ebbabd4c78c3a1672d3f211a34b1e8eaf0b4c872d35a444b5b","codex","6aabb6305c95cd853a64323ddc3f1a9af09644adbe9a12049c4fc30f5669225d","2a017a1b22ff67b59298e72e254c749898dc606f73e0a82a93a3f39add2a95aa","continuation","False","108","71","37","0.343","4","4","16","12"
"2026-04-13T09:56:38.283226Z","final-24h-tenant","575d7bad584bd0ebbabd4c78c3a1672d3f211a34b1e8eaf0b4c872d35a444b5b","codex","860ec82170a78c0cf6652de3d052a7f1a3270b867ee9393dc816df7a56933250","4639aa56fd8a83ad6cb049d770e6330a0040c1860cd2e955edfa4dd2963d3718","continuation","False","108","71","37","0.343","4","4","16","12"
"2026-04-13T09:57:08.403980Z","final-24h-tenant","575d7bad584bd0ebbabd4c78c3a1672d3f211a34b1e8eaf0b4c872d35a444b5b","codex","a0be2946594dcbc26f628a5b3b7eb2c1344caa8ece4d8772d48b8dbb404712b7","30685555808a84e50d3e931081925a810bac04b180f40d3a2afb9b0a771a6c67","continuation","False","108","71","37","0.343","4","4","16","12"
"2026-04-13T09:57:38.552682Z","final-24h-tenant","575d7bad584bd0ebbabd4c78c3a1672d3f211a34b1e8eaf0b4c872d35a444b5b","codex","a2ebc9727499bc9d5fd746b7113fd303637737f5f38b3d5dbe65064e7ae7d037","8965dcae5690b596784d19a78e424e648b6a9dde89591858e497e1c2f458654a","continuation","False","108","71","37","0.343","4","4","16","12"
"2026-04-13T09:58:08.678787Z","final-24h-tenant","575d7bad584bd0ebbabd4c78c3a1672d3f211a34b1e8eaf0b4c872d35a444b5b","codex","f482bac37c382a75aaeabc1c8f10e5667bfb02836edc1c50fb17128c38556e2a","5efab06a6a651409d498d2fb3562dedeb7379688b992794cf1ce51135d0646d6","continuation","False","108","71","37","0.343","4","4","16","12"
"2026-04-13T09:58:38.812419Z","final-24h-tenant","575d7bad584bd0ebbabd4c78c3a1672d3f211a34b1e8eaf0b4c872d35a444b5b","codex","3410d8d423236c0b47d1aae8603c60f5856ee9d56940c9b44fc7006870bc398b","67737e9127221ce697f5ca5862a99dc244227eb06b4535f57c9ecf88b2d7260d","continuation","False","108","71","37","0.343","4","4","16","12"
"2026-04-13T09:59:08.941774Z","final-24h-tenant","575d7bad584bd0ebbabd4c78c3a1672d3f211a34b1e8eaf0b4c872d35a444b5b","codex","f1b9ae8f4fe2aad0668c79f541a5a9316cdebabd2ea73f745dd2b2e608890240","4b0520e01bfb4481808d9ea4f750d3beab15b8aab76852e95e81ab0a3f44bcc2","continuation","False","108","71","37","0.343","4","4","16","12"
"2026-04-13T09:59:39.081190Z","final-24h-tenant","575d7bad584bd0ebbabd4c78c3a1672d3f211a34b1e8eaf0b4c872d35a444b5b","codex","8ebf27e30f7769b1ba8f73ac1c4ad5e9a409d2da922e4cecea707b0119dd5fff","1bfcb1a64cc94321a67343963cd83cc3365a8d04891b74f33e81ff8ae39a6c65","continuation","False","108","71","37","0.343","4","4","16","12"
"2026-04-13T10:00:09.211535Z","final-24h-tenant","575d7bad584bd0ebbabd4c78c3a1672d3f211a34b1e8eaf0b4c872d35a444b5b","codex","733185a3b85dffac93b06a0e9486efa26aac3017aeaf0078c46f2a55e76f5c92","20a52f5e094e04a932f6368bba35c53ebd7d5a034a29ea85aa632899aba676ce","continuation","False","108","71","37","0.343","4","4","16","12"
"2026-04-13T10:00:39.310559Z","final-24h-tenant","575d7bad584bd0ebbabd4c78c3a1672d3f211a34b1e8eaf0b4c872d35a444b5b","codex","5127d65c2f960c2065dfa599eb30ddbb70456b274442685184b830be687eb6ea","a3acd10a3a056a5a13547392ae3b6c7fae06daf416e57b410c5dbd1c26d706e6","continuation","False","108","71","37","0.343","4","4","16","12"
"2026-04-13T10:01:09.433362Z","final-24h-tenant","575d7bad584bd0ebbabd4c78c3a1672d3f211a34b1e8eaf0b4c872d35a444b5b","codex","bd8de4f1a62e2ed2a01cd1f82fdc7bff6198ffaf599eb0626d61ec4eb8f8c376","580d84e3d44adc8928d2c557ddcd218fb982a95371c024e317dda2fd2730667c","continuation","False","108","71","37","0.343","4","4","16","12"
"2026-04-13T10:01:39.557041Z","final-24h-tenant","575d7bad584bd0ebbabd4c78c3a1672d3f211a34b1e8eaf0b4c872d35a444b5b","codex","d123c47a32195039be2a411401194c5a966eb6211e13e198e86ce53ba727a037","169ba4ac9f2851df30f450663abe91fae8bf62aafd028bbd839a89bf5fb5fafe","continuation","False","108","71","37","0.343","4","4","16","12"
"2026-04-13T10:02:09.717593Z","final-24h-tenant","575d7bad584bd0ebbabd4c78c3a1672d3f211a34b1e8eaf0b4c872d35a444b5b","codex","8b7569a84518465e9fee2e76eebbc5f402f79fff057d260c99f3a5703aabf3dd","d6f70d97b8b0428656ddadd22bc81a9f8acbcb6a40a2c2b98172a58fbc1bda0b","continuation","False","108","71","37","0.343","4","4","16","12"
"2026-04-13T10:02:39.855531Z","final-24h-tenant","575d7bad584bd0ebbabd4c78c3a1672d3f211a34b1e8eaf0b4c872d35a444b5b","codex","eb2ca8f84cfff54814233f8ab9b69c26709d8a65cee011b991ff3441503fd4cd","ac6de76bd9340ac7432c737c7d0f72054a8695424c8077d6dc5a97c306834b92","continuation","False","108","71","37","0.343","4","4","16","12"
"2026-04-13T10:03:09.973650Z","final-24h-tenant","575d7bad584bd0ebbabd4c78c3a1672d3f211a34b1e8eaf0b4c872d35a444b5b","codex","c92cba41e3ab46e5aa1523fa0824bd221480954ec1a9287b10ca25d30ed29c03","e927d3f836fd1dc7ff25378f5cf7b2f53727d78e73a2562baf5ea2b29d9ab7f4","continuation","False","108","71","37","0.343","4","4","16","12"
"2026-04-13T10:03:40.095738Z","final-24h-tenant","575d7bad584bd0ebbabd4c78c3a1672d3f211a34b1e8eaf0b4c872d35a444b5b","codex","74d68a900f7e7dd935e725be553a33e3ad134c235c6cb1d7e84b6562006fa3c3","b6597f991560e03543eba7426fde51eb8c1c8e0a86ee10901160da1aca65c427","continuation","False","108","71","37","0.343","4","4","16","12"
"2026-04-13T10:04:10.238815Z","final-24h-tenant","575d7bad584bd0ebbabd4c78c3a1672d3f211a34b1e8eaf0b4c872d35a444b5b","codex","f2d8c58fd9a18c719fd61b42c67e0a1104ddfb205260f90634e8bc0f1e4dc975","c741f4b4366df2b9a4ec446b74fc65bb315bd4e62b26dea6db90299e2d494ce8","continuation","False","108","71","37","0.343","4","4","16","12"
"2026-04-13T10:04:40.368935Z","final-24h-tenant","575d7bad584bd0ebbabd4c78c3a1672d3f211a34b1e8eaf0b4c872d35a444b5b","codex","90cff3454314d9840817a798249adcd93574a82e1d33f803402f206f95bded70","c0fa68d89e71150f772fcdf608478edbcaa79098c0636bcb168c8ebaa2778372","continuation","False","108","71","37","0.343","4","4","16","12"
"2026-04-13T10:05:10.507758Z","final-24h-tenant","575d7bad584bd0ebbabd4c78c3a1672d3f211a34b1e8eaf0b4c872d35a444b5b","codex","7df31fe77d3f1c7335aa74d13cd210eda2c80488b153b5df4a9fc8cd2f89266c","74526f36880c6d80fc577d077ca5177cc0cf08bbfddd3e35b4bfe3e20badc621","continuation","False","108","71","37","0.343","4","4","16","12"
"2026-04-13T10:05:40.626472Z","final-24h-tenant","575d7bad584bd0ebbabd4c78c3a1672d3f211a34b1e8eaf0b4c872d35a444b5b","codex","44944c997dc3434540d872a2c626d33f8eb3b87e15bd1b6dff404c907bc147b8","80e6655434ac9bcc68ca1c3218f640065285031369f1294376c53ab70bcde52c","continuation","False","108","71","37","0.343","4","4","16","12"
"2026-04-13T10:06:10.749371Z","final-24h-tenant","575d7bad584bd0ebbabd4c78c3a1672d3f211a34b1e8eaf0b4c872d35a444b5b","codex","3acea06776b3cd111135b655076ebc9a97e7763a431be5690d4a854a4d86d30e","c617914eda4c334995ac15f5b1c8b4044635b1eb5d6de6d5284f5355512eba71","continuation","False","108","71","37","0.343","4","4","16","12"
"2026-04-13T10:06:40.882786Z","final-24h-tenant","575d7bad584bd0ebbabd4c78c3a1672d3f211a34b1e8eaf0b4c872d35a444b5b","codex","bfeb70b8e45451cea4798a1c9e2d8552cf060621f69a33f00dff14c7b925541e","ad2eab0059d42570acbe5e3084d3739df013363cf8c94638ce9dec89ac695060","continuation","False","108","71","37","0.343","4","4","16","12"
"2026-04-13T10:07:11.039918Z","final-24h-tenant","575d7bad584bd0ebbabd4c78c3a1672d3f211a34b1e8eaf0b4c872d35a444b5b","codex","1f64e1e4bbfd73d368445237cd1bd78e6cf64cd192233b91907193b0a3c1cd5a","366412bd2c544d883520910f46f71686f74b708bab349a5f0c5361a56e3dc3eb","continuation","False","108","71","37","0.343","4","4","16","12"
"2026-04-13T10:07:41.166994Z","final-24h-tenant","575d7bad584bd0ebbabd4c78c3a1672d3f211a34b1e8eaf0b4c872d35a444b5b","codex","28701f3cd554adcc6f13ab85430da4adffb07dc190837229eeabb2bbefa2c74b","4c1ce3c1f8b9db1db066848e6c6947cd33db91ebfdcaa6d6d871a05150ab4c5c","continuation","False","108","71","37","0.343","4","4","16","12"
"2026-04-13T10:08:11.307389Z","final-24h-tenant","575d7bad584bd0ebbabd4c78c3a1672d3f211a34b1e8eaf0b4c872d35a444b5b","codex","1c5882c56d3159614fc5fc894f6fbfc7437fb30faa53046cdaafdd986c5bc902","6b72178e4464030ee4bc71108cf6ea8362e5e8febc9888ccf53a6587c479d68b","continuation","False","108","71","37","0.343","4","4","16","12"
"2026-04-13T10:08:41.444468Z","final-24h-tenant","575d7bad584bd0ebbabd4c78c3a1672d3f211a34b1e8eaf0b4c872d35a444b5b","codex","f1946515819a46c70f9c91782153031df766e3f66cdf14782d711efe1b9e2bd5","0aaa4bfefb5a24dad478b89eef04e65dae93e070022d26089cec59f8d247861b","continuation","False","108","71","37","0.343","4","4","16","12"
"2026-04-13T10:09:11.597197Z","final-24h-tenant","575d7bad584bd0ebbabd4c78c3a1672d3f211a34b1e8eaf0b4c872d35a444b5b","codex","a7751d864bbf98dbf2a232b6165fc02c594301455b324d05ca1a947e1885fcb3","d22c752b327d4e54733e3b5f99a860a966ccedb8e25ba47755809e792530d539","continuation","False","108","71","37","0.343","4","4","16","12"
"2026-04-13T10:09:41.738965Z","final-24h-tenant","575d7bad584bd0ebbabd4c78c3a1672d3f211a34b1e8eaf0b4c872d35a444b5b","codex","e9e4c62509e06ba52bcf6ec87f8498746c11621295f4b2c59f397c6e4ccd4cf7","393137248ced3c3311770c24b2aabbc9bf10ee09f7160815f8c06536e0ac6db0","continuation","False","108","71","37","0.343","4","4","16","12"
"2026-04-13T10:10:11.882131Z","final-24h-tenant","575d7bad584bd0ebbabd4c78c3a1672d3f211a34b1e8eaf0b4c872d35a444b5b","codex","a752a556a2b2cacea095748e8dbe33e047a7a861939cfffa8169e1b465769077","59bcd37496e84da11517f1e3e78ce81dba5c2ec60043ba124900fc2e3258e040","continuation","False","108","71","37","0.343","4","4","16","12"
"2026-04-13T10:10:41.990214Z","final-24h-tenant","575d7bad584bd0ebbabd4c78c3a1672d3f211a34b1e8eaf0b4c872d35a444b5b","codex","03bedce61c5883f95c77d555dce105895221d8c99cfebd9a5025d2fbc04988ec","42d75f34a2c0afd43249ddb3f83aa0c6779a6631fa936ca81e7aca5acec4a123","continuation","False","108","71","37","0.343","4","4","16","12"
"2026-04-13T10:11:12.119228Z","final-24h-tenant","575d7bad584bd0ebbabd4c78c3a1672d3f211a34b1e8eaf0b4c872d35a444b5b","codex","fa91e482efbdd2b3ba8a4560a07593dbb5cfa6763c9b771991726449c903f8d8","7bca43e9e8841cbf40be420cec4f626948e132b8dda310dcb538a085f786b5fb","continuation","False","108","71","37","0.343","4","4","16","12"
"2026-04-13T10:11:42.257931Z","final-24h-tenant","575d7bad584bd0ebbabd4c78c3a1672d3f211a34b1e8eaf0b4c872d35a444b5b","codex","80e661db414000220ff3387dfd0f5e1acc460f75acccdc8d8dbc625cd70a866e","2c722500dd22352766e7f0773fda312d5595fe6af652ee73e7646de2e77255e5","continuation","False","108","71","37","0.343","4","4","16","12"
"2026-04-13T10:12:12.402020Z","final-24h-tenant","575d7bad584bd0ebbabd4c78c3a1672d3f211a34b1e8eaf0b4c872d35a444b5b","codex","65bf1e1e9833b991699b5e86c1fe4a04ceacf7da7e7988863fee0fc276fdb47a","53f3bcd2770d64dabe3f80d3a390ed7c04908a4baf961dda0265a904111903e6","continuation","False","108","71","37","0.343","4","4","16","12"
"2026-04-13T10:12:42.540250Z","final-24h-tenant","575d7bad584bd0ebbabd4c78c3a1672d3f211a34b1e8eaf0b4c872d35a444b5b","codex","38cd899a2742f652d2d5b6d63e5094121232f11e81cf96fb9f1fd82d4f645fde","1dadf01b345a6eeae5e47db7027f77418baf05a1ebc38efadedb699a97b8e0fc","continuation","False","108","71","37","0.343","4","4","16","12"
"2026-04-13T10:13:12.666081Z","final-24h-tenant","575d7bad584bd0ebbabd4c78c3a1672d3f211a34b1e8eaf0b4c872d35a444b5b","codex","5cf9297f4bbf568523e19d91681c3134356805a9467130d1d11fe47bcffab200","069460c01da639e6eee68b627aee0da5845582522673e225a62894c7a51037d8","continuation","False","108","71","37","0.343","4","4","16","12"
"2026-04-13T10:13:42.807622Z","final-24h-tenant","575d7bad584bd0ebbabd4c78c3a1672d3f211a34b1e8eaf0b4c872d35a444b5b","codex","afc3e17488d064f88574762388ed163df95ea0379c6a7f1501b0b6fe782d23d0","d7f81a6a411a77342f21d631a6e4acfb30a3354a8b690d3db0a0bcf36b17fb30","continuation","False","108","71","37","0.343","4","4","16","12"
"2026-04-13T10:14:12.957254Z","final-24h-tenant","575d7bad584bd0ebbabd4c78c3a1672d3f211a34b1e8eaf0b4c872d35a444b5b","codex","3087f327d4d610a548ff0771a64efee82c753befd27f2f23a6e9a9314475cbd2","8a59c0830adc6b3e03f376ef589a753f2e07efa0ecae10e6f962c2caf4649876","continuation","False","108","71","37","0.343","4","4","16","12"
"2026-04-13T10:14:43.105169Z","final-24h-tenant","575d7bad584bd0ebbabd4c78c3a1672d3f211a34b1e8eaf0b4c872d35a444b5b","codex","3e8035c969ea403d4d879e5c7fe72f2e499e8d92d60a9e9e8a774ba44e76830c","cb7076740aa34ff86b401e8e34846695861a4348602ad90acb61b6ef97fdf939","continuation","False","108","71","37","0.343","4","4","16","12"
"2026-04-13T10:15:13.232302Z","final-24h-tenant","575d7bad584bd0ebbabd4c78c3a1672d3f211a34b1e8eaf0b4c872d35a444b5b","codex","5560cb71e1805f694df3f506de5ea6214faf65a0e4d7c0f8e713012a1bf745e7","a96b9f3907515f1efa5a16ab644ea20d1c001c46c790866f869acad553e838d4","continuation","False","108","71","37","0.343","4","4","16","12"
"2026-04-13T10:15:43.347770Z","final-24h-tenant","575d7bad584bd0ebbabd4c78c3a1672d3f211a34b1e8eaf0b4c872d35a444b5b","codex","799074460c2d32c1550641e081a2e0660611af5b806e0ed522b2760f8a46229b","e6a19384654a3e3986708e4a36569415999485da20e305829757dfb9cbd6d751","continuation","False","108","71","37","0.343","4","4","16","12"
"2026-04-13T10:16:13.502269Z","final-24h-tenant","575d7bad584bd0ebbabd4c78c3a1672d3f211a34b1e8eaf0b4c872d35a444b5b","codex","fb689e5cd54b7b0f483951c32290efc3f6ee602e454c843936ee0648028fb256","1f61a690ab6f0cd5e055fa34c1f504e2e6319aeb8088d8775dd3ab91290dd1a0","continuation","False","108","71","37","0.343","4","4","16","12"
"2026-04-13T10:16:43.634696Z","final-24h-tenant","575d7bad584bd0ebbabd4c78c3a1672d3f211a34b1e8eaf0b4c872d35a444b5b","codex","8202765815e58004f9daa7e551d1ee3719523997dfa13e0a4448f71e69855df8","d423f50d363b5f90a33f2bdb3cd0c108aa3b6aa6daa06b7d6bdfa9aeff262f17","continuation","False","108","71","37","0.343","4","4","16","12"
"2026-04-13T10:17:13.780553Z","final-24h-tenant","575d7bad584bd0ebbabd4c78c3a1672d3f211a34b1e8eaf0b4c872d35a444b5b","codex","2240b05d2f64b7f9e61f93fe60fad66a7a2a1b4d252b155453435d7244d24271","03e34657b2fa5b31707f8b76adced9c455c896b565ae5c7000e2f77de26406ee","continuation","False","108","71","37","0.343","4","4","16","12"
"2026-04-13T10:17:43.928442Z","final-24h-tenant","575d7bad584bd0ebbabd4c78c3a1672d3f211a34b1e8eaf0b4c872d35a444b5b","codex","b6c6a62084e2352b62daef2643c18f6c7a8848dc9c897d727e5b556421283138","5bf41b33c9125091485d6b681dc90cd54ae9bbd22c07b98a631a37493be96b4e","continuation","False","108","71","37","0.343","4","4","16","12"
"2026-04-13T10:18:14.076411Z","final-24h-tenant","575d7bad584bd0ebbabd4c78c3a1672d3f211a34b1e8eaf0b4c872d35a444b5b","codex","db44832eb0a203b05331c43371311dc76717b013186c07ba8e5794d7fa7b9855","9df0ad8e561e0eb1c37f8d44ec552c97a5a022837666e2e0fd781c97c7bac567","continuation","False","108","71","37","0.343","4","4","16","12"
"2026-04-13T10:18:44.202524Z","final-24h-tenant","575d7bad584bd0ebbabd4c78c3a1672d3f211a34b1e8eaf0b4c872d35a444b5b","codex","5bfb311164515ea42152416ec3effc83e82e73d9fc6361798ae744866121ce52","eca42c3254ed303af222cdd483e9c78cebd02390183d06eda00397796928e6c1","continuation","False","108","71","37","0.343","4","4","16","12"
"2026-04-13T10:19:14.335604Z","final-24h-tenant","575d7bad584bd0ebbabd4c78c3a1672d3f211a34b1e8eaf0b4c872d35a444b5b","codex","7ca3cf9a69007731b16ea48204b72e567a43f8278c8e28826c824e28401a5e2c","3175c642d89c6fc775b9f7788cfee0115ca4f8fae60663b226c647e0e25d95c6","continuation","False","108","71","37","0.343","4","4","16","12"
"2026-04-13T10:19:44.477874Z","final-24h-tenant","575d7bad584bd0ebbabd4c78c3a1672d3f211a34b1e8eaf0b4c872d35a444b5b","codex","fe4a510bf7a376c45e311517d68f8fad85773384c91e6b9612a4e445d77a934c","1c9447831de3e7ae1db057b8e2e686b1564729345f9c7bdc3551ea91cca6087d","continuation","False","108","71","37","0.343","4","4","16","12"
"2026-04-13T10:20:14.628348Z","final-24h-tenant","575d7bad584bd0ebbabd4c78c3a1672d3f211a34b1e8eaf0b4c872d35a444b5b","codex","6e29ee8015532eb67f998ca108c9f242bd8aff85ae5b66809c7d39957bc43aa7","43804e7bcead17b44f3c2de3f38e695b048e6e5457397399d511330fcd913909","continuation","False","108","71","37","0.343","4","4","16","12"
"2026-04-13T10:20:44.747981Z","final-24h-tenant","575d7bad584bd0ebbabd4c78c3a1672d3f211a34b1e8eaf0b4c872d35a444b5b","codex","abbb875c646e5e402c0d4bae3197539b6e071eaddd74a77778067c26930bc042","5b83067c27ae7f2a8c41570256056d50b826fa97bf232430ad8044b0dbcf22dd","continuation","False","108","71","37","0.343","4","4","16","12"
"2026-04-13T10:21:14.902327Z","final-24h-tenant","575d7bad584bd0ebbabd4c78c3a1672d3f211a34b1e8eaf0b4c872d35a444b5b","codex","f149c1e9f684a916d7f45186e18a72e0926fb19b43706d59bf988adab28067ef","11b510dc39c05014a9ff48494679e243e7d6f609ca98eae7ca3555de71dfdbf3","continuation","False","108","71","37","0.343","4","4","16","12"
"2026-04-13T10:21:45.061630Z","final-24h-tenant","575d7bad584bd0ebbabd4c78c3a1672d3f211a34b1e8eaf0b4c872d35a444b5b","codex","068a2ed7909f2eb784ac77e5601c68c3de5872e578f76ceed6ae613ad5cefa38","5b4bd7432db4f45cfd2fe748a806d50bdbd656b94100f556ea642bc01cdb2d33","continuation","False","108","71","37","0.343","4","4","16","12"
"2026-04-13T10:22:15.207554Z","final-24h-tenant","575d7bad584bd0ebbabd4c78c3a1672d3f211a34b1e8eaf0b4c872d35a444b5b","codex","104f53b9e7b19f700895c189c732f57127e06095c0cbac047d2ecd21204b1412","25de540cfe3ebf11f1183c7267452994be32ebe67f4522f6bd05122ce9989936","continuation","False","108","71","37","0.343","4","4","16","12"
"2026-04-13T10:22:45.355555Z","final-24h-tenant","575d7bad584bd0ebbabd4c78c3a1672d3f211a34b1e8eaf0b4c872d35a444b5b","codex","a64272c1ca63d8b1efc66d6c2be0d5a79b57529a90718beab4d32ccf13a6e2a8","14c476c92c6121330ec5788259ff666300e000e3dc65a765c862d0007d86db31","continuation","False","108","71","37","0.343","4","4","16","12"
"2026-04-13T10:23:15.482839Z","final-24h-tenant","575d7bad584bd0ebbabd4c78c3a1672d3f211a34b1e8eaf0b4c872d35a444b5b","codex","76fa9fc05450625b8d272aae2210b19ac90560a843cd7cd8cd0920d2ab17da6b","d1fc9ff47e9255280adfde5d4a0c96ab3602fc0677a0e2650d911f35dc7db9e0","continuation","False","108","71","37","0.343","4","4","16","12"
"2026-04-13T10:23:45.621651Z","final-24h-tenant","575d7bad584bd0ebbabd4c78c3a1672d3f211a34b1e8eaf0b4c872d35a444b5b","codex","b5e755ce6327c25c526a5f94689a6d0cb7fa6649c84aeb87d1173e3d92bd755d","ea1c1474fab95d7d0d67b947ec0101aedcd5e714b52cdf0ab4766a1a0bff1c4e","continuation","False","108","71","37","0.343","4","4","16","12"
"2026-04-13T10:24:15.758695Z","final-24h-tenant","575d7bad584bd0ebbabd4c78c3a1672d3f211a34b1e8eaf0b4c872d35a444b5b","codex","fd4b9dff57a1beb120769ff5a02ba6495a6ee807ab2d6ab7e44d317f9bcfaf95","15054959f03668d5a5ccc89aad9eed46315443bf282982c5a332f1d65b6b9831","continuation","False","108","71","37","0.343","4","4","16","12"
"2026-04-13T10:24:45.899690Z","final-24h-tenant","575d7bad584bd0ebbabd4c78c3a1672d3f211a34b1e8eaf0b4c872d35a444b5b","codex","3d1e760be542e28f02bcafbafbabd7e3c24e8c3fbd569e8b3e18a5b087c986b0","f3596d142aa86294eb5e4033abe56318ee76a46db91778a6a719ff3b23c9dcc2","continuation","False","108","71","37","0.343","4","4","16","12"
"2026-04-13T10:25:16.033287Z","final-24h-tenant","575d7bad584bd0ebbabd4c78c3a1672d3f211a34b1e8eaf0b4c872d35a444b5b","codex","e44c643da3b5656869f1e808b57d3906eecc61321da5a368525ec3f30c1902f5","47e8c11537de7d4f60e85a9985057caac3b7e96a86095643c68ee240c00f8023","continuation","False","108","71","37","0.343","4","4","16","12"
"2026-04-13T10:25:46.161707Z","final-24h-tenant","575d7bad584bd0ebbabd4c78c3a1672d3f211a34b1e8eaf0b4c872d35a444b5b","codex","d2d29c54764f1ed6e850dba0223de9051c8fae47042ea25514c3e6756158b0fa","56710b5e5d828eb873a72194d6b035e644e9167f482505bae1438c56a3700d14","continuation","False","108","71","37","0.343","4","4","16","12"
"2026-04-13T10:26:16.299318Z","final-24h-tenant","575d7bad584bd0ebbabd4c78c3a1672d3f211a34b1e8eaf0b4c872d35a444b5b","codex","89157dde9ab10e8f1a5f7bf6464549745255bd3e97b0dcbb81b9fab36379a438","6bc533e5e39488ea1809b63d5d933cf162cc51a5330c1dc6e22a3aca9a7cc8dd","continuation","False","108","71","37","0.343","4","4","16","12"
"2026-04-13T10:26:46.443404Z","final-24h-tenant","575d7bad584bd0ebbabd4c78c3a1672d3f211a34b1e8eaf0b4c872d35a444b5b","codex","690bda7cdf3a78a8860f77d2a7fea4407172dc1247864dc94c0e20121b602bdc","9f77c122ed14cb45e224dd05bc0d7f69edc392274178b835828f142f5dde3c9f","continuation","False","108","71","37","0.343","4","4","16","12"
"2026-04-13T10:27:16.594702Z","final-24h-tenant","575d7bad584bd0ebbabd4c78c3a1672d3f211a34b1e8eaf0b4c872d35a444b5b","codex","aa50760293a354392949885a2da4558b6b6c401314c6101a44b53555570f6f9b","70add9a3e5c77ffdff9a74a6fd342bad8c030aaca5b9787e57a78f430de00723","continuation","False","108","71","37","0.343","4","4","16","12"
"2026-04-13T10:27:46.749579Z","final-24h-tenant","575d7bad584bd0ebbabd4c78c3a1672d3f211a34b1e8eaf0b4c872d35a444b5b","codex","12b79287c24b4b95596f526ee18591754b4f7c17944cdffb1c244e82cbf59eab","f885cc330b1cdf99cb99c54e64361dffc3022868ab42e3781ae514d81f2f12b0","continuation","False","108","71","37","0.343","4","4","16","12"
"2026-04-13T10:28:16.900029Z","final-24h-tenant","575d7bad584bd0ebbabd4c78c3a1672d3f211a34b1e8eaf0b4c872d35a444b5b","codex","945604803b91e6fbfdbfbed6bdf64a3938532c01e24343788665a248915ff8a9","6c6ef1b8a60de22977c47da9f4c07d2c854c2dba2e60b34ceb47602ad2e25a91","continuation","False","108","71","37","0.343","4","4","16","12"
"2026-04-13T10:28:47.043779Z","final-24h-tenant","575d7bad584bd0ebbabd4c78c3a1672d3f211a34b1e8eaf0b4c872d35a444b5b","codex","9e4f7384ecdcd7170495e02af69d78d281075dcc00a52f4fd139536701104a52","6dd8805b7c4edf83c453913fbf001f96bcdf962acdde78bed9acaa25bcb803e9","continuation","False","108","71","37","0.343","4","4","16","12"
"2026-04-13T10:29:17.172971Z","final-24h-tenant","575d7bad584bd0ebbabd4c78c3a1672d3f211a34b1e8eaf0b4c872d35a444b5b","codex","e997d4884c8d7a3530c579e0374d1bff886721f20744a358407784b1ea65a409","9b611f6049fd1d53f442ec038606282230b60df08e0462d33f25ed01026f4ce5","continuation","False","108","71","37","0.343","4","4","16","12"
"2026-04-13T10:29:47.331297Z","final-24h-tenant","575d7bad584bd0ebbabd4c78c3a1672d3f211a34b1e8eaf0b4c872d35a444b5b","codex","40a54d6eef09b2ed2de6b1381a783874e8f5fca017618757db48d0296467ae59","553edb0636e97466d6104b537762e54148a1a7068dc06fcc2b4ac4a43b1e2a6e","continuation","False","108","71","37","0.343","4","4","16","12"
"2026-04-13T10:30:17.493732Z","final-24h-tenant","575d7bad584bd0ebbabd4c78c3a1672d3f211a34b1e8eaf0b4c872d35a444b5b","codex","446a64f6c68c298b81863a0cdb46861a5e47e77e90529f04c7948ce8493e8077","b0876529f24a8eef8616db56cf15845df551c0d6a841f31a91e942fae1acd5db","continuation","False","108","71","37","0.343","4","4","16","12"
"2026-04-13T10:30:47.622046Z","final-24h-tenant","575d7bad584bd0ebbabd4c78c3a1672d3f211a34b1e8eaf0b4c872d35a444b5b","codex","3cb0bf294f7f88714da71aa0b5a24f5edcbf288adfda3ae6ce4d5d0b1ecc0296","c7a5e4e13b991f00961f3e481193440f0a1093812f43c642d31c8a37c3dd0dff","continuation","False","108","71","37","0.343","4","4","16","12"
"2026-04-13T10:31:17.775584Z","final-24h-tenant","575d7bad584bd0ebbabd4c78c3a1672d3f211a34b1e8eaf0b4c872d35a444b5b","codex","6fa286b52a2ed317de171cb61884a912d03b1696e53ec63e174ebd3045128458","d0b4131d13ee71c3a6bfb89c4da2c96d1b93ee5fcb2126da2514d00e972981ee","continuation","False","108","71","37","0.343","4","4","16","12"
"2026-04-13T10:31:47.957881Z","final-24h-tenant","575d7bad584bd0ebbabd4c78c3a1672d3f211a34b1e8eaf0b4c872d35a444b5b","codex","fb00caf0e819988507069c7756a065ae017a7dba11ab41326a69894db249dfe1","8793d91afc412b68b5b04a0dad0f76ba2b3e66a14df7b9bf0b9a498922cdeb07","continuation","False","108","71","37","0.343","4","4","16","12"
"2026-04-13T10:32:18.109910Z","final-24h-tenant","575d7bad584bd0ebbabd4c78c3a1672d3f211a34b1e8eaf0b4c872d35a444b5b","codex","ca9cd6e989301de2e192e2919996799258e417c9e71c3469f1722356532cbbe8","cc656f2e22d0a2a245cf0b00c25556011bfafdd53b71e2c1118f6dc572d95848","continuation","False","108","71","37","0.343","4","4","16","12"
"2026-04-13T10:32:48.247244Z","final-24h-tenant","575d7bad584bd0ebbabd4c78c3a1672d3f211a34b1e8eaf0b4c872d35a444b5b","codex","cf6bcc3b16caf8b3f16c4dddc72e7d7bbf7db774a6daca74b31c20f40ae50a02","5c4a5f460ed146c3943afce0f0bf40f708a5ee6ff1cee0462a24c266aceb9d37","continuation","False","108","71","37","0.343","4","4","16","12"
"2026-04-13T10:33:18.398602Z","final-24h-tenant","575d7bad584bd0ebbabd4c78c3a1672d3f211a34b1e8eaf0b4c872d35a444b5b","codex","41c6e5a1fc31999c870000373e20960fd672e83b2cea19e3d800241f71b87c91","2093db382445ca992545608d44657c21657595047892c4a4f1925c68d0148ba0","continuation","False","108","71","37","0.343","4","4","16","12"
"2026-04-13T10:33:48.557526Z","final-24h-tenant","575d7bad584bd0ebbabd4c78c3a1672d3f211a34b1e8eaf0b4c872d35a444b5b","codex","21ea6723605e637b5ba5214e31f737121dbdeeabde7f83f84b5c38b5123dbc49","691d20aa0d5c5d98b9dc1de6a919fb4143d9b9b13087e120da249d5b3dba8916","continuation","False","108","71","37","0.343","4","4","16","12"
"2026-04-13T10:34:18.714448Z","final-24h-tenant","575d7bad584bd0ebbabd4c78c3a1672d3f211a34b1e8eaf0b4c872d35a444b5b","codex","f430c54a1ddae9e2e93d825a8754ba38ec000596dbaa7c454b7d352af60ee0d3","6110f9dd2ad5d05c436f5280dd18793bc0a3167795d3c9224f7edfd56a168131","continuation","False","108","71","37","0.343","4","4","16","12"
"2026-04-13T10:34:48.866965Z","final-24h-tenant","575d7bad584bd0ebbabd4c78c3a1672d3f211a34b1e8eaf0b4c872d35a444b5b","codex","f695f726336af88295944e568834f0e68f63c45d7b63ea94b239faf4b7185ac3","40b884d7a581d969c2b464205f2185e2934c123e540c505b823cf438f7029fb6","continuation","False","108","71","37","0.343","4","4","16","12"
"2026-04-13T10:35:19.028031Z","final-24h-tenant","575d7bad584bd0ebbabd4c78c3a1672d3f211a34b1e8eaf0b4c872d35a444b5b","codex","942f4efb8be1a361afbd7f60b38da22ca5c9c758cdce95bf3cc7671dad406d67","ac72438d28428c99b437d3ce52adf020cc495f9cfa6fc40dfe044be3a7e7d373","continuation","False","108","71","37","0.343","4","4","16","12"
"2026-04-13T10:35:49.172029Z","final-24h-tenant","575d7bad584bd0ebbabd4c78c3a1672d3f211a34b1e8eaf0b4c872d35a444b5b","codex","905516d8ce6f1a1acf0e7c859e853dd335a1f72e5d51077d82ffaaee3df4aa25","285dae8a5e62e76f44d50c3e74c46e73b13650405ba897462d0414806e24feb7","continuation","False","108","71","37","0.343","4","4","16","12"
"2026-04-13T10:36:19.305334Z","final-24h-tenant","575d7bad584bd0ebbabd4c78c3a1672d3f211a34b1e8eaf0b4c872d35a444b5b","codex","18a974d128092895d0d297be6e0e9da4f561d216de7f0f953142f4e1c5355ef4","e62ac1807320164d6e327d0a0a1f5e5ae9630ed24c7855c149d7ac86a5948000","continuation","False","108","71","37","0.343","4","4","16","12"
"2026-04-13T10:36:49.434649Z","final-24h-tenant","575d7bad584bd0ebbabd4c78c3a1672d3f211a34b1e8eaf0b4c872d35a444b5b","codex","1823e7d8f916a4d10fa5b748374da44536f3a7a99cd45809a51340e09d9a7080","a8fae34545c61f30594631de8b66a782a62f1dc7ee3e35b1b2c5cb831ce96111","continuation","False","108","71","37","0.343","4","4","16","12"
"2026-04-13T10:37:19.607134Z","final-24h-tenant","575d7bad584bd0ebbabd4c78c3a1672d3f211a34b1e8eaf0b4c872d35a444b5b","codex","67d0228cbb3c15898cb08e2e4e781f68f4f3d9b826d5c41946b5a532d95711ea","deff2816b7b6fbd86c04dde25d0107f474902387d2beb11cc46291411c48b9e2","continuation","False","108","71","37","0.343","4","4","16","12"
"2026-04-13T10:37:49.762669Z","final-24h-tenant","575d7bad584bd0ebbabd4c78c3a1672d3f211a34b1e8eaf0b4c872d35a444b5b","codex","8e3c6dff7a01b0b604ffadebcf6c445288bd9a847ba3e86fe9b97c1e1b6ca5fb","2f1f03f3bd4e9c1b68b41ba5e4c9af454d7c6776b9c7b11c0d58d102916a0d3a","continuation","False","108","71","37","0.343","4","4","16","12"
"2026-04-13T10:38:19.918480Z","final-24h-tenant","575d7bad584bd0ebbabd4c78c3a1672d3f211a34b1e8eaf0b4c872d35a444b5b","codex","211f0bd1bafc6bb48f1be1a9daa3e9d7fbb4a5623d9b6abf180637cf4d9e3cc8","83e53407622338d4add016a35dce58441e51cc64687fd17fbeb10fbd8ce694fd","continuation","False","108","71","37","0.343","4","4","16","12"
"2026-04-13T10:38:50.064488Z","final-24h-tenant","575d7bad584bd0ebbabd4c78c3a1672d3f211a34b1e8eaf0b4c872d35a444b5b","codex","964b1a6aae12bb3b62e72cf812908223888baea62dbe1ac3744bed64aec18e3d","16647b7df04ca73efe25176ff3c9d21add13a781ef772becd4fac3dd4919ea02","continuation","False","108","71","37","0.343","4","4","16","12"
"2026-04-13T10:39:20.205445Z","final-24h-tenant","575d7bad584bd0ebbabd4c78c3a1672d3f211a34b1e8eaf0b4c872d35a444b5b","codex","3fbaf225788e2e8ee09080d44db54ad8b5fe2d0302691b346c81f7b286b14995","8c0156d691a8abca315b51c03358c6eb692e564bceaaa1a9e791547b07f4762e","continuation","False","108","71","37","0.343","4","4","16","12"
"2026-04-13T10:39:50.354876Z","final-24h-tenant","575d7bad584bd0ebbabd4c78c3a1672d3f211a34b1e8eaf0b4c872d35a444b5b","codex","fda63663637a6fa753af0c804733ed2eeb9fb23137207a14df47fd680c11e2c6","f02efcd4293bdee841e328ec043d93a4b3689ffbc8ee670f937c931c7b313bd9","continuation","False","108","71","37","0.343","4","4","16","12"
"2026-04-13T10:40:20.498492Z","final-24h-tenant","575d7bad584bd0ebbabd4c78c3a1672d3f211a34b1e8eaf0b4c872d35a444b5b","codex","cabf32e45d587e03613b85b1c5e6db6898b09d21e7b375e669c94e0494ca92ed","7284b3a75a7aa39d1fc6a928f9946fd194b6ba4b93763925e69f2318b20aff13","continuation","False","108","71","37","0.343","4","4","16","12"
"2026-04-13T10:40:50.636016Z","final-24h-tenant","575d7bad584bd0ebbabd4c78c3a1672d3f211a34b1e8eaf0b4c872d35a444b5b","codex","0678051ff8f90402ef4d7290d23e99ade6636138c4f00efe000bea1fdea8f917","d98d20c7117474a8e54541186be372d46e65528ec483811ae1b4a03ebd9e4a2a","continuation","False","108","71","37","0.343","4","4","16","12"
"2026-04-13T10:41:20.796684Z","final-24h-tenant","575d7bad584bd0ebbabd4c78c3a1672d3f211a34b1e8eaf0b4c872d35a444b5b","codex","06b8cfc52c81b5e7e31f27f39245c94aa1db712c90f55ed1001cbdc9f660a988","94cf7ec218259a1ae3c51b725354a7f4aabec83161d37c3a595c86831d4c68ee","continuation","False","108","71","37","0.343","4","4","16","12"
"2026-04-13T10:41:50.960436Z","final-24h-tenant","575d7bad584bd0ebbabd4c78c3a1672d3f211a34b1e8eaf0b4c872d35a444b5b","codex","cd91ace471d62b30344a2c4b3fb814acc1a6219f6e4228bf2832964c28da00a5","24666f5702dd58491f1815c15dab6dce5cc9ebfbd4791365f7835351be6428fc","continuation","False","108","71","37","0.343","4","4","16","12"
"2026-04-13T10:42:21.110687Z","final-24h-tenant","575d7bad584bd0ebbabd4c78c3a1672d3f211a34b1e8eaf0b4c872d35a444b5b","codex","01e5bb1fbf279a3c3d09de4b98e7e05a6eb2d4abe0713af4598067eefe7bdbd3","4456007f8cd3aeb8d19134f14b0047a2320085feecdd553f75c3f5c8149ab17f","continuation","False","108","71","37","0.343","4","4","16","12"
"2026-04-13T10:42:51.255404Z","final-24h-tenant","575d7bad584bd0ebbabd4c78c3a1672d3f211a34b1e8eaf0b4c872d35a444b5b","codex","ab0440bd34231d1eb6b3b436c8c70b3f2b9d261049298cfd930a0b28b5fef0db","1bca5ec1938f821a5055cb1e4d5c090f6a7f6d58f55e18f96520a7c1e34cb67d","continuation","False","108","71","37","0.343","4","4","16","12"
"2026-04-13T10:43:21.411562Z","final-24h-tenant","575d7bad584bd0ebbabd4c78c3a1672d3f211a34b1e8eaf0b4c872d35a444b5b","codex","e4b096848422c8639749872ee5a8fc26d01b2db68853a9b2ae37e38cdbbb6f47","d1636b171bd91e9236c1c28df552f755d41a2ae18c37ce59f82e4d64f426b3b5","continuation","False","108","71","37","0.343","4","4","16","12"
"2026-04-13T10:43:51.562688Z","final-24h-tenant","575d7bad584bd0ebbabd4c78c3a1672d3f211a34b1e8eaf0b4c872d35a444b5b","codex","24152b6a2f7f13941fb624fa7baf9ee30445655a012ec52a46afbd31eedf6471","c807e50c9ff4eed0d708fd923cc7a67b938cf088c0fd5376daa80817b3d79907","continuation","False","108","71","37","0.343","4","4","16","12"
"2026-04-13T10:44:21.704698Z","final-24h-tenant","575d7bad584bd0ebbabd4c78c3a1672d3f211a34b1e8eaf0b4c872d35a444b5b","codex","40efdcde4e86cf804a64632c98efd8f73cb53602032857cbabd06c51994356da","a9eba7a46d4f71867f796507aa9838cf893455f758d48fa2f7abc09a7e56c7dd","continuation","False","108","71","37","0.343","4","4","16","12"
"2026-04-13T10:44:51.869569Z","final-24h-tenant","575d7bad584bd0ebbabd4c78c3a1672d3f211a34b1e8eaf0b4c872d35a444b5b","codex","edf66c934192b0668eb772c2fd4acb1614101b22aac570285be4e871a31ddd4b","14eef9ff165142e770c7718c02b87dcc90ee3550e5e11e38986a44b5fd7acec4","continuation","False","108","71","37","0.343","4","4","16","12"
"2026-04-13T10:45:22.011130Z","final-24h-tenant","575d7bad584bd0ebbabd4c78c3a1672d3f211a34b1e8eaf0b4c872d35a444b5b","codex","3a22edbd7d53e25c8b60c8dfed05dd8fa04b7ac56288ceca98e62090399789f3","ccab709ac933ac66b2ec55d428e4bebc69260d72d082a38e6fcb6c9d0ddf23df","continuation","False","108","71","37","0.343","4","4","16","12"
"2026-04-13T10:45:52.155955Z","final-24h-tenant","575d7bad584bd0ebbabd4c78c3a1672d3f211a34b1e8eaf0b4c872d35a444b5b","codex","c69b38780eb932aa7f6d2c70c9ab644a06c3fcbbfbebc5565bedeaaddf4d400d","ce93f112cd2481986898f8a0f7f48dd0dd56cb55f4e98869b414efb2b0b7c26c","continuation","False","108","71","37","0.343","4","4","16","12"
"2026-04-13T10:46:22.347532Z","final-24h-tenant","575d7bad584bd0ebbabd4c78c3a1672d3f211a34b1e8eaf0b4c872d35a444b5b","codex","30149ba9633d283a252b6f79c160d6c4b5cc1bc6918b7751c3a481e39bf85477","f97b596e1e9644959bac28377a233b26fb59ec0c3d9a90ea4d886f9e205236e1","continuation","False","108","71","37","0.343","4","4","16","12"
"2026-04-13T10:46:52.513557Z","final-24h-tenant","575d7bad584bd0ebbabd4c78c3a1672d3f211a34b1e8eaf0b4c872d35a444b5b","codex","417284df89ecaf7891d6dd777d737e390d174a3a519b6681b944ddeacc9c1fd2","4d8d7e12843a040af2b69f75484c8ff11b174634431c14cf71f622f43ec3cf95","continuation","False","108","71","37","0.343","4","4","16","12"
"2026-04-13T10:47:22.682830Z","final-24h-tenant","575d7bad584bd0ebbabd4c78c3a1672d3f211a34b1e8eaf0b4c872d35a444b5b","codex","a3fdea657da8317d7eba178409857ec39b521f91d0abb49f04d1ea863e2fa24f","d786f0f863f82a81c9f8c6e237917e8f31570212668c30e2af7e62f83ef43278","continuation","False","108","71","37","0.343","4","4","16","12"
"2026-04-13T10:47:52.844672Z","final-24h-tenant","575d7bad584bd0ebbabd4c78c3a1672d3f211a34b1e8eaf0b4c872d35a444b5b","codex","294106e2f498c4b775833470430a91bc31b2caba4550938f7608ca7534bfe599","5126d18f966faf0f86feaf55983c1e431e51d9c9b9f868fe23322c2c118a845c","continuation","False","108","71","37","0.343","4","4","16","12"
"2026-04-13T10:48:23.005981Z","final-24h-tenant","575d7bad584bd0ebbabd4c78c3a1672d3f211a34b1e8eaf0b4c872d35a444b5b","codex","88b77d616b126cc8231f7ef190cfbdf90c23928393e88b2e9218e1c00ea9910a","ca3e635def7a0da8f8ee458646f59485b7d13d5652ee123ff27ec373ff5e7ef2","continuation","False","108","71","37","0.343","4","4","16","12"
"2026-04-13T10:48:53.158971Z","final-24h-tenant","575d7bad584bd0ebbabd4c78c3a1672d3f211a34b1e8eaf0b4c872d35a444b5b","codex","6425c42f5a4ee27957757b3489b4edc0950a5b367f63a51f1b764124ebe87bb7","d867db370b646a369acc0a2556b06de27cf0a9b524c4f980326632107133a123","continuation","False","108","71","37","0.343","4","4","16","12"
"2026-04-13T10:49:23.317038Z","final-24h-tenant","575d7bad584bd0ebbabd4c78c3a1672d3f211a34b1e8eaf0b4c872d35a444b5b","codex","d455e4bdd9c8149fec112a8b020f02eaa13cb32f10413f9bcb8ba49f6a545344","519952563785ecc3cfb9c1b00d6f3438d31fcfc6f4e1a21996775211f45ef658","continuation","False","108","71","37","0.343","4","4","16","12"
"2026-04-13T10:49:53.476083Z","final-24h-tenant","575d7bad584bd0ebbabd4c78c3a1672d3f211a34b1e8eaf0b4c872d35a444b5b","codex","c9bdd0f86c620f25e465aaa6b6be95f34ffdc9871d1375605c1e8de5969437eb","3054b0ec41da157530e44d0dec0cd831777487fb1dd16d8fe79aa6917c8d9d53","continuation","False","108","71","37","0.343","4","4","16","12"
"2026-04-13T10:50:23.622864Z","final-24h-tenant","575d7bad584bd0ebbabd4c78c3a1672d3f211a34b1e8eaf0b4c872d35a444b5b","codex","bf53f29647fc6be31a3240f897515c64b958a6b7f0ca7788b8dd11d386dc663c","5160472488b2cf3e16c7b921a4d62dc56d6efd31341eccb07c35475829caf458","continuation","False","108","71","37","0.343","4","4","16","12"
"2026-04-13T10:50:53.767402Z","final-24h-tenant","575d7bad584bd0ebbabd4c78c3a1672d3f211a34b1e8eaf0b4c872d35a444b5b","codex","5361af81f8f0b7c4e3d342be203f30118b9f2c2744e2da92e1da47e2001485be","e1425ee56f3fc7dee61ab6163393e21dca722a6d215d4d56b7872c20c85358bc","continuation","False","108","71","37","0.343","4","4","16","12"
"2026-04-13T10:51:23.948820Z","final-24h-tenant","575d7bad584bd0ebbabd4c78c3a1672d3f211a34b1e8eaf0b4c872d35a444b5b","codex","2b9dedf5bb18f34d5ee4e003b3bc9eade2b6e96891181ac8bfe2aa350f286a37","f2116f464bf9ead9d8dd019b4da3d9d3e0b6ccb6dfa8d4f686716e7774d5bcad","continuation","False","108","71","37","0.343","4","4","16","12"
"2026-04-13T10:51:54.100019Z","final-24h-tenant","575d7bad584bd0ebbabd4c78c3a1672d3f211a34b1e8eaf0b4c872d35a444b5b","codex","eaae32e341c06bf99c245aa88e3e33e166f8fda2707f8678cbee36f06055e823","cf0c44d71c0df1d6ca70545248cde1cd19d13bc032d18c698c4f5a2cc99d9e7a","continuation","False","108","71","37","0.343","4","4","16","12"
"2026-04-13T10:52:24.261046Z","final-24h-tenant","575d7bad584bd0ebbabd4c78c3a1672d3f211a34b1e8eaf0b4c872d35a444b5b","codex","3cb3c96d3159add23c54c1d3a9eb78c1e94249ef2469f534dd7958c47a7d1b62","197b17d8ceac4a472bbf724c1ef57446c16f49c46d634cf7f8e3a4a80c30b2e0","continuation","False","108","71","37","0.343","4","4","16","12"
"2026-04-13T10:52:54.428116Z","final-24h-tenant","575d7bad584bd0ebbabd4c78c3a1672d3f211a34b1e8eaf0b4c872d35a444b5b","codex","3aa8a1515b02a263b34fade304b5a7d7a4f639daa064655ed82c2e3ff5a86884","3999b3f89b1a31caee72a9fbb21b71b650e818a0f4b29efaf5ef1e2bb189f793","continuation","False","108","71","37","0.343","4","4","16","12"
"2026-04-13T10:53:24.584348Z","final-24h-tenant","575d7bad584bd0ebbabd4c78c3a1672d3f211a34b1e8eaf0b4c872d35a444b5b","codex","48e35097d39be14bbf298797bb1472f738601c92d9f6854ffad09e6c425e443a","d4c712a0c3aa041c3be51315c9406defd239555ae15032fc1e5a6880eeb8c8f9","continuation","False","108","71","37","0.343","4","4","16","12"
"2026-04-13T10:53:54.769064Z","final-24h-tenant","575d7bad584bd0ebbabd4c78c3a1672d3f211a34b1e8eaf0b4c872d35a444b5b","codex","03d05e0a008c4c050fe6f61d3577864c71054b72f122da9bc8fd1445f95836c3","73b176abe080d60c2cb3bb592175abfb1f63382318e50a823e413d49c30c6d24","continuation","False","108","71","37","0.343","4","4","16","12"
"2026-04-13T10:54:24.937025Z","final-24h-tenant","575d7bad584bd0ebbabd4c78c3a1672d3f211a34b1e8eaf0b4c872d35a444b5b","codex","e9b54cef1f0f8996c4433a990aedd1d1d937d395f2a6ee0bd115bba9956fe708","cd1318ec0c888f2c3aebeda9b7a9ae1d2ad56b560d734a14463400a31064f85c","continuation","False","108","71","37","0.343","4","4","16","12"
"2026-04-13T10:54:55.097996Z","final-24h-tenant","575d7bad584bd0ebbabd4c78c3a1672d3f211a34b1e8eaf0b4c872d35a444b5b","codex","758ec2b463d21650dc837e387421dcd3fb736133af3fb313f49815947ae989fe","10fad05f4f9c48c4b05b76b5e34fd04007f1abff640f9193c8b9b902320298eb","continuation","False","108","71","37","0.343","4","4","16","12"
"2026-04-13T10:55:25.269382Z","final-24h-tenant","575d7bad584bd0ebbabd4c78c3a1672d3f211a34b1e8eaf0b4c872d35a444b5b","codex","0e056a1c54c65bebf829f11e181ee5467a85c3ddbd6e41ce467a99840da5d7e2","5381d752e1a0b797550603cc06933fde39b8ed4c78af6c760129a1f94a9a7de4","continuation","False","108","71","37","0.343","4","4","16","12"
"2026-04-13T10:55:55.409322Z","final-24h-tenant","575d7bad584bd0ebbabd4c78c3a1672d3f211a34b1e8eaf0b4c872d35a444b5b","codex","0bc1be5c505c0e320084544042e7ea9903e386ecb8d10fd72f81c534f4f8751f","16c66611632f7145ba93859f5da6256ffa63dcdc7f92d25cd7d7da551bcbc125","continuation","False","108","71","37","0.343","4","4","16","12"
"2026-04-13T10:56:25.600016Z","final-24h-tenant","575d7bad584bd0ebbabd4c78c3a1672d3f211a34b1e8eaf0b4c872d35a444b5b","codex","accb3b93db77a8c74cf2b7325d83e76cace242461b65b0e1328c2f52077ebb35","2ec8cb1c008c1f9f9e3139ba38bc7941178d0472357dc8b642e0c542ee8d95db","continuation","False","108","71","37","0.343","4","4","16","12"
"2026-04-13T10:56:55.773119Z","final-24h-tenant","575d7bad584bd0ebbabd4c78c3a1672d3f211a34b1e8eaf0b4c872d35a444b5b","codex","46f495d886de3a06cf0ee214f3a5d388751112ab3dbbc4d49802b127d4e694c8","cb4949f2d99db4b68a0be1dc0200ced6edf6618c09697b72e9061fea102ee0d7","continuation","False","108","71","37","0.343","4","4","16","12"
"2026-04-13T10:57:25.942290Z","final-24h-tenant","575d7bad584bd0ebbabd4c78c3a1672d3f211a34b1e8eaf0b4c872d35a444b5b","codex","cb0e8a58a35ddf7207b0416cfedc14f5e6ea4b994b9080021eaa7c9d3f06f233","d771064aa9a58bb8387074e3ab6f2f66cd814b0393ca755ff806e0136b0fe01d","continuation","False","108","71","37","0.343","4","4","16","12"
"2026-04-13T10:57:56.097233Z","final-24h-tenant","575d7bad584bd0ebbabd4c78c3a1672d3f211a34b1e8eaf0b4c872d35a444b5b","codex","44a6f6c2fee096a1119c7ba959917523d764696c4cb13dead3b1c9b5eb6369ac","1929329be50fd4c46dbe0170afa71b82aad36e50e336a72b5ff971808d8b5b1c","continuation","False","108","71","37","0.343","4","4","16","12"
"2026-04-13T10:58:26.257163Z","final-24h-tenant","575d7bad584bd0ebbabd4c78c3a1672d3f211a34b1e8eaf0b4c872d35a444b5b","codex","6cf976aaa8ece96c72179538c23c09580412ce1dca8b9004cfe95f430eaaf9df","19e07cdd8f8523283cbe479e66dcff476a9db5b83544c1a19b717582e1656cc6","continuation","False","108","71","37","0.343","4","4","16","12"
"2026-04-13T10:58:56.410196Z","final-24h-tenant","575d7bad584bd0ebbabd4c78c3a1672d3f211a34b1e8eaf0b4c872d35a444b5b","codex","e8506403892c115bdef888a3abc7b44b2faace2b330c91a5e11e3ce04380f859","ea82dba617b1608f41a5ef95c1b8b4540b026c3af1a764c7834a569bc87855b1","continuation","False","108","71","37","0.343","4","4","16","12"
"2026-04-13T10:59:26.579980Z","final-24h-tenant","575d7bad584bd0ebbabd4c78c3a1672d3f211a34b1e8eaf0b4c872d35a444b5b","codex","ee34998c82cd887af4bd917ba8faf83ef8113da9b577a153475a12ac970304a9","3124acc163760b6468fe678b48e1a60e4cb3657fa8f0e7b55bb7ac1ebae714a1","continuation","False","108","71","37","0.343","4","4","16","12"
"2026-04-13T10:59:56.736209Z","final-24h-tenant","575d7bad584bd0ebbabd4c78c3a1672d3f211a34b1e8eaf0b4c872d35a444b5b","codex","d3a1d6eee6863bb173432b3a7902807ffb127267958e2cd52b04ce65d2842323","1dd8597a62271c8fe56c271a47cf0cbcf4ebc6e6422683042b1553956f63a0f3","continuation","False","108","71","37","0.343","4","4","16","12"
"2026-04-13T11:00:26.891430Z","final-24h-tenant","575d7bad584bd0ebbabd4c78c3a1672d3f211a34b1e8eaf0b4c872d35a444b5b","codex","8bb5eb617ef49058860e7518efd93a7fa501b7db3711e1d8ed6326e4eef74177","f763731d7ba7324a9a0197f34e607f8db88c6ef5a30e7a6ade4ec1a9b4d56dc4","continuation","False","108","71","37","0.343","4","4","16","12"
"2026-04-13T11:00:57.042646Z","final-24h-tenant","575d7bad584bd0ebbabd4c78c3a1672d3f211a34b1e8eaf0b4c872d35a444b5b","codex","2f278bc9f4cf56323ce601e85157b2254f6bca59fa8c441db88153f05261e949","4b161c4471c5b7a6aedad413b8071b3537bbe106a63532b3edc82452be1ed4c5","continuation","False","108","71","37","0.343","4","4","16","12"
"2026-04-13T11:01:27.211304Z","final-24h-tenant","575d7bad584bd0ebbabd4c78c3a1672d3f211a34b1e8eaf0b4c872d35a444b5b","codex","cb540e123609141ccb85a1e21a72411b40a79081836339dd8b2e5924c3d96cb0","2abd5882d812bd45c7d6b91b688a31e5a4e05b8626332d17bd1582f6b4e8f240","continuation","False","108","71","37","0.343","4","4","16","12"
"2026-04-13T11:01:57.390537Z","final-24h-tenant","575d7bad584bd0ebbabd4c78c3a1672d3f211a34b1e8eaf0b4c872d35a444b5b","codex","f5755a89ec62421df7263ceaa1837d011a3b7dc76e597b42cd033ff4f54a79d7","f6922e979f3eea37e5fd943d7545ec9aea812b16ef1932eb8417ebd4dc9d0412","continuation","False","108","71","37","0.343","4","4","16","12"
"2026-04-13T11:02:27.542572Z","final-24h-tenant","575d7bad584bd0ebbabd4c78c3a1672d3f211a34b1e8eaf0b4c872d35a444b5b","codex","0eb9316077ab99d47042f653becc0d9c564cce401bce10ac2237672a2b680610","f218d398e96eadb11f6873af677182e90e1b03b4f5a237cd7cae7848e090d4e3","continuation","False","108","71","37","0.343","4","4","16","12"
"2026-04-13T11:02:57.697678Z","final-24h-tenant","575d7bad584bd0ebbabd4c78c3a1672d3f211a34b1e8eaf0b4c872d35a444b5b","codex","83010a86376d156319fe3e8c86a7bbe74cc9d938a74badc3620f77b4d57fa2ea","fca71cd64d8687b01e6c23c7fa96c52805d334930eedc8de639cd6e4c7026db7","continuation","False","108","71","37","0.343","4","4","16","12"
"2026-04-13T11:03:27.862343Z","final-24h-tenant","575d7bad584bd0ebbabd4c78c3a1672d3f211a34b1e8eaf0b4c872d35a444b5b","codex","fbf5e16e6e6c0d4a24ab329d14ba3482cd17136969e4b94598bfae2a8a49cd90","a92fe8330d926ea90e1ff88f43977f5e53069cbca6818d4cbb76a5aa1b58052a","continuation","False","108","71","37","0.343","4","4","16","12"
"2026-04-13T11:03:58.029175Z","final-24h-tenant","575d7bad584bd0ebbabd4c78c3a1672d3f211a34b1e8eaf0b4c872d35a444b5b","codex","7ff3be8eb0fd376889f09383d4e1d3658201a2bdf88062171ff9587cf5894520","8eb6ed0b5ae300c414d38c0bc5e6018df5388f7feb21422a41662a34a85dc623","continuation","False","108","71","37","0.343","4","4","16","12"
"2026-04-13T11:04:28.203517Z","final-24h-tenant","575d7bad584bd0ebbabd4c78c3a1672d3f211a34b1e8eaf0b4c872d35a444b5b","codex","58955986dde785c87fe1d011867364eccd1fcac08ad66793f5a9eb24e7ad5032","9d1fa7c5e13abc54f5252ea3aa6a04c609985d2fb24479e69deeb02f789fb1c6","continuation","False","108","71","37","0.343","4","4","16","12"
"2026-04-13T11:04:58.380962Z","final-24h-tenant","575d7bad584bd0ebbabd4c78c3a1672d3f211a34b1e8eaf0b4c872d35a444b5b","codex","d1cd74eb66c193d5e69d2505380c4c43b9e5a31142bcad5fa36bad24b7cd3cd6","e5dcebbaf05b64af058210546d823acb22993037c01a4f55d50923d956399634","continuation","False","108","71","37","0.343","4","4","16","12"
"2026-04-13T11:05:28.557408Z","final-24h-tenant","575d7bad584bd0ebbabd4c78c3a1672d3f211a34b1e8eaf0b4c872d35a444b5b","codex","d43448383e62757e7968a99498373d75a3932e94743725e211d3fe386b7da656","bc966f088f42db8ac27ca128bb1c7bc67406fb948ae09b279326071a3c9cd401","continuation","False","108","71","37","0.343","4","4","16","12"
"2026-04-13T11:05:58.714738Z","final-24h-tenant","575d7bad584bd0ebbabd4c78c3a1672d3f211a34b1e8eaf0b4c872d35a444b5b","codex","272360546195b65c5e5f770232bea3631df5ed451ee0e99554385df15531e1e5","18ce709d81710085a648d17c310b5168a23990c4c4183f2f1fc0b65d8350f9ca","continuation","False","108","71","37","0.343","4","4","16","12"
"2026-04-13T11:06:28.905577Z","final-24h-tenant","575d7bad584bd0ebbabd4c78c3a1672d3f211a34b1e8eaf0b4c872d35a444b5b","codex","fe5c145f6034b31a90c012d69c57a99e49178c31530eadb28311cf4fe48aab56","b1d43b2459d2b9b204024f585f6e6813830083b5dae6ebcfbb3b25d38c24ca29","continuation","False","108","71","37","0.343","4","4","16","12"
"2026-04-13T11:06:59.074829Z","final-24h-tenant","575d7bad584bd0ebbabd4c78c3a1672d3f211a34b1e8eaf0b4c872d35a444b5b","codex","61bd27045edcf455a136271cd4aff87b42d5d192f4f2b6c8f2d5004d729397f6","bd4e067a8049590d1f637aa290085114a175d1f78b368467fdf184a40fde90f7","continuation","False","108","71","37","0.343","4","4","16","12"
"2026-04-13T11:07:29.248353Z","final-24h-tenant","575d7bad584bd0ebbabd4c78c3a1672d3f211a34b1e8eaf0b4c872d35a444b5b","codex","faca920bf33495021ceae005fd6392ec489a46ea9f3f14c78f1f7f14fe495545","861899ee2cd39d94eaf6f5793c8b3109944b331cf83cfee7e545bf1fa7bf185a","continuation","False","108","71","37","0.343","4","4","16","12"
"2026-04-13T11:07:59.433345Z","final-24h-tenant","575d7bad584bd0ebbabd4c78c3a1672d3f211a34b1e8eaf0b4c872d35a444b5b","codex","35146d4dcf9ff4d5416155b6220323501858aa6e2b70b02fe3e2a6d32cdacfb6","179f4dc1ee49c979ab7cfdaa9399d6209632a52b0e08b106d63b471b52974950","continuation","False","108","71","37","0.343","4","4","16","12"
"2026-04-13T11:08:29.605591Z","final-24h-tenant","575d7bad584bd0ebbabd4c78c3a1672d3f211a34b1e8eaf0b4c872d35a444b5b","codex","89e01363042814b2519f517ccccc1711032dea94d468dee08913865d9ab9ffe0","26bbff8bd7b94dd21ebfb501f82063d8fd6e69072aab882986291b25c2ceab02","continuation","False","108","71","37","0.343","4","4","16","12"
"2026-04-13T11:08:59.773822Z","final-24h-tenant","575d7bad584bd0ebbabd4c78c3a1672d3f211a34b1e8eaf0b4c872d35a444b5b","codex","74412555893a0e46b23217f233b9281f2aaf8a3cde83fe9f16b690c0d0c64485","a373ae5129f8091a7c27b0ccb7d87a150d8ae2085bf25a713a114d8bcd098008","continuation","False","108","71","37","0.343","4","4","16","12"
"2026-04-13T11:09:29.938049Z","final-24h-tenant","575d7bad584bd0ebbabd4c78c3a1672d3f211a34b1e8eaf0b4c872d35a444b5b","codex","cc552cb01822e1f4426ca71ed0b24d80ac1db7308149e97854d7af9c988ffa55","564a28edde77b47d176c5b302446c3fe5cf190fe455aa5ec70fdbc7a13ecaeb3","continuation","False","108","71","37","0.343","4","4","16","12"
"2026-04-13T11:10:00.107359Z","final-24h-tenant","575d7bad584bd0ebbabd4c78c3a1672d3f211a34b1e8eaf0b4c872d35a444b5b","codex","084febd0761bcb64c759c627783e1131e0166d83785ae0228688df6a5c4eec38","95706c63676d71d727fe81aa43a2f61570ae49f52c004da098056d7d7e94a314","continuation","False","108","71","37","0.343","4","4","16","12"
"2026-04-13T11:10:30.273696Z","final-24h-tenant","575d7bad584bd0ebbabd4c78c3a1672d3f211a34b1e8eaf0b4c872d35a444b5b","codex","a23ca19b2165b642dcdf08e5b13ed54253f59aad40cbe5f08ffa33a1c93701b0","21b7d97d0358d23b8ce8698ab23f0850e7f4c3c64c743097f2411807253576f2","continuation","False","108","71","37","0.343","4","4","16","12"
"2026-04-13T11:11:00.445798Z","final-24h-tenant","575d7bad584bd0ebbabd4c78c3a1672d3f211a34b1e8eaf0b4c872d35a444b5b","codex","c48bf8c8b05a0c233b35467415788027dffdc1f557eaeff5914a1ff753ca24b9","4f1ca7f4730068b2484647a9ede3d79f9fe04ccd267a485b086ca8dac46d6fc4","continuation","False","108","71","37","0.343","4","4","16","12"
"2026-04-13T11:11:30.626407Z","final-24h-tenant","575d7bad584bd0ebbabd4c78c3a1672d3f211a34b1e8eaf0b4c872d35a444b5b","codex","6866cb0a5b37c33c14078b6710489d43e6a46b6d569930e20ec542ec6ad5e708","b9d2171ca23bcc4a81552bfd2338312cc2aa6b4fefa33816b37977b7cd5a228b","continuation","False","108","71","37","0.343","4","4","16","12"
"2026-04-13T11:12:00.789802Z","final-24h-tenant","575d7bad584bd0ebbabd4c78c3a1672d3f211a34b1e8eaf0b4c872d35a444b5b","codex","7254ef7edda82647e12a8721a88e8c358e78ca68b0054e4ccaf12054f5927ef1","7c2bb9d6685dc4d8b8c4981968de812c75300bd25324bf059374d8df1c79f96d","continuation","False","108","71","37","0.343","4","4","16","12"
"2026-04-13T11:12:30.967026Z","final-24h-tenant","575d7bad584bd0ebbabd4c78c3a1672d3f211a34b1e8eaf0b4c872d35a444b5b","codex","20d36daee38e496a5091fe3e2c10d943f49f8b529353c01699af6e78f8d182ae","00a1e76b644c88dfbbc7e330ed073ff7e4be562241cb22be492658e27105c154","continuation","False","108","71","37","0.343","4","4","16","12"
"2026-04-13T11:13:01.146893Z","final-24h-tenant","575d7bad584bd0ebbabd4c78c3a1672d3f211a34b1e8eaf0b4c872d35a444b5b","codex","fdfa2d0db07412ccf3b1173187c3cfcfa1e103901a643c9d0c19450b80fa48b5","1f5042899b7728858cd16a125afd73883ebbbd8ae35ee6c0c27302bd98aa496d","continuation","False","108","71","37","0.343","4","4","16","12"
"2026-04-13T11:13:31.325787Z","final-24h-tenant","575d7bad584bd0ebbabd4c78c3a1672d3f211a34b1e8eaf0b4c872d35a444b5b","codex","dcc60c6c43264031d3024bd2811ba1615c65b33022622a83652c5009ed069c0c","eadd26341ffd93a0a8c35ba2330405fe928f4d5cb6631a05e667ecd752867577","continuation","False","108","71","37","0.343","4","4","16","12"
"2026-04-13T11:14:01.504109Z","final-24h-tenant","575d7bad584bd0ebbabd4c78c3a1672d3f211a34b1e8eaf0b4c872d35a444b5b","codex","97fe5590fde429fc4b3a30ab89e9874f019fc9acdea5c0c003cdcdb84004cd5f","ebdc5a9e92658b1cc7e457921b0e9bfc9ef5d8c948755c74c0e623b79981b539","continuation","False","108","71","37","0.343","4","4","16","12"
"2026-04-13T11:14:31.671097Z","final-24h-tenant","575d7bad584bd0ebbabd4c78c3a1672d3f211a34b1e8eaf0b4c872d35a444b5b","codex","3d78d20f0d4fda114910db2e8255a2bc49367f8d029ff148ef1d373965db4e9e","e78198cf0b04600f840846c1eeaf3abc8ce6bd0cf72aebcd1764e20a182bbae7","continuation","False","108","71","37","0.343","4","4","16","12"
"2026-04-13T11:15:01.849804Z","final-24h-tenant","575d7bad584bd0ebbabd4c78c3a1672d3f211a34b1e8eaf0b4c872d35a444b5b","codex","7dc1f1b47cb69a9102c47e411b5658bb0d9d636711d7f0fd771f02e42de0e27c","38f52e77321c2f67ee12d7c20c480a56548d8d9d2b76507f5f0abf04b42211ad","continuation","False","108","71","37","0.343","4","4","16","12"
"2026-04-13T11:15:32.059267Z","final-24h-tenant","575d7bad584bd0ebbabd4c78c3a1672d3f211a34b1e8eaf0b4c872d35a444b5b","codex","9ad1b4494a3cc7af90106bbe20f181de8742f02b838a7608e9275189d4ba177c","08df95b38d487da56fcb7d10f7cfcb3297d27770aea4da5be5b6e27e6416d7f2","continuation","False","108","71","37","0.343","4","4","16","12"
"2026-04-13T11:16:02.226753Z","final-24h-tenant","575d7bad584bd0ebbabd4c78c3a1672d3f211a34b1e8eaf0b4c872d35a444b5b","codex","3b66e3dcdbce574ba39137b7105d9cfc28e40e7d7a05cb063abaf4d7d6506e1b","33a9cbb3ace0b9bbabf6c042cbf8a60910a9e5b156ab05dec6db43ed38124f04","continuation","False","108","71","37","0.343","4","4","16","12"
"2026-04-13T11:16:32.393309Z","final-24h-tenant","575d7bad584bd0ebbabd4c78c3a1672d3f211a34b1e8eaf0b4c872d35a444b5b","codex","23f7bb4b5a71510b2b6270a7189e29d3fbc9f14702ac9ae198da58e7499daa60","f2a97138dd7c4f5505f5b3962566511398e1ce1d5d34d3bef6a5d4b79dbd8101","continuation","False","108","71","37","0.343","4","4","16","12"
"2026-04-13T11:17:02.570078Z","final-24h-tenant","575d7bad584bd0ebbabd4c78c3a1672d3f211a34b1e8eaf0b4c872d35a444b5b","codex","d254741dfb711aa6d5bc0c4f74dcbfb29a2d4327a0f62e5e3d19e8d2fd814372","09644e80eb0d9fb4271c6c55e9e73eeb9c3b56fb1705d8dfa4a0ebf816a0878c","continuation","False","108","71","37","0.343","4","4","16","12"
"2026-04-13T11:17:32.779330Z","final-24h-tenant","575d7bad584bd0ebbabd4c78c3a1672d3f211a34b1e8eaf0b4c872d35a444b5b","codex","f108f9ad538ab6b4ce78c4acf61d88723904c316b6a7fd7df167e1760f2abbc1","146378b86e5ba65b065b63599c938fda81911d7b99567c0750223e873f9a9e30","continuation","False","108","71","37","0.343","4","4","16","12"
"2026-04-13T11:18:02.973917Z","final-24h-tenant","575d7bad584bd0ebbabd4c78c3a1672d3f211a34b1e8eaf0b4c872d35a444b5b","codex","35dbb47a0415f57749ba2361d966e931fcb1d4e1471f4f61faedf15042be1a8a","7d7dd2d6c75a568c93a1f309fd1184215af36e46fe30f7ad57f9b2223ac8419d","continuation","False","108","71","37","0.343","4","4","16","12"
"2026-04-13T11:18:33.144358Z","final-24h-tenant","575d7bad584bd0ebbabd4c78c3a1672d3f211a34b1e8eaf0b4c872d35a444b5b","codex","24de400d78614896dc61a213b8dad81b999a1d3d2096a9a54c1518900f4ec6ef","884786f3d12aaf41503a66d43cfba01c1f71b384b2519e788f78c76e24bd85bd","continuation","False","108","71","37","0.343","4","4","16","12"
"2026-04-13T11:19:03.318668Z","final-24h-tenant","575d7bad584bd0ebbabd4c78c3a1672d3f211a34b1e8eaf0b4c872d35a444b5b","codex","fc7ad6712fe20093be968f457f376f2ed6329ccf86c0c8779b5cf1baab542088","b1775f2c79293de1413c06ad53ed2592b4c0e373c3d487e26cc730a801712dcc","continuation","False","108","71","37","0.343","4","4","16","12"
"2026-04-13T11:19:33.496656Z","final-24h-tenant","575d7bad584bd0ebbabd4c78c3a1672d3f211a34b1e8eaf0b4c872d35a444b5b","codex","2fc5cbe493c27b42ccf3c46bef46ff5e58019dc62ad8e141a4cfa93e8e2c769d","c2d23e43c77a2cf8f32c1260754b76d2b5610fb43db7a8b007124858ce014042","continuation","False","108","71","37","0.343","4","4","16","12"
"2026-04-13T11:20:03.678335Z","final-24h-tenant","575d7bad584bd0ebbabd4c78c3a1672d3f211a34b1e8eaf0b4c872d35a444b5b","codex","0dc8f8e631ef17661c964615f98ca147b0b06467931be131fc1dbe332f36a445","072739f45ffa4421ffc7391f2c78307658a350083befd054095554a53378f8ea","continuation","False","108","71","37","0.343","4","4","16","12"
"2026-04-13T11:20:33.888075Z","final-24h-tenant","575d7bad584bd0ebbabd4c78c3a1672d3f211a34b1e8eaf0b4c872d35a444b5b","codex","60de06927ff992c8bd435d55ab708d454b667f17e1085703a54c971b1e158e9f","5900f96244f1b3769d6ca2ec7ddef6d18b985d82bcf26c9ad5b56c0cd321766f","continuation","False","108","71","37","0.343","4","4","16","12"
"2026-04-13T11:21:04.068075Z","final-24h-tenant","575d7bad584bd0ebbabd4c78c3a1672d3f211a34b1e8eaf0b4c872d35a444b5b","codex","dc4f7094c2f3b945c1b150faeddbe100be0772aab96677ac1f7cb7ed76944a7c","5d54ea383a29e6d4744f58777de1fe788d534a0a0e6a051cd8abadf63f669127","continuation","False","108","71","37","0.343","4","4","16","12"
"2026-04-13T11:21:34.260923Z","final-24h-tenant","575d7bad584bd0ebbabd4c78c3a1672d3f211a34b1e8eaf0b4c872d35a444b5b","codex","d4b611a3d3d3ba7a60d25cbabf6b6da563f30330ed0eb5dfadd913448e2a933e","0c13639835da016f712b6e46dea6fbfbfba43da6f4a918d9229cda149ff8937f","continuation","False","108","71","37","0.343","4","4","16","12"
"2026-04-13T11:22:04.458136Z","final-24h-tenant","575d7bad584bd0ebbabd4c78c3a1672d3f211a34b1e8eaf0b4c872d35a444b5b","codex","a921533b2a8d5e4b47ba93e20be97c12e6b48e1fc35708f61febae065404d8a4","b2809185d3f9c717dd2618ddc94d3e735fc7208dc66921d1064ee5c9ad3446b6","continuation","False","108","71","37","0.343","4","4","16","12"
"2026-04-13T11:22:34.657103Z","final-24h-tenant","575d7bad584bd0ebbabd4c78c3a1672d3f211a34b1e8eaf0b4c872d35a444b5b","codex","f11a37194c299d1fed0dd82cefc17f3760c07ffcb516139cc22400fbd153e7a2","be105cd4f6beeb9bd66c6283f119bbb474cd4e38cb390c925d2793bfcb937b6d","continuation","False","108","71","37","0.343","4","4","16","12"
"2026-04-13T11:23:04.841248Z","final-24h-tenant","575d7bad584bd0ebbabd4c78c3a1672d3f211a34b1e8eaf0b4c872d35a444b5b","codex","5eb69248f5965b09d6cb9315dec12835ac17626978cdc13dbe92f37db6f5b9f0","507ae228c566c30a084080d8e65d519e89d836729afca59319146a3ae6b5cfa4","continuation","False","108","71","37","0.343","4","4","16","12"
"2026-04-13T11:23:35.016400Z","final-24h-tenant","575d7bad584bd0ebbabd4c78c3a1672d3f211a34b1e8eaf0b4c872d35a444b5b","codex","9b67f6c13d5155c9c0ed377e5933807fad14001e86ab96cb0d64c609013f5d4d","d106a3530cb0abd8c53618b3a0b7de55695505d20e52d7e4bd5c1912a24910b9","continuation","False","108","71","37","0.343","4","4","16","12"
"2026-04-13T11:24:05.207528Z","final-24h-tenant","575d7bad584bd0ebbabd4c78c3a1672d3f211a34b1e8eaf0b4c872d35a444b5b","codex","f602ac974c817bd9db6d001b7b2942f51149b20d39f90acd96ac6acde20c8045","691ef336ca153eb289fbab3f00de9992386b6c20af5b20392eb53e053827e4dc","continuation","False","108","71","37","0.343","4","4","16","12"
"2026-04-13T11:24:35.384350Z","final-24h-tenant","575d7bad584bd0ebbabd4c78c3a1672d3f211a34b1e8eaf0b4c872d35a444b5b","codex","46677c2fb7a5f22d2839e95a5c86bfebb84d7d0b794dad8db8f55c71ef5af95b","df13b56db320f977591e4d438be6d7b0b4b2aa729542d0c81a3ae25d15282da0","continuation","False","108","71","37","0.343","4","4","16","12"
"2026-04-13T11:25:05.596267Z","final-24h-tenant","575d7bad584bd0ebbabd4c78c3a1672d3f211a34b1e8eaf0b4c872d35a444b5b","codex","152677740a23248407958d7b630b5c0eed00031ee7888457f46ba63dcdade44a","c322773fc045e50dbf38f0edba43b4bde4e64005b69cd0c54c54a75adc376bc2","continuation","False","108","71","37","0.343","4","4","16","12"
"2026-04-13T11:25:35.759312Z","final-24h-tenant","575d7bad584bd0ebbabd4c78c3a1672d3f211a34b1e8eaf0b4c872d35a444b5b","codex","00a07a785da1ff636fc69d72fd4efef2284fc1fa135f7fd43a7f559da94f5f5c","9ee4ca50da453c92e4baf62c2a87e0132abfb3dfa0a42a2e0aa83b0eeaa8bfb9","continuation","False","108","71","37","0.343","4","4","16","12"
"2026-04-13T11:26:05.938135Z","final-24h-tenant","575d7bad584bd0ebbabd4c78c3a1672d3f211a34b1e8eaf0b4c872d35a444b5b","codex","1c59acce2128673873af11b2be1a96c52048e1adfbc541d3f93936202edf9cbe","18ac305f8da173b3e693232d9d4f1b48e6455ac789855d54df61ef9298641d9e","continuation","False","108","71","37","0.343","4","4","16","12"
"2026-04-13T11:26:36.118431Z","final-24h-tenant","575d7bad584bd0ebbabd4c78c3a1672d3f211a34b1e8eaf0b4c872d35a444b5b","codex","9645b76cc619335c353930b80f63a6036af7ee42862025e70cf3523eaf0084ab","4f8229b4f6a1cb8db8c0e46fa33f0f55e484c2795d21a80bb10a7f83f2f93ff8","continuation","False","108","71","37","0.343","4","4","16","12"
"2026-04-13T11:27:06.308986Z","final-24h-tenant","575d7bad584bd0ebbabd4c78c3a1672d3f211a34b1e8eaf0b4c872d35a444b5b","codex","f319bbc5359165041e7e6b778ec86a6c03521a2983c5747b12bfff51b3b5b629","1ed049918654251251178ff89d92300d5ac50016ebb607c85050043efefd9ae8","continuation","False","108","71","37","0.343","4","4","16","12"
"2026-04-13T11:27:36.497415Z","final-24h-tenant","575d7bad584bd0ebbabd4c78c3a1672d3f211a34b1e8eaf0b4c872d35a444b5b","codex","de83fa8622c34ddab752ae04258b27e72f9f6ba1db58dc07c08ba010812afdd4","b0bf74f5a7b1a675d4bcbea7fbe831238a586b4f7b985f713c4cda2c5294d517","continuation","False","108","71","37","0.343","4","4","16","12"
"2026-04-13T11:28:06.707398Z","final-24h-tenant","575d7bad584bd0ebbabd4c78c3a1672d3f211a34b1e8eaf0b4c872d35a444b5b","codex","f72888cae981288bcf1f1c99029a672b2132ecf54a51faf20d011485703c2856","088e8bbc29e6096632e2814bac149a516c186eaee9a4baa0c4b9d2ee0c03f1bc","continuation","False","108","71","37","0.343","4","4","16","12"
"2026-04-13T11:28:36.889487Z","final-24h-tenant","575d7bad584bd0ebbabd4c78c3a1672d3f211a34b1e8eaf0b4c872d35a444b5b","codex","7ea4be997cce774959d23fa99ca1cef99c3573e2f6ad3ee4373d593e4af7b720","2843f064e702fc7241af2a7a3b8dae81114b39a7608a812cc75294621186c625","continuation","False","108","71","37","0.343","4","4","16","12"
"2026-04-13T11:29:07.069943Z","final-24h-tenant","575d7bad584bd0ebbabd4c78c3a1672d3f211a34b1e8eaf0b4c872d35a444b5b","codex","6bc054b3b5c7e34268d3bac21cb22f162bdd9b5febbd4aa3cbfc86e45825f377","7508739ad4585b36f68ad422a7461ff153d41be91243922fc6a59e8a52267f78","continuation","False","108","71","37","0.343","4","4","16","12"
"2026-04-13T11:29:37.265409Z","final-24h-tenant","575d7bad584bd0ebbabd4c78c3a1672d3f211a34b1e8eaf0b4c872d35a444b5b","codex","782e80cbb4266b41bd43012f9ee0a2850f316791fbffab88df511b4e0a34f553","bafda7310d09388c5aaa6433b6de45828315d0b344055614185ecd326843ffc9","continuation","False","108","71","37","0.343","4","4","16","12"
"2026-04-13T11:30:07.469375Z","final-24h-tenant","575d7bad584bd0ebbabd4c78c3a1672d3f211a34b1e8eaf0b4c872d35a444b5b","codex","a6776e8ff5abdd0dc4fc61ff3240699c8ac3d544c9c9c685568eb4ce04953a0b","931d226e2710089fecd341703abf1c346933f387303b638730297bc9e641f8c1","continuation","False","108","71","37","0.343","4","4","16","12"
"2026-04-13T11:30:37.646870Z","final-24h-tenant","575d7bad584bd0ebbabd4c78c3a1672d3f211a34b1e8eaf0b4c872d35a444b5b","codex","f216b46429b8cc08153912b054bc0d509af5415e644c29bef0b195c3e427c5c7","a8a6a85f2e941e8896302cee3f798568429d8e25aefa18128fb813d8ea1a6499","continuation","False","108","71","37","0.343","4","4","16","12"
"2026-04-13T11:31:07.856099Z","final-24h-tenant","575d7bad584bd0ebbabd4c78c3a1672d3f211a34b1e8eaf0b4c872d35a444b5b","codex","0bfa26b73148141f85c18f4325850bb446f65fa0011038994d4e0cf5f5be168e","9c7758a0173ea09b4054c2560d3aaa251e42c4040b9a3bdf453217d3abc76d31","continuation","False","108","71","37","0.343","4","4","16","12"
"2026-04-13T11:31:38.074626Z","final-24h-tenant","575d7bad584bd0ebbabd4c78c3a1672d3f211a34b1e8eaf0b4c872d35a444b5b","codex","23dddbcdd7f0d7ca79d5802fde6ad24bf303ad6c64cf26587e1f1d553adf5fb7","afc6b30720c0b1dafe50cd8e050b510accc44032815c313e82afd32d3e4605e9","continuation","False","108","71","37","0.343","4","4","16","12"
"2026-04-13T11:32:08.281873Z","final-24h-tenant","575d7bad584bd0ebbabd4c78c3a1672d3f211a34b1e8eaf0b4c872d35a444b5b","codex","7faf5ac44de5c13c6b3f66133e5e1b4901936a5dbd5cf4a827e1c48d75bd7a8c","6ad5b1d82efb2a325762ed5766138f8b4566c7153e0665101e4e35c7f4bc2f85","continuation","False","108","71","37","0.343","4","4","16","12"
"2026-04-13T11:32:38.467630Z","final-24h-tenant","575d7bad584bd0ebbabd4c78c3a1672d3f211a34b1e8eaf0b4c872d35a444b5b","codex","dd0e4876de11ab1118523ffbba14e0ab890138cd9d5cff92a67717e4bd54cea7","5f5963e19bfe0e604f872201460ce24ea7c413a0846ad658381419bd583faf4f","continuation","False","108","71","37","0.343","4","4","16","12"
"2026-04-13T11:33:08.650947Z","final-24h-tenant","575d7bad584bd0ebbabd4c78c3a1672d3f211a34b1e8eaf0b4c872d35a444b5b","codex","b3c7c2e279aa5d672ecfe20d6b4c4e1888f6386330d5a5dd715e78b7b46d82f3","90dc86fb11282b2ade77dd215190681085cf5117a25e8aa253ce3a5bba079791","continuation","False","108","71","37","0.343","4","4","16","12"
"2026-04-13T11:33:38.838583Z","final-24h-tenant","575d7bad584bd0ebbabd4c78c3a1672d3f211a34b1e8eaf0b4c872d35a444b5b","codex","1e9a121206cd81674208466f64969e96c578b4424b527a405f1397c713628fd5","f8b9c81236e26ef0b9c7ca7facd11c4ac722f13a6749cdac34c42a2d8326e8f9","continuation","False","108","71","37","0.343","4","4","16","12"
"2026-04-13T11:34:09.017889Z","final-24h-tenant","575d7bad584bd0ebbabd4c78c3a1672d3f211a34b1e8eaf0b4c872d35a444b5b","codex","ac4ba51068d071c11f91a588b4536c942ac4214608de703a68da096d0df0c30b","3069614b64c78d2ad2c21e2c57ded242d85957711b76fbd99f09973562f9402f","continuation","False","108","71","37","0.343","4","4","16","12"
"2026-04-13T11:34:39.209345Z","final-24h-tenant","575d7bad584bd0ebbabd4c78c3a1672d3f211a34b1e8eaf0b4c872d35a444b5b","codex","02c421ed6c73045f226674e654f91c1ff3ec28c9cdb0e64eeabff969be402be6","872bf2413f17d9c4f20a8ec678c7dc9bdd16158bdd2942bcbbc85a322eff35d0","continuation","False","108","71","37","0.343","4","4","16","12"
"2026-04-13T11:35:09.392198Z","final-24h-tenant","575d7bad584bd0ebbabd4c78c3a1672d3f211a34b1e8eaf0b4c872d35a444b5b","codex","dedb68c2f02d0c11bdaf084f000f805802538e6d8807c2f1c5ebbfc49016402c","133101101612174bfdd178d9bd382a8f48ee02fe8fd166aad9e805be0702a54b","continuation","False","108","71","37","0.343","4","4","16","12"
"2026-04-13T11:35:39.558875Z","final-24h-tenant","575d7bad584bd0ebbabd4c78c3a1672d3f211a34b1e8eaf0b4c872d35a444b5b","codex","aaccbf186a32047ed1227f1f46584aaed0f4289878bc66a865db14b6f66cb514","9dedb1a6c18ad773fa8c06a1d916d3905228a5458053017fe0255299bb519f8f","continuation","False","108","71","37","0.343","4","4","16","12"
"2026-04-13T11:36:09.745912Z","final-24h-tenant","575d7bad584bd0ebbabd4c78c3a1672d3f211a34b1e8eaf0b4c872d35a444b5b","codex","ea70cd98d959c86485129506ec5a8cc2ed5cdbb4419cc84b4bcefad391739048","163f5809b5b80a9304c6bc5c3000487c7ab9972a194d06daea4834fbc2568b00","continuation","False","108","71","37","0.343","4","4","16","12"
"2026-04-13T11:36:39.935877Z","final-24h-tenant","575d7bad584bd0ebbabd4c78c3a1672d3f211a34b1e8eaf0b4c872d35a444b5b","codex","5405f6ecc5249e8231005deec69fa49a56f03bf2f191585087b50719c8b46d82","523b7a4daad4a1a634ea59b54f143a46dc3d5820f3de3aa546175034bc4c0b15","continuation","False","108","71","37","0.343","4","4","16","12"
"2026-04-13T11:37:10.115820Z","final-24h-tenant","575d7bad584bd0ebbabd4c78c3a1672d3f211a34b1e8eaf0b4c872d35a444b5b","codex","0928a0792ad10b87e0b78332fa36e1f0c54e02e3d50185d79f2ff80ce19593e5","4e64ef13511a3b1c36152d2b91875012f5e196a9049888c97f07544ee36b922e","continuation","False","108","71","37","0.343","4","4","16","12"
"2026-04-13T11:37:40.321907Z","final-24h-tenant","575d7bad584bd0ebbabd4c78c3a1672d3f211a34b1e8eaf0b4c872d35a444b5b","codex","03d29c0a8c5d4c798429d6fea3edff09d1cff48bd7e7f7dd520377e0e771419c","564ace1ea3cd1c119168f61b8da2ae8d7fe58fd2c74142d67e6fd7af4e0b30dd","continuation","False","108","71","37","0.343","4","4","16","12"
"2026-04-13T11:38:10.525223Z","final-24h-tenant","575d7bad584bd0ebbabd4c78c3a1672d3f211a34b1e8eaf0b4c872d35a444b5b","codex","0bed89e5aced9e714a1a60d50af3cf7cb06f6e9250ad1d945f99d16fdb21dc43","8abdfbbc1f70109730ac682961b359cedb508e05023e2aec06001b194ffb9074","continuation","False","108","71","37","0.343","4","4","16","12"
"2026-04-13T11:38:40.723192Z","final-24h-tenant","575d7bad584bd0ebbabd4c78c3a1672d3f211a34b1e8eaf0b4c872d35a444b5b","codex","fea11f23fdc63aa7b502b8114c635297985cd0742bc3ffd3a177ecf9c598cf03","c9c88940ec89678f94d80dce8279ac26a2f75c0aee693da35c21cf1cf8eb96f7","continuation","False","108","71","37","0.343","4","4","16","12"
"2026-04-13T11:39:10.913832Z","final-24h-tenant","575d7bad584bd0ebbabd4c78c3a1672d3f211a34b1e8eaf0b4c872d35a444b5b","codex","8d19e0f8d541556fe9b316865f53e6034c0331947b0d112a4a4fa5931e29c045","98b7bc898bebefc7ac2dddc88cd7421f23f8a7ae84fde6b293662d5dfd5628e8","continuation","False","108","71","37","0.343","4","4","16","12"
"2026-04-13T11:39:41.096946Z","final-24h-tenant","575d7bad584bd0ebbabd4c78c3a1672d3f211a34b1e8eaf0b4c872d35a444b5b","codex","6710b8a6000d79e5fd86245a1280c0c22376d7b1ea78e81c7fda9de590895855","b9ba12f25033a79b98cede9277debb18afabd982b6072d72994b0c67c5ad390e","continuation","False","108","71","37","0.343","4","4","16","12"
"2026-04-13T11:40:11.291213Z","final-24h-tenant","575d7bad584bd0ebbabd4c78c3a1672d3f211a34b1e8eaf0b4c872d35a444b5b","codex","de84f9accd0dea71209c0aa9033b98dc3f2eea57fc431d202f7ba9c1ef942ec6","b58f6959610a66812fd5b94a430856f63715a26e7cc732d719f5737cb6d4aeff","continuation","False","108","71","37","0.343","4","4","16","12"
"2026-04-13T11:40:41.461151Z","final-24h-tenant","575d7bad584bd0ebbabd4c78c3a1672d3f211a34b1e8eaf0b4c872d35a444b5b","codex","238d230796581e24ec3c1488f42c86914526ad889e65ab17994f792ac3186dac","0ec0bce72230e9fdad775c3eb0ee64ac0c236d13422984698fba6b03908c14a2","continuation","False","108","71","37","0.343","4","4","16","12"
"2026-04-13T11:41:11.654338Z","final-24h-tenant","575d7bad584bd0ebbabd4c78c3a1672d3f211a34b1e8eaf0b4c872d35a444b5b","codex","65a4324b94ee7686388051d608da7199635ebb9ee4497fd635185b1ae9d7b7ac","c4e3ff7d7e34b57b16faa6a06be65837f501b84f46a5d27a77c72246191cd060","continuation","False","108","71","37","0.343","4","4","16","12"
"2026-04-13T11:41:41.846418Z","final-24h-tenant","575d7bad584bd0ebbabd4c78c3a1672d3f211a34b1e8eaf0b4c872d35a444b5b","codex","1313c72722ab01dcf8dae018d6ec06c3ae4a834b976c2a2c0985bb78e1704077","a97002734679dc3213c2b51db2bc1506b2ff6f0fcaf767297712f369882b1b10","continuation","False","108","71","37","0.343","4","4","16","12"
"2026-04-13T11:42:12.040050Z","final-24h-tenant","575d7bad584bd0ebbabd4c78c3a1672d3f211a34b1e8eaf0b4c872d35a444b5b","codex","d2c3b43148d732306c5a6a678f350bf5f0dcdac59c5fc6879d101acfa3e49e55","9a85c0cce7e5ecb63af2f6f71d1df93fdf8ba3a898d0d168c77c0d50b2ec3ae8","continuation","False","108","71","37","0.343","4","4","16","12"
"2026-04-13T11:42:42.224897Z","final-24h-tenant","575d7bad584bd0ebbabd4c78c3a1672d3f211a34b1e8eaf0b4c872d35a444b5b","codex","da36afbaed7cb8a16a6450b57374a534f96b63253051edce3e0db46fae813bf1","e8d884c85e992c52b42e83f687648b5374c6513c12e73844ecf124db5dc3cba9","continuation","False","108","71","37","0.343","4","4","16","12"
"2026-04-13T11:43:12.425614Z","final-24h-tenant","575d7bad584bd0ebbabd4c78c3a1672d3f211a34b1e8eaf0b4c872d35a444b5b","codex","81141b56942e80943a46a512b8f8db62593c246943c2feb471dc8b273e56312d","19aacae0bbae66b1cf2123a3825063586799ac36314ee9b2493efee4ec184ba2","continuation","False","108","71","37","0.343","4","4","16","12"
"2026-04-13T11:43:42.624097Z","final-24h-tenant","575d7bad584bd0ebbabd4c78c3a1672d3f211a34b1e8eaf0b4c872d35a444b5b","codex","203c3fdd34a65c03c85fb8718536d878ac3e1ed0fbd63f70cecc2874bb3753b8","c3aa2f04b6ab5200bc1c2296bb8111c7f6ca5363dff70345450a5b12e5535f4f","continuation","False","108","71","37","0.343","4","4","16","12"
"2026-04-13T11:44:12.814713Z","final-24h-tenant","575d7bad584bd0ebbabd4c78c3a1672d3f211a34b1e8eaf0b4c872d35a444b5b","codex","d563572de8309ca0ef99591793bbf6cc939e9b257285ec528cda955e8a8c27fc","9ff999b59ffe3b99f829a29008300a1709b2db6ae660ac9d956f1a510accf141","continuation","False","108","71","37","0.343","4","4","16","12"
"2026-04-13T11:44:47.672580Z","final-24h-tenant","575d7bad584bd0ebbabd4c78c3a1672d3f211a34b1e8eaf0b4c872d35a444b5b","codex","c05ffd92f36a010f564c15670cdbd6b590e683a82e36efe7bc77c09f65fa354f","e7080f7e73bb99a4487ddf1071f50c331b4a971b1d8214fa6accf431a779871d","continuation","False","108","71","37","0.343","4","4","16","12"
"2026-04-13T11:45:11.524354Z","openclaw","575d7bad584bd0ebbabd4c78c3a1672d3f211a34b1e8eaf0b4c872d35a444b5b","openclaw-agent","c95350cc2cca734f0222079bf186ec8e5bb9a77c3f2a614d19dfa3039898ef70","4e84e5fb75683b25509c9f5265b522fe393d36381bf29057251e93c80b526181","continuation","False","108","71","37","0.343","4","4","16","12"
"2026-04-13T11:45:17.846022Z","final-24h-tenant","575d7bad584bd0ebbabd4c78c3a1672d3f211a34b1e8eaf0b4c872d35a444b5b","codex","62122bc8b00b71639150cd128c9abb98457d37f1ed5e7637dfe74a4e09fb30aa","30f85440d16f8a15f5eda99183883e9698be88aec31b5f559475e2a8e64a8d1a","continuation","False","108","71","37","0.343","4","4","16","12"
"2026-04-13T11:45:23.817182Z","openclaw","575d7bad584bd0ebbabd4c78c3a1672d3f211a34b1e8eaf0b4c872d35a444b5b","openclaw-agent","7e2f4f90f60562c18de54b4557f7580de4bf99db0738925b389fd34e1ec9b763","5f5930cf0c763d2acea934e1814c76f8c8f7e1d51cac6651cadb127c64317175","continuation","False","98","56","42","0.429","3","3","16","13"
"2026-04-13T11:45:32.953486Z","openclaw","575d7bad584bd0ebbabd4c78c3a1672d3f211a34b1e8eaf0b4c872d35a444b5b","openclaw-agent","e0aaa3fb725a97849fd0d906e6839793bd92edba45e8e2d48cd64e99db284316","5f5930cf0c763d2acea934e1814c76f8c8f7e1d51cac6651cadb127c64317175","continuation","False","98","56","42","0.429","3","3","16","13"
"2026-04-13T11:45:48.033480Z","final-24h-tenant","575d7bad584bd0ebbabd4c78c3a1672d3f211a34b1e8eaf0b4c872d35a444b5b","codex","055e2d24d04f2be6bb6ba7eb3617ec622f2230cdedddda7587d19f59d41084ca","05f6b39d625f47e414b44eb82c0c8985ef0e1cd2eb839e74734f7f0503744f5c","continuation","False","108","71","37","0.343","4","4","16","12"
"2026-04-13T11:46:10.148366Z","test","575d7bad584bd0ebbabd4c78c3a1672d3f211a34b1e8eaf0b4c872d35a444b5b","test-agent","b1194fac847343fe1cb08fcc05fee3e06cd25bd05ed1987fd60c2eac25aab394","0a0bcce1d0aee698c336ffff2f912c57a8dcb0e043551fc95f36f1eba7a1e495","continuation","False","108","71","37","0.343","4","4","16","12"
"2026-04-13T11:46:18.250424Z","final-24h-tenant","575d7bad584bd0ebbabd4c78c3a1672d3f211a34b1e8eaf0b4c872d35a444b5b","codex","c341c5d797f46180e8c61c4f535ba6b41911fa6b58b236d12714a4f8938f65ee","daa4d88d624dee5ff7b35a2fd42c933de5a78aa032659a00180bf8546b201512","continuation","False","108","71","37","0.343","4","4","16","12"
"2026-04-13T11:46:48.438965Z","final-24h-tenant","575d7bad584bd0ebbabd4c78c3a1672d3f211a34b1e8eaf0b4c872d35a444b5b","codex","d92aecec2109aadcf4ed96ac50a32594482591dc6ff080e416a877c54a8c83bd","8858cb3032873d532d6c142ff0b4235119cd1fa32e5ffea2dafa03c54de909bf","continuation","False","108","71","37","0.343","4","4","16","12"
"2026-04-13T11:47:18.660018Z","final-24h-tenant","575d7bad584bd0ebbabd4c78c3a1672d3f211a34b1e8eaf0b4c872d35a444b5b","codex","b4d6aa9dc77c8bc39654053fcc4d1a380f830a156bfd686d8bfdb2dd135aae40","fffba4248e7739610121e68cd6df36c756da4c15438ca07dc118511cecb7584d","continuation","False","108","71","37","0.343","4","4","16","12"
"2026-04-13T11:47:48.904619Z","final-24h-tenant","575d7bad584bd0ebbabd4c78c3a1672d3f211a34b1e8eaf0b4c872d35a444b5b","codex","dbd85bb212c7368ae4e14c5734190fe75b18f249d28fba4da2d8c83fe51779d9","fb246acaa42b51d717d6be06d339320e0f0c0f6fab8f98ac399eb655c8292b29","continuation","False","108","71","37","0.343","4","4","16","12"
"2026-04-13T11:48:19.110901Z","final-24h-tenant","575d7bad584bd0ebbabd4c78c3a1672d3f211a34b1e8eaf0b4c872d35a444b5b","codex","b32b9c8937e816597429f87e8f7e0d66a1a9a4c7a6795e740e0bc7e091a28862","b697508b00b7396074f87064c613883f225137c196395aa46aea9fc4f3c4c78a","continuation","False","108","71","37","0.343","4","4","16","12"
"2026-04-13T11:48:49.305301Z","final-24h-tenant","575d7bad584bd0ebbabd4c78c3a1672d3f211a34b1e8eaf0b4c872d35a444b5b","codex","873c687238dbdb7b02d8dadea2a7c4a0004877d719a6d0aa20a1357b2b6e5e60","956f14847c2f93c30d75219f8f3ca9876a6717f05a1616a46a37fcaa102a1706","continuation","False","108","71","37","0.343","4","4","16","12"
"2026-04-13T11:49:19.509898Z","final-24h-tenant","575d7bad584bd0ebbabd4c78c3a1672d3f211a34b1e8eaf0b4c872d35a444b5b","codex","4babd4a20361df51be5db0945b1f7dbb7a716b51d09bc1bb8e10610d42b785b1","55734ccff25d1518018a5070e4790d6b522a909b2bfce723ce80239116b6f7f4","continuation","False","108","71","37","0.343","4","4","16","12"
"2026-04-13T11:49:49.701728Z","final-24h-tenant","575d7bad584bd0ebbabd4c78c3a1672d3f211a34b1e8eaf0b4c872d35a444b5b","codex","9d35e5dac25bf72f526e81331133260e272cecc3faccf4dd24d67a8b65a22704","908258133dd007db5f330d36f6c6527982934fcb6d79405791dd8c720971f220","continuation","False","108","71","37","0.343","4","4","16","12"
"2026-04-13T11:50:19.919942Z","final-24h-tenant","575d7bad584bd0ebbabd4c78c3a1672d3f211a34b1e8eaf0b4c872d35a444b5b","codex","320eb993e27d263206d76e9ce784b10a1a87fd0c55f8c0e525012dfda41c723d","d088b18b50e6c276cee0e1ca61df7b2f34f3506f52c7afca0bc5a534f54b2f5b","continuation","False","108","71","37","0.343","4","4","16","12"
"2026-04-13T11:50:50.110649Z","final-24h-tenant","575d7bad584bd0ebbabd4c78c3a1672d3f211a34b1e8eaf0b4c872d35a444b5b","codex","cc413fd67fff8915a23cf1419a3a260330d578bb1f6f799e768930d903ebcfd8","8aa748919ac01839882201404bed90a2fe66d29b326b30d9d3e96ae9d92ca161","continuation","False","108","71","37","0.343","4","4","16","12"
"2026-04-13T11:51:20.311806Z","final-24h-tenant","575d7bad584bd0ebbabd4c78c3a1672d3f211a34b1e8eaf0b4c872d35a444b5b","codex","cee553bf155f507f9aff631f11c162154784611ee0d6205fa65a3206e7d37d4d","ffd60365df43c6facb476d7d9a4f4e392e291211c72c873c800e10e140eef5a8","continuation","False","108","71","37","0.343","4","4","16","12"
"2026-04-13T11:51:50.519231Z","final-24h-tenant","575d7bad584bd0ebbabd4c78c3a1672d3f211a34b1e8eaf0b4c872d35a444b5b","codex","888bea354849e1874d7bbf97449582e3f92f860855c8408bb499b0edb1d94dc3","90d7bfa19ef90b428b4c96bb5921a408e1da1a0aa1282ad63926dd660767f743","continuation","False","108","71","37","0.343","4","4","16","12"
"2026-04-13T11:52:20.741628Z","final-24h-tenant","575d7bad584bd0ebbabd4c78c3a1672d3f211a34b1e8eaf0b4c872d35a444b5b","codex","08a2a709a846c1e94f40d1da07033bc194c3297c49ff60fc08a6f3f5b99f920d","a0d6c7e2aca8e4b1fb38eeebf37392d8c99c5814f3bc0bcce979b349ba9d994e","continuation","False","108","71","37","0.343","4","4","16","12"
"2026-04-13T11:52:50.932498Z","final-24h-tenant","575d7bad584bd0ebbabd4c78c3a1672d3f211a34b1e8eaf0b4c872d35a444b5b","codex","aa8da5d956b9b49ada367021d23e5d8f07361f5d023efbe046e78a41fced26f1","72add22faca5a8f29e106df7a12fe0df820abb886fb6c6c25ec3ef4f00dd8452","continuation","False","108","71","37","0.343","4","4","16","12"
"2026-04-13T11:53:21.122590Z","final-24h-tenant","575d7bad584bd0ebbabd4c78c3a1672d3f211a34b1e8eaf0b4c872d35a444b5b","codex","dcbf69b201af6ba2fda07c3050641e1a636852df37314f36aaa2c0389a5f6c30","5d02984c7ce5606043e34f1c54ddee07d232d8f6dc26e6fb2173225d906864dd","continuation","False","108","71","37","0.343","4","4","16","12"
"2026-04-13T11:53:51.315945Z","final-24h-tenant","575d7bad584bd0ebbabd4c78c3a1672d3f211a34b1e8eaf0b4c872d35a444b5b","codex","7ba1fffd97b44b8e7837ed6679e79d1f3ad89e31020f12d81af4c55371cc8af3","f84883f77f0927de75b2a41ff034b13fa6f9ddac2e7de820c84e82ef4f023ac9","continuation","False","108","71","37","0.343","4","4","16","12"
"2026-04-13T11:54:21.514580Z","final-24h-tenant","575d7bad584bd0ebbabd4c78c3a1672d3f211a34b1e8eaf0b4c872d35a444b5b","codex","5e24bbac7cd7a1438c6ae2992a5006e244e98ac10f992be73eb030d326da7d2b","bb782be85e9f7ef7238f65d0097cb9cff6c0ba6e7323c422ca4d6da89ff7223c","continuation","False","108","71","37","0.343","4","4","16","12"
"2026-04-13T11:54:51.718327Z","final-24h-tenant","575d7bad584bd0ebbabd4c78c3a1672d3f211a34b1e8eaf0b4c872d35a444b5b","codex","dbcd82d7d39e0236114ef1b8a837d45f493f9bbcc93fd6a02e2a5472e0c12a58","1ea7bbed95cf484cf7d356fa1db0c6abd4d191126e328a329907a64cae12a03b","continuation","False","108","71","37","0.343","4","4","16","12"
"2026-04-13T11:55:21.924602Z","final-24h-tenant","575d7bad584bd0ebbabd4c78c3a1672d3f211a34b1e8eaf0b4c872d35a444b5b","codex","8bb80137c8560c13579e3c4e7dbde14774779569ad935d90e382cdda2e0071a3","fcd8e145d6c7e28ce2565116998a79159fa7e309bf9271039bb3846436b6ace1","continuation","False","108","71","37","0.343","4","4","16","12"
"2026-04-13T11:55:52.103884Z","final-24h-tenant","575d7bad584bd0ebbabd4c78c3a1672d3f211a34b1e8eaf0b4c872d35a444b5b","codex","d4c407ded7675d27167889355e7c2457c8e6d7cba7962544b1619adb8e1656d3","76a232a246f7fa81a4abc6477fe673e1ca602ec5a612519178ce4070ada4fd48","continuation","False","108","71","37","0.343","4","4","16","12"
"2026-04-13T11:56:22.305462Z","final-24h-tenant","575d7bad584bd0ebbabd4c78c3a1672d3f211a34b1e8eaf0b4c872d35a444b5b","codex","4d168e4a5f75f718d01878396ace2c128086904bc69ffd4496a745987851470f","b21a57690e1beea8e744cf3132cb7b1433a313fac039eb32caedb93f91b2da58","continuation","False","108","71","37","0.343","4","4","16","12"
"2026-04-13T11:56:52.518965Z","final-24h-tenant","575d7bad584bd0ebbabd4c78c3a1672d3f211a34b1e8eaf0b4c872d35a444b5b","codex","b44c3f35cc868e90b65dbadf760d54f87989910064f48e06433bb4ce283ca06a","0a805ba3f5825ab821a7abce0ab114231483609c33882f62078f3bdabb681b5a","continuation","False","108","71","37","0.343","4","4","16","12"
"2026-04-13T11:57:22.728875Z","final-24h-tenant","575d7bad584bd0ebbabd4c78c3a1672d3f211a34b1e8eaf0b4c872d35a444b5b","codex","09182b9264798567119d8566285fa3b4dc2292471d2df9389be4ca6ea1f86e99","66d73abcfcf170571205079cfd16c4bd282a69a2bbb40b2f90fa10488e309299","continuation","False","108","71","37","0.343","4","4","16","12"
"2026-04-13T11:57:23.911595Z","openclaw","575d7bad584bd0ebbabd4c78c3a1672d3f211a34b1e8eaf0b4c872d35a444b5b","openclaw-agent","18b48613e2cad58a22c73ac2ea5b1e703f536d6399b16ec6667add30d8481a67","5f5930cf0c763d2acea934e1814c76f8c8f7e1d51cac6651cadb127c64317175","continuation","False","110","56","54","0.491","3","3","16","13"
"2026-04-13T11:57:52.955869Z","final-24h-tenant","575d7bad584bd0ebbabd4c78c3a1672d3f211a34b1e8eaf0b4c872d35a444b5b","codex","fa4a2cec4c2d4cb30ddeb605e8eb4a0aa42ad4c626a5e1d999747080e8fa0614","f34d3afb08aad035a736b0a0103a1847788a69c8edeacd9914f924a884c81298","continuation","False","108","71","37","0.343","4","4","16","12"
"2026-04-13T11:58:23.163691Z","final-24h-tenant","575d7bad584bd0ebbabd4c78c3a1672d3f211a34b1e8eaf0b4c872d35a444b5b","codex","792bcabbfa5e082dcdd648bdf9e5f44a7a4a489644f2f2f812c43e70729ef44b","73b0851c21d1040cd09fa7415ef8892b61ed3dc44f39d1c02ce16976722fc339","continuation","False","108","71","37","0.343","4","4","16","12"
"2026-04-13T11:58:53.354882Z","final-24h-tenant","575d7bad584bd0ebbabd4c78c3a1672d3f211a34b1e8eaf0b4c872d35a444b5b","codex","8220255e2ee90a6fa7c85827fb8fa7c394972292bcbc30aa4a4da2608170c84a","798a5c0480d66698644481224213f48e3264589009d00b6f7e7803ce5ea0ea3e","continuation","False","108","71","37","0.343","4","4","16","12"
"2026-04-13T11:59:23.581721Z","final-24h-tenant","575d7bad584bd0ebbabd4c78c3a1672d3f211a34b1e8eaf0b4c872d35a444b5b","codex","317ba68de0c26fbfc583deb32680faf928a43b2b8711db9d777828fb158f31ea","c8d1ea1490a6ef5da4556e9699449de41d26618fc1107804a7556f109e5c54e2","continuation","False","108","71","37","0.343","4","4","16","12"
"2026-04-13T11:59:53.794291Z","final-24h-tenant","575d7bad584bd0ebbabd4c78c3a1672d3f211a34b1e8eaf0b4c872d35a444b5b","codex","d08c31a76b34d431459d5b54e134967701946cad453a1f319b0ac64e588672a0","a1d16fed48051b4b9ff4f3e58458aef6aeeba9243d0a7ba16f21d6c46457cdac","continuation","False","108","71","37","0.343","4","4","16","12"
"2026-04-13T12:00:24.003219Z","final-24h-tenant","575d7bad584bd0ebbabd4c78c3a1672d3f211a34b1e8eaf0b4c872d35a444b5b","codex","692ae58ce9d21c3553e432bb95e5ba54abcf8dfb602cbec4d9619a2180632275","e6d020423a5dd913414a5d47cea079fed31648b31fbdd89d04c25a147aa14329","continuation","False","108","71","37","0.343","4","4","16","12"
"2026-04-13T12:00:54.195949Z","final-24h-tenant","575d7bad584bd0ebbabd4c78c3a1672d3f211a34b1e8eaf0b4c872d35a444b5b","codex","4939bcd10ca3c4f392d4998b91593854f9bd050e784d852aa5dacd0cfc8926d0","5bf4ff7a52a6acad24674dd834d3c235c9f3a88e18545d9dad7968e9e5da020e","continuation","False","108","71","37","0.343","4","4","16","12"
"2026-04-13T12:01:24.412376Z","final-24h-tenant","575d7bad584bd0ebbabd4c78c3a1672d3f211a34b1e8eaf0b4c872d35a444b5b","codex","d5893a7264062825fb1f2c06af2a246e0b072d6903c8bf08e2d74810c5077ace","8142ff24149d1a87fa7b48da4f6426d5ead7ec693274fc919d0989c395f60cab","continuation","False","108","71","37","0.343","4","4","16","12"
"2026-04-13T12:01:54.600042Z","final-24h-tenant","575d7bad584bd0ebbabd4c78c3a1672d3f211a34b1e8eaf0b4c872d35a444b5b","codex","b0107884902985e9de002d5656d12dc4b271bc3f34b5144bd6c3ab0ed881e3ab","972705103461fcf4c5237f9fbe0fa9b2461da5a90551e44eab0f92d51248f619","continuation","False","108","71","37","0.343","4","4","16","12"
"2026-04-13T12:02:24.822251Z","final-24h-tenant","575d7bad584bd0ebbabd4c78c3a1672d3f211a34b1e8eaf0b4c872d35a444b5b","codex","8bb1738f20f2f1a59889fdd6aa531fef2b40949329f4027c4ad169e4152015e4","e9ad28a776268a1a6684781f807a39af9bc634e181a25a4e3eac5b7721534901","continuation","False","108","71","37","0.343","4","4","16","12"
"2026-04-13T12:02:47.435322Z","openclaw","575d7bad584bd0ebbabd4c78c3a1672d3f211a34b1e8eaf0b4c872d35a444b5b","openclaw-agent","d38cf0bc076be40775fcab518d9165e9255248b4d681110c20038b3f1fe62c08","5f5930cf0c763d2acea934e1814c76f8c8f7e1d51cac6651cadb127c64317175","continuation","False","110","56","54","0.491","3","3","16","13"
"2026-04-13T12:02:55.066119Z","final-24h-tenant","575d7bad584bd0ebbabd4c78c3a1672d3f211a34b1e8eaf0b4c872d35a444b5b","codex","032517f6d8576a00b30ea38478be2b58350b11e6d472701a9706ff8fed635e1a","1b8ac6ca66a4be0bb9f419c8300fcc72b0ba4ed8fe2c2fce265f60a235f9c11b","continuation","False","108","71","37","0.343","4","4","16","12"
"2026-04-13T12:03:04.041832Z","openclaw","575d7bad584bd0ebbabd4c78c3a1672d3f211a34b1e8eaf0b4c872d35a444b5b","openclaw-agent","8cd978b9b254b0fa4421ed59372cad546831c3775632881e8a06b45f1defb42d","85dc96ce2caea208ca69382144796541a9e3990ddbd16e6076132a27c39cc7c4","continuation","False","110","56","54","0.491","3","3","16","13"
"2026-04-13T12:03:25.257434Z","final-24h-tenant","575d7bad584bd0ebbabd4c78c3a1672d3f211a34b1e8eaf0b4c872d35a444b5b","codex","e38c88cf4215f6a241320f3e0f18b8285e6f6821345fb7483acc803d99c816c3","3ab0c40a00b0a4254cc5fe12032b6341a00babad29a30fb56818babe45210544","continuation","False","101","67","34","0.337","4","4","16","12"
"2026-04-13T12:03:55.120487Z","openclaw","575d7bad584bd0ebbabd4c78c3a1672d3f211a34b1e8eaf0b4c872d35a444b5b","openclaw-agent","b3fb6f48b3a6f2750e3f8b3384921ee7c7d3ac7bd85e9071fa3cc77ba7afdfee","85dc96ce2caea208ca69382144796541a9e3990ddbd16e6076132a27c39cc7c4","continuation","False","118","51","67","0.568","3","3","16","13"
"2026-04-13T12:03:55.470330Z","final-24h-tenant","575d7bad584bd0ebbabd4c78c3a1672d3f211a34b1e8eaf0b4c872d35a444b5b","codex","d761dab40005191502581069a830d2c6daefd1a24a5e5ba18b926883148e2ac5","6a917b04c747e6366469e99eff4ad7391b5d0e4d1d97badd890f99b16763d174","continuation","False","101","67","34","0.337","4","4","16","12"
"2026-04-13T12:04:25.680083Z","final-24h-tenant","575d7bad584bd0ebbabd4c78c3a1672d3f211a34b1e8eaf0b4c872d35a444b5b","codex","58d3b3a7e764fe2ac42180d3f404557dc00e37958b0253130fa6f25117fac447","d5d9b05602e0c5f50ffd3e1b031029c290a1d4c3a50c79d60f320a9c2ffd2827","continuation","False","111","66","45","0.405","4","4","16","12"
"2026-04-13T12:04:55.898575Z","final-24h-tenant","575d7bad584bd0ebbabd4c78c3a1672d3f211a34b1e8eaf0b4c872d35a444b5b","codex","1b9c7cd3e3c629bea3d144384eef1f0b0bf978b493616660a5eb0d3acecb03d0","c7b7d3d740d7593fb4199a0fa5ee38db6af0a0c27dd7d4070be5fee12f8843b2","continuation","False","111","66","45","0.405","4","4","16","12"
"2026-04-13T12:05:26.104228Z","final-24h-tenant","575d7bad584bd0ebbabd4c78c3a1672d3f211a34b1e8eaf0b4c872d35a444b5b","codex","09405d16a8029cc3af345ce961ed0d220501035da6e6954ec779f1611a81438d","b2d4acfa754bd157adf907772f04b2cb9f7bd2ead13453e6ff7dd28a8685ab38","continuation","False","111","66","45","0.405","4","4","16","12"
"2026-04-13T12:05:56.306076Z","final-24h-tenant","575d7bad584bd0ebbabd4c78c3a1672d3f211a34b1e8eaf0b4c872d35a444b5b","codex","128691f4316089734eb3a35e497c6068e1378cbb5a41f190e199bf22f6d77dbe","2a58a0b741d9144a7f7f7e0fbc4103ff87ae7c7c9b5d8c61622933311951acac","continuation","False","111","66","45","0.405","4","4","16","12"
"2026-04-13T12:06:27.123475Z","final-24h-tenant","575d7bad584bd0ebbabd4c78c3a1672d3f211a34b1e8eaf0b4c872d35a444b5b","codex","22daf4e022d1b9d51d03c3dd13d5d5c3f91137e24053fec4257d6f89feddbcb9","5339821dca2e31a8302e9a41e9c4702603c2b4f8d42b451de47a6a8877ae9c2f","continuation","False","111","66","45","0.405","4","4","16","12"
"2026-04-13T12:06:44.163101Z","openclaw","575d7bad584bd0ebbabd4c78c3a1672d3f211a34b1e8eaf0b4c872d35a444b5b","openclaw-agent","d2f566d3074ca9599c7864846647b7546fdb94c338fea59b49539c1dfe2226e4","85dc96ce2caea208ca69382144796541a9e3990ddbd16e6076132a27c39cc7c4","continuation","False","126","50","76","0.603","3","3","16","13"
"2026-04-13T12:06:46.090371Z","openclaw","575d7bad584bd0ebbabd4c78c3a1672d3f211a34b1e8eaf0b4c872d35a444b5b","openclaw-agent","47d28ccb8db6842c2c90e147580c30da82384ed7261ca109de53bb7a946f1d0a","85dc96ce2caea208ca69382144796541a9e3990ddbd16e6076132a27c39cc7c4","continuation","False","132","49","83","0.629","3","3","16","13"
"2026-04-13T12:06:57.314481Z","final-24h-tenant","575d7bad584bd0ebbabd4c78c3a1672d3f211a34b1e8eaf0b4c872d35a444b5b","codex","af0dc60cb373048417c83b4d271c229a6bcbfad44edd6c23f92af919dd4a711d","568969689cd705cb0a4105539db41e0e679ec8a8e90d4f8bd10a707021e8049f","continuation","False","121","65","56","0.463","4","4","16","12"
"2026-04-13T12:07:27.534572Z","final-24h-tenant","575d7bad584bd0ebbabd4c78c3a1672d3f211a34b1e8eaf0b4c872d35a444b5b","codex","292c184dde22637cee9d114a6fe57275754dd0a0e3b43761457ae68745b4c1fc","1238db4d0c55fc2cd6d39961c7517d083c6de67ab06ddad98ac85e5710286720","continuation","False","121","65","56","0.463","4","4","16","12"
"2026-04-13T12:07:57.734390Z","final-24h-tenant","575d7bad584bd0ebbabd4c78c3a1672d3f211a34b1e8eaf0b4c872d35a444b5b","codex","ab872d5b18a664a8c166c2015a5da39d1e39e60661f7d80880aee25104ceeccc","57446bfdde0200d11a34ff0cad7dcf422f881a87f6e17ca2bde87b0e1c439d7c","continuation","False","121","65","56","0.463","4","4","16","12"
"2026-04-13T12:08:27.960449Z","final-24h-tenant","575d7bad584bd0ebbabd4c78c3a1672d3f211a34b1e8eaf0b4c872d35a444b5b","codex","0062e9c7a3de2143bb923d45c83bfc22946bd9ecb608e71c6a02d442a0eddf7b","509252d4680fbf339ba814855d5b946ff2b87cf5a3d7d319936c336f1f35554a","continuation","False","121","65","56","0.463","4","4","16","12"
"2026-04-13T12:08:58.167347Z","final-24h-tenant","575d7bad584bd0ebbabd4c78c3a1672d3f211a34b1e8eaf0b4c872d35a444b5b","codex","9bbee5704408fa42a7bddfb41d0f8030753df9b47450ec10abe410854029ff54","67ce79f770d8da8e12b4c12b56253385a672f01dbf1f599accb3ed8035580acb","continuation","False","121","65","56","0.463","4","4","16","12"
"2026-04-13T12:09:28.376197Z","final-24h-tenant","575d7bad584bd0ebbabd4c78c3a1672d3f211a34b1e8eaf0b4c872d35a444b5b","codex","07be76ba3260a1db1817905a8debecb13601722ec4fd1a77666c67406c94ac1c","d1f1dad0ede0ab6d90eea3dcabf33e575661c1ddde842b514e9594ceafd48d12","continuation","False","121","65","56","0.463","4","4","16","12"
"2026-04-13T12:09:50.871115Z","openclaw","575d7bad584bd0ebbabd4c78c3a1672d3f211a34b1e8eaf0b4c872d35a444b5b","openclaw-agent","54ee8da10849cd13b669cda74b3f3ea9173de4dcb862f170abd93c11fa9977c2","85dc96ce2caea208ca69382144796541a9e3990ddbd16e6076132a27c39cc7c4","continuation","False","132","49","83","0.629","3","3","16","13"
"2026-04-13T12:09:58.591585Z","final-24h-tenant","575d7bad584bd0ebbabd4c78c3a1672d3f211a34b1e8eaf0b4c872d35a444b5b","codex","b30313c6a11540cd74fb6a06a4d4b8cf74c489f9ba952723cc264359e49d4b44","db83b06a3b4c57d3cbf3e1f791b2781c74f599e60524c5b66cc9d85bd69b85c7","continuation","False","121","65","56","0.463","4","4","16","12"
"2026-04-13T12:10:28.830264Z","final-24h-tenant","575d7bad584bd0ebbabd4c78c3a1672d3f211a34b1e8eaf0b4c872d35a444b5b","codex","d4a91bea9fea1766909a08d9e6e0a9b4f968938e63423bde31986058d4a01e50","bed0d83fd7aab021d6daa98c17a72090d7f52eb24868d5686c971d95afaf6b70","continuation","False","121","65","56","0.463","4","4","16","12"
"2026-04-13T12:10:59.032934Z","final-24h-tenant","575d7bad584bd0ebbabd4c78c3a1672d3f211a34b1e8eaf0b4c872d35a444b5b","codex","1b4c0f924cb4bc59ac70813d8e696265439cab4c5fa0f151e36e30169658c4e2","c2421362068d4e2fdab953b815a8285bcf297f768bbba6de2a2808d49022275a","continuation","False","121","65","56","0.463","4","4","16","12"
"2026-04-13T12:11:29.407573Z","final-24h-tenant","575d7bad584bd0ebbabd4c78c3a1672d3f211a34b1e8eaf0b4c872d35a444b5b","codex","33825c875551a0a211c246742281bd09222a3b9bb41f4926a29bba085e40e893","cb46aa390ff93a395f41d435fdf3d033dd75a288a778ed960d0ce0994c347ff0","continuation","False","121","65","56","0.463","4","4","16","12"
"2026-04-13T12:11:59.628476Z","final-24h-tenant","575d7bad584bd0ebbabd4c78c3a1672d3f211a34b1e8eaf0b4c872d35a444b5b","codex","a507d76c3eebd52e724a74a85b4dc3d91ec18c44d31eb0c76b3178416fa1ec96","96342b9de8b2d006279f98ec99250160390107e1631a92387170088bead3a43b","continuation","False","121","65","56","0.463","4","4","16","12"
"2026-04-13T12:12:29.835709Z","final-24h-tenant","575d7bad584bd0ebbabd4c78c3a1672d3f211a34b1e8eaf0b4c872d35a444b5b","codex","4a01d9df6d45417dbaabf779c9b4a7e0e262e76ae0d527da5991b60839d04d4f","91cc47d2de45c791e9bf1683720beaf33195b27ba75943442f58a36274e71760","continuation","False","121","65","56","0.463","4","4","16","12"
"2026-04-13T12:12:56.789716Z","openclaw","575d7bad584bd0ebbabd4c78c3a1672d3f211a34b1e8eaf0b4c872d35a444b5b","openclaw-agent","ece41fe638fabe17193182132ca6b7a044bb8f7af2588b1284c1e2561acc3420","4e84e5fb75683b25509c9f5265b522fe393d36381bf29057251e93c80b526181","continuation","False","132","49","83","0.629","3","3","16","13"
"2026-04-13T12:13:00.043441Z","final-24h-tenant","575d7bad584bd0ebbabd4c78c3a1672d3f211a34b1e8eaf0b4c872d35a444b5b","codex","77bc03f57595358a9015895b833bf5cbf593a3f838221283a079962dc12c8afc","1b88c6de3e6af04431866e128b25320329bdabea5984b6cc419a26c7e3e8caac","continuation","False","121","65","56","0.463","4","4","16","12"
"2026-04-13T12:13:30.259803Z","final-24h-tenant","575d7bad584bd0ebbabd4c78c3a1672d3f211a34b1e8eaf0b4c872d35a444b5b","codex","7ebdc4e9609f642be6bd9e6d1d52e36ed3d2164859e2fab18f24923501d01b1c","4a742d424844a92f73986abb5fdb8c0266bcd823596fa398a47f8207efa0736c","continuation","False","121","65","56","0.463","4","4","16","12"
"2026-04-13T12:14:00.476915Z","final-24h-tenant","575d7bad584bd0ebbabd4c78c3a1672d3f211a34b1e8eaf0b4c872d35a444b5b","codex","0c8c433e4b143ae95672b9d9e8da074017a9dfc9b2fa7c99ce0b2b4743fa81b0","77fb9891ad6ac7e72fc31dc9f5493f89e82c56bc1af482d2e3fefb3df316b965","continuation","False","121","65","56","0.463","4","4","16","12"
"2026-04-13T12:14:30.682399Z","final-24h-tenant","575d7bad584bd0ebbabd4c78c3a1672d3f211a34b1e8eaf0b4c872d35a444b5b","codex","bca4c2f854f3f2fe0c9e27634f0dc473dc63eb3e9eae5afd4e32fe7cfdb07232","b75d5e5f6555625e1dc9106022c1a5c33d92fba8a11affe7b5285f4127c4533e","continuation","False","121","65","56","0.463","4","4","16","12"
"2026-04-13T12:15:00.901959Z","final-24h-tenant","575d7bad584bd0ebbabd4c78c3a1672d3f211a34b1e8eaf0b4c872d35a444b5b","codex","75dbc0d09fbd95ad61cebb430f2fcabfcfdd206df176c6f8d06bd1d5e342ab4d","459ef5ec16e42c2bc8bbd87c3deaea046cb95ef9141632b8880432337eb30188","continuation","False","121","65","56","0.463","4","4","16","12"
"2026-04-13T12:15:31.101755Z","final-24h-tenant","575d7bad584bd0ebbabd4c78c3a1672d3f211a34b1e8eaf0b4c872d35a444b5b","codex","70fe6b61923faf315fc6a6fd28024b2a2d49141fe9bc4f2f8d5f4576cc1ec727","2a32691b50199e0bc7e24b278e157dc4b1b00741370359bef9d570a5c7d8b787","continuation","False","121","65","56","0.463","4","4","16","12"
"2026-04-13T12:16:01.299467Z","final-24h-tenant","575d7bad584bd0ebbabd4c78c3a1672d3f211a34b1e8eaf0b4c872d35a444b5b","codex","62eb704d5ae91176b936ca8d429775ad2c3aee79f6b0034eed5bad49645a328a","8d1694c9df26641f299a0ffd9f79890588d13d5b52f130553c8ee927e7b7688a","continuation","False","121","65","56","0.463","4","4","16","12"
"2026-04-13T12:16:31.505343Z","final-24h-tenant","575d7bad584bd0ebbabd4c78c3a1672d3f211a34b1e8eaf0b4c872d35a444b5b","codex","f2074932316870de651fa07e3fc19ec3df1f34e4b402120359ccab6e485cafe3","7f7798fdfa99156aff5eba2ec56e1a14773d9c887399ef6fbe8ef85e4c3a2aab","continuation","False","121","65","56","0.463","4","4","16","12"
"2026-04-13T12:17:01.758716Z","final-24h-tenant","575d7bad584bd0ebbabd4c78c3a1672d3f211a34b1e8eaf0b4c872d35a444b5b","codex","e0c6e9b505dd957fa7a59f707fb384142a94956b4008aa3fed79b954649a258b","fec04039e5bedc4953ca6a6e9e77e9a994bfcc1898e6f239d39af1741149511e","continuation","False","121","65","56","0.463","4","4","16","12"
"2026-04-13T12:17:31.987731Z","final-24h-tenant","575d7bad584bd0ebbabd4c78c3a1672d3f211a34b1e8eaf0b4c872d35a444b5b","codex","5c9c3b4f6884f4de32e66a278b50fd7ade056d00c1c7bdf0340e630a7f20037d","75bfb4db92359096858e61233f051eb4a0595903d215b2243d74cbdf142bd7b2","continuation","False","121","65","56","0.463","4","4","16","12"
"2026-04-13T12:18:02.209791Z","final-24h-tenant","575d7bad584bd0ebbabd4c78c3a1672d3f211a34b1e8eaf0b4c872d35a444b5b","codex","761e187d07ba084bbc2e53350daa1cad3c174769bdff3ac59920e476d3adf157","9d7e0c08369edb0fed1c9d1f96fdc3be3f23f096dc5a16b1ddd0e9b1c934c957","continuation","False","121","65","56","0.463","4","4","16","12"
"2026-04-13T12:18:32.433871Z","final-24h-tenant","575d7bad584bd0ebbabd4c78c3a1672d3f211a34b1e8eaf0b4c872d35a444b5b","codex","04db132bd33c858f9b652487331e05fedce82ff1de811585e05d73842b305a56","43c6e99fdc649036db1779783372bd79c5e29a4a2ea1d744a6758c2a41e2cf2b","continuation","False","121","65","56","0.463","4","4","16","12"
"2026-04-13T12:19:02.652926Z","final-24h-tenant","575d7bad584bd0ebbabd4c78c3a1672d3f211a34b1e8eaf0b4c872d35a444b5b","codex","1c957be4c7e55320c62bcdacbc417685dd1781ad78041f4b7ee3ccdc42001980","c151900d0c69b311a75e40ee0d85a115531b6bdcb3c58b6b6aa5f09b9995d2b3","continuation","False","121","65","56","0.463","4","4","16","12"
"2026-04-13T12:19:32.873934Z","final-24h-tenant","575d7bad584bd0ebbabd4c78c3a1672d3f211a34b1e8eaf0b4c872d35a444b5b","codex","f0ada3e7ca42d4a975d827fa3797c55387caa5adc82c75db11bd7141cb9ff58c","6ad0d82268d2e91da3a7240df9ef483929e43e3831148d508822e5776b1e831c","continuation","False","121","65","56","0.463","4","4","16","12"
"2026-04-13T12:20:03.089808Z","final-24h-tenant","575d7bad584bd0ebbabd4c78c3a1672d3f211a34b1e8eaf0b4c872d35a444b5b","codex","9f2238a7d32b5fdcd2812c261dff3d1d814e5380df6a1320bd291685ed6caf0f","fdaa3eceaa246667f0551302c710c565159f506c264e79879f649daba3c6dcf7","continuation","False","121","65","56","0.463","4","4","16","12"
"2026-04-13T12:20:33.299538Z","final-24h-tenant","575d7bad584bd0ebbabd4c78c3a1672d3f211a34b1e8eaf0b4c872d35a444b5b","codex","0fdd18276f025c6fc963fd775981b106869cdce8cfe517f07c823bf49f2080ff","d85384edcead72887f35361e1ac54ddd994aab552cf0ac122906a411ba13cd09","continuation","False","121","65","56","0.463","4","4","16","12"
"2026-04-13T12:21:03.523013Z","final-24h-tenant","575d7bad584bd0ebbabd4c78c3a1672d3f211a34b1e8eaf0b4c872d35a444b5b","codex","9f29991be7efa42c5ed3094cbb5889863ad98bb31ff6213019cbc40ba6ee7cfb","acb826ed79baab288b50330a07d0eeeed3ff370b964d3693b9f173ec6ebea481","continuation","False","121","65","56","0.463","4","4","16","12"
"2026-04-13T12:21:33.739595Z","final-24h-tenant","575d7bad584bd0ebbabd4c78c3a1672d3f211a34b1e8eaf0b4c872d35a444b5b","codex","1517ee192dce44a75f35be45760853c4e7a7328f0f0fed80c24e90482ffe7fea","e4fe80bd89c5758a48e5a5646558b99a1b8f3d7a5a7c4f2c9a185270ed2ec140","continuation","False","121","65","56","0.463","4","4","16","12"
"2026-04-13T12:22:03.965205Z","final-24h-tenant","575d7bad584bd0ebbabd4c78c3a1672d3f211a34b1e8eaf0b4c872d35a444b5b","codex","395ce6dbab78f79eb19b97dbec84d6ca25ed382aaf5535929bac3570df13718b","69e396f5352501556b6e448703aa586544dbb0973dcb0a54de845095a70b702b","continuation","False","121","65","56","0.463","4","4","16","12"
"2026-04-13T12:22:34.204577Z","final-24h-tenant","575d7bad584bd0ebbabd4c78c3a1672d3f211a34b1e8eaf0b4c872d35a444b5b","codex","57e282731244bd3fda2c79130fc31bfe8abea5e28ca81f39f45a376231f2da0f","e90d7b3a150965cd1b24c52fbff7ac37694ccc73e975129dcddc96b0f939179b","continuation","False","121","65","56","0.463","4","4","16","12"
"2026-04-13T12:23:04.426989Z","final-24h-tenant","575d7bad584bd0ebbabd4c78c3a1672d3f211a34b1e8eaf0b4c872d35a444b5b","codex","718fbaa9bebed90f8641aede88aaf0b80cc2fee4a18349439030ddff5c4792c5","c857f871aa67ffd0e1d2a6175ff5a3c1487eba1a08410147315a005219aafe20","continuation","False","121","65","56","0.463","4","4","16","12"
"2026-04-13T12:23:34.673217Z","final-24h-tenant","575d7bad584bd0ebbabd4c78c3a1672d3f211a34b1e8eaf0b4c872d35a444b5b","codex","3214285849a52b9e7f6c0b3b22498267442c1cf650e87fd18f64437932a4771a","faaf57355be8bcb1f059a55b3ecd3e114b5fd20d0c2cf8c42befc3c66acbc996","continuation","False","121","65","56","0.463","4","4","16","12"
"2026-04-13T12:24:04.934682Z","final-24h-tenant","575d7bad584bd0ebbabd4c78c3a1672d3f211a34b1e8eaf0b4c872d35a444b5b","codex","c9e2ec76833d84c486773700854ebec63e6bcc3649e2c6a1cba05b39b5802aea","b50a5855bd8a94da3be9f3d37c8d11be5ddc61ab6bc935e21b088f293524a7f4","continuation","False","121","65","56","0.463","4","4","16","12"
"2026-04-13T12:24:35.175293Z","final-24h-tenant","575d7bad584bd0ebbabd4c78c3a1672d3f211a34b1e8eaf0b4c872d35a444b5b","codex","1c3afc1decaab42f06707671ed4f036a672aedce2b9bdc1dd7d3dcad8a7c7399","eff21c056be399a16eda4b82db4f28ef8517a9aeb07e2797491f8b238663a49c","continuation","False","121","65","56","0.463","4","4","16","12"
"2026-04-13T12:25:05.384986Z","final-24h-tenant","575d7bad584bd0ebbabd4c78c3a1672d3f211a34b1e8eaf0b4c872d35a444b5b","codex","2838cd57c945ade1dd1e25a3481c7e56a05f9acfa730c8d6cf11025a6e70aad8","a3b387850acc63f164bc1c248f861e31fcfada5fa26b114b92ac774e741e21ff","continuation","False","121","65","56","0.463","4","4","16","12"
"2026-04-13T12:25:35.602534Z","final-24h-tenant","575d7bad584bd0ebbabd4c78c3a1672d3f211a34b1e8eaf0b4c872d35a444b5b","codex","f174ea2bd81df10e3287392b5e40971bf9820f12806a2faa51a838232c4a0376","bc302337a07f70181718449ff5f798dd319f689524aaa79625beacd1fd2b7518","continuation","False","121","65","56","0.463","4","4","16","12"
"2026-04-13T12:26:05.849538Z","final-24h-tenant","575d7bad584bd0ebbabd4c78c3a1672d3f211a34b1e8eaf0b4c872d35a444b5b","codex","e303c23c7e3eadbc4cabdee26094319cb534d62b2786d51394e373ed7857a944","57cc6c0abd6862aef180e60b39326da24a800ad78ad8c3723f1ac6ff4a31a4d8","continuation","False","121","65","56","0.463","4","4","16","12"
"2026-04-13T12:26:36.093983Z","final-24h-tenant","575d7bad584bd0ebbabd4c78c3a1672d3f211a34b1e8eaf0b4c872d35a444b5b","codex","cf3c08bd4c0231b062fe7b168a6d6499df0deff094416cb0ec8c308bdee92b75","509e26fbb3aeae8a10a2734d55f116bb3b6da576ce2f9c7e6ed6aec8549d9536","continuation","False","121","65","56","0.463","4","4","16","12"
"2026-04-13T12:27:06.330455Z","final-24h-tenant","575d7bad584bd0ebbabd4c78c3a1672d3f211a34b1e8eaf0b4c872d35a444b5b","codex","d43c363b539f8d13fc47d054d3ebe0f5858c1f8fb838cb881060bcb2ef8e7ded","ed3116839ab9623083660e9dd70e7e1ddb7b2ff9532e95660967ab7f757b63cb","continuation","False","121","65","56","0.463","4","4","16","12"
"2026-04-13T12:27:36.578759Z","final-24h-tenant","575d7bad584bd0ebbabd4c78c3a1672d3f211a34b1e8eaf0b4c872d35a444b5b","codex","c187f53d4bd4bad59896de88c6a2764fe20a00c88baaa01753e84b4b7b8862bd","642171570dad6382260fe36f89d41faf9e519c62a545e34f85c25a347d51bffa","continuation","False","121","65","56","0.463","4","4","16","12"
"2026-04-13T12:28:06.833221Z","final-24h-tenant","575d7bad584bd0ebbabd4c78c3a1672d3f211a34b1e8eaf0b4c872d35a444b5b","codex","3dee8ce35bbac3400e08ceb3e68c7287f09c389640bc76cfcc5d97725e099f7c","5cafed38246a8bb276b536c8ea5ab2db3c72ad4b21f0eaaf4d9db75b6d5fdd38","continuation","False","121","65","56","0.463","4","4","16","12"
"2026-04-13T12:28:37.063555Z","final-24h-tenant","575d7bad584bd0ebbabd4c78c3a1672d3f211a34b1e8eaf0b4c872d35a444b5b","codex","b8dde42fcc94e205f79a2e89b2f055bdbeff6ac1e72fa417a4148750bf3f466b","63f45e0b89b3ac3f611a49bf46292b815da49316861a7b6ddaa41555a67964ec","continuation","False","121","65","56","0.463","4","4","16","12"
"2026-04-13T12:29:07.295287Z","final-24h-tenant","575d7bad584bd0ebbabd4c78c3a1672d3f211a34b1e8eaf0b4c872d35a444b5b","codex","81396e9d00a61afe946a3053e154ec38e7a297aa50a5e1546d6cc4a338334fc8","28c9098889c8777f801377dd43519ce944c011867d44273df6ff2dac56af3a9b","continuation","False","121","65","56","0.463","4","4","16","12"
"2026-04-13T12:29:37.539866Z","final-24h-tenant","575d7bad584bd0ebbabd4c78c3a1672d3f211a34b1e8eaf0b4c872d35a444b5b","codex","c67a0286ff3c51597d87c9706ebd04251a068f9c6727151ca128637bfde2aec1","3bc9c5f375a24749b4b4ed531d5048d510c49e8483ea01908eb658d9199fdc84","continuation","False","121","65","56","0.463","4","4","16","12"
"2026-04-13T12:30:07.801037Z","final-24h-tenant","575d7bad584bd0ebbabd4c78c3a1672d3f211a34b1e8eaf0b4c872d35a444b5b","codex","db20935252f25f63752825d7a440b8c625cbcc21aaa0de5113794e53eba3b2a2","794378b0385197db4823e0f80cd5bf64fcf8337a6e20a7f2c8492cdfc4e3e566","continuation","False","121","65","56","0.463","4","4","16","12"
"2026-04-13T12:30:38.031989Z","final-24h-tenant","575d7bad584bd0ebbabd4c78c3a1672d3f211a34b1e8eaf0b4c872d35a444b5b","codex","0b4e50a17f1dc2eaba4d2b0b3625adb176e7a00d327d4b8212453758e78c539c","4ee92decc195c5e234170f9052110ce6990b222c394d5f610c2b06e6f1b53615","continuation","False","121","65","56","0.463","4","4","16","12"
"2026-04-13T12:31:08.330363Z","final-24h-tenant","575d7bad584bd0ebbabd4c78c3a1672d3f211a34b1e8eaf0b4c872d35a444b5b","codex","5254fba70099fb85114d21386c864b851a0c607d93aebbab2d119af7baffcb34","cbb3c7bde0eee396366256f24babfaa2e749785c07d02f0b072ef9ccebc0e445","continuation","False","121","65","56","0.463","4","4","16","12"
"2026-04-13T12:31:38.607138Z","final-24h-tenant","575d7bad584bd0ebbabd4c78c3a1672d3f211a34b1e8eaf0b4c872d35a444b5b","codex","c8bb2b3eb8621eb7a4a968e236f083e9dec49c3be387a723f461be8a2606ff5e","12910bda68a9dc1cdf2b7b12fb39e1db70cdb82f0ba387707ab8eb34a7705ed9","continuation","False","121","65","56","0.463","4","4","16","12"
"2026-04-13T12:32:08.886167Z","final-24h-tenant","575d7bad584bd0ebbabd4c78c3a1672d3f211a34b1e8eaf0b4c872d35a444b5b","codex","4e53b4b825f0399d9326512865a083a5603b38c242fe3aa15f329ae14eef8c70","c43aef2cef477c1e50e6bc83772f03e004adcded4b6b4c56247d6e176badeed3","continuation","False","121","65","56","0.463","4","4","16","12"
"2026-04-13T12:32:39.127290Z","final-24h-tenant","575d7bad584bd0ebbabd4c78c3a1672d3f211a34b1e8eaf0b4c872d35a444b5b","codex","580d25a6852977776fe734604b46da3cbfea4793c674fef7f107ad25e1c855eb","2a2587d0324a7e4ef6c3eaaab2ffff2da895335aec1106b4ed29732b064169e6","continuation","False","121","65","56","0.463","4","4","16","12"
"2026-04-13T12:33:09.384978Z","final-24h-tenant","575d7bad584bd0ebbabd4c78c3a1672d3f211a34b1e8eaf0b4c872d35a444b5b","codex","4fecb17ecbb6efd4f77659bf906254664b66ff507c35baf156ec0f25fa5119ce","137a3fd58c765d9cead8247fbb8a383627de48aff41f818e78c4a59dad8191df","continuation","False","121","65","56","0.463","4","4","16","12"
"2026-04-13T12:33:39.634587Z","final-24h-tenant","575d7bad584bd0ebbabd4c78c3a1672d3f211a34b1e8eaf0b4c872d35a444b5b","codex","e689c079bbf382ef74f6afa411a49ca7680f4e70eb488f2c2b170a54c4160cda","acf66156409db61c20d95f904d957dabb3e8c6119099bba44f78251e0554925a","continuation","False","121","65","56","0.463","4","4","16","12"
"2026-04-13T12:34:09.867985Z","final-24h-tenant","575d7bad584bd0ebbabd4c78c3a1672d3f211a34b1e8eaf0b4c872d35a444b5b","codex","d6ac73a425eb49e5426008c88668b033a87db1e951727ee7084f65facb4c70af","38ffff6901b7977f18058d2dc8b304d5bb19c56e444bb35c4592459ee185765f","continuation","False","121","65","56","0.463","4","4","16","12"
"2026-04-13T12:34:40.106930Z","final-24h-tenant","575d7bad584bd0ebbabd4c78c3a1672d3f211a34b1e8eaf0b4c872d35a444b5b","codex","7ee6e8d24fcc286e3358859a5375cbab787acd5441bdeb1ba10f496661538511","59ce101db70bb8e4e44b3633c661c28a487dc16e52421d7a722a26ca882d7666","continuation","False","121","65","56","0.463","4","4","16","12"
"2026-04-13T12:35:10.351946Z","final-24h-tenant","575d7bad584bd0ebbabd4c78c3a1672d3f211a34b1e8eaf0b4c872d35a444b5b","codex","4bd02ed28936f450f1e1fd9fa9f699aeed6bb77bfc969c83ef7edaf51d591c63","9bd1ecc52df415ea8a339cc731852a511649b8e11b1ec64963489f672712a9be","continuation","False","121","65","56","0.463","4","4","16","12"
"2026-04-13T12:35:40.598594Z","final-24h-tenant","575d7bad584bd0ebbabd4c78c3a1672d3f211a34b1e8eaf0b4c872d35a444b5b","codex","70318b4bdb66f6888494d96f2d61ddd6f68b4a8a3b88dd98316ff594beaa7ee6","b481994762f51891cafc062ec8bbe8d1d8475359bc2eee76f1b2bef902977649","continuation","False","121","65","56","0.463","4","4","16","12"
"2026-04-13T12:36:10.864498Z","final-24h-tenant","575d7bad584bd0ebbabd4c78c3a1672d3f211a34b1e8eaf0b4c872d35a444b5b","codex","be1b8ab1644ef3eaa8d7372087c87359144e6e6c9a4756d943e8364c80773da7","8f606ba460fac87b78b241a06c759f9bb3f7923c8149a24773a8e47ce113ed65","continuation","False","121","65","56","0.463","4","4","16","12"
"2026-04-13T12:36:41.105811Z","final-24h-tenant","575d7bad584bd0ebbabd4c78c3a1672d3f211a34b1e8eaf0b4c872d35a444b5b","codex","df19623339d8ad3fa0045e008a507bdc28dce5a6a28f21aede9bfa6274159edd","3d5ca308cdad3b3075195e62322f3d5b0f81b1beee1b726c0112e2dfa319a5a9","continuation","False","121","65","56","0.463","4","4","16","12"
"2026-04-13T12:37:11.360132Z","final-24h-tenant","575d7bad584bd0ebbabd4c78c3a1672d3f211a34b1e8eaf0b4c872d35a444b5b","codex","c356f73499b1394c6a0ef86740c25050a43ad06cfe9b568fed82dbbf75d9500c","63ab3b6faeb848f0db44eb189f46abf21a6944d9f27982a67af3559f4c8e2ff8","continuation","False","121","65","56","0.463","4","4","16","12"
"2026-04-13T12:37:41.598667Z","final-24h-tenant","575d7bad584bd0ebbabd4c78c3a1672d3f211a34b1e8eaf0b4c872d35a444b5b","codex","787712708baaed8b76e50189988d006f8daba90b89dd3988aa4b806636c49736","04dae039bdd9068f251e6cb4dfc2135df133d750496934bb830da6e293027705","continuation","False","121","65","56","0.463","4","4","16","12"
"2026-04-13T12:38:11.862946Z","final-24h-tenant","575d7bad584bd0ebbabd4c78c3a1672d3f211a34b1e8eaf0b4c872d35a444b5b","codex","d3d44b2ef1e5369bfe52bb71e4774f3ac783bfaa3dde41d23b4009dbe72d8628","69765b0e4ed5530f6836275de264f1224e005c9209400060d78640e17e1607d0","continuation","False","121","65","56","0.463","4","4","16","12"
"2026-04-13T12:38:42.105433Z","final-24h-tenant","575d7bad584bd0ebbabd4c78c3a1672d3f211a34b1e8eaf0b4c872d35a444b5b","codex","cd0bd23520a43b197031b064ec68e956a5225ea82afa1f33131bb97a6e128f0b","0737a1aa31dffb7d8309cb34b759d2ae1ea563691d74ab51c8bc48852bc0311f","continuation","False","121","65","56","0.463","4","4","16","12"
"2026-04-13T12:39:12.358592Z","final-24h-tenant","575d7bad584bd0ebbabd4c78c3a1672d3f211a34b1e8eaf0b4c872d35a444b5b","codex","af6bde9bf7436ef1df82d7e24a4b9dd6500f8213b2315e168db28522fda9b271","70b4684e4af8d1829d52f05c968aba13debec815e09ce30b0b4cf0dfaef54225","continuation","False","121","65","56","0.463","4","4","16","12"
"2026-04-13T12:39:42.611854Z","final-24h-tenant","575d7bad584bd0ebbabd4c78c3a1672d3f211a34b1e8eaf0b4c872d35a444b5b","codex","61d3d9e8d267bdab2d11a57b84f06c02c1109fd2d44abe9721a41c797661b65c","dee0636320d495a49134d044dc8eb7ed49bb0b29d6b6be08f73998e7c5962a30","continuation","False","121","65","56","0.463","4","4","16","12"
"2026-04-13T12:40:12.880700Z","final-24h-tenant","575d7bad584bd0ebbabd4c78c3a1672d3f211a34b1e8eaf0b4c872d35a444b5b","codex","39047e9b10ee0011af2a42eb17dad5fdb393a269143622642b091f6e98d7720a","79e94ac5ab2167ec2ddc204f58771d487ce24c27d5f59e3caab285518c993d77","continuation","False","121","65","56","0.463","4","4","16","12"
"2026-04-13T12:40:43.115159Z","final-24h-tenant","575d7bad584bd0ebbabd4c78c3a1672d3f211a34b1e8eaf0b4c872d35a444b5b","codex","3c0cd1843d7d134ad6f26d240d909db6330dbb4e670b2b42c6e0a55271561ff6","3af7f00018487f6709329eb49cea9c119f0c7d1fdc49dcda373a9e922e310cbd","continuation","False","121","65","56","0.463","4","4","16","12"
"2026-04-13T12:41:13.357051Z","final-24h-tenant","575d7bad584bd0ebbabd4c78c3a1672d3f211a34b1e8eaf0b4c872d35a444b5b","codex","8e2f0e0359aeb39497136d393138c18d5a811d1b0e14a3e5d82fc73ae25203e1","c4cf773c06575f5a68bc7462415bdd55da22150b783cb1a660fce72ce19005e5","continuation","False","121","65","56","0.463","4","4","16","12"
"2026-04-13T12:41:43.661871Z","final-24h-tenant","575d7bad584bd0ebbabd4c78c3a1672d3f211a34b1e8eaf0b4c872d35a444b5b","codex","d8a0c1b55613c6d01ebffd0741ff7d171360faeb9064af1c23ba4b76b0f2cab4","dd686e034a39d7ff8c5acba2f4c7ca395adc3d1d0d090a371d0cf16212d064a7","continuation","False","121","65","56","0.463","4","4","16","12"
"2026-04-13T12:42:13.917564Z","final-24h-tenant","575d7bad584bd0ebbabd4c78c3a1672d3f211a34b1e8eaf0b4c872d35a444b5b","codex","cbed7fcfa9a4f9113d10bdd3fd867f2bb88c55bb6fe15f10974d62d5ae51dbf1","2dca2e2456993fcf89cec29bacdf934c9f4922f345afbdd33a6bee5ff40fba71","continuation","False","121","65","56","0.463","4","4","16","12"
"2026-04-13T12:42:44.157729Z","final-24h-tenant","575d7bad584bd0ebbabd4c78c3a1672d3f211a34b1e8eaf0b4c872d35a444b5b","codex","2c37b9538d76d331aaab0c130f4cc8c115bd15ad8ca9771566e31c4818d76209","752a4b908f57aed078fafe930406ce7f2309b0402d88787a9a08ff979ca121f3","continuation","False","121","65","56","0.463","4","4","16","12"
"2026-04-13T12:43:14.423985Z","final-24h-tenant","575d7bad584bd0ebbabd4c78c3a1672d3f211a34b1e8eaf0b4c872d35a444b5b","codex","6efc93fb06a2c883555633978c0e45533680fd6bee32f2b70d65f2fd01a64491","da25ac903ebc08f276064a6587cc67e5b1fe0d281f21c6df23609be9da2ffc83","continuation","False","121","65","56","0.463","4","4","16","12"
"2026-04-13T12:43:44.680399Z","final-24h-tenant","575d7bad584bd0ebbabd4c78c3a1672d3f211a34b1e8eaf0b4c872d35a444b5b","codex","60bee9d7178451ce4502a11866de161d67117c3777404889efc06f562ed6c363","10a463e1eef9d760c0f95b56dfcdc6ebe662392fd8bfba9e424025f71d21aec3","continuation","False","121","65","56","0.463","4","4","16","12"
"2026-04-13T12:44:14.943917Z","final-24h-tenant","575d7bad584bd0ebbabd4c78c3a1672d3f211a34b1e8eaf0b4c872d35a444b5b","codex","26aa82ad396524940bbb1a05bf0a68e752137a9c26947016428d9c3816cf9342","2278e4c17d1732d79d6722d600925878381669046041edcf38a146d0ca442e93","continuation","False","121","65","56","0.463","4","4","16","12"
"2026-04-13T12:44:45.218853Z","final-24h-tenant","575d7bad584bd0ebbabd4c78c3a1672d3f211a34b1e8eaf0b4c872d35a444b5b","codex","62c294e4f12fcdd5e71ad274b397b2f2820914ca31b811a6a328c9824fa98ccd","4b6b99b0f4178d89312c5e949f7cca0e36dc43f761705d6badaf1f1ab4323bcf","continuation","False","121","65","56","0.463","4","4","16","12"
"2026-04-13T12:45:15.497238Z","final-24h-tenant","575d7bad584bd0ebbabd4c78c3a1672d3f211a34b1e8eaf0b4c872d35a444b5b","codex","62dc8f7fe863f1eec9626819f08a5093622bea24af1556e5f62fa9acc91a9082","38ced6c542540719254148727c153d3f868ca4c3d9c65077675aaddfaec2f63d","continuation","False","121","65","56","0.463","4","4","16","12"
"2026-04-13T12:45:45.734947Z","final-24h-tenant","575d7bad584bd0ebbabd4c78c3a1672d3f211a34b1e8eaf0b4c872d35a444b5b","codex","e350ab9486f818c4d82c5c5b2909263b63a5cb2604cbe5fcea68f63b3eded348","1718fe68e0f8eee501ce2f95cb62e2a575e5c3dcf08af05ba8aac72375882690","continuation","False","121","65","56","0.463","4","4","16","12"
"2026-04-13T12:46:15.979161Z","final-24h-tenant","575d7bad584bd0ebbabd4c78c3a1672d3f211a34b1e8eaf0b4c872d35a444b5b","codex","b19ccea67adc0621942aa4850e175e0360d41ecd3cb088b5c465a08f230dc969","57cc37e1fe6424aa499a8e6ba744d60a2dd5edf03e8802cf15ce2b757b85e2c1","continuation","False","121","65","56","0.463","4","4","16","12"
"2026-04-13T12:46:46.235553Z","final-24h-tenant","575d7bad584bd0ebbabd4c78c3a1672d3f211a34b1e8eaf0b4c872d35a444b5b","codex","d544f93723e39ac29cc82762cd20982e8d86cf679d036651050a604087d84639","7ce4fddd9404800421a642bd80e17e1f00ee93f9dc3ffd9d068e3a259d4887f0","continuation","False","121","65","56","0.463","4","4","16","12"
"2026-04-13T12:47:16.507484Z","final-24h-tenant","575d7bad584bd0ebbabd4c78c3a1672d3f211a34b1e8eaf0b4c872d35a444b5b","codex","67b304e0977ff24e4cc0df73674b1bc9d2c8678a73784c73e036d3c902866397","b81edb182c02a09e5707395bc021d83c350c4a2f3b19452443dce451ab18e3a0","continuation","False","121","65","56","0.463","4","4","16","12"
"2026-04-13T12:47:46.782842Z","final-24h-tenant","575d7bad584bd0ebbabd4c78c3a1672d3f211a34b1e8eaf0b4c872d35a444b5b","codex","37d134d5ad661bc7122eb871a2a117327f30dab58f8fc858aed56f3fcac49371","1912fb6e379584d17fd7cde486fb59d6bdf08cfb605bccc76b96ff76ae999e53","continuation","False","121","65","56","0.463","4","4","16","12"
"2026-04-13T12:48:17.052185Z","final-24h-tenant","575d7bad584bd0ebbabd4c78c3a1672d3f211a34b1e8eaf0b4c872d35a444b5b","codex","7f79b2341ddc6f7fe3fcb15a399ecc3b73ab65c4661f82fb248d8e26702046c7","2696dfe50bc4d0aba76618beadbe8b0b2e53b65fed43970340d92481f39b8a16","continuation","False","121","65","56","0.463","4","4","16","12"
"2026-04-13T12:48:47.320483Z","final-24h-tenant","575d7bad584bd0ebbabd4c78c3a1672d3f211a34b1e8eaf0b4c872d35a444b5b","codex","b7fd35e6487df9ce7565e77b4b5d11d8bc2ca856192ca956ef8e1f71e8737b0d","ae78f453e4e394e66bd85af1d79099e01f859f067d0f2f66f0576770e9e883bc","continuation","False","121","65","56","0.463","4","4","16","12"
"2026-04-13T12:49:17.585115Z","final-24h-tenant","575d7bad584bd0ebbabd4c78c3a1672d3f211a34b1e8eaf0b4c872d35a444b5b","codex","d68d5ea03d11ca501f9933fa100357f68d5fea15763d01f5a13dbcf9c278ab98","87a31b4a8bb7d09156756f192441f95ed3e42d9a5041322e06f2fb45a4de4b40","continuation","False","121","65","56","0.463","4","4","16","12"
"2026-04-13T12:49:47.852170Z","final-24h-tenant","575d7bad584bd0ebbabd4c78c3a1672d3f211a34b1e8eaf0b4c872d35a444b5b","codex","24e75b6aee22d1d4a58d70d19393137e55889035be83d097407aafc7c8b9a2af","b0eedf1f541493ae5f7fd7a424a2de1a68eb9010b124184098cf3860c1adfa1b","continuation","False","121","65","56","0.463","4","4","16","12"
"2026-04-13T12:50:18.110495Z","final-24h-tenant","575d7bad584bd0ebbabd4c78c3a1672d3f211a34b1e8eaf0b4c872d35a444b5b","codex","465e7db4a25a583247985237553d4e88e0cf13715c8593f1a2bafb0bc618dd70","1309f81e9960e48edf0e60fce623fdd7e8c8358790703bed19c99107f5975ceb","continuation","False","121","65","56","0.463","4","4","16","12"
"2026-04-13T12:50:48.369769Z","final-24h-tenant","575d7bad584bd0ebbabd4c78c3a1672d3f211a34b1e8eaf0b4c872d35a444b5b","codex","f7b7473cb90618d630c3b6b91df1499b51d1453b8596ced0a5f06c973fe919f1","a73d504ae15c928d8ec1f02feaf8db31d79fdbfa824514f7b579f078b9247104","continuation","False","121","65","56","0.463","4","4","16","12"
"2026-04-13T12:51:18.614607Z","final-24h-tenant","575d7bad584bd0ebbabd4c78c3a1672d3f211a34b1e8eaf0b4c872d35a444b5b","codex","1df7726e4d76c475f7612ad5c98321f0a1ee3054c174c6fcaa3eb6312b60c67a","0fe1d224722f36e27efb5ece786435e9c9e421777e07791982b5b6569f5877e5","continuation","False","121","65","56","0.463","4","4","16","12"
"2026-04-13T12:51:48.865369Z","final-24h-tenant","575d7bad584bd0ebbabd4c78c3a1672d3f211a34b1e8eaf0b4c872d35a444b5b","codex","b9f4eb42659888b865d2c5b8ca5476b27f895a391c07d484a68e80fe485941fe","f9681222673470b01266eea32e7a2215627d208d2c63895d18d700ef834e145c","continuation","False","121","65","56","0.463","4","4","16","12"
"2026-04-13T12:52:19.125290Z","final-24h-tenant","575d7bad584bd0ebbabd4c78c3a1672d3f211a34b1e8eaf0b4c872d35a444b5b","codex","8f7e0da814af6e91023e761cd43e461593193a29645dd8a71e5364da1909ca2a","cb0fda9e856967b619ca9b5dcb198c401c782c2c382bd0128a80a79c6b6c97da","continuation","False","121","65","56","0.463","4","4","16","12"
"2026-04-13T12:52:49.405666Z","final-24h-tenant","575d7bad584bd0ebbabd4c78c3a1672d3f211a34b1e8eaf0b4c872d35a444b5b","codex","6b33dd3060c7781e123372f723f05d8d59b0ed676a5041e51f155a6c20edb112","aad944656479adb7e284ea3fcd9862a74aa95746f0de892a1ab3bfbb3e29a71a","continuation","False","121","65","56","0.463","4","4","16","12"
"2026-04-13T12:53:19.670772Z","final-24h-tenant","575d7bad584bd0ebbabd4c78c3a1672d3f211a34b1e8eaf0b4c872d35a444b5b","codex","1acc3489ec573c727a0e31226472cab8956693949bd406954ffeec3e95061f49","7cf8ad72518443869352faee868a282e4cc558dea0286dda4e6296ac2915303a","continuation","False","121","65","56","0.463","4","4","16","12"
"2026-04-13T12:53:49.923858Z","final-24h-tenant","575d7bad584bd0ebbabd4c78c3a1672d3f211a34b1e8eaf0b4c872d35a444b5b","codex","dd1aa505d3d39c8f24fdb18309de51dc0190026d5acc017e71c0b25646d6331e","5e6e78c13afc5a237e950b1c7a1f5465afbcf5249abc985f03662be17c46b13b","continuation","False","121","65","56","0.463","4","4","16","12"
"2026-04-13T12:54:20.156006Z","final-24h-tenant","575d7bad584bd0ebbabd4c78c3a1672d3f211a34b1e8eaf0b4c872d35a444b5b","codex","72a1e2eb4e3afa86c7a01f210a56161500684f7af17918655ac991d0a7db79ae","03f58f4734d6b5338556e81267e834cb4cd52ae51b0c67a8ae887237b4e7a65e","continuation","False","121","65","56","0.463","4","4","16","12"
"2026-04-13T12:54:50.413079Z","final-24h-tenant","575d7bad584bd0ebbabd4c78c3a1672d3f211a34b1e8eaf0b4c872d35a444b5b","codex","ad5ae9e7ec541a32b20302bfbc7c8ca5c650fba3db315e9c01bac8c7f0a05e8f","2407012a705ce04a8ba01c8c18b4a13b1a522fe45bd15123bf67a2507f4df18c","continuation","False","121","65","56","0.463","4","4","16","12"
"2026-04-13T12:55:20.694422Z","final-24h-tenant","575d7bad584bd0ebbabd4c78c3a1672d3f211a34b1e8eaf0b4c872d35a444b5b","codex","ec2c38afe096dee1a542c64a65cd83fc4fbbe0168f4765e41cba274b5c2276d0","b2b6b3d2ffad556e7d319317527aa6f6fb8c903e27392e81f66d1e74cbe3bf81","continuation","False","121","65","56","0.463","4","4","16","12"
"2026-04-13T12:55:50.944367Z","final-24h-tenant","575d7bad584bd0ebbabd4c78c3a1672d3f211a34b1e8eaf0b4c872d35a444b5b","codex","05642826ea84f0d9ac47804de3a37d223d42a3e124fc098b69aef0f5f25a0c0b","01617c6fce457241a3572dd7044a4eb2e6f0f823fbd9cd15154c523eb1c71d04","continuation","False","121","65","56","0.463","4","4","16","12"
"2026-04-13T12:56:21.214860Z","final-24h-tenant","575d7bad584bd0ebbabd4c78c3a1672d3f211a34b1e8eaf0b4c872d35a444b5b","codex","8414d76d9db4c584ccdd0331ccc54f4e8c42d1b572654cf965b59a7b942d8903","234c9499f712fbad00798bb6a3e7438d99b2dac941437783623adb06408304a8","continuation","False","121","65","56","0.463","4","4","16","12"
"2026-04-13T12:56:51.473186Z","final-24h-tenant","575d7bad584bd0ebbabd4c78c3a1672d3f211a34b1e8eaf0b4c872d35a444b5b","codex","05320ad762d1c32e9f945d331d8287b23c92aeee178a61c217992d51676da772","0928e7d0f28166f1d6a30eb52f4d728530ee7f43580826ac9e22f6b370b75d60","continuation","False","121","65","56","0.463","4","4","16","12"
"2026-04-13T12:57:21.740701Z","final-24h-tenant","575d7bad584bd0ebbabd4c78c3a1672d3f211a34b1e8eaf0b4c872d35a444b5b","codex","abb9328a86ad2cb87251ca87a758d8a0aad8524a062763b57b1163a9e455783f","c5bc81540c2028272a3e8df1857fa4ccb0f7e43d9a953e17f93d7a6c15214fae","continuation","False","121","65","56","0.463","4","4","16","12"
"2026-04-13T12:57:47.237890Z","openclaw","575d7bad584bd0ebbabd4c78c3a1672d3f211a34b1e8eaf0b4c872d35a444b5b","openclaw-agent","031ad1a2736d287aa591be2f9419e94dad909827cf66b79ffa7b47b221e5014b","4e84e5fb75683b25509c9f5265b522fe393d36381bf29057251e93c80b526181","continuation","False","132","49","83","0.629","3","3","16","13"
"2026-04-13T12:57:51.996313Z","final-24h-tenant","575d7bad584bd0ebbabd4c78c3a1672d3f211a34b1e8eaf0b4c872d35a444b5b","codex","bfafd8292309e551cc63f25565eb88411f40fb623792cc701d4c3f42cd729dad","6052aafc8abc9911c2d57f971b992a24e28c30f0418bbd3d5d0f25db63dcb556","continuation","False","121","65","56","0.463","4","4","16","12"
"2026-04-13T12:58:22.267036Z","final-24h-tenant","575d7bad584bd0ebbabd4c78c3a1672d3f211a34b1e8eaf0b4c872d35a444b5b","codex","d4f44ccaf5e443d823c046d6792750ad1a7f21955e272d87d9e8675c1ba636c7","e9df9f93557e00324f107cdb270169c54657b0c5189b73596193d486754ede5d","continuation","False","121","65","56","0.463","4","4","16","12"
"2026-04-13T12:58:52.537863Z","final-24h-tenant","575d7bad584bd0ebbabd4c78c3a1672d3f211a34b1e8eaf0b4c872d35a444b5b","codex","5dfa372ec96198453b63376e97c652d57a8aa97da93422be21061bc3691f3dcd","7103811f3f3b4a61388d3022d9de464e36ac2b0e4b8d3bd28b47d03ce6e1da68","continuation","False","121","65","56","0.463","4","4","16","12"
"2026-04-13T12:59:20.832002Z","openclaw","575d7bad584bd0ebbabd4c78c3a1672d3f211a34b1e8eaf0b4c872d35a444b5b","openclaw-agent","f2c239695b94024d98425b58d0b2897f74987185a2af1c88568e18479c43b97a","3425ea0a667b4f9e396ce660fa26a24495ba76dc0a792134d47c84b409b11918","implementation","True","150","0","150","1","0","0","0","0"
"2026-04-13T12:59:22.804751Z","final-24h-tenant","575d7bad584bd0ebbabd4c78c3a1672d3f211a34b1e8eaf0b4c872d35a444b5b","codex","66d4f8df3d1218926c952a7169f43aa2352d43953b79b70fb739662c19ecc1be","12a3453288337c35450695bf72924d6df3ac4f432324c07419dcb338fe173d80","continuation","False","121","65","56","0.463","4","4","16","12"
"2026-04-13T12:59:29.140292Z","openclaw","575d7bad584bd0ebbabd4c78c3a1672d3f211a34b1e8eaf0b4c872d35a444b5b","openclaw-agent","00f34d107c13bb9ac20a427fa386e44fffca6ad8cd34b91cdf8c8d543359ce4e","10acee322038deb6284afe424f65f3bcbfba830418e1ba440cebe7ad914a26c8","continuation","False","132","49","83","0.629","3","3","16","13"
"2026-04-13T12:59:53.071961Z","final-24h-tenant","575d7bad584bd0ebbabd4c78c3a1672d3f211a34b1e8eaf0b4c872d35a444b5b","codex","e70a78d26f9120290520629105a024f2860a7757d1b04ee567d8147c33aa10bf","5c13b1a6610aac09fc6a6104647d9373236c85c599bb769171cdd90719a25323","continuation","False","121","65","56","0.463","4","4","16","12"
"2026-04-13T13:00:23.359805Z","final-24h-tenant","575d7bad584bd0ebbabd4c78c3a1672d3f211a34b1e8eaf0b4c872d35a444b5b","codex","947871d2e5558c3adfb4845ba02ef60acc6c8f97402dd5ec340a7946fad00e8c","35c57b2b8b831b60dc6e1918dac3d67c3a6843036485a8a3cc3957e237763427","continuation","False","121","65","56","0.463","4","4","16","12"
"2026-04-13T13:00:53.614561Z","final-24h-tenant","575d7bad584bd0ebbabd4c78c3a1672d3f211a34b1e8eaf0b4c872d35a444b5b","codex","6857b40f800d2daca08c285d6d48a52862584efd483e263c2f5b75e094f87e80","0010c063ba271442221e172f25dce281ec83d03bd200a13c16fb5de048e9d5e4","continuation","False","121","65","56","0.463","4","4","16","12"
"2026-04-13T13:00:57.917058Z","openclaw","575d7bad584bd0ebbabd4c78c3a1672d3f211a34b1e8eaf0b4c872d35a444b5b","openclaw-agent","3d719e88a6786c8eba0e4cf719b8a67621773586c4b1f34545a274b7c09c4ebc","1df13cb47d660af5a9187e980fd898447438e07fbe03aecbc1652de5e9ad5500","continuation","False","132","49","83","0.629","3","3","16","13"
"2026-04-13T13:01:23.910342Z","final-24h-tenant","575d7bad584bd0ebbabd4c78c3a1672d3f211a34b1e8eaf0b4c872d35a444b5b","codex","e081ab0e99eb2e055ca726e030019a4feefd7ca824567172d93fdba738c2f133","7b9d46b22aa5bb24c61d03225943813be1c819cbfc64b2fbe8cd12178b3b55ea","continuation","False","121","65","56","0.463","4","4","16","12"
"2026-04-13T13:01:54.171172Z","final-24h-tenant","575d7bad584bd0ebbabd4c78c3a1672d3f211a34b1e8eaf0b4c872d35a444b5b","codex","b61be128ede73d281f9352fc910e4af4541dec40a940b358e57aab4c07fc545b","b6bc09ceade5a9d1ad69a4763c3fe7a4346815ea682619a27adc1b4358e1d929","continuation","False","121","65","56","0.463","4","4","16","12"
"2026-04-13T13:02:24.453310Z","final-24h-tenant","575d7bad584bd0ebbabd4c78c3a1672d3f211a34b1e8eaf0b4c872d35a444b5b","codex","35ab0da6d4f38f7ec6c4564b7967a61148ace1c6c1aed32b10af610132beba01","6c9f241d7b3bd9d57f7b7d59fdd5b137a714a654c5b68782b7e441360fa7e1c0","continuation","False","121","65","56","0.463","4","4","16","12"
"2026-04-13T13:02:54.724519Z","final-24h-tenant","575d7bad584bd0ebbabd4c78c3a1672d3f211a34b1e8eaf0b4c872d35a444b5b","codex","307532425e6fd25d1569aff56c5db947538dcb26b8339c8fcd8c1a7a4fe7e2fd","487dda8aba7cc8525ba54ba4decca92b47049c5dcb045a1b6172248fd6733943","continuation","False","121","65","56","0.463","4","4","16","12"
"2026-04-13T13:03:24.984201Z","final-24h-tenant","575d7bad584bd0ebbabd4c78c3a1672d3f211a34b1e8eaf0b4c872d35a444b5b","codex","955184010bd16609a5b9e64fa9206ce404c6cfa2bc7bbb0a537d67ae5733b902","057df378d6954f4c33c82652b274458715a8144d0826761b9111a913bb6f465a","continuation","False","121","65","56","0.463","4","4","16","12"
"2026-04-13T13:03:55.253586Z","final-24h-tenant","575d7bad584bd0ebbabd4c78c3a1672d3f211a34b1e8eaf0b4c872d35a444b5b","codex","cdee800301cb005217a08a808c0841d6b9c8d42ff448862b0d482c2563611387","3db6f3899ac59a00363764fc167fa1f153f85152e2709f6c0b56a584e42d9dea","continuation","False","121","65","56","0.463","4","4","16","12"
"2026-04-13T13:04:25.542795Z","final-24h-tenant","575d7bad584bd0ebbabd4c78c3a1672d3f211a34b1e8eaf0b4c872d35a444b5b","codex","3a4f8b9b13fd691dce03f652f47760155d6f2972cc5455b93cba13d2e4f67172","15ec0c27299f216fd02add20a6c782e8b661b0e147c87bd4648d6efe3f7551ef","continuation","False","121","65","56","0.463","4","4","16","12"
"2026-04-13T13:04:55.840629Z","final-24h-tenant","575d7bad584bd0ebbabd4c78c3a1672d3f211a34b1e8eaf0b4c872d35a444b5b","codex","7d1ce88e3a4074ab2d583ad8bcc6a78b827c55f567bb027e25c0a21e45109d7b","3476b6010dd2370b8ee30b63faa9a88babb9870d3037da3cc8870ac606e50bb5","continuation","False","121","65","56","0.463","4","4","16","12"
"2026-04-13T13:05:26.108381Z","final-24h-tenant","575d7bad584bd0ebbabd4c78c3a1672d3f211a34b1e8eaf0b4c872d35a444b5b","codex","d333b0fddbb0c87aa3121aa543b9ba4987a786aae7d12e2bae2609fd7a5ed2a1","64571460cf1e43ff3abf565046075495a89085365c89172933bf5f493062f63a","continuation","False","121","65","56","0.463","4","4","16","12"
"2026-04-13T13:05:56.978306Z","final-24h-tenant","575d7bad584bd0ebbabd4c78c3a1672d3f211a34b1e8eaf0b4c872d35a444b5b","codex","bad1dd2806abb255ebd9c50838e738c7a54afc6f9c317063c6aabd2d5aa857f0","782530549320a0d37f8b0274cb0ecb19c088759cc5caf078401a8a0ff15b24ba","continuation","False","121","65","56","0.463","4","4","16","12"
"2026-04-13T13:06:11.259598Z","openclaw","575d7bad584bd0ebbabd4c78c3a1672d3f211a34b1e8eaf0b4c872d35a444b5b","openclaw-agent","304b404ff361640161ddef87e8dd7f8cbe6aa07a029caa081a4e484e3224f1d0","b527c2c5ebc9284075e6a58ed7b3eb5c26fe3ff6e620dd28f246f57940f5c006","continuation","False","148","49","99","0.669","3","3","16","13"
"2026-04-13T13:06:22.289378Z","openclaw","575d7bad584bd0ebbabd4c78c3a1672d3f211a34b1e8eaf0b4c872d35a444b5b","openclaw-agent","090baa4e3f178316493a6ca092176b5d4f2f9b42075de5047eccca0a5faf4d8b","1f052238ed18e3323187b71a8a3c42ba7f4c10a04ac697f24bd8415af23ab393","continuation","False","138","49","89","0.645","3","3","16","13"
"2026-04-13T13:06:27.246784Z","final-24h-tenant","575d7bad584bd0ebbabd4c78c3a1672d3f211a34b1e8eaf0b4c872d35a444b5b","codex","010f0845844b2c65fb625213a8b5188f9ce05a839d50019e5dd1d92fd33fbd46","9eea4fb56bbb0d26fe39b28db4eb8ebdd06733fd8f807839616b9a9758eaf93b","continuation","False","121","65","56","0.463","4","4","16","12"
"2026-04-13T13:06:57.517563Z","final-24h-tenant","575d7bad584bd0ebbabd4c78c3a1672d3f211a34b1e8eaf0b4c872d35a444b5b","codex","2b3dcb93f5a59e2a508fc99b3b3d4b61cdd4f86138189a92f75fb52969e844ae","e2d24ab3220d2b46829579fd00719cc76be6f3c896aae5ed90806405843aad57","continuation","False","121","65","56","0.463","4","4","16","12"
"2026-04-13T13:07:27.798462Z","final-24h-tenant","575d7bad584bd0ebbabd4c78c3a1672d3f211a34b1e8eaf0b4c872d35a444b5b","codex","90b2f2115d9b499133d664b1ead074fbec400bda2f42ea4ec4c0739b157ef70c","87d43017483bfa2d99907ff562a94169cb77bf5e76572cc05c0d7cef4746a821","continuation","False","121","65","56","0.463","4","4","16","12"
"2026-04-13T13:07:58.064735Z","final-24h-tenant","575d7bad584bd0ebbabd4c78c3a1672d3f211a34b1e8eaf0b4c872d35a444b5b","codex","db2015ab3fecf84353bf0ab2fe5e0408a35d528367a511930664aeb1fd853db5","36c8f43af693f66642e4c75161fd5030305a6d4be99cc141f2f3b1c5cde3a9c1","continuation","False","121","65","56","0.463","4","4","16","12"
"2026-04-13T13:08:28.339961Z","final-24h-tenant","575d7bad584bd0ebbabd4c78c3a1672d3f211a34b1e8eaf0b4c872d35a444b5b","codex","57b8d29d5f701b9d831d05abfbe0167fa4b241b7408d70c089eb3dd337b5f5dc","ec00a0d2b5d6f2da6f9164b831e7b69d18f1f89704145b60365a9729cd6e66cd","continuation","False","121","65","56","0.463","4","4","16","12"
"2026-04-13T13:08:58.612326Z","final-24h-tenant","575d7bad584bd0ebbabd4c78c3a1672d3f211a34b1e8eaf0b4c872d35a444b5b","codex","717e3edd8ac6b54f3a7ab726387eda1c8e9500ac1d7d4d58d6739c8eccfac606","0d6eb74c1b98e8cee57d327994c43eb7676ff0406ff65e9c28916b0a22b0c6da","continuation","False","121","65","56","0.463","4","4","16","12"
"2026-04-13T13:09:28.892470Z","final-24h-tenant","575d7bad584bd0ebbabd4c78c3a1672d3f211a34b1e8eaf0b4c872d35a444b5b","codex","81d0a54ddc4e93bac79b7722110522633f5e1f5c2c7567616d9f314911d1e483","cf40f20dd53d69b860b3cc7d48f51e4c97cb093ae8a6d6907c25a5cfa7efa63b","continuation","False","121","65","56","0.463","4","4","16","12"
"2026-04-13T13:09:59.169362Z","final-24h-tenant","575d7bad584bd0ebbabd4c78c3a1672d3f211a34b1e8eaf0b4c872d35a444b5b","codex","35cd0213360c2d299eb801a8a4155ed80003cb64f4067244a4e75b8f297bc976","2e6c0376aa0bda2142cec94474cc26e1df12799c9c6fd5a3ccf6fa0ef0d9b3d9","continuation","False","121","65","56","0.463","4","4","16","12"
"2026-04-13T13:10:29.459276Z","final-24h-tenant","575d7bad584bd0ebbabd4c78c3a1672d3f211a34b1e8eaf0b4c872d35a444b5b","codex","be8f067ec73801568e2b8350a6bd053ecd8c0421172aa56c272d2d85ef189e83","565f4a5055b0022284368c34e3bd693f4ceadaa187990041c21632e4cd1e6e0e","continuation","False","121","65","56","0.463","4","4","16","12"
"2026-04-13T13:10:59.743615Z","final-24h-tenant","575d7bad584bd0ebbabd4c78c3a1672d3f211a34b1e8eaf0b4c872d35a444b5b","codex","8451b34366d98b1355e4abf37559c84734c0ed35cdf0dc1e899d3d8a76f14641","6fe3eb11677bac9f75797a7975dfc6231d35e4cd221008adb3f3427013aa6e6c","continuation","False","121","65","56","0.463","4","4","16","12"
"2026-04-13T13:11:30.029788Z","final-24h-tenant","575d7bad584bd0ebbabd4c78c3a1672d3f211a34b1e8eaf0b4c872d35a444b5b","codex","6ce9157652df7954103b5f37a58eb3badac853f49df0e37379ff1279c9678d42","da4c97d4ed720def474746e316337d0e682f88bd0a70f4a3b4020187b460577f","continuation","False","121","65","56","0.463","4","4","16","12"
"2026-04-13T13:12:00.319898Z","final-24h-tenant","575d7bad584bd0ebbabd4c78c3a1672d3f211a34b1e8eaf0b4c872d35a444b5b","codex","7f3b452338ba36bee3e1725113e467388641fc0b8da3c16705f9bdd8cda79e69","d4dd370984291dab1dbc9cb2fb73603b8326b0ee3c65b1c4be60957d2a81e75a","continuation","False","121","65","56","0.463","4","4","16","12"
"2026-04-13T13:12:30.586477Z","final-24h-tenant","575d7bad584bd0ebbabd4c78c3a1672d3f211a34b1e8eaf0b4c872d35a444b5b","codex","fb02c04f3be7547d8cbd6ec604e122c082d3c9e9a44b7a8c16477f2804ba9947","dd207d76b505b537c820351f7381c86f98cd0cc7573391d72145eb021ef5c9de","continuation","False","121","65","56","0.463","4","4","16","12"
"2026-04-13T13:13:00.866444Z","final-24h-tenant","575d7bad584bd0ebbabd4c78c3a1672d3f211a34b1e8eaf0b4c872d35a444b5b","codex","ac0d6c86355ab9b6bf1c050075cd357070e6df343745484a6a6679948746642b","c657b063c44b1933ffb15ba4e793faa0724764a6bf7f9d0399db1f7c6626b9e0","continuation","False","121","65","56","0.463","4","4","16","12"
"2026-04-13T13:13:31.155950Z","final-24h-tenant","575d7bad584bd0ebbabd4c78c3a1672d3f211a34b1e8eaf0b4c872d35a444b5b","codex","011c6fab50a4c6805b72ac8f5df01d24ad0a8f2ad601ffe89d9a71d9c6a16414","0e85effc60d7132697ef2a101edce69de07b944b5b228151284f82b9c07864df","continuation","False","121","65","56","0.463","4","4","16","12"
"2026-04-13T13:14:01.438644Z","final-24h-tenant","575d7bad584bd0ebbabd4c78c3a1672d3f211a34b1e8eaf0b4c872d35a444b5b","codex","e9152b43806bbc7f7456d4401b9e36db77f5bac45a3dae4ab2d311f176bf3d8f","db2ecb123d1ea4d202fa6227b06d99728c96dca816b3addea721c874024f7378","continuation","False","121","65","56","0.463","4","4","16","12"
"2026-04-13T13:14:31.710273Z","final-24h-tenant","575d7bad584bd0ebbabd4c78c3a1672d3f211a34b1e8eaf0b4c872d35a444b5b","codex","8fa4b453453729f8a5cb4b8cd65b8656ae430dbe69d5173231007baf4fcbcd59","aad9f3e96b13da411b951b9053bacea99e93a46a494200384e75b47be6194d6f","continuation","False","121","65","56","0.463","4","4","16","12"
"2026-04-13T13:15:01.996110Z","final-24h-tenant","575d7bad584bd0ebbabd4c78c3a1672d3f211a34b1e8eaf0b4c872d35a444b5b","codex","771d499b17f88f066e4de82293c11a5ec74ab2d2d6fcbf67dbf85310d626cfd6","20ecd2c4e8c3477178acc8a97ba808fb5041fa069b58142bd6477bdc027a7c80","continuation","False","121","65","56","0.463","4","4","16","12"
"2026-04-13T13:15:32.280990Z","final-24h-tenant","575d7bad584bd0ebbabd4c78c3a1672d3f211a34b1e8eaf0b4c872d35a444b5b","codex","ccb1fbf432d045b04c2a2f041c19cc37f69bfe3d92c8e4bec39aa4dcb284ef1d","1024cd1c87766c3bfc865eb86f6bd13b3fe57d0ca6a2864e985c4a8f50e8302e","continuation","False","121","65","56","0.463","4","4","16","12"
"2026-04-13T13:16:02.551010Z","final-24h-tenant","575d7bad584bd0ebbabd4c78c3a1672d3f211a34b1e8eaf0b4c872d35a444b5b","codex","f4c8d41a0f8850f3792e48a7d086db3c385fd5f18c88050884905af63ef42fee","67ac3657c28dde0e757c47c408bd4a8f4dc8e5b77da452b82f5b21b884ccd55f","continuation","False","121","65","56","0.463","4","4","16","12"
"2026-04-13T13:16:32.833971Z","final-24h-tenant","575d7bad584bd0ebbabd4c78c3a1672d3f211a34b1e8eaf0b4c872d35a444b5b","codex","32f1064af340c0d400276f3967d9b1ac689e6983f77d81b3b0a7e0427f074b83","2829e5be3ca04e027c4234b231a8f1f71c84fcc1a47d5aa531a6d166b63ddb33","continuation","False","121","65","56","0.463","4","4","16","12"
"2026-04-13T13:17:03.108239Z","final-24h-tenant","575d7bad584bd0ebbabd4c78c3a1672d3f211a34b1e8eaf0b4c872d35a444b5b","codex","784cf54f0a7885fe0f213cb8316f35d6c62c8e11449f463f3708d3ec9965b12f","78e9882cb05126b9c15234b1623806081bd8b29bcdfc876c1c7fd10ad1fd94b1","continuation","False","121","65","56","0.463","4","4","16","12"
"2026-04-13T13:17:33.386558Z","final-24h-tenant","575d7bad584bd0ebbabd4c78c3a1672d3f211a34b1e8eaf0b4c872d35a444b5b","codex","4b8703285f6d6f613ea9d673746c40266212c8448116b1596feaa4bdc199d6c1","4d9fbebf98f564104b223f779bc51c66bfddca5e786b5cfc9a8790019932e97c","continuation","False","121","65","56","0.463","4","4","16","12"
"2026-04-13T13:18:03.686190Z","final-24h-tenant","575d7bad584bd0ebbabd4c78c3a1672d3f211a34b1e8eaf0b4c872d35a444b5b","codex","6fd74ebc15d95e6af7750c740979afea13e2b0c22355700e0d05b3a7ebdafd8f","e27bfe8640ee6253800b1514abe97b02dbf876731684b43370b8c3f3a199956b","continuation","False","121","65","56","0.463","4","4","16","12"
"2026-04-13T13:18:33.986502Z","final-24h-tenant","575d7bad584bd0ebbabd4c78c3a1672d3f211a34b1e8eaf0b4c872d35a444b5b","codex","08be990af561cfefd3e4c345103c7c2955dfc20e5c408d0fa284bf4fc741121e","e55e0fe46462435e68d94e78aab6558b0f391260bc080bfb898842168cce54b0","continuation","False","121","65","56","0.463","4","4","16","12"
"2026-04-13T13:19:04.302855Z","final-24h-tenant","575d7bad584bd0ebbabd4c78c3a1672d3f211a34b1e8eaf0b4c872d35a444b5b","codex","46278f60f48baf66163df337874b3230cb860a338973bf90f79ff4976dbdf225","a69747ff5f08fb1cc2a0e47575e36aecdca7884c524bc3dd6e7bf4675706d401","continuation","False","121","65","56","0.463","4","4","16","12"
"2026-04-13T13:19:34.581919Z","final-24h-tenant","575d7bad584bd0ebbabd4c78c3a1672d3f211a34b1e8eaf0b4c872d35a444b5b","codex","35f1802cb327dcc1feeda9585a79c9ad5fe883f97cc7ef140b31d05040165f0d","322527462ada46c37f3b2e7cf6e245cb30da9f6217be889613e76103332e06d9","continuation","False","121","65","56","0.463","4","4","16","12"
"2026-04-13T13:20:04.869649Z","final-24h-tenant","575d7bad584bd0ebbabd4c78c3a1672d3f211a34b1e8eaf0b4c872d35a444b5b","codex","c5e75fc3b4af058ed5ad00994672b06918843dc4635b9c026b6882e30f96af54","f7a1ae97429d7f307bee9edd94a2a3b0d0ee4cb1957e34e65885b7f81f255c0d","continuation","False","121","65","56","0.463","4","4","16","12"
"2026-04-13T13:20:35.122835Z","final-24h-tenant","575d7bad584bd0ebbabd4c78c3a1672d3f211a34b1e8eaf0b4c872d35a444b5b","codex","d8a3662165c163ef3fbd0202037afda84a98d21d3ba2ee15ef2c2af33af9e082","578e9255aa8a69d8dc32bb5f3914cf6652d6767751c2f568710265ceeb254a61","continuation","False","121","65","56","0.463","4","4","16","12"
"2026-04-13T13:21:05.376563Z","final-24h-tenant","575d7bad584bd0ebbabd4c78c3a1672d3f211a34b1e8eaf0b4c872d35a444b5b","codex","53c0bff91f973a6348ec4d854447b0e9d3ea8b4fb23c15a2d39c7014fc82775a","027a7b8080a96de71c6db9faf0f075e9417a2c07339780a13dd116cebc1dc844","continuation","False","121","65","56","0.463","4","4","16","12"
"2026-04-13T13:21:35.673053Z","final-24h-tenant","575d7bad584bd0ebbabd4c78c3a1672d3f211a34b1e8eaf0b4c872d35a444b5b","codex","1614831ecbf1f01a7a01fe619db4ca8b81f322df831d66283a98afbc6178cf65","0dee9b0d5cfb11c76b376c0957829467ee3720c73e763dbaab99d6eb473ca3f4","continuation","False","121","65","56","0.463","4","4","16","12"
"2026-04-13T13:22:05.967635Z","final-24h-tenant","575d7bad584bd0ebbabd4c78c3a1672d3f211a34b1e8eaf0b4c872d35a444b5b","codex","8c6e10982152ea9259d9b96b30812ad6ede03f481d3c37762a41607bb19b9c4d","da832fa590e7d4ebeef5c4ac2853d004eabad4ad8b738115d9af23c1ae5bc8cf","continuation","False","121","65","56","0.463","4","4","16","12"
"2026-04-13T13:22:36.253072Z","final-24h-tenant","575d7bad584bd0ebbabd4c78c3a1672d3f211a34b1e8eaf0b4c872d35a444b5b","codex","cc779e2c0d837988e46de4d891bd37849ce4cf921958a3db6552fc3e77ba897d","9c03fe906f3f1d45d1bf1f619beef6ffe5bfc531e6760dabf30dc7c8a8164eb2","continuation","False","121","65","56","0.463","4","4","16","12"
"2026-04-13T13:23:06.550131Z","final-24h-tenant","575d7bad584bd0ebbabd4c78c3a1672d3f211a34b1e8eaf0b4c872d35a444b5b","codex","9f50c20e2f8b21fb8497646f267019c047b00ec6ef151b23b816d49e9c43374b","0c7290961064012ee253ef8ac3f4d095fb2b69d4e7572d3e03459e2f41a1106a","continuation","False","121","65","56","0.463","4","4","16","12"
"2026-04-13T13:23:36.842693Z","final-24h-tenant","575d7bad584bd0ebbabd4c78c3a1672d3f211a34b1e8eaf0b4c872d35a444b5b","codex","7ea48038572ee9fe9f4820beac02cb89b74c927960915c17a08388f25c28ae8a","01f00b7d4d30d3b6dc3fd3743a36926f8194baae645d101c7531f08380d747b0","continuation","False","121","65","56","0.463","4","4","16","12"
"2026-04-13T13:24:07.116575Z","final-24h-tenant","575d7bad584bd0ebbabd4c78c3a1672d3f211a34b1e8eaf0b4c872d35a444b5b","codex","1927ab72536a34869151ce27c2c0e4f30f76f067aa6fcff8db6ced2fd2b5319f","583721bba4f27d4b2ce41aace42ff0c720ffa8e1d21d94636fae8adcb2a7aacf","continuation","False","121","65","56","0.463","4","4","16","12"
"2026-04-13T13:24:37.393440Z","final-24h-tenant","575d7bad584bd0ebbabd4c78c3a1672d3f211a34b1e8eaf0b4c872d35a444b5b","codex","1c3232fc3c4adb1e2bf059d0b7e900c6f43c35c168ce156fed6721a5007b1394","0bcafe81f1c94ef1ed4c431389b8e69542ac558dd9fe7becce22fa12eb0b2f4c","continuation","False","121","65","56","0.463","4","4","16","12"
"2026-04-13T13:25:07.687206Z","final-24h-tenant","575d7bad584bd0ebbabd4c78c3a1672d3f211a34b1e8eaf0b4c872d35a444b5b","codex","7aa472a99482cd488bfb8eae19d9391926d5dc1158a6f65705d94d6f08ad8e5e","01ea16f0da96254cbfb57e1825a2a0badaadd554717d4f332f89aaba89ab0e83","continuation","False","121","65","56","0.463","4","4","16","12"
"2026-04-13T13:25:37.957555Z","final-24h-tenant","575d7bad584bd0ebbabd4c78c3a1672d3f211a34b1e8eaf0b4c872d35a444b5b","codex","93bbcea6ca95f97f5242b2c3fcd0ba90b677227380bb924642e4b0957a943b0d","7db6313c60dbc2b04ebc67c9b9e1a90ad50574c164ca8aa03e30a730e5da2c13","continuation","False","121","65","56","0.463","4","4","16","12"
"2026-04-13T13:26:08.250667Z","final-24h-tenant","575d7bad584bd0ebbabd4c78c3a1672d3f211a34b1e8eaf0b4c872d35a444b5b","codex","1ce6c0531b820c92991b3c8a781f900290f759645dda6d4718e480e455209803","e6bd8f5aaf57718a74ce8f3348b2af17695ff08c01b0a24a293a84bfeb30ddfa","continuation","False","121","65","56","0.463","4","4","16","12"
"2026-04-13T13:26:38.533866Z","final-24h-tenant","575d7bad584bd0ebbabd4c78c3a1672d3f211a34b1e8eaf0b4c872d35a444b5b","codex","f1c9ef49ad588a271e9a4baa43be644ec386236463f709d55ba2f65d5d9e6ef7","a13aa21bbb1da5b5e3b303aa7e51d34a8880ba96a6d9599216e97b6095a3fa76","continuation","False","121","65","56","0.463","4","4","16","12"
"2026-04-13T13:27:08.887601Z","final-24h-tenant","575d7bad584bd0ebbabd4c78c3a1672d3f211a34b1e8eaf0b4c872d35a444b5b","codex","4ce1c7cb34e50841cf9a4bd34abafb4ee94a6491af658d6c06848ef36c7738b6","7618fcdc09c44f301d003e60d2d641feba2bdb1910704b66b3fc3ea4b805c2e5","continuation","False","121","65","56","0.463","4","4","16","12"
"2026-04-13T13:27:39.178612Z","final-24h-tenant","575d7bad584bd0ebbabd4c78c3a1672d3f211a34b1e8eaf0b4c872d35a444b5b","codex","bb4051aa8e4a318f3045d9dec27551a711ba4a2f93a8db002c07a29e8ae19926","3ab83c5211bdd7f7fca96587664aea24844f9ddb435cc4b62ec3537d3a9a3535","continuation","False","121","65","56","0.463","4","4","16","12"
"2026-04-13T13:28:09.487777Z","final-24h-tenant","575d7bad584bd0ebbabd4c78c3a1672d3f211a34b1e8eaf0b4c872d35a444b5b","codex","92923dc838e02cc3b8fd8c92f4ef4af9b6ca4337c9986dde47ce2cf2cc76da62","15ef87c0791791c9e558ccf5d11cea3962796a41b5575a2442bc31de2db21516","continuation","False","121","65","56","0.463","4","4","16","12"
"2026-04-13T13:28:39.781438Z","final-24h-tenant","575d7bad584bd0ebbabd4c78c3a1672d3f211a34b1e8eaf0b4c872d35a444b5b","codex","4d21383b33467b09f55d21dfb18520931387534603c4fed6c9d03164306c5a4d","d8406599fdb7f38a4de0e2838985fd90f50ecba31ef1d80e581c1710842a2fce","continuation","False","121","65","56","0.463","4","4","16","12"
"2026-04-13T13:29:10.107552Z","final-24h-tenant","575d7bad584bd0ebbabd4c78c3a1672d3f211a34b1e8eaf0b4c872d35a444b5b","codex","2b2948e464c61b4db7213ed551982c12fec5cb2c3b490f251e24e2466c0531f9","ca50c870bf8b8ba933f067ef163bb10bd0aaaad521c9c9cb77598673016a5c5d","continuation","False","121","65","56","0.463","4","4","16","12"
"2026-04-13T13:29:40.398655Z","final-24h-tenant","575d7bad584bd0ebbabd4c78c3a1672d3f211a34b1e8eaf0b4c872d35a444b5b","codex","9fb4d42fb09c877f0219528135e250d439dc09fcd3d4e729efb1156be722cc58","880dbdfe12b7d27024ef062b5cd915f19107ac9b5ec03a53b063bc1fdbc9fd23","continuation","False","121","65","56","0.463","4","4","16","12"
"2026-04-13T13:30:10.684192Z","final-24h-tenant","575d7bad584bd0ebbabd4c78c3a1672d3f211a34b1e8eaf0b4c872d35a444b5b","codex","0fbe20dba9f11d75fb264ab51eb1f8e42594fde2c69bc8771564a42b82c13963","4b2262af62787d6247e5bee0ded4f64aefbc268ebd2554f775e55acd77b5c7ec","continuation","False","121","65","56","0.463","4","4","16","12"
"2026-04-13T13:30:40.977759Z","final-24h-tenant","575d7bad584bd0ebbabd4c78c3a1672d3f211a34b1e8eaf0b4c872d35a444b5b","codex","680a72af453db0e73760ea2b91cb14c719d0744f8fb8df849632504b2382267b","ec67fd5942b49e883776312b4a94a1bef813012d10637460e690b2de3e2506d8","continuation","False","121","65","56","0.463","4","4","16","12"
"2026-04-13T13:31:11.291656Z","final-24h-tenant","575d7bad584bd0ebbabd4c78c3a1672d3f211a34b1e8eaf0b4c872d35a444b5b","codex","70aab60367b26414fb6151a2979688f0886f403c3da95ed820efb9636213a8d5","a3cad93d919a774f63b300ba65cb099822ec097b1bd491c8dd889fa38c31ca32","continuation","False","121","65","56","0.463","4","4","16","12"
"2026-04-13T13:31:41.592446Z","final-24h-tenant","575d7bad584bd0ebbabd4c78c3a1672d3f211a34b1e8eaf0b4c872d35a444b5b","codex","8c3fbc72d56e3068b2d7c447c4f83e98c79fa51c544f207845f306c059747f5c","77877f52475d1edc9734b9d9561bc81cb0cd80183aa81a76511bb5da0e64295a","continuation","False","121","65","56","0.463","4","4","16","12"
"2026-04-13T13:32:11.897593Z","final-24h-tenant","575d7bad584bd0ebbabd4c78c3a1672d3f211a34b1e8eaf0b4c872d35a444b5b","codex","9aebbf5b1ab2fafc6d54d9da77a9eb6ea89644725b9b80a0876c734f14b9259a","ecf1a71a7919c5965619fa4a66aefc250c9fd36e09aac8bca5712b7a47dcf0d1","continuation","False","121","65","56","0.463","4","4","16","12"
"2026-04-13T13:32:42.213128Z","final-24h-tenant","575d7bad584bd0ebbabd4c78c3a1672d3f211a34b1e8eaf0b4c872d35a444b5b","codex","26c5a96f97cf8426b46b650a6fbf8465f0178640dd39980d540d5d5307f106e1","f1b7c34aea350e0e33db7fe92f5acd8f9da19eeb59c667097e9c2be0b6feed26","continuation","False","121","65","56","0.463","4","4","16","12"
"2026-04-13T13:33:12.543922Z","final-24h-tenant","575d7bad584bd0ebbabd4c78c3a1672d3f211a34b1e8eaf0b4c872d35a444b5b","codex","b3a7ea9bf5fc9a970769cde9027feede5d24c3d1c7ca6e8b07a6997d9cfc3528","6b8a7d194513e78003910ad8ac03ad4f7a71bafa332500851b105ee8693fb754","continuation","False","121","65","56","0.463","4","4","16","12"
"2026-04-13T13:33:42.857386Z","final-24h-tenant","575d7bad584bd0ebbabd4c78c3a1672d3f211a34b1e8eaf0b4c872d35a444b5b","codex","20a61277b905cd3f3964bb5c04b3ba7077fe0abd114106fc206e668ba6071da1","d7e09c685a279f2cf60772f11d9b69bb23e2b5c695ef0c00fba17faf4a894c13","continuation","False","121","65","56","0.463","4","4","16","12"
"2026-04-13T13:34:13.168084Z","final-24h-tenant","575d7bad584bd0ebbabd4c78c3a1672d3f211a34b1e8eaf0b4c872d35a444b5b","codex","7b942d9fec4e6d3caf16abbe9cb7477e9d4fef3ca8705874849be267576c4af1","079250a984f60137116426636d929d2df1e4e6015bf7ea8f7a5148530be839c1","continuation","False","121","65","56","0.463","4","4","16","12"
"2026-04-13T13:34:43.452946Z","final-24h-tenant","575d7bad584bd0ebbabd4c78c3a1672d3f211a34b1e8eaf0b4c872d35a444b5b","codex","b54c0d2119ad66d1d22a9a40c7d59d3322491e4131246545429aa2079664d337","df7a6e3a3d62a2661a5dd438cd26337c9eb6c6da84ece3d281c830756d1a2153","continuation","False","121","65","56","0.463","4","4","16","12"
"2026-04-13T13:35:13.755197Z","final-24h-tenant","575d7bad584bd0ebbabd4c78c3a1672d3f211a34b1e8eaf0b4c872d35a444b5b","codex","d3a03ee232dd5c43c19d0e480fd1738ab894784fc5d597ed5e7dae0724df0271","588065bb589dff9d842740708060a756c55cefec01e084a5544010c83465696a","continuation","False","121","65","56","0.463","4","4","16","12"
"2026-04-13T13:35:44.041665Z","final-24h-tenant","575d7bad584bd0ebbabd4c78c3a1672d3f211a34b1e8eaf0b4c872d35a444b5b","codex","296f42f1ff457fe74044f50e5751359cded4dd692cab73212b043ac6bf134023","f88cefba99d3b95f7cb9eb0f33946ca5ca7117c2956b66b5d007e1662befafc3","continuation","False","121","65","56","0.463","4","4","16","12"
"2026-04-13T13:36:14.353565Z","final-24h-tenant","575d7bad584bd0ebbabd4c78c3a1672d3f211a34b1e8eaf0b4c872d35a444b5b","codex","cb786aa02353b2c71a0ecf1808c436cbbe0663f3de2bbe0df34ae3a43a9e3f96","0f536b737f945b71ad639de9edb6b8b05efa1c54d6c427bcb10da482cb8cee05","continuation","False","121","65","56","0.463","4","4","16","12"
"2026-04-13T13:36:44.658390Z","final-24h-tenant","575d7bad584bd0ebbabd4c78c3a1672d3f211a34b1e8eaf0b4c872d35a444b5b","codex","c7c5ab619c7498ad1c12912e5cacce8f3dd599fe940eb7b3427c9137e34655e0","8e7209772d2647dd31e4d47ec5bcec8ac5fde8f659d022dea5c6e8e23750efb6","continuation","False","121","65","56","0.463","4","4","16","12"
"2026-04-13T13:37:14.948890Z","final-24h-tenant","575d7bad584bd0ebbabd4c78c3a1672d3f211a34b1e8eaf0b4c872d35a444b5b","codex","ce9aa9500f0b189fe659904ba4b82e9efc6ca509378cf727ec61d314ea2d8ba9","46496263ce1f92c4af66b940e0fb4f265a13aa1f5cbe4c85c7c9cf0f3e7d64f5","continuation","False","121","65","56","0.463","4","4","16","12"
"2026-04-13T13:37:45.251684Z","final-24h-tenant","575d7bad584bd0ebbabd4c78c3a1672d3f211a34b1e8eaf0b4c872d35a444b5b","codex","11013fb322b441d2b19c90bdc09ff5e126ba352818e304dea2c62635391802f2","2f857f49b7461f008775cc597b7812b0b12a353dda4f7235470488e1275ab4d3","continuation","False","121","65","56","0.463","4","4","16","12"
"2026-04-13T13:38:15.547248Z","final-24h-tenant","575d7bad584bd0ebbabd4c78c3a1672d3f211a34b1e8eaf0b4c872d35a444b5b","codex","0f81015b5755fe9e628642dcafe56fd27f92955c7d5f6563c3a8e016f847483f","6ede0a8c601ed0f2b9dcad879179a3c9ef7a0fa752a94fb34b55ee926f0de27a","continuation","False","121","65","56","0.463","4","4","16","12"
"2026-04-13T13:38:45.870059Z","final-24h-tenant","575d7bad584bd0ebbabd4c78c3a1672d3f211a34b1e8eaf0b4c872d35a444b5b","codex","706f146de924284231462ddb5f52ba54b3ebd4ed9c5d296336bad840d0b0bca8","ede09b421f16ef9ec3132113c19461141f22eab701d699e3bf8797ce02b4f472","continuation","False","121","65","56","0.463","4","4","16","12"
"2026-04-13T13:39:16.152359Z","final-24h-tenant","575d7bad584bd0ebbabd4c78c3a1672d3f211a34b1e8eaf0b4c872d35a444b5b","codex","95659dc9cd6643b6eb42b3a65cd4c5c50c343cfbc5866c7bfdb06fa4d48987ab","ccc06faa9336c6062a8695c1ecb96c99dbf87e432effc9844fdcf3c31a52abfe","continuation","False","121","65","56","0.463","4","4","16","12"
"2026-04-13T13:39:46.459998Z","final-24h-tenant","575d7bad584bd0ebbabd4c78c3a1672d3f211a34b1e8eaf0b4c872d35a444b5b","codex","eb2ae6a66de01bfc0c7731af6e09cb62de7affe9d71d5809dda84807a9279062","bb04815467351975ef62285ffd22cedbd07ad14639a112faae0fbe882fbe027a","continuation","False","121","65","56","0.463","4","4","16","12"
"2026-04-13T13:40:16.763629Z","final-24h-tenant","575d7bad584bd0ebbabd4c78c3a1672d3f211a34b1e8eaf0b4c872d35a444b5b","codex","a55ae791abe4e850617fd05d53a51a19962ad67477d0c3cf3f98d4f963cacbd6","f042205ad071ab38c59401b035af446354b9363bc380f91f2487f0341f102d8d","continuation","False","121","65","56","0.463","4","4","16","12"
"2026-04-13T13:40:47.037995Z","final-24h-tenant","575d7bad584bd0ebbabd4c78c3a1672d3f211a34b1e8eaf0b4c872d35a444b5b","codex","ee18b268d5f837365ad99ceaeecca9049a3d9ee8472937a1ca49b8079e73a334","57e9d4eef5b9cb50ae5f380fc44e023fb80b92e484c49e7cac25961d2ae65e02","continuation","False","121","65","56","0.463","4","4","16","12"
"2026-04-13T13:41:17.350401Z","final-24h-tenant","575d7bad584bd0ebbabd4c78c3a1672d3f211a34b1e8eaf0b4c872d35a444b5b","codex","6d5057af33405b4338cd65532c54d4ad19fe6f42886f9de9875f3f651b9225b6","9219a8617fa84536c0302b7c299d303a25f6f069f1291458850109d78e49a0eb","continuation","False","121","65","56","0.463","4","4","16","12"
"2026-04-13T13:41:47.657301Z","final-24h-tenant","575d7bad584bd0ebbabd4c78c3a1672d3f211a34b1e8eaf0b4c872d35a444b5b","codex","984ce9dac564c8dc4476cb8ddd0249e1eed1c451031b1d64175af16fcd27136f","ceb36b7701cd2ab80de55e2358bd26961b92dafae6aca60303adef89b0eedc36","continuation","False","121","65","56","0.463","4","4","16","12"
"2026-04-13T13:42:17.948068Z","final-24h-tenant","575d7bad584bd0ebbabd4c78c3a1672d3f211a34b1e8eaf0b4c872d35a444b5b","codex","2d3d5ee27729da860aa146578ba06d1dcfe13d7dfb41079e870ae05bed91cb2d","51c0c4487d0a864738691f6ab6f3f58c8100529eec439a90c1676ea62b30c900","continuation","False","121","65","56","0.463","4","4","16","12"
"2026-04-13T13:42:48.251009Z","final-24h-tenant","575d7bad584bd0ebbabd4c78c3a1672d3f211a34b1e8eaf0b4c872d35a444b5b","codex","bd0494e7ec8a9d2a1435b00a316196d20d80ac377e86ad165b0479600679f571","dc252cc9b1878b7e52095c3f97b7f95acb1a3ff0aac1f30ec691b5073a8b48a9","continuation","False","121","65","56","0.463","4","4","16","12"
"2026-04-13T13:43:18.574049Z","final-24h-tenant","575d7bad584bd0ebbabd4c78c3a1672d3f211a34b1e8eaf0b4c872d35a444b5b","codex","961a14732709abdaba5cc68eecba072515076ab074649c739ef042b08be113d8","d4a9d39866509983282b34b54370893dc809c176e816a1f2324ee6da47285c60","continuation","False","121","65","56","0.463","4","4","16","12"
"2026-04-13T13:43:48.889546Z","final-24h-tenant","575d7bad584bd0ebbabd4c78c3a1672d3f211a34b1e8eaf0b4c872d35a444b5b","codex","5ed87aa1c750a988ce32ae66be016f0075dbdde6bb51b624cda79dcfc7524a01","180eb26094ee16196d895fb9fe5a9de85fcf928afa3cb358262ee48a27d686db","continuation","False","121","65","56","0.463","4","4","16","12"
"2026-04-13T13:44:19.187047Z","final-24h-tenant","575d7bad584bd0ebbabd4c78c3a1672d3f211a34b1e8eaf0b4c872d35a444b5b","codex","5810fef9fc38c2d71373f41c3e3b94fab7f4714f5673b94c12a4cb02948cd63f","f2527417350283a6e22c04419c1fa81235e4456bbd6bbfba64e5f28097625935","continuation","False","121","65","56","0.463","4","4","16","12"
"2026-04-13T13:44:49.502481Z","final-24h-tenant","575d7bad584bd0ebbabd4c78c3a1672d3f211a34b1e8eaf0b4c872d35a444b5b","codex","5baab5ed660305ae0e3f7944029e385bd6deae053d3b78867666d35ff92f9c29","d086774eff102112c6f9d26e42d0765f61ee767deec5a146c61e05ed5d4b1f89","continuation","False","121","65","56","0.463","4","4","16","12"
"2026-04-13T13:45:19.830001Z","final-24h-tenant","575d7bad584bd0ebbabd4c78c3a1672d3f211a34b1e8eaf0b4c872d35a444b5b","codex","3c169eaaa30fbdd25e1d6ebce3c0a9f4a29a9aacbbd01d14800d6b615128708e","55ffa57fd81807de7ae227c746b4a90f8a32bf455caa0dca9d14b27574db17e5","continuation","False","121","65","56","0.463","4","4","16","12"
"2026-04-13T13:45:50.110451Z","final-24h-tenant","575d7bad584bd0ebbabd4c78c3a1672d3f211a34b1e8eaf0b4c872d35a444b5b","codex","f4f5a06936718192d4e2ee1b3c39ccd0ac473a2cf82868c91897f6ede310ec91","67ae1e4cdaf33022a25669b2e2170bdd9e8177ddd98521be7ccf9b3e8661109c","continuation","False","121","65","56","0.463","4","4","16","12"
"2026-04-13T13:46:20.452498Z","final-24h-tenant","575d7bad584bd0ebbabd4c78c3a1672d3f211a34b1e8eaf0b4c872d35a444b5b","codex","32dd50183b37e97945b6cc7a1b2eb00f1e618e61520a7955eb89dc9d02360ec3","bf77d88f35e2d68830997f0a280a4d40d320deebf99ce644609bb5756ed2d35a","continuation","False","121","65","56","0.463","4","4","16","12"
"2026-04-13T13:46:50.744430Z","final-24h-tenant","575d7bad584bd0ebbabd4c78c3a1672d3f211a34b1e8eaf0b4c872d35a444b5b","codex","b46cca79eac1f8945feb676f6eff9c2678b255450e271e29439f74fba140e0bc","e0dbf4f54784a7e4fa77867bf083dd558bd769d3dedf57b9656b9584910cf5ee","continuation","False","121","65","56","0.463","4","4","16","12"
"2026-04-13T13:47:21.049404Z","final-24h-tenant","575d7bad584bd0ebbabd4c78c3a1672d3f211a34b1e8eaf0b4c872d35a444b5b","codex","8753ef3c46af7bd785765628f1c3259857b31ff2d53ebb362c76d41dba130c95","d97c76995d48ac8fb998d1875b91b6c744fb77bf028c9a4d509f0ba558f8c503","continuation","False","121","65","56","0.463","4","4","16","12"
"2026-04-13T13:47:51.364578Z","final-24h-tenant","575d7bad584bd0ebbabd4c78c3a1672d3f211a34b1e8eaf0b4c872d35a444b5b","codex","71209a478d484856cc99fe2b999ce314b4015018fc48e42929d7e8018ecbc61e","78fdad1bb59927a0ba86b3ae089b4b46f9558db0200a01036fcb123bf6b12c8d","continuation","False","121","65","56","0.463","4","4","16","12"
"2026-04-13T13:48:21.680125Z","final-24h-tenant","575d7bad584bd0ebbabd4c78c3a1672d3f211a34b1e8eaf0b4c872d35a444b5b","codex","261dd6e6500acbbdc238b0ee9fb2893a194c91b9bd46e7bb6b0070628218fdd2","3af2b036b607dfef16e9b641e8b17bf7934c6280e8354174e5610aa909e11bd3","continuation","False","121","65","56","0.463","4","4","16","12"
"2026-04-13T13:48:51.987692Z","final-24h-tenant","575d7bad584bd0ebbabd4c78c3a1672d3f211a34b1e8eaf0b4c872d35a444b5b","codex","5bf0a9fc2153987ca2d784f30cf283dbcca7502758fe0fb7ba0f1b27273a2309","7f0fdbb0cd4e885ce40e342f714a0dc148ccceabcf768fed84171865a3fc3a60","continuation","False","121","65","56","0.463","4","4","16","12"
"2026-04-13T13:49:22.295450Z","final-24h-tenant","575d7bad584bd0ebbabd4c78c3a1672d3f211a34b1e8eaf0b4c872d35a444b5b","codex","2fb1d0ac5cc8b2d826d4010a81ddacd7fcec56f0622532fd9df0af00064dc2eb","1676da70113f8ec6abe36d8915c11c223705a6e331666e0d315b13687af07148","continuation","False","121","65","56","0.463","4","4","16","12"
"2026-04-13T13:49:52.579908Z","final-24h-tenant","575d7bad584bd0ebbabd4c78c3a1672d3f211a34b1e8eaf0b4c872d35a444b5b","codex","cdabb8363b2ca51ea76857b3f16c13016e77e37f7e117a3df76ad5e836c3dd84","5a2f39238ec7833d877b1c3aaaf5326f20fae066a5503170514249f68a7446e5","continuation","False","121","65","56","0.463","4","4","16","12"
"2026-04-13T13:50:22.880128Z","final-24h-tenant","575d7bad584bd0ebbabd4c78c3a1672d3f211a34b1e8eaf0b4c872d35a444b5b","codex","e218234aaedc2ef343d3efa56973ff7919c5bede018bc03eb1622b020034040d","ebbe92e73aa532150532423bf2abf664c017071014b425f1e79bd2edfaa008ee","continuation","False","121","65","56","0.463","4","4","16","12"
"2026-04-13T13:50:53.178866Z","final-24h-tenant","575d7bad584bd0ebbabd4c78c3a1672d3f211a34b1e8eaf0b4c872d35a444b5b","codex","c7dbcb031a19648eccde1df0f879cc0e8667268a50f7655368743087f3cdd753","b241f49b89e618d8a66524b4920dc513fbfa0b38bc75d3f5ab98e234cca29d6d","continuation","False","121","65","56","0.463","4","4","16","12"
"2026-04-13T13:51:23.506379Z","final-24h-tenant","575d7bad584bd0ebbabd4c78c3a1672d3f211a34b1e8eaf0b4c872d35a444b5b","codex","8fee5618cb6ef2f23c318eb9010e6f772bced56cf9b2e99f6c27cfd8e7aec53a","25d6b6711aaba561da123d5a89b8ad998df5859f0795be3a73713d89ed5bc6c0","continuation","False","121","65","56","0.463","4","4","16","12"
"2026-04-13T13:51:53.813694Z","final-24h-tenant","575d7bad584bd0ebbabd4c78c3a1672d3f211a34b1e8eaf0b4c872d35a444b5b","codex","383d466e5da9d3308cb4f4722043a89f4de3dc63241812af7b265fff7ab4213a","2a26befe524d202d12ecf9f0b69b1a37f9bef557fcfe4db6cb57279deb93caa6","continuation","False","121","65","56","0.463","4","4","16","12"
"2026-04-13T13:52:24.123068Z","final-24h-tenant","575d7bad584bd0ebbabd4c78c3a1672d3f211a34b1e8eaf0b4c872d35a444b5b","codex","5769f454468ff6163907aa2927da842a89ee34319edb8e3ed46bdddb2f691c5e","6e970ec82aebc522f5d00b0eba9ea6a05a391bd523c9c2873ae9492b9d7c8286","continuation","False","121","65","56","0.463","4","4","16","12"
"2026-04-13T13:52:54.440466Z","final-24h-tenant","575d7bad584bd0ebbabd4c78c3a1672d3f211a34b1e8eaf0b4c872d35a444b5b","codex","0a931a582a35b3cd302cf216cd6a7788e2e35a3496d08df9f99f58dfaa663fdb","383414c87e9001f15d786f22f0a498c1e22841624b879508408625f742fecb2a","continuation","False","121","65","56","0.463","4","4","16","12"
"2026-04-13T13:53:24.765684Z","final-24h-tenant","575d7bad584bd0ebbabd4c78c3a1672d3f211a34b1e8eaf0b4c872d35a444b5b","codex","28344804668d3243cd2caff20a9aef9359260ad5da74a84a5b73d45e4eb67779","d791ea14a3e7f4e172a7da61ad685eb5b4f73694ed2bc0de6b33e24c860f74c2","continuation","False","121","65","56","0.463","4","4","16","12"
"2026-04-13T13:53:55.084293Z","final-24h-tenant","575d7bad584bd0ebbabd4c78c3a1672d3f211a34b1e8eaf0b4c872d35a444b5b","codex","edab0df12d98595fc43252750485e6167d89ee9cc3503a6841541c9375e8dde7","2cf348c3976238d1a755fcec69bd1bf99c2a736d95f497dda14d04da4f4531a4","continuation","False","121","65","56","0.463","4","4","16","12"
"2026-04-13T13:54:25.402276Z","final-24h-tenant","575d7bad584bd0ebbabd4c78c3a1672d3f211a34b1e8eaf0b4c872d35a444b5b","codex","96aab9e6277edc8dd715d8824795d87e803f4cd1f7e7bb0d056c1a3640732cec","5e7ece3031ac390ad2f18aefe839a6ad1e879fc86a908323f4f0bfb823cf0ec7","continuation","False","121","65","56","0.463","4","4","16","12"
"2026-04-13T13:54:55.698902Z","final-24h-tenant","575d7bad584bd0ebbabd4c78c3a1672d3f211a34b1e8eaf0b4c872d35a444b5b","codex","37d5201e694da95c0612b17811aad4f775ecd4c1ae5f8c953e5f6ead81736b5d","4e67ca9f38a71fa5ef8375ec27971f3a0402ba2dfcfa4e2452c981dad67a2dd3","continuation","False","121","65","56","0.463","4","4","16","12"
"2026-04-13T13:55:26.007069Z","final-24h-tenant","575d7bad584bd0ebbabd4c78c3a1672d3f211a34b1e8eaf0b4c872d35a444b5b","codex","84b8030c0f71a10d96d877de976a7084780009f96dd575c4ff542311d91d619f","f7db4acc209ea3981cf2092cda01c70ab026017429443f1e27821d63d59a51ba","continuation","False","121","65","56","0.463","4","4","16","12"
"2026-04-13T13:55:56.307177Z","final-24h-tenant","575d7bad584bd0ebbabd4c78c3a1672d3f211a34b1e8eaf0b4c872d35a444b5b","codex","27fafbb5d7ceec21283e4d1fa7fe705a9affb31001fc8e21899e1c5e24e2d0de","b03fd2184d8d798a51f3b1f06cb4451fc96cb94c4357b177d957034ea68da7e8","continuation","False","121","65","56","0.463","4","4","16","12"
"2026-04-13T13:56:26.612229Z","final-24h-tenant","575d7bad584bd0ebbabd4c78c3a1672d3f211a34b1e8eaf0b4c872d35a444b5b","codex","e62ddc6b6c6a9ba164f99001c95f9a664fe258839a074d5ab34c86bed8476ae8","f5bc9b4a088a3d0109c37711c2b455eed619bceba7771e188140fe68337dce53","continuation","False","121","65","56","0.463","4","4","16","12"
"2026-04-13T13:56:56.918080Z","final-24h-tenant","575d7bad584bd0ebbabd4c78c3a1672d3f211a34b1e8eaf0b4c872d35a444b5b","codex","5b86a03ba6967fc997ffa131a3d492045a4598276a37606a673842edaedbeb1d","16132a4c5cbb6cf14078ebd727e060886dd3aa5e3c8f887e01f58d16af64e2f1","continuation","False","121","65","56","0.463","4","4","16","12"
"2026-04-13T13:57:27.255735Z","final-24h-tenant","575d7bad584bd0ebbabd4c78c3a1672d3f211a34b1e8eaf0b4c872d35a444b5b","codex","85867d93f571abdd063966ef6905b48dfa5de8861879ac9bf92af96ea52380cb","95e6c9d35deaf5ae47732c0c1d8ddddad4bfeb0cb0a8c82ea5498361b3c5a168","continuation","False","121","65","56","0.463","4","4","16","12"
"2026-04-13T13:57:57.546039Z","final-24h-tenant","575d7bad584bd0ebbabd4c78c3a1672d3f211a34b1e8eaf0b4c872d35a444b5b","codex","4eed443b4c65125bd09c95b9faa6faef88a83e82368648e8419a2dc2f4028213","bd13784f8521119296f36aa3f6195a891f625fa8e3ea71ce33155288a9bfc484","continuation","False","121","65","56","0.463","4","4","16","12"
"2026-04-13T13:58:27.881987Z","final-24h-tenant","575d7bad584bd0ebbabd4c78c3a1672d3f211a34b1e8eaf0b4c872d35a444b5b","codex","19e7efb50d4066754100c17b4c7c6be92c8ffffbe046f6459d8dd296fedc2d9d","3656f355e4ee29e397a9106df2f49cfa98ee15996b9d01667d2f3219d40ffe29","continuation","False","121","65","56","0.463","4","4","16","12"
"2026-04-13T13:58:58.213010Z","final-24h-tenant","575d7bad584bd0ebbabd4c78c3a1672d3f211a34b1e8eaf0b4c872d35a444b5b","codex","36944c92fbe6d7962825c59b56271f71b9e04c2658cb820a03e0ccc66b35586a","e27566ef36346b3973f090f2260504d729e8f08af1525b941d9f7f19e40c9858","continuation","False","121","65","56","0.463","4","4","16","12"
"2026-04-13T13:59:28.560986Z","final-24h-tenant","575d7bad584bd0ebbabd4c78c3a1672d3f211a34b1e8eaf0b4c872d35a444b5b","codex","e1026098883839b81c3e05ce8426185744f6757483294b98634c20ee9a54646a","a7c354b6ff3fb98906c999da29d7d329515847f48d59d98a970e9ae96c555ac0","continuation","False","121","65","56","0.463","4","4","16","12"
"2026-04-13T13:59:58.874183Z","final-24h-tenant","575d7bad584bd0ebbabd4c78c3a1672d3f211a34b1e8eaf0b4c872d35a444b5b","codex","01688adeb348dc15c8212c733bf1cc101f1b08cfdcbb2e86ca507cb9da14f9d3","601d926774dde9458d1ec17647d4191c58d42723a3fbc5ea401f60bcc3e06606","continuation","False","121","65","56","0.463","4","4","16","12"
"2026-04-13T14:00:29.185100Z","final-24h-tenant","575d7bad584bd0ebbabd4c78c3a1672d3f211a34b1e8eaf0b4c872d35a444b5b","codex","1a28538e2651cce69a4f63910127a453e7a32802e239b64bf4468b5eb000a0a9","1dbeec02ac37fdf0de9f2cae331b090ec121998881c4c86074aa4393ef53e290","continuation","False","121","65","56","0.463","4","4","16","12"
"2026-04-13T14:00:59.466107Z","final-24h-tenant","575d7bad584bd0ebbabd4c78c3a1672d3f211a34b1e8eaf0b4c872d35a444b5b","codex","e2ee475d86ce452ae109545b9b88f0a992553c1cb83f4e48f46610d4b7e87c19","2b1e7bfd065e5c28783c8e3145d1df7ad62de9cc4ac87f3d467bc53ccc949c0f","continuation","False","121","65","56","0.463","4","4","16","12"
"2026-04-13T14:01:29.762550Z","final-24h-tenant","575d7bad584bd0ebbabd4c78c3a1672d3f211a34b1e8eaf0b4c872d35a444b5b","codex","6135f40610cbae1f0723e2f0e8a6053d43189130ee116e949ee499f5d370b2f0","3d4e44ba19a0ed6bcf586ad29c4ca5198098e2b335d0db2d43a55d26547c6de6","continuation","False","121","65","56","0.463","4","4","16","12"
"2026-04-13T14:02:00.063110Z","final-24h-tenant","575d7bad584bd0ebbabd4c78c3a1672d3f211a34b1e8eaf0b4c872d35a444b5b","codex","20edde3e2602717ddd95b55723ebf2934351a2b82e9a8096513c6d8283695753","27a75826a7112f72b156971ddc577aae5ef5f4d126e3f7fa021cb4b4ba3b74fd","continuation","False","121","65","56","0.463","4","4","16","12"
"2026-04-13T14:02:30.382778Z","final-24h-tenant","575d7bad584bd0ebbabd4c78c3a1672d3f211a34b1e8eaf0b4c872d35a444b5b","codex","38a08db48be0f155b51beb975779c43b40f92e2df3e7e0081390635e29513171","e4cd2f65d5d18920bc2be4b7162d3323fb44046a62340f950687dc4a45366f95","continuation","False","121","65","56","0.463","4","4","16","12"
"2026-04-13T14:03:00.706091Z","final-24h-tenant","575d7bad584bd0ebbabd4c78c3a1672d3f211a34b1e8eaf0b4c872d35a444b5b","codex","f71d13f40007840e090dd050fab105ad425181dd3fad5085d519e1c752c3f5ae","096fb6462a04aecfb534a64ef8aea9f389082d77897ef25c42d402e757a9227c","continuation","False","121","65","56","0.463","4","4","16","12"
"2026-04-13T14:03:31.030657Z","final-24h-tenant","575d7bad584bd0ebbabd4c78c3a1672d3f211a34b1e8eaf0b4c872d35a444b5b","codex","ab770fbe835e639b8f3e0ab3ab3bbcf00fcfa94e7c2f2db15377c370e809dfbf","2f0aade66669b6e03a5e53e631134ec5361fd11b34a4444c44ed8ca4f945b2da","continuation","False","121","65","56","0.463","4","4","16","12"
"2026-04-13T14:04:01.367038Z","final-24h-tenant","575d7bad584bd0ebbabd4c78c3a1672d3f211a34b1e8eaf0b4c872d35a444b5b","codex","65c36c7db1227333d2fa7cfa92d932dfb31d5a9b74e52a703ca4e2e93d3e4393","4c562f88e70232d55d901baa1618a5052d8f5481e76e70f00c37c57043fc80d7","continuation","False","121","65","56","0.463","4","4","16","12"
"2026-04-13T14:04:31.689683Z","final-24h-tenant","575d7bad584bd0ebbabd4c78c3a1672d3f211a34b1e8eaf0b4c872d35a444b5b","codex","d8eab3dc7b0627e0691ee07d59a2e0ab09a0d1aa3bb0eee849f0ab52ebfa776c","346cfa922d987d71a83b3624fd7ae387a2d60d3a4e14a4eafac5568a681f06b5","continuation","False","121","65","56","0.463","4","4","16","12"
"2026-04-13T14:05:02.019843Z","final-24h-tenant","575d7bad584bd0ebbabd4c78c3a1672d3f211a34b1e8eaf0b4c872d35a444b5b","codex","0d46aa68f3d2b435605e5786f24b53973a84ee5d82b88e347b6f69a356c8f314","27ee989eba9fc9e4ea1ac4f24ce7a44861634a0b1d4498cbd51dca4d19ac4c81","continuation","False","121","65","56","0.463","4","4","16","12"
"2026-04-13T14:05:32.347137Z","final-24h-tenant","575d7bad584bd0ebbabd4c78c3a1672d3f211a34b1e8eaf0b4c872d35a444b5b","codex","54c06d4b492a339932cff27f1f6356f8838f18126dfa9f65c2341d44f9d01dec","63a777087d4fdb247ff7911f721ecde9b374ea03209586675406448f6cb5e9f7","continuation","False","121","65","56","0.463","4","4","16","12"
"2026-04-13T14:06:02.680630Z","final-24h-tenant","575d7bad584bd0ebbabd4c78c3a1672d3f211a34b1e8eaf0b4c872d35a444b5b","codex","2fc15171e68e4c0927f18d702938fc80ef68123d38400e5ff4993c7080ce98b8","8579718099d194e2fbf3cf8dd0f1921871af9c31f0af134b2ba6572b61a04186","continuation","False","121","65","56","0.463","4","4","16","12"
"2026-04-13T14:06:32.994714Z","final-24h-tenant","575d7bad584bd0ebbabd4c78c3a1672d3f211a34b1e8eaf0b4c872d35a444b5b","codex","5dacc7723d82e3c004452b643426257079d80812802c6c57d0e34303134900d9","8ea02eb3c6b53e66f3e2057a3daf74998f5d804b1ac70ca16472383c0c01e84d","continuation","False","121","65","56","0.463","4","4","16","12"
"2026-04-13T14:07:03.318788Z","final-24h-tenant","575d7bad584bd0ebbabd4c78c3a1672d3f211a34b1e8eaf0b4c872d35a444b5b","codex","8c4d612626250b5f7f7c555d482a00baca042a4bc4eb70dd32aa645332d9f298","d803ff97d72b558d24014422b98e9951ea4944eaa92e0776ff809b8e1a17ddb4","continuation","False","121","65","56","0.463","4","4","16","12"
"2026-04-13T14:07:33.640301Z","final-24h-tenant","575d7bad584bd0ebbabd4c78c3a1672d3f211a34b1e8eaf0b4c872d35a444b5b","codex","e692b700fc2a769cf838f4777c19e8475e267f21d3a4693e2aeea87dcab398c9","21dc216e24600c6670819d35372231c65ba85ec9275fcc09912457af5f558be9","continuation","False","121","65","56","0.463","4","4","16","12"
"2026-04-13T14:08:03.969305Z","final-24h-tenant","575d7bad584bd0ebbabd4c78c3a1672d3f211a34b1e8eaf0b4c872d35a444b5b","codex","e4121ee399dacc3b5f45f3dbad0c750b4127c823a74074204d526728ae5ef635","3c1d83cbd4a1a3e71d4be25e964d5d54dfb02aeb841ddbd30ec08375e6878180","continuation","False","121","65","56","0.463","4","4","16","12"
"2026-04-13T14:08:34.309807Z","final-24h-tenant","575d7bad584bd0ebbabd4c78c3a1672d3f211a34b1e8eaf0b4c872d35a444b5b","codex","f28e58418f15087b5320e964b9f5485e5c366b34322bab333902f0db344dd7a9","6e0c133351b146fec5c825d8e792b4fdb2bf855e2d6f46486af4be5fffc0e0b2","continuation","False","121","65","56","0.463","4","4","16","12"
"2026-04-13T14:09:04.643208Z","final-24h-tenant","575d7bad584bd0ebbabd4c78c3a1672d3f211a34b1e8eaf0b4c872d35a444b5b","codex","9232c60bc22a91757f7419e958b8ac257e51721bdf82989b5642f4cb512956a4","161247a63db090edb87e1eca97e194cee1631035c8b999c792bf716041a2898e","continuation","False","121","65","56","0.463","4","4","16","12"
"2026-04-13T14:09:34.982309Z","final-24h-tenant","575d7bad584bd0ebbabd4c78c3a1672d3f211a34b1e8eaf0b4c872d35a444b5b","codex","2a8f68a2490246263485e925aa11a79e13a23febd7b3853bba411c6efc251860","37b6ebb01845ee89eb9734c6f6c1ceb4e9cad0c49a5fee2a20d56ec2a47bcb49","continuation","False","121","65","56","0.463","4","4","16","12"
"2026-04-13T14:10:05.316027Z","final-24h-tenant","575d7bad584bd0ebbabd4c78c3a1672d3f211a34b1e8eaf0b4c872d35a444b5b","codex","69eaec8a0af2f2dedb098b2523ff4062dfcd0acd6a2b3bfb65cc007bc68cdd6f","b46b5df916e8a96cf8d31a9f2e70a6bc66369bb4b81961d9f362b0ed9b5d319b","continuation","False","121","65","56","0.463","4","4","16","12"
"2026-04-13T14:10:35.652824Z","final-24h-tenant","575d7bad584bd0ebbabd4c78c3a1672d3f211a34b1e8eaf0b4c872d35a444b5b","codex","d5a060abfb5718aec53a9ca1180c23799c76c4204dc4557c97619ea8484953c7","af310b1701a609d15b74303e6a163f41ad27a03f388fe6b58d66a5660ef55fc2","continuation","False","121","65","56","0.463","4","4","16","12"
"2026-04-13T14:11:05.961056Z","final-24h-tenant","575d7bad584bd0ebbabd4c78c3a1672d3f211a34b1e8eaf0b4c872d35a444b5b","codex","c1be28d6cb3c32bea14be3cfdba5f951beec72aafe8eecb27987189bfecb8af8","8ad95c1c8c80749fc4e75b348ed0ec98a2fb526669452a7cdc94994e9d2e6270","continuation","False","121","65","56","0.463","4","4","16","12"
"2026-04-13T14:11:36.293601Z","final-24h-tenant","575d7bad584bd0ebbabd4c78c3a1672d3f211a34b1e8eaf0b4c872d35a444b5b","codex","e62a96d8d96c6e2d7e0987713198e38b3debb023698e16c086dea121dd24bfe2","60e92755d77d462a4a3a292b9cb9ed75eb102a687ef5cccbc80ea2843d37a52f","continuation","False","121","65","56","0.463","4","4","16","12"
"2026-04-13T14:12:06.631352Z","final-24h-tenant","575d7bad584bd0ebbabd4c78c3a1672d3f211a34b1e8eaf0b4c872d35a444b5b","codex","8415839fc90155ba90a4a6669cdf5684a05791997920242b4d2ba8e5917bc49d","845b82e5d1d23bc5a93e896867922620b0fd611caf92a8aeba95aab0523c1cd0","continuation","False","121","65","56","0.463","4","4","16","12"
"2026-04-13T14:12:36.963975Z","final-24h-tenant","575d7bad584bd0ebbabd4c78c3a1672d3f211a34b1e8eaf0b4c872d35a444b5b","codex","0716979a9b77f47677ce4eeb2956414e8986f73991af80a0a31744cb4b4d2f24","3ccea9c2b09128f15cf5f20403cfe79333e558984a2fb441939f432ca05bfb81","continuation","False","121","65","56","0.463","4","4","16","12"
"2026-04-13T14:13:07.289437Z","final-24h-tenant","575d7bad584bd0ebbabd4c78c3a1672d3f211a34b1e8eaf0b4c872d35a444b5b","codex","9310d8c1016ba7752b05a8ce8c3411247110057fdf48a25eea12e73d639d539b","3b17e3d952d6a446653e1f5092f28bd37a365c4188d801a04f7b559a055f28e9","continuation","False","121","65","56","0.463","4","4","16","12"
"2026-04-13T14:13:37.627444Z","final-24h-tenant","575d7bad584bd0ebbabd4c78c3a1672d3f211a34b1e8eaf0b4c872d35a444b5b","codex","4399268f27a1c6720dc7171523619f579f0574d4df1ae6483e7ef2ed77d5ff9b","23234440c72ed260800797bc22170bb464c67d4771a785aad8d3005f31b22eaa","continuation","False","121","65","56","0.463","4","4","16","12"
"2026-04-13T14:14:07.982477Z","final-24h-tenant","575d7bad584bd0ebbabd4c78c3a1672d3f211a34b1e8eaf0b4c872d35a444b5b","codex","65cb07c046575e6f2be0de107d8d6fce99dcc576078645a85e1b4ecd5ba80082","028b257f1a1765483e2aadecc37647bbbed048754e3261512a09c33b18442412","continuation","False","121","65","56","0.463","4","4","16","12"
"2026-04-13T14:14:38.334750Z","final-24h-tenant","575d7bad584bd0ebbabd4c78c3a1672d3f211a34b1e8eaf0b4c872d35a444b5b","codex","205bc0f94b50bbe1bd717bb4637e4bd4108e03b9fe8b562c37930baa3e61be5f","b899fc8629bec8e2e781d5d9c19ce2de246147d7521deb6f7d37eff054e0cfae","continuation","False","121","65","56","0.463","4","4","16","12"
"2026-04-13T14:15:08.669064Z","final-24h-tenant","575d7bad584bd0ebbabd4c78c3a1672d3f211a34b1e8eaf0b4c872d35a444b5b","codex","e9dea8d6278c05b9d7e902b927993d5f22019521c4426c0f8e654c7143d04dc3","7a66f7735df4284fd82e8bd97b6f96a6e51de26255438c445cfdf5b717be3ef7","continuation","False","121","65","56","0.463","4","4","16","12"
"2026-04-13T14:15:39.018652Z","final-24h-tenant","575d7bad584bd0ebbabd4c78c3a1672d3f211a34b1e8eaf0b4c872d35a444b5b","codex","f39eb9d822cb901e1b4a5c24affd79047553392eb3be1a2ad2e8768ba81bfc8f","e96d0b9512a98c1408ec74c664df1e2968c40db799149469dbab42589cb91447","continuation","False","121","65","56","0.463","4","4","16","12"
"2026-04-13T14:16:09.334516Z","final-24h-tenant","575d7bad584bd0ebbabd4c78c3a1672d3f211a34b1e8eaf0b4c872d35a444b5b","codex","112139386f7f1a1a85b89921c76629e2a594719bccb5fded21e7f09106829bcc","47921346f44828585a0bddb5ec4aa5945ae209d1b07448ec55a3e946ea9adc5b","continuation","False","121","65","56","0.463","4","4","16","12"
"2026-04-13T14:16:39.657003Z","final-24h-tenant","575d7bad584bd0ebbabd4c78c3a1672d3f211a34b1e8eaf0b4c872d35a444b5b","codex","f991757fe13e452fd2bdeb947e658e96ba99b5c31ff9d888f5ccbac097ffa482","ff21e9e9fe16ea78833c29de0281983812de9d5497f6a8ae16c771a2f6c3b99d","continuation","False","121","65","56","0.463","4","4","16","12"
"2026-04-13T14:17:09.987909Z","final-24h-tenant","575d7bad584bd0ebbabd4c78c3a1672d3f211a34b1e8eaf0b4c872d35a444b5b","codex","c1df7f7664f6736b7f6e60de3e9d5d4c28132b2ee528fe4ff6e4078a35b0ce89","50e95d78c770a242c3e1db36e86412390a6ddf89d11f633968e68693f14263a6","continuation","False","121","65","56","0.463","4","4","16","12"
"2026-04-13T14:17:40.316112Z","final-24h-tenant","575d7bad584bd0ebbabd4c78c3a1672d3f211a34b1e8eaf0b4c872d35a444b5b","codex","c018755b5f494522c5d7cb3eebe3ff4a7b95c3201e8eb956e7de1771839d9a0e","768fa79804ff34d1808d323bff55e1e65ba380ff571e40a1f2b6a09cc3ec39d1","continuation","False","121","65","56","0.463","4","4","16","12"
"2026-04-13T14:18:10.651166Z","final-24h-tenant","575d7bad584bd0ebbabd4c78c3a1672d3f211a34b1e8eaf0b4c872d35a444b5b","codex","6777fd8b8df32c8034689de3d87624067ba610e612c6ce7a656ec8b95c3809c6","2d88699de951b1d4edcda26089308b6c54ff38e9e31949e49983d528cdc80d5a","continuation","False","121","65","56","0.463","4","4","16","12"
"2026-04-13T14:18:40.986737Z","final-24h-tenant","575d7bad584bd0ebbabd4c78c3a1672d3f211a34b1e8eaf0b4c872d35a444b5b","codex","87f6827efbaa3c0d6828382f0fb8112312488d7bb7424cbcbfe6505b843440c5","de272644e72922ce953103778ad159261e09d48eeb611ddae3d6ebd05952db7d","continuation","False","121","65","56","0.463","4","4","16","12"
"2026-04-13T14:19:11.318055Z","final-24h-tenant","575d7bad584bd0ebbabd4c78c3a1672d3f211a34b1e8eaf0b4c872d35a444b5b","codex","a776492e20e6533ea4da491c23f6c35b243ca3d75d42c9187398be59665c339c","804f5b70eaf22838b009fd7a39ad0bc4fa07f8220b1795c7c3f71834fb359a93","continuation","False","121","65","56","0.463","4","4","16","12"
"2026-04-13T14:19:41.661713Z","final-24h-tenant","575d7bad584bd0ebbabd4c78c3a1672d3f211a34b1e8eaf0b4c872d35a444b5b","codex","1cb8213232da086a0cbc5aeada8108f8bc8d1c24c0341d6db89a43c1d28cb1fa","f24b2be4510c4e2e26a1750da2da4b48befff765943ff13435e63dc2d2267192","continuation","False","121","65","56","0.463","4","4","16","12"
"2026-04-13T14:20:12.007446Z","final-24h-tenant","575d7bad584bd0ebbabd4c78c3a1672d3f211a34b1e8eaf0b4c872d35a444b5b","codex","1974854cb8bb5769035b4ee13806066e0a23fc4badcff77d52de5c9d065dedb7","02e18fb4d07ee1410db216a93be360beade4f7654b1779dd56733550494cd6b3","continuation","False","121","65","56","0.463","4","4","16","12"
"2026-04-13T14:20:42.332230Z","final-24h-tenant","575d7bad584bd0ebbabd4c78c3a1672d3f211a34b1e8eaf0b4c872d35a444b5b","codex","ee309fd9703b7bada66afcdd161dd7fdd387af44c83118a90859872b0bd201e3","1116216f02fdf98f7fac39d0c6e9da3209603b6cf19224c4ab7cc40782804b6e","continuation","False","121","65","56","0.463","4","4","16","12"
"2026-04-13T14:21:12.659903Z","final-24h-tenant","575d7bad584bd0ebbabd4c78c3a1672d3f211a34b1e8eaf0b4c872d35a444b5b","codex","b3bd44bc2cce7132aa7df353eec576ff3af01a5cc32d33e477ed387c61a6581c","112d9f041fc2eb62e136b3367541e91f2621194407aa66038242253b4b9c718a","continuation","False","121","65","56","0.463","4","4","16","12"
"2026-04-13T14:21:42.986920Z","final-24h-tenant","575d7bad584bd0ebbabd4c78c3a1672d3f211a34b1e8eaf0b4c872d35a444b5b","codex","57948cc1894d2b9a92a8b63cb6b54fbbaf3aec99e8499e97af737ff9783786f7","6e014e0dacdb7de88e07cea8a0e5f07ac29130041cc73243f62d9ae682b5af0f","continuation","False","121","65","56","0.463","4","4","16","12"
"2026-04-13T14:22:13.317451Z","final-24h-tenant","575d7bad584bd0ebbabd4c78c3a1672d3f211a34b1e8eaf0b4c872d35a444b5b","codex","1d9de5a02e6d282c7b2d50c38513a80a14e6078be0c0b11ed80dc563b9fa4805","26e7352576d149b56d6722606cd905ee8d54d0231d040b08a0c1e9f0494ba266","continuation","False","121","65","56","0.463","4","4","16","12"
"2026-04-13T14:22:43.644898Z","final-24h-tenant","575d7bad584bd0ebbabd4c78c3a1672d3f211a34b1e8eaf0b4c872d35a444b5b","codex","82898941a56513b2065a067b9cde47e5512bd16fee5a8a817d90b6911811df6b","71fa2195fa856c4f1c980f73bcbd004187c86a3e0becdf1258f811c63e217dd3","continuation","False","121","65","56","0.463","4","4","16","12"
"2026-04-13T14:23:13.982156Z","final-24h-tenant","575d7bad584bd0ebbabd4c78c3a1672d3f211a34b1e8eaf0b4c872d35a444b5b","codex","649e46ace1bd0f91c675fd4d516b99943f894cc3f204e86d17e6db8935c82652","b352b2c6734ee4dba7fc415fd626882980830e76b5056f45620452a9dd3da9c0","continuation","False","121","65","56","0.463","4","4","16","12"
"2026-04-13T14:23:44.297376Z","final-24h-tenant","575d7bad584bd0ebbabd4c78c3a1672d3f211a34b1e8eaf0b4c872d35a444b5b","codex","776499b31bff77e957ba58512abf624da6e45cdfd8307fcbeec3d98772cb8e51","94ae4852cc864171bbf9e79e0e0664767067e1c02d94ea119c2a001e69a73715","continuation","False","121","65","56","0.463","4","4","16","12"
"2026-04-13T14:24:14.621330Z","final-24h-tenant","575d7bad584bd0ebbabd4c78c3a1672d3f211a34b1e8eaf0b4c872d35a444b5b","codex","eaea109d762800e33be47bd68e48cd0556f26529f3d9bd52bfe527d82edc5d94","4d184a8528504dcb8f7fa53ed14e4b9f790f1bb10e481a950f25b72b0bb52b99","continuation","False","121","65","56","0.463","4","4","16","12"
"2026-04-13T14:24:44.942880Z","final-24h-tenant","575d7bad584bd0ebbabd4c78c3a1672d3f211a34b1e8eaf0b4c872d35a444b5b","codex","81c365e68adb808d372c72a99dbcc87cac8df6b61bbbe2b38c6ccbd7477a5b9e","0da4373ad662882ab0ea4a09cb2d18b58adb48f7441d40ade1f63e714ab79921","continuation","False","121","65","56","0.463","4","4","16","12"
"2026-04-13T14:25:15.278951Z","final-24h-tenant","575d7bad584bd0ebbabd4c78c3a1672d3f211a34b1e8eaf0b4c872d35a444b5b","codex","bcace61c47cec64400b81f97597dc28e82cb0f77da741645e50131375ebd2c4a","0cbec2ef57bd7580153da8d3fcdc60ba36e17dc2bccbcd0fea1409322a1a5fd3","continuation","False","121","65","56","0.463","4","4","16","12"
"2026-04-13T14:25:45.595273Z","final-24h-tenant","575d7bad584bd0ebbabd4c78c3a1672d3f211a34b1e8eaf0b4c872d35a444b5b","codex","58311e95f88f2ae3deb04714fe708106dee5f3e8a32c6ec7836bff99518cf9d2","754a3cf041c0a1ddf1bfee7cde132e8aa5dc0c5c239b39852370a57ddf693698","continuation","False","121","65","56","0.463","4","4","16","12"
"2026-04-13T14:26:15.927366Z","final-24h-tenant","575d7bad584bd0ebbabd4c78c3a1672d3f211a34b1e8eaf0b4c872d35a444b5b","codex","be5cd13fd68d405643ad5ce788ed0513210257d13eded7ee9013477d9ee78d74","21507fbde9263f0e70153aa6e37f6f3274f02206a0fe9bb9d7bbbf3559016334","continuation","False","121","65","56","0.463","4","4","16","12"
"2026-04-13T14:26:46.265927Z","final-24h-tenant","575d7bad584bd0ebbabd4c78c3a1672d3f211a34b1e8eaf0b4c872d35a444b5b","codex","d55398d7ec406a68def75c0461afe7d3d8111486c60eb02e19c4615e3461dccf","42c4094944ff0900c03b76134c444f6524afcd7c08a8b1dd29821eecdc2d77b3","continuation","False","121","65","56","0.463","4","4","16","12"
"2026-04-13T14:27:16.634715Z","final-24h-tenant","575d7bad584bd0ebbabd4c78c3a1672d3f211a34b1e8eaf0b4c872d35a444b5b","codex","0851a0cdcd74e99de7f73b0daeba9428cb520e6835bfff40479cebccd86f2a2f","7d41e9280561c88db27989316832ce18df3ae71b848f89125a5a108d93940344","continuation","False","121","65","56","0.463","4","4","16","12"
"2026-04-13T14:27:46.998472Z","final-24h-tenant","575d7bad584bd0ebbabd4c78c3a1672d3f211a34b1e8eaf0b4c872d35a444b5b","codex","90195a3a346cbe4a428b3d19d95049266e0f1c04208ef4bde6f77eea6217d0ae","23a55fc8e3ca492eec7dc306d95fea63db926b0f9f7ac079665a2ff28f7103cd","continuation","False","121","65","56","0.463","4","4","16","12"
"2026-04-13T14:28:17.347580Z","final-24h-tenant","575d7bad584bd0ebbabd4c78c3a1672d3f211a34b1e8eaf0b4c872d35a444b5b","codex","ca6e003e1d4e0988f2219a25579614b5ad9201c5082a1a621f3c9de115363c68","6abfbc8d938f92081ca27f88e98c22fbafef4400cb898e9d923c6c825d7e7620","continuation","False","121","65","56","0.463","4","4","16","12"
"2026-04-13T14:28:47.692415Z","final-24h-tenant","575d7bad584bd0ebbabd4c78c3a1672d3f211a34b1e8eaf0b4c872d35a444b5b","codex","fd3ea437c38a520e4da67c84c96e8b1151ed737e2f12fe49e2d72a1c65f61262","a3bb32ab12bf412c4d73fef654738fe97d75d4702ee8e71ed5e7a87cfa794537","continuation","False","121","65","56","0.463","4","4","16","12"
"2026-04-13T14:29:18.000115Z","final-24h-tenant","575d7bad584bd0ebbabd4c78c3a1672d3f211a34b1e8eaf0b4c872d35a444b5b","codex","94054c6e1a0c10019651ff9c186e3d1077e41024e4738820f7b6b28c9569a058","e954b524af1775af108de3d814643e05dbfffc875719cef473689dac4a804f42","continuation","False","121","65","56","0.463","4","4","16","12"
"2026-04-13T14:29:48.319794Z","final-24h-tenant","575d7bad584bd0ebbabd4c78c3a1672d3f211a34b1e8eaf0b4c872d35a444b5b","codex","ac7480451da531a5949558f49afb4f4b3883b5e9934e054b45fffe408092d938","043c91aee3caa754ab1a51aa8492115140982188aa71c19d0fe6fc09e281885d","continuation","False","121","65","56","0.463","4","4","16","12"
"2026-04-13T14:30:18.632334Z","final-24h-tenant","575d7bad584bd0ebbabd4c78c3a1672d3f211a34b1e8eaf0b4c872d35a444b5b","codex","461b74cd97c851dc4cc3f8de52a4b75509c9b3d6acdfa36f469566777d6bbd81","dbc698e7ca3f55259edecfd61b9504176c9e396b64858e57c42112dfe2050004","continuation","False","121","65","56","0.463","4","4","16","12"
"2026-04-13T14:30:48.937380Z","final-24h-tenant","575d7bad584bd0ebbabd4c78c3a1672d3f211a34b1e8eaf0b4c872d35a444b5b","codex","5a605bf637b31282626950927a0127ad3cf701f0e316d68cf1e6443073c2f675","f715443627214601c941a289afed4be36273fdbe3ace527604d88ab4a308f339","continuation","False","121","65","56","0.463","4","4","16","12"
"2026-04-13T14:31:19.260683Z","final-24h-tenant","575d7bad584bd0ebbabd4c78c3a1672d3f211a34b1e8eaf0b4c872d35a444b5b","codex","764a0af566e2ae6ea1cc1c6f719211704959ffbde99cd8b002df93e8c9930f20","bc4565357e6d7967a2a5b129f5ed89c26726eb87245336de07b0e914f3eead48","continuation","False","121","65","56","0.463","4","4","16","12"
"2026-04-13T14:31:49.586563Z","final-24h-tenant","575d7bad584bd0ebbabd4c78c3a1672d3f211a34b1e8eaf0b4c872d35a444b5b","codex","b1417e0fcaaa4c55631b7fea65ad6b8b31304598d0c77f7a24f4ed83dcb7df75","90f5b4bd7d5b713980397808c72cfeac48ea7e9c9eb3d89f6fb685f044f7ed3c","continuation","False","121","65","56","0.463","4","4","16","12"
"2026-04-13T14:32:19.907312Z","final-24h-tenant","575d7bad584bd0ebbabd4c78c3a1672d3f211a34b1e8eaf0b4c872d35a444b5b","codex","bece20d09ae8794dc05c437d99d3baae52ebd2723a4537f7b34c27386db9a3dd","22a6bd473e4b7cc69f7284471523b66aef2d0b1beb4b430d1bc7f9ecad6f9ab9","continuation","False","121","65","56","0.463","4","4","16","12"
"2026-04-13T14:32:50.244289Z","final-24h-tenant","575d7bad584bd0ebbabd4c78c3a1672d3f211a34b1e8eaf0b4c872d35a444b5b","codex","4fc409497d4668d36d9aa699a0c2989c27bfdd6d3e62f6998b5996706aa1b3bb","c1ce39266d3863e4e93041ee63d31973301511d677c8b61250423c60dcaef6f6","continuation","False","121","65","56","0.463","4","4","16","12"
"2026-04-13T14:33:20.566947Z","final-24h-tenant","575d7bad584bd0ebbabd4c78c3a1672d3f211a34b1e8eaf0b4c872d35a444b5b","codex","cc696545075e13c2844bfe8c38f0d5d39b5dd3e4db8f3ca9dfbcc93248aa9894","0591869f5ce51ce121896c50a21e96666301196a97573d53974ede4980dc2883","continuation","False","121","65","56","0.463","4","4","16","12"
"2026-04-13T14:33:50.888261Z","final-24h-tenant","575d7bad584bd0ebbabd4c78c3a1672d3f211a34b1e8eaf0b4c872d35a444b5b","codex","861c15c336d1f07a0e76631f633b7fb3cc7e21d9807ac53a89dd6149ab248cc7","3192eadf635811e64b02f287d44c345e9300ccc24afeffd451ed8d054b6e5411","continuation","False","121","65","56","0.463","4","4","16","12"
"2026-04-13T14:34:21.227849Z","final-24h-tenant","575d7bad584bd0ebbabd4c78c3a1672d3f211a34b1e8eaf0b4c872d35a444b5b","codex","075d9e3068ce12d44e0e30a4446600b713190572a37582ad5a52be4e65a997a9","44315e3c5902ad27bf19356043159b49fe0885f9a6e4e9b2ed30f53765172c3c","continuation","False","121","65","56","0.463","4","4","16","12"
"2026-04-13T14:34:51.545913Z","final-24h-tenant","575d7bad584bd0ebbabd4c78c3a1672d3f211a34b1e8eaf0b4c872d35a444b5b","codex","d08f85d914d922c23c6a57dcfdc34183d51039ba515ea016ac1a40ad9fa48599","19a5e988ddf53589c2c49b7b4cc56ae0a0bb55d52098a090bf0a8cb0438c9454","continuation","False","121","65","56","0.463","4","4","16","12"
"2026-04-13T14:35:21.873459Z","final-24h-tenant","575d7bad584bd0ebbabd4c78c3a1672d3f211a34b1e8eaf0b4c872d35a444b5b","codex","6c897ff167d41bf506a1cea64d5a72ea712089c62296473f13aebc0ed087b528","764c889eff391cf5bff26b8aadc7cc80976d891455b95ddd798eff76d636e160","continuation","False","121","65","56","0.463","4","4","16","12"
"2026-04-13T14:35:52.192673Z","final-24h-tenant","575d7bad584bd0ebbabd4c78c3a1672d3f211a34b1e8eaf0b4c872d35a444b5b","codex","3c57a1ab82ca1cae26dc20a87521c75afdb9c62fd807fb84daa3bd6a2ab857f2","f45575fcec6299700b13028749eec49f4d1cbe63e27dc98cebbfa780b8b22011","continuation","False","121","65","56","0.463","4","4","16","12"
"2026-04-13T14:36:22.508731Z","final-24h-tenant","575d7bad584bd0ebbabd4c78c3a1672d3f211a34b1e8eaf0b4c872d35a444b5b","codex","8286e0c5fa84c298871db374b63463c5b60e0c4e1a25e49b599e1bd1c7da9016","7b21c95eb6f26dc46a374cbbea1bfcb694153a7aaf9e0da734be9e6684bd5b78","continuation","False","121","65","56","0.463","4","4","16","12"
"2026-04-13T14:36:52.857720Z","final-24h-tenant","575d7bad584bd0ebbabd4c78c3a1672d3f211a34b1e8eaf0b4c872d35a444b5b","codex","ea0d86708fd928f9b85db3ea8eb89ceac8f8ce50dfc25fe40161eb85ca9501df","53c663ba6790f87f22745c3c9b79c3e07877ff90a0eaaadb424781ed328f44d2","continuation","False","121","65","56","0.463","4","4","16","12"
"2026-04-13T14:37:23.247964Z","final-24h-tenant","575d7bad584bd0ebbabd4c78c3a1672d3f211a34b1e8eaf0b4c872d35a444b5b","codex","f2b258fb512e7f63cc68d818529bb1866f802acc8560aabdb98431411bd78194","256b2065f88500ccdfd6343ca322c11a2949ac1fc30bd075402768daf4dc582b","continuation","False","121","65","56","0.463","4","4","16","12"
"2026-04-13T14:37:53.579941Z","final-24h-tenant","575d7bad584bd0ebbabd4c78c3a1672d3f211a34b1e8eaf0b4c872d35a444b5b","codex","d9c0e14f2903a01174681383a8ff931f71dd4b2917fd78a0f536afd6b96941e2","3a9e10c9d59ca93b6b5cf8992664ebe837a05358b05c50454e6ff64f29f388b6","continuation","False","121","65","56","0.463","4","4","16","12"
"2026-04-13T14:38:23.902635Z","final-24h-tenant","575d7bad584bd0ebbabd4c78c3a1672d3f211a34b1e8eaf0b4c872d35a444b5b","codex","4aa2fe357fb477f349a3e73ce31e649166a4e84dce18e68fb339f06058c1a07a","38d62499d2d0b653a63b3c1012bfb0c2d39e0c1b0de1975ac4fb3650380191df","continuation","False","121","65","56","0.463","4","4","16","12"
"2026-04-13T14:38:54.229989Z","final-24h-tenant","575d7bad584bd0ebbabd4c78c3a1672d3f211a34b1e8eaf0b4c872d35a444b5b","codex","1a3457f82a097826281ef17c83d3ba7907ce8a1913b8f5b63683e9e5ec746099","69e18740b615c3ca3d6e42badc28751f612e76ec6a7071f0703f999346ded490","continuation","False","121","65","56","0.463","4","4","16","12"
"2026-04-13T14:39:24.552754Z","final-24h-tenant","575d7bad584bd0ebbabd4c78c3a1672d3f211a34b1e8eaf0b4c872d35a444b5b","codex","3f610ed5a1dcb3a47084526e20f2ecaa593d4d465cf695c633f9136b0f189315","8b78c52cc566193509c09c403f79e356688b3cf9125a31605b78ef4ff41f041b","continuation","False","121","65","56","0.463","4","4","16","12"
"2026-04-13T14:39:54.861252Z","final-24h-tenant","575d7bad584bd0ebbabd4c78c3a1672d3f211a34b1e8eaf0b4c872d35a444b5b","codex","ca8202afc8c9a6d6a56ca3479581342c9b5ac40ed60b3fb4dfeea0d464ac1894","8a41f1fbf15943e446420e6e0de31ec4f06272740e8838f963851356862e75e6","continuation","False","121","65","56","0.463","4","4","16","12"
"2026-04-13T14:40:25.175081Z","final-24h-tenant","575d7bad584bd0ebbabd4c78c3a1672d3f211a34b1e8eaf0b4c872d35a444b5b","codex","9621f98bf217fd1ab6ebba4333b39567694f6d5764bfa6323f891b24704f05f8","e9ffa31036bbfd3118d22a1434d420af4313254f1309c4680b25d6690f6cd9ff","continuation","False","121","65","56","0.463","4","4","16","12"
"2026-04-13T14:40:55.467293Z","final-24h-tenant","575d7bad584bd0ebbabd4c78c3a1672d3f211a34b1e8eaf0b4c872d35a444b5b","codex","131c3794da30ae5d4daf2d6ddf7f9c59397c7507c8e77a193b2619dfa2ce14fc","05bc35d39f1be390f416a449811f891c49da67529cfdae6898d83ba5c7d6aac8","continuation","False","121","65","56","0.463","4","4","16","12"
"2026-04-13T14:41:25.791276Z","final-24h-tenant","575d7bad584bd0ebbabd4c78c3a1672d3f211a34b1e8eaf0b4c872d35a444b5b","codex","669228b65956acf2bb38799b9b968a2ff7ba21d4dc464a96bd01d7088fae2392","74f0bc1bee4c64543599375fbd08edd31bc0cc771d3fc062d45cce64e1168734","continuation","False","121","65","56","0.463","4","4","16","12"
"2026-04-13T14:41:56.119107Z","final-24h-tenant","575d7bad584bd0ebbabd4c78c3a1672d3f211a34b1e8eaf0b4c872d35a444b5b","codex","c179794a7e47daf2172d0d125ab8d916634e867bd0c4c84786ca8dab2f1c8210","2b64b58680baf3019ff24c9b7118de078050fa677a75edda9ff405d46d6c28ae","continuation","False","121","65","56","0.463","4","4","16","12"
"2026-04-13T14:41:57.595711Z","openclaw","575d7bad584bd0ebbabd4c78c3a1672d3f211a34b1e8eaf0b4c872d35a444b5b","openclaw-agent","4798f09f1bf0eb5a0ef9f32092567baf6eab1224478bd1042a3d671cf123f2d6","cdbeee71e9d97f6c382ec018ae053119e18590f44e9194be0675cb9d4a2695dd","continuation","False","133","49","84","0.632","3","3","16","13"
"2026-04-13T14:42:26.430669Z","final-24h-tenant","575d7bad584bd0ebbabd4c78c3a1672d3f211a34b1e8eaf0b4c872d35a444b5b","codex","e5316ae6f3b84b0ed19b266e5e641e5df328132a4c09301b03c1ec3ad504ea5a","9a2b2b4b0525051265f495482adfa00fd9df721e984bd8aa0ef907f2dbcfb5eb","continuation","False","121","65","56","0.463","4","4","16","12"
"2026-04-13T14:42:56.765475Z","final-24h-tenant","575d7bad584bd0ebbabd4c78c3a1672d3f211a34b1e8eaf0b4c872d35a444b5b","codex","b559478b1234d1f0f07cb487dc5500f02ba7205d67755bd023c6d123e02af8d5","c56577cdecda8428c5016e754696e8b306dceae71cc7d7351c6537583afc4502","continuation","False","121","65","56","0.463","4","4","16","12"
"2026-04-13T14:43:27.124468Z","final-24h-tenant","575d7bad584bd0ebbabd4c78c3a1672d3f211a34b1e8eaf0b4c872d35a444b5b","codex","a17942d39bdb0da2bb118473338a2a25410c8e49b09485e0017502436f0e04df","a471d5bbeb403f9d94066a6da6c81ac1bd30fe6b75e8c2f2c6dcc7e13638c88b","continuation","False","121","65","56","0.463","4","4","16","12"
"2026-04-13T14:43:57.469633Z","final-24h-tenant","575d7bad584bd0ebbabd4c78c3a1672d3f211a34b1e8eaf0b4c872d35a444b5b","codex","6b9b05362b48eea494f931ef788b9761c8e05c1c5da664e36059d15cc3388505","4ba0ec150b41567b0cdba7d23b70853aaa8d02aafaab89948f68a75d1b3edb8d","continuation","False","121","65","56","0.463","4","4","16","12"
"2026-04-13T14:44:27.804766Z","final-24h-tenant","575d7bad584bd0ebbabd4c78c3a1672d3f211a34b1e8eaf0b4c872d35a444b5b","codex","67e26dd64f0acf0bc750e92ea0d9587384fea04b5b558ba737b09403a8949703","979e709773a05c1e32d6a1bc14db0362ffdf714064c154ae7aa6bb75cf728273","continuation","False","121","65","56","0.463","4","4","16","12"
"2026-04-13T14:44:58.134290Z","final-24h-tenant","575d7bad584bd0ebbabd4c78c3a1672d3f211a34b1e8eaf0b4c872d35a444b5b","codex","74721479482ec1ccff932846f2d4945b18443d7cbe8ec0b6df79fc684d0e3d94","03173daa1c41cc79fa53bfb4a588ba2ab8ccfe80588864fe79946c3ee45a908c","continuation","False","121","65","56","0.463","4","4","16","12"
"2026-04-13T14:45:28.470151Z","final-24h-tenant","575d7bad584bd0ebbabd4c78c3a1672d3f211a34b1e8eaf0b4c872d35a444b5b","codex","99a3f1a750eff8284e54d9359486a968131f26d78b985751621e91a836d16d7a","0209c55d064f671826ac0b319fccdb89472c53889efb8119076711e2018a7a4e","continuation","False","121","65","56","0.463","4","4","16","12"
"2026-04-13T14:45:58.782407Z","final-24h-tenant","575d7bad584bd0ebbabd4c78c3a1672d3f211a34b1e8eaf0b4c872d35a444b5b","codex","37c6f3a224176a554e02bcb4c79f76364d8e266ffaa0a59e63cdfb902f0cb757","55e2f85c3938e0a79f28342640c3f89902316083688bd81d010e876375c944e3","continuation","False","121","65","56","0.463","4","4","16","12"
"2026-04-13T14:46:29.109496Z","final-24h-tenant","575d7bad584bd0ebbabd4c78c3a1672d3f211a34b1e8eaf0b4c872d35a444b5b","codex","69cd6a733eb0649da37db9596756308172b64430f32b6b3e7904790e7ec37e25","94412fab55838bf0f8b37d506cf2c25bbd3d45922b8e146c36d572cfb4d49af3","continuation","False","121","65","56","0.463","4","4","16","12"
"2026-04-13T14:46:59.438542Z","final-24h-tenant","575d7bad584bd0ebbabd4c78c3a1672d3f211a34b1e8eaf0b4c872d35a444b5b","codex","0f092948945e993922d8b6d10d027f9f9b1596fe19115dddca409203104e7644","4e121839cfc743a82d074298312cfa6535b82c0cd71326af79d3da7363b6a8fa","continuation","False","121","65","56","0.463","4","4","16","12"
"2026-04-13T14:47:29.780495Z","final-24h-tenant","575d7bad584bd0ebbabd4c78c3a1672d3f211a34b1e8eaf0b4c872d35a444b5b","codex","21dff59889212f13d444429176ad0d6801899b2bd43024b4edccd1a591535caa","3e939ea1156a84d0de0cd2df259c1f11f4725dbac02fcfcf654b7f3a7e678829","continuation","False","121","65","56","0.463","4","4","16","12"
"2026-04-13T14:48:00.099935Z","final-24h-tenant","575d7bad584bd0ebbabd4c78c3a1672d3f211a34b1e8eaf0b4c872d35a444b5b","codex","6465b1141ae572d36b57b0f3ff4a850c2d47f0324d3dcd1001ae9334b4a463c4","782b7d9664731c90391e42e86b6934349c6c8e1af2ca6996ab64fdb20119f55d","continuation","False","121","65","56","0.463","4","4","16","12"
"2026-04-13T14:48:30.409401Z","final-24h-tenant","575d7bad584bd0ebbabd4c78c3a1672d3f211a34b1e8eaf0b4c872d35a444b5b","codex","268ff3743b38915a9b4cba36d33cc677204d85a90730df873b984d8144bd444a","cf3cbae2bbfc7a38c9e4687a21bd974dadfc5455010b92c6bea115cdac672104","continuation","False","121","65","56","0.463","4","4","16","12"
"2026-04-13T14:49:00.761686Z","final-24h-tenant","575d7bad584bd0ebbabd4c78c3a1672d3f211a34b1e8eaf0b4c872d35a444b5b","codex","553e2a5325ed0952fdb51878397c0d1b724791a57b7e1011c000b8bf796cb11a","0f57a8ad3635193aa8815c49091a4bc042a4b995f8b4f4f518a599c82b75a5d1","continuation","False","121","65","56","0.463","4","4","16","12"
"2026-04-13T14:49:31.090965Z","final-24h-tenant","575d7bad584bd0ebbabd4c78c3a1672d3f211a34b1e8eaf0b4c872d35a444b5b","codex","536b51ecf46efd01fd5f1d3faafff7e3e078ec7ad52999c5e49a196f4ea2cab7","298dda916a4a2131077e645c0abd6e1e8ffd9657aafaf8ac5b8f1ba9c6498c2f","continuation","False","121","65","56","0.463","4","4","16","12"
"2026-04-13T14:50:01.424872Z","final-24h-tenant","575d7bad584bd0ebbabd4c78c3a1672d3f211a34b1e8eaf0b4c872d35a444b5b","codex","2a7e6a13b1fe4e65a44ed2cb1f5c4f9f67000a81ba478f81b63a1949e2f519e5","db5d4203da90ba79af5e6bc5d79a5c2e85ed35e3465d960dd5ccc952c7794956","continuation","False","121","65","56","0.463","4","4","16","12"
"2026-04-13T14:50:31.778308Z","final-24h-tenant","575d7bad584bd0ebbabd4c78c3a1672d3f211a34b1e8eaf0b4c872d35a444b5b","codex","8b4c187799851134180f98848dc20923d441c40524d4f33fd56d86dd0703d30f","0e3120a1c59ce36b05cd15e87e26bb3f00843d152730185423cb092b9b278055","continuation","False","121","65","56","0.463","4","4","16","12"
"2026-04-13T14:51:02.120839Z","final-24h-tenant","575d7bad584bd0ebbabd4c78c3a1672d3f211a34b1e8eaf0b4c872d35a444b5b","codex","49647e250c287641fced784e76b2a6a7f206a66eb2b83ebc2142aa90d250f117","4cdee43ca72809bf0bbd8f99e8e09a686b51080ed3edd7e2fb38d59b82a0d643","continuation","False","121","65","56","0.463","4","4","16","12"
"2026-04-13T14:51:32.527060Z","final-24h-tenant","575d7bad584bd0ebbabd4c78c3a1672d3f211a34b1e8eaf0b4c872d35a444b5b","codex","c08f5c0b071eaaeeae5c9d5ec415f95fff398a36c56abc7f486fddb8a11ed506","dce607a840a1afe3570eccce51c47c7308cdd2c5bf624a08c923689710e413d0","continuation","False","121","65","56","0.463","4","4","16","12"
"2026-04-13T14:52:02.905027Z","final-24h-tenant","575d7bad584bd0ebbabd4c78c3a1672d3f211a34b1e8eaf0b4c872d35a444b5b","codex","5577570c7511c2a37405c6a7b35dddc0cb74b132a7366877f27d5c07603e01b3","a285d5b860eb33eb4d44692d7ec89218039b3f1349d71274be718b9cca8d31b2","continuation","False","121","65","56","0.463","4","4","16","12"
"2026-04-13T14:52:33.235480Z","final-24h-tenant","575d7bad584bd0ebbabd4c78c3a1672d3f211a34b1e8eaf0b4c872d35a444b5b","codex","63398ea5cba8e93eb1165be819946af600a8645fe60ebf2449a7dd79dc8cb316","c21a7309cd30c4653cde51bb5762eabbf45d12a8e3c50ba1152f4044513a23a2","continuation","False","121","65","56","0.463","4","4","16","12"
"2026-04-13T14:53:03.570798Z","final-24h-tenant","575d7bad584bd0ebbabd4c78c3a1672d3f211a34b1e8eaf0b4c872d35a444b5b","codex","d6d7b25fdd939c83e6cd961e7cbb20c91c010b6f5b090c286521a24c621174b0","f53a853ba9f0f0472fd7c3eeec3672743e8bb3d809f6e9793da302c08e56960d","continuation","False","121","65","56","0.463","4","4","16","12"
"2026-04-13T14:53:33.920980Z","final-24h-tenant","575d7bad584bd0ebbabd4c78c3a1672d3f211a34b1e8eaf0b4c872d35a444b5b","codex","7b3abb7d5c7563a765465c1e07620c61435a8cdb65d6c0e24bf259a3966c3134","ca049c0c47fe6a0c97f9ee17dc22ae45cd37aa9a1f92f0b4bc70821caa2d5986","continuation","False","121","65","56","0.463","4","4","16","12"
"2026-04-13T14:54:04.252494Z","final-24h-tenant","575d7bad584bd0ebbabd4c78c3a1672d3f211a34b1e8eaf0b4c872d35a444b5b","codex","9b75b42a95c66b4a75d489f105a0574a0a4a5a4ba35d35cfad487b79a0b5a8d0","8d99dd35900ee1016fbee09185d38b88e9330b200eff9674b7e5e289288edc97","continuation","False","121","65","56","0.463","4","4","16","12"
"2026-04-13T14:54:34.599996Z","final-24h-tenant","575d7bad584bd0ebbabd4c78c3a1672d3f211a34b1e8eaf0b4c872d35a444b5b","codex","92097bc409a6105ba9a8b9c6f2ac4461aadd3db134c94245fd46b95adac15733","b963c8366aac5148058cb442b00540cfe237689cb4b2a5e177a13eb1837eab6e","continuation","False","121","65","56","0.463","4","4","16","12"
"2026-04-13T14:55:04.972771Z","final-24h-tenant","575d7bad584bd0ebbabd4c78c3a1672d3f211a34b1e8eaf0b4c872d35a444b5b","codex","9bba00aedbb9ba2fb7903079bce5abb6a3fb57a319fae7cbdb0649eda084328a","018da861cdeef583fcfe9fcb0aa4b76824a4fa70c8136647295801c9aa2782b0","continuation","False","121","65","56","0.463","4","4","16","12"
"2026-04-13T14:55:35.292862Z","final-24h-tenant","575d7bad584bd0ebbabd4c78c3a1672d3f211a34b1e8eaf0b4c872d35a444b5b","codex","0c93beeb44be1aad8edab48d8b979197c54df49c4155fa01581c43dc00de2341","35aa0d50e429eee4a6d674bd7229e9a0550ca66463773d6c81205c203ab4df8e","continuation","False","121","65","56","0.463","4","4","16","12"
"2026-04-13T14:56:05.618733Z","final-24h-tenant","575d7bad584bd0ebbabd4c78c3a1672d3f211a34b1e8eaf0b4c872d35a444b5b","codex","fdebc84f7f208fca32d89a8d8f86dc8305c5473af59eb1d60c91a0c25542fb6e","d9ca7b8460d0c03d4cf16efc32550e2958a7271b95adfef83ab46b498e686958","continuation","False","121","65","56","0.463","4","4","16","12"
"2026-04-13T14:56:35.950988Z","final-24h-tenant","575d7bad584bd0ebbabd4c78c3a1672d3f211a34b1e8eaf0b4c872d35a444b5b","codex","4154309337077c891bcdd49f222e868fef510306e729f19195e5d52ae1953f7d","0d484735ae21736891ac21c230700e3dead0d9d83506960a0a41736964f0a5ba","continuation","False","121","65","56","0.463","4","4","16","12"
"2026-04-13T14:57:06.298963Z","final-24h-tenant","575d7bad584bd0ebbabd4c78c3a1672d3f211a34b1e8eaf0b4c872d35a444b5b","codex","22b80d138086dff5709d4854e4aac5b5f7b83ed884b86453fdfa9192a0635b8c","0c3d0a33f835920996031e46728a1159ab0f0c4d52d9ce585be3a33182bca0f2","continuation","False","121","65","56","0.463","4","4","16","12"
"2026-04-13T14:57:36.650018Z","final-24h-tenant","575d7bad584bd0ebbabd4c78c3a1672d3f211a34b1e8eaf0b4c872d35a444b5b","codex","03aa623dfd958604b61f2ac7e1a3ab1b7c0c9791b3fa4fa955ba5cfe43c721ed","16348f157133ae5553dc04330dd52ca50a50d7645fdda67a955736a2ba6eaf68","continuation","False","121","65","56","0.463","4","4","16","12"
"2026-04-13T14:58:06.988173Z","final-24h-tenant","575d7bad584bd0ebbabd4c78c3a1672d3f211a34b1e8eaf0b4c872d35a444b5b","codex","66d26101e838150de5db001ad0037086c9c3287805ffdedc1faa201ef87b22be","d0f0ba29789dc0007411994061dc31fc05ccbf5dd4f0f3788d18d5dd57fed259","continuation","False","121","65","56","0.463","4","4","16","12"
"2026-04-13T14:58:37.321887Z","final-24h-tenant","575d7bad584bd0ebbabd4c78c3a1672d3f211a34b1e8eaf0b4c872d35a444b5b","codex","f8cf835599211ceece4a2418d88debd28ce2b5ab2305e1846858d5de69736d5b","d241784b5fced1e7782f381e591a89defce8e750b493d808cd76b5400930ce8b","continuation","False","121","65","56","0.463","4","4","16","12"
"2026-04-13T14:59:07.653008Z","final-24h-tenant","575d7bad584bd0ebbabd4c78c3a1672d3f211a34b1e8eaf0b4c872d35a444b5b","codex","66508413e2d01ff2bbc3e00ede6b0e46c2c58474348bf73c8b626138602f3ae1","25e6fdb9dca3d2707ef0f4f0774186eb6720d95b72832b920acbf54d8887d92d","continuation","False","121","65","56","0.463","4","4","16","12"
"2026-04-13T14:59:37.998123Z","final-24h-tenant","575d7bad584bd0ebbabd4c78c3a1672d3f211a34b1e8eaf0b4c872d35a444b5b","codex","87107d8737c91ceca497bd19efe84efb045564cadb84ee1686074c56630d6248","e25f419494f37e891a5c548740642254e3845bdd304e30e60d86f3886f41892d","continuation","False","121","65","56","0.463","4","4","16","12"
"2026-04-13T15:00:08.338956Z","final-24h-tenant","575d7bad584bd0ebbabd4c78c3a1672d3f211a34b1e8eaf0b4c872d35a444b5b","codex","59926a74f72a24324d950e9ea9198b46419f271c81dadd79d1b98b12e8abf803","4a5a25506a210cea10db2cab5c8f6461db8c25f2f8a3e97a51dd1e5e016a964b","continuation","False","121","65","56","0.463","4","4","16","12"
"2026-04-13T15:00:38.709881Z","final-24h-tenant","575d7bad584bd0ebbabd4c78c3a1672d3f211a34b1e8eaf0b4c872d35a444b5b","codex","1e059471a44344980250ff7e2a9437f590c24c1bd133ac880fabbba15a943fb5","de68432bf5505d0c1dcafa9ef035b88ec31703e1aded5c3350ff512f0df6a41e","continuation","False","121","65","56","0.463","4","4","16","12"
"2026-04-13T15:01:09.061653Z","final-24h-tenant","575d7bad584bd0ebbabd4c78c3a1672d3f211a34b1e8eaf0b4c872d35a444b5b","codex","0aa93c5b34e0c7e6a23579196aaf0eff1d90016d1b2bda7ec4bd0f65010a754d","19355ae974dfb750f1574d434776ab07e35e9cd76557ad907519b0673df6b360","continuation","False","121","65","56","0.463","4","4","16","12"
"2026-04-13T15:01:39.402881Z","final-24h-tenant","575d7bad584bd0ebbabd4c78c3a1672d3f211a34b1e8eaf0b4c872d35a444b5b","codex","0be7edbe4c67af979414285935d420a72bd362ff0f0a64570f613ceee9520bd0","d6c984190fcf456fabe09c777b134e70bda68f982c7f0c4ad323b639be599885","continuation","False","121","65","56","0.463","4","4","16","12"
"2026-04-13T15:02:09.821286Z","final-24h-tenant","575d7bad584bd0ebbabd4c78c3a1672d3f211a34b1e8eaf0b4c872d35a444b5b","codex","66288aaa5295da7cc326460700e4be4b0e06fb8c763f00d3a18eaa5e8cb8376c","2d339e17384fde62ab447e3dad3dcb16eeb3f45ef5189e5db11915b039497532","continuation","False","121","65","56","0.463","4","4","16","12"
"2026-04-13T15:02:40.181555Z","final-24h-tenant","575d7bad584bd0ebbabd4c78c3a1672d3f211a34b1e8eaf0b4c872d35a444b5b","codex","8fe3a7e544d50c1b5c67a3323f1bbe39406c8b42f19d4932346c00428863e452","af4fbf00ccc562148020ee102bb5e101d2e343a4ecfe84b1bdc1c72f62ee87c0","continuation","False","121","65","56","0.463","4","4","16","12"
"2026-04-13T15:03:10.553202Z","final-24h-tenant","575d7bad584bd0ebbabd4c78c3a1672d3f211a34b1e8eaf0b4c872d35a444b5b","codex","e4e2238240a4f7e138d96cebb1ea6085dea5812c68c71097a4711bd0ed905ff7","44ced6ca60e855de6dd6cf9b6f46197424bd42936301a5684beb9f40f07bc750","continuation","False","121","65","56","0.463","4","4","16","12"
"2026-04-13T15:03:40.890673Z","final-24h-tenant","575d7bad584bd0ebbabd4c78c3a1672d3f211a34b1e8eaf0b4c872d35a444b5b","codex","7c872fb46eb74536b6615fdf74278c57fb8218f13abba2fbff4859a113d82587","63a6baed7b56aefdaadb6e4ecc16d4068df3107a7346462c9042aa1458f94132","continuation","False","121","65","56","0.463","4","4","16","12"
"2026-04-13T15:04:11.224626Z","final-24h-tenant","575d7bad584bd0ebbabd4c78c3a1672d3f211a34b1e8eaf0b4c872d35a444b5b","codex","4f76ad22abdfb75245aa635f614dd9d12e49535a91b7f939a8356dccca794336","f25ed9a50a24fe401beefdce14252c39a3714275302cd4ce9ab4d93cd05f4ad9","continuation","False","121","65","56","0.463","4","4","16","12"
"2026-04-13T15:04:41.572979Z","final-24h-tenant","575d7bad584bd0ebbabd4c78c3a1672d3f211a34b1e8eaf0b4c872d35a444b5b","codex","722de9575e7be81062c30caba52a97482008fd9be300d7234cee4e8375ce36df","1f7b696bc5382d740c95c67f1879eaa94f6a95c5d2a74d6fccb3d25749ba889d","continuation","False","121","65","56","0.463","4","4","16","12"
"2026-04-13T15:05:11.917231Z","final-24h-tenant","575d7bad584bd0ebbabd4c78c3a1672d3f211a34b1e8eaf0b4c872d35a444b5b","codex","09ae001bfc3c70e6f7c81f232b08684a5c6e1ba2152dab3685de5c53935a00f2","995421210c45900a8f68660c59c6b338b15e266e201488743d3fde0174d2c3ec","continuation","False","121","65","56","0.463","4","4","16","12"
"2026-04-13T15:05:42.230302Z","final-24h-tenant","575d7bad584bd0ebbabd4c78c3a1672d3f211a34b1e8eaf0b4c872d35a444b5b","codex","f04f0eec60adf079f3c9860f10d6358609cd38c4a35b07141413503da9159ce2","cebb3d25da09c312536c193f4c6923d43c7c44b37c06b335d32757c0a11f75ba","continuation","False","121","65","56","0.463","4","4","16","12"
"2026-04-13T15:06:12.589451Z","final-24h-tenant","575d7bad584bd0ebbabd4c78c3a1672d3f211a34b1e8eaf0b4c872d35a444b5b","codex","bb376ab0a0505f5163489add363cfd46fda17f233d08a72e653666de3f10933a","701d9b14bc1d9a4f0779b4c9e285c8a43d0d7048a20430c6ca342236db5b06cf","continuation","False","121","65","56","0.463","4","4","16","12"
"2026-04-13T15:06:42.950353Z","final-24h-tenant","575d7bad584bd0ebbabd4c78c3a1672d3f211a34b1e8eaf0b4c872d35a444b5b","codex","0a907bf85c3a6832d79d377ccc8796b468c03f97fd022afe787890a1853dc770","dfaa129b4a4c1bd86b58fdae91b70d345638525c90dea098b147c1402d5866d2","continuation","False","121","65","56","0.463","4","4","16","12"
"2026-04-13T15:07:13.301759Z","final-24h-tenant","575d7bad584bd0ebbabd4c78c3a1672d3f211a34b1e8eaf0b4c872d35a444b5b","codex","c9e4ba55a0ca16cf643d590ec2fab19f2d07b761dc99552053aadc1062a58100","53ba20fa5dbb343ae41a067dbf4a9f10b2399296669068f269e19b88272b6348","continuation","False","121","65","56","0.463","4","4","16","12"
"2026-04-13T15:07:43.660784Z","final-24h-tenant","575d7bad584bd0ebbabd4c78c3a1672d3f211a34b1e8eaf0b4c872d35a444b5b","codex","1de3ffd31e048510a9c88aa654afd4601a39086d85185eec30a561f9abf5cd9a","23c328c88b4cdcba77f93714b7b72e3a1c9392cd6c20e93586cac185f1f9fb85","continuation","False","121","65","56","0.463","4","4","16","12"
"2026-04-13T15:08:14.021860Z","final-24h-tenant","575d7bad584bd0ebbabd4c78c3a1672d3f211a34b1e8eaf0b4c872d35a444b5b","codex","a28615c613ce79808d470bb3a8775d36e745e29914f9c8881d5c59496f9dee9c","bc587207f0d3c4eecd48305aa250fc0195bb4abbef40fef58f711df95a734841","continuation","False","121","65","56","0.463","4","4","16","12"
"2026-04-13T15:08:44.351735Z","final-24h-tenant","575d7bad584bd0ebbabd4c78c3a1672d3f211a34b1e8eaf0b4c872d35a444b5b","codex","38889fb1b6efea3e193c10904f93a07c3de4d9c2dae8893ad4b6056fe94498a1","df6233f8f18bd90625e645d04ad8199d5b1506028cb1a53c6756331026c6b07a","continuation","False","121","65","56","0.463","4","4","16","12"
"2026-04-13T15:09:14.710801Z","final-24h-tenant","575d7bad584bd0ebbabd4c78c3a1672d3f211a34b1e8eaf0b4c872d35a444b5b","codex","0ea1f763276cfe9173a4b25d3ff06c89b0ffb89d3ab4bfc2ef1d7a8b41365935","032e9f9e3d64ed05a3bf254fd5c1f5823241ecfce0a36e8b7f6a6fdd609dba7b","continuation","False","121","65","56","0.463","4","4","16","12"
"2026-04-13T15:09:45.029758Z","final-24h-tenant","575d7bad584bd0ebbabd4c78c3a1672d3f211a34b1e8eaf0b4c872d35a444b5b","codex","4362865a869076c5eddc8c2f2d69847d2b681a5f39e08e802d4d7f459760396f","2f8573626e36e8eb75dd2464dd0b33894175b527cbc38ffc54960c32b8edc4de","continuation","False","121","65","56","0.463","4","4","16","12"
"2026-04-13T15:10:15.389241Z","final-24h-tenant","575d7bad584bd0ebbabd4c78c3a1672d3f211a34b1e8eaf0b4c872d35a444b5b","codex","5abfa952e27086f7e291711000e55c42f1407c556254fe7d92a27be72abd1085","c76b6c3042b454e56375502bf0baf75c9f7919566b0d5091fe65d55f516be3be","continuation","False","121","65","56","0.463","4","4","16","12"
"2026-04-13T15:10:45.757630Z","final-24h-tenant","575d7bad584bd0ebbabd4c78c3a1672d3f211a34b1e8eaf0b4c872d35a444b5b","codex","cfdaf454746b4258b6d1b39224fd89642fb27e342458b3c4a401f85290c7b5ce","0dcb2b38af34b60839ce70b04f679b4ee4ddbe84140a8aa49a0a5c90c666d76b","continuation","False","121","65","56","0.463","4","4","16","12"
"2026-04-13T15:11:16.101116Z","final-24h-tenant","575d7bad584bd0ebbabd4c78c3a1672d3f211a34b1e8eaf0b4c872d35a444b5b","codex","e05329bd48c466682f0b62d7dc5277fadd0d5db578bd9a0bbf60bdcc689de37e","9b1012a3a88d8bb0398e84f2cc5089ceb7a8d83d513de7e32ceebefb67238323","continuation","False","121","65","56","0.463","4","4","16","12"
"2026-04-13T15:11:46.445636Z","final-24h-tenant","575d7bad584bd0ebbabd4c78c3a1672d3f211a34b1e8eaf0b4c872d35a444b5b","codex","82a74649c978b368cf459abcc62f1962dd4d892aeb5868d59bbd41c9463487da","8d265d515b44a33627adcb4693fcb876c6ce8e4b8f81436aec46671c4bd4d621","continuation","False","121","65","56","0.463","4","4","16","12"
"2026-04-13T15:12:16.806014Z","final-24h-tenant","575d7bad584bd0ebbabd4c78c3a1672d3f211a34b1e8eaf0b4c872d35a444b5b","codex","fefd2aba348cff3faa9f319d6163e389a60eb98d3cdc69d40ad50638334c5876","e0bd26bdcf6147c819c98e19b28812fde740ad6abca37444163e3ff3c237aedf","continuation","False","121","65","56","0.463","4","4","16","12"
"2026-04-13T15:12:47.167671Z","final-24h-tenant","575d7bad584bd0ebbabd4c78c3a1672d3f211a34b1e8eaf0b4c872d35a444b5b","codex","987a4b844cea28d0beb41643939640f86a2293ec9527315cf977aac9a8e70170","443fea72eaa00ee403a8a54ab497c85512803c00d977103dd35e9e9918884a56","continuation","False","121","65","56","0.463","4","4","16","12"
"2026-04-13T15:13:17.523133Z","final-24h-tenant","575d7bad584bd0ebbabd4c78c3a1672d3f211a34b1e8eaf0b4c872d35a444b5b","codex","ad06454b610b939e3adaacc6a41409ecabd8bd8bbe24b620ca1db3e5d41a5383","1d260f5d595404ff1c8959cb9cce86e3e550e3f5bc3147d82c241ef4873c13e6","continuation","False","121","65","56","0.463","4","4","16","12"
"2026-04-13T15:13:47.858903Z","final-24h-tenant","575d7bad584bd0ebbabd4c78c3a1672d3f211a34b1e8eaf0b4c872d35a444b5b","codex","92eb7545efb456e4bb72d8b8d2b1f8685f1bd5a56ad2981dc483a8f4e019e6b2","780ea716aac795e0ed59b5840b760c7297dad1c6b435b0f06aa4f1153121afc3","continuation","False","121","65","56","0.463","4","4","16","12"
"2026-04-13T15:14:18.217851Z","final-24h-tenant","575d7bad584bd0ebbabd4c78c3a1672d3f211a34b1e8eaf0b4c872d35a444b5b","codex","7e212fe7778e139576a65f95bab8dd72a39d9f5507b24ab9a4b2a8c96dad75f9","a92464d122645e8f7fe6397617e4ebe86a27c56e5ffa246714de5a1aa5a45949","continuation","False","121","65","56","0.463","4","4","16","12"
"2026-04-13T15:14:48.576697Z","final-24h-tenant","575d7bad584bd0ebbabd4c78c3a1672d3f211a34b1e8eaf0b4c872d35a444b5b","codex","cd7f67ddbb9d34aa0001658ffc13e7657b757ff867a46ac17cce7d1a6e6705dd","0b537125532141bf5fb9776834cd0f049f0c1ce9304e7674f59613409fa75409","continuation","False","121","65","56","0.463","4","4","16","12"
"2026-04-13T15:15:18.968258Z","final-24h-tenant","575d7bad584bd0ebbabd4c78c3a1672d3f211a34b1e8eaf0b4c872d35a444b5b","codex","9785f4980a6f63b8642f3bc27a28ba55fe44c38a597ed8bc799ad59eafd9d759","91ed04afe22ce90fa6900f69438e311358bce123f60eb4c0367fb53edac48ff1","continuation","False","121","65","56","0.463","4","4","16","12"
"2026-04-13T15:15:49.342601Z","final-24h-tenant","575d7bad584bd0ebbabd4c78c3a1672d3f211a34b1e8eaf0b4c872d35a444b5b","codex","099cdfb72ecfc98079806a771e78e7771579f475e526516788bb8cbd571c487f","0f49ea1925cf256877fff9c39d4df377652ab1b41ef269145989d582e22fee6a","continuation","False","121","65","56","0.463","4","4","16","12"
"2026-04-13T15:16:19.699470Z","final-24h-tenant","575d7bad584bd0ebbabd4c78c3a1672d3f211a34b1e8eaf0b4c872d35a444b5b","codex","a08422cc24c987011e64fb08a7f4d7a5a85d71ee05af5ff0d4d2b752849c405b","fb86938b147edbea1f5847f551afa25b65966578d9aa0b3c8ee47fab60d6b1b4","continuation","False","121","65","56","0.463","4","4","16","12"
"2026-04-13T15:16:50.053386Z","final-24h-tenant","575d7bad584bd0ebbabd4c78c3a1672d3f211a34b1e8eaf0b4c872d35a444b5b","codex","4cfb9b989d0ce9c36f89615af6d335d4318bf903db07ac21a3b70b0f90b32553","60b46aec4bf0e2e1d54e3470cc8a2d0099f2a8ef749b6fdee19f50289b549553","continuation","False","121","65","56","0.463","4","4","16","12"
"2026-04-13T15:17:20.426309Z","final-24h-tenant","575d7bad584bd0ebbabd4c78c3a1672d3f211a34b1e8eaf0b4c872d35a444b5b","codex","f09b7027780d41b22f68af412645e869e15a577924d27530eec3cff84193706b","b62b222ae35664957da35a902769bb4c13ebc64783e0053a3bdc6a4c710d6589","continuation","False","121","65","56","0.463","4","4","16","12"
"2026-04-13T15:17:50.764773Z","final-24h-tenant","575d7bad584bd0ebbabd4c78c3a1672d3f211a34b1e8eaf0b4c872d35a444b5b","codex","5ef01367f7739d8b23e19ab7ff9a1daed2cead7d3c119960052c303d1f4b8384","a9c93a1ad0c9cc0b4781abed48fd7a75e26aa0efa54bcb7b74da63cb0b9c74dc","continuation","False","121","65","56","0.463","4","4","16","12"
"2026-04-13T15:18:21.101051Z","final-24h-tenant","575d7bad584bd0ebbabd4c78c3a1672d3f211a34b1e8eaf0b4c872d35a444b5b","codex","5fe29f1ffc9d2bf4efba6c0604d43a3085eac8285a72e6fba417817f3137abe8","81effe3cf3a28698163dbd9e0ab08a9846b9a2c05a1ea9abb3b8f32f5c18b6eb","continuation","False","121","65","56","0.463","4","4","16","12"
"2026-04-13T15:18:51.450219Z","final-24h-tenant","575d7bad584bd0ebbabd4c78c3a1672d3f211a34b1e8eaf0b4c872d35a444b5b","codex","c074dbddaad778b98c6a6c44ef1b122980af1b4ab676e10777c3dd107d6f7f51","8d22999b826281b36e43dd7dacf2f375a0713fa35317beafbb77c384475b898a","continuation","False","121","65","56","0.463","4","4","16","12"
"2026-04-13T15:19:21.808210Z","final-24h-tenant","575d7bad584bd0ebbabd4c78c3a1672d3f211a34b1e8eaf0b4c872d35a444b5b","codex","dd636409409626a247234e6219c1d5fd37b9dfa1d78c422a5e88f6305ddd2735","166a688da8cb02056f8a2b680787d01f53752822d0b3ad63b105352c97f4bad2","continuation","False","121","65","56","0.463","4","4","16","12"
"2026-04-13T15:19:52.165451Z","final-24h-tenant","575d7bad584bd0ebbabd4c78c3a1672d3f211a34b1e8eaf0b4c872d35a444b5b","codex","f57740f6c52be5b618ea2946557374f029ceef0ef11c5950174e6c34551acdf6","67ef5230fe585fc1a7fdd19172b8fc4135be203bc2a527652820983c059c016c","continuation","False","121","65","56","0.463","4","4","16","12"
"2026-04-13T15:20:22.519611Z","final-24h-tenant","575d7bad584bd0ebbabd4c78c3a1672d3f211a34b1e8eaf0b4c872d35a444b5b","codex","6cf2e136027f888749e98751e2f13b673a27e0d41cd5f3c715d5a9a066431d89","2954687e6cc27154bbb608eaf6701af0756038e339188d6ba112ec9fca695d5a","continuation","False","121","65","56","0.463","4","4","16","12"
"2026-04-13T15:20:52.891235Z","final-24h-tenant","575d7bad584bd0ebbabd4c78c3a1672d3f211a34b1e8eaf0b4c872d35a444b5b","codex","cfc38c74b9efd2846e472ad8b004455841e9a5157071a37b479aa184654bbb18","deef8258cbf36c7d03f190b1463fedda08a7b5984be2b2aa15a335445ee25821","continuation","False","121","65","56","0.463","4","4","16","12"
"2026-04-13T15:21:23.247782Z","final-24h-tenant","575d7bad584bd0ebbabd4c78c3a1672d3f211a34b1e8eaf0b4c872d35a444b5b","codex","598e5bdd1abadf4ba4737c7d37adf67a7d4a40e6773c82524dc8b0a575397281","bf6e12105743e400b85a45e0090226743f2e5d9f804a85651ab2451b7009e987","continuation","False","121","65","56","0.463","4","4","16","12"
"2026-04-13T15:21:53.599894Z","final-24h-tenant","575d7bad584bd0ebbabd4c78c3a1672d3f211a34b1e8eaf0b4c872d35a444b5b","codex","124a8957ea58436247c472ad719b2499799513ade3ebaf67840e08955a5d0609","ceb1ead5d21bbc03b4f8f7bcc4e45d69e9d66e9be72408cf7f816d82b3e89ff3","continuation","False","121","65","56","0.463","4","4","16","12"
"2026-04-13T15:22:23.961352Z","final-24h-tenant","575d7bad584bd0ebbabd4c78c3a1672d3f211a34b1e8eaf0b4c872d35a444b5b","codex","2f54233c5116cd2cfe785550437d142f773b8cd84ee199245758320500cffc8c","7ea85c19222bd171a5474192fe8db6b0d62f183a0ec0b9fb25bc0970452fa092","continuation","False","121","65","56","0.463","4","4","16","12"
"2026-04-13T15:22:54.314431Z","final-24h-tenant","575d7bad584bd0ebbabd4c78c3a1672d3f211a34b1e8eaf0b4c872d35a444b5b","codex","253b9ece42c9dcf7407b475d931b4b9ab2892f5b5a07148537acc81738a7f9df","95f3b2737273ad3a5dff367a1798f57d88a99dbad1fdd20252ce769fcd4e54a5","continuation","False","121","65","56","0.463","4","4","16","12"
"2026-04-13T15:23:24.675918Z","final-24h-tenant","575d7bad584bd0ebbabd4c78c3a1672d3f211a34b1e8eaf0b4c872d35a444b5b","codex","968aa60d7432c8882c3d469e48fee9af701215297c936a06521b28f614e85f31","272226f177bcb1f453b88a175140536ec5ef146225679499b737f0f4b728fc5d","continuation","False","121","65","56","0.463","4","4","16","12"
"2026-04-13T15:23:55.041680Z","final-24h-tenant","575d7bad584bd0ebbabd4c78c3a1672d3f211a34b1e8eaf0b4c872d35a444b5b","codex","bfe02052603b062c96fd5c50a789db7ace27d78efd8bef7b41f5d67ede0dda14","9fccf4fd1a363efff3c6b8e0efaf2b980efbdc1cbc93883d9a702cc6bf62e343","continuation","False","121","65","56","0.463","4","4","16","12"
"2026-04-13T15:24:25.420656Z","final-24h-tenant","575d7bad584bd0ebbabd4c78c3a1672d3f211a34b1e8eaf0b4c872d35a444b5b","codex","5f51776cac76d681a8887fbf080e76c13a2d2354f8ee35d0690299264be132e8","d024a909e837e7ff992c69db49de935b058fe18f1b962d2b81d22f0969d62984","continuation","False","121","65","56","0.463","4","4","16","12"
"2026-04-13T15:24:55.759322Z","final-24h-tenant","575d7bad584bd0ebbabd4c78c3a1672d3f211a34b1e8eaf0b4c872d35a444b5b","codex","07218903495a77457f141359a8aed5f0131b09f28fe939ce44e228d2de7da632","9fd069d22f1a6538eaa1e9f2453be426e397220712bd18e166a695f6c12ba504","continuation","False","121","65","56","0.463","4","4","16","12"
"2026-04-13T15:25:26.121370Z","final-24h-tenant","575d7bad584bd0ebbabd4c78c3a1672d3f211a34b1e8eaf0b4c872d35a444b5b","codex","dd3e192829202fe1c8675319ed09c6d55c961c43d8b894b7af15cdabfdb1a144","00a92f73ebf1c2ddaff0fa93609cf86bc0e35801798ccd523bdfaf31a052b3a8","continuation","False","121","65","56","0.463","4","4","16","12"
"2026-04-13T15:25:56.474000Z","final-24h-tenant","575d7bad584bd0ebbabd4c78c3a1672d3f211a34b1e8eaf0b4c872d35a444b5b","codex","66cfd413c24c28d6ab1e8f4f0a39d81f806eb67b59f9dc28a0cd66e5adbcc562","c513aa48e7ca042ebc64975e68ec4cf9251b8db4ec27bb7d157bc0e4f95f3803","continuation","False","121","65","56","0.463","4","4","16","12"
"2026-04-13T15:26:26.830067Z","final-24h-tenant","575d7bad584bd0ebbabd4c78c3a1672d3f211a34b1e8eaf0b4c872d35a444b5b","codex","cfdce375c5655064f8758c72f590e34f4e3271820e5ab76fc9c8ceb984f808d1","4ea3a51a25d62154544858cff11d6d8b3b7d29700d36e4af810f2886f2ba6360","continuation","False","121","65","56","0.463","4","4","16","12"
"2026-04-13T15:26:57.208481Z","final-24h-tenant","575d7bad584bd0ebbabd4c78c3a1672d3f211a34b1e8eaf0b4c872d35a444b5b","codex","e55ad20a8924053502dd666e81d4a9f8bba9a18fa3a6045c017dd3b09b993e5c","7d818fa19ee6d80d9b9c0a58b4a76210d4738b505d4779c7f75c489dec522fde","continuation","False","121","65","56","0.463","4","4","16","12"
"2026-04-13T15:27:27.563488Z","final-24h-tenant","575d7bad584bd0ebbabd4c78c3a1672d3f211a34b1e8eaf0b4c872d35a444b5b","codex","1c1bd4242d9a786e7c80dbbdea9b53fb0333a24880172ff2a0af9c6744b06e38","fe75a74dfb43182da18aea81f9c9ea56db410964a89f38393958fccad6e54174","continuation","False","121","65","56","0.463","4","4","16","12"
"2026-04-13T15:27:57.917792Z","final-24h-tenant","575d7bad584bd0ebbabd4c78c3a1672d3f211a34b1e8eaf0b4c872d35a444b5b","codex","e8cf465f7621a2fa97a50734e5ed9aff8cbe7767775aef15318fa82696bdbdf2","4e4b3d58abafc9814fafbc864acc0d390c73e23a2983190a1939019810908af1","continuation","False","121","65","56","0.463","4","4","16","12"
"2026-04-13T15:28:28.292627Z","final-24h-tenant","575d7bad584bd0ebbabd4c78c3a1672d3f211a34b1e8eaf0b4c872d35a444b5b","codex","c6ef42b88d510dab4bf84582fa4cca395a11506be14b09ce00fcfe55c3d60279","ff3a3d5aa3529077ecefd76086fb4fffe57606c023ff1c400cb9a409efa8da25","continuation","False","121","65","56","0.463","4","4","16","12"
"2026-04-13T15:28:58.659949Z","final-24h-tenant","575d7bad584bd0ebbabd4c78c3a1672d3f211a34b1e8eaf0b4c872d35a444b5b","codex","cffa33707227d9a4a691e8874c009f529dace82cae718db65d52597fe4590883","222b45903014c4e87a9da038299b30033e37ea6b1036ddaeba4403ec13e6c2de","continuation","False","121","65","56","0.463","4","4","16","12"
"2026-04-13T15:29:29.018742Z","final-24h-tenant","575d7bad584bd0ebbabd4c78c3a1672d3f211a34b1e8eaf0b4c872d35a444b5b","codex","167400ad67a6c6b7e3071e11dba54b4eb59068b214673f3cfed9c3eaf20bb674","29cebbdcd8dc01c890faddc615aed0b3eeff70216b986efd8540b5b66abdf8ea","continuation","False","121","65","56","0.463","4","4","16","12"
"2026-04-13T15:29:59.407483Z","final-24h-tenant","575d7bad584bd0ebbabd4c78c3a1672d3f211a34b1e8eaf0b4c872d35a444b5b","codex","4a3b35de1e222aa5c8f1ad2708229546a253a773201340c6f96de62280f45424","6c9f4d917e851e542366d7c24c3e469f668332ba4efbedc85bf2b976f85d55e0","continuation","False","121","65","56","0.463","4","4","16","12"
"2026-04-13T15:30:29.793360Z","final-24h-tenant","575d7bad584bd0ebbabd4c78c3a1672d3f211a34b1e8eaf0b4c872d35a444b5b","codex","8703639cdaeb8158fbe762d6a64f68212348fab5759ef5b2f586f58c2d5132cc","b33f27ef452036711089d62dc54a3679995547d89494ca024894864a2a86b2d5","continuation","False","121","65","56","0.463","4","4","16","12"
"2026-04-13T15:31:00.135776Z","final-24h-tenant","575d7bad584bd0ebbabd4c78c3a1672d3f211a34b1e8eaf0b4c872d35a444b5b","codex","f020b83d9821784f2186dea86ea866a51aa4a879971c1667112d035a7480ee8a","746dd8ebb11d1e4226dfda1a7867aa36f5f807c332e45b50e290734026c6b262","continuation","False","121","65","56","0.463","4","4","16","12"
"2026-04-13T15:31:30.505809Z","final-24h-tenant","575d7bad584bd0ebbabd4c78c3a1672d3f211a34b1e8eaf0b4c872d35a444b5b","codex","e3619f0b0563dac3ff0e83522275bb34f3d4d19e40841096e2e3a280a799cc0b","0bc2cb96018c019de364a350fb9e36799b2e0ee94c6bdf9fe7ec5337c7e38059","continuation","False","121","65","56","0.463","4","4","16","12"
"2026-04-13T15:32:00.862678Z","final-24h-tenant","575d7bad584bd0ebbabd4c78c3a1672d3f211a34b1e8eaf0b4c872d35a444b5b","codex","7a95dd1769112fbab00fb58d253919998e21485e67a18ff26606f94f3bcc979d","08ce8782445119fa413299220f7fb2de26a071985c44dc9c94b63c33a9985bf2","continuation","False","121","65","56","0.463","4","4","16","12"
"2026-04-13T15:32:31.236701Z","final-24h-tenant","575d7bad584bd0ebbabd4c78c3a1672d3f211a34b1e8eaf0b4c872d35a444b5b","codex","52256fd362d9c038887c78ae18f14bbe16bfb460340bef4c64180ad8fe1c3ca5","d3c3baa5bc59d673ecf55e702644b7aac740088c416e144c27a0a79ffe3e3f51","continuation","False","121","65","56","0.463","4","4","16","12"
"2026-04-13T15:33:01.609043Z","final-24h-tenant","575d7bad584bd0ebbabd4c78c3a1672d3f211a34b1e8eaf0b4c872d35a444b5b","codex","5db8350714a24073c1a7357b039a5e6f3cb181fdf729585e6aabad54f907f1c0","ba4b37486cc787710b4083ef71b23c48f3aadca184fc82ab8b31fd6d3e207684","continuation","False","121","65","56","0.463","4","4","16","12"
"2026-04-13T15:33:31.977029Z","final-24h-tenant","575d7bad584bd0ebbabd4c78c3a1672d3f211a34b1e8eaf0b4c872d35a444b5b","codex","b076ab831365a3bc53f5dda1e48b794cddeb57e799a710c416b420a809d22a4a","197a69ee0dbd924750fb31032179d71372f5ce9004b79ccb3cd0ddffa940cb8e","continuation","False","121","65","56","0.463","4","4","16","12"
"2026-04-13T15:34:02.356894Z","final-24h-tenant","575d7bad584bd0ebbabd4c78c3a1672d3f211a34b1e8eaf0b4c872d35a444b5b","codex","b927b7688b3103d20bf269981ec5ecbadc5108abec7a7b7d58a50a7c2589091f","87bcf6c36b1536406143bbbf801e59641d22ab99a7cb6eaa2610b8e3b5f5616b","continuation","False","121","65","56","0.463","4","4","16","12"
"2026-04-13T15:34:32.743759Z","final-24h-tenant","575d7bad584bd0ebbabd4c78c3a1672d3f211a34b1e8eaf0b4c872d35a444b5b","codex","b727180ce89a0d3aa1dbfb1c522ccd5f58ab2b92ae2901fcbe333d16d62b4bed","180b4276ad9a4acf1a2d7bb8a86d7b9ca792f7f3d4e7c494249325bcf08b11f3","continuation","False","121","65","56","0.463","4","4","16","12"
"2026-04-13T15:35:03.098962Z","final-24h-tenant","575d7bad584bd0ebbabd4c78c3a1672d3f211a34b1e8eaf0b4c872d35a444b5b","codex","7b646d4d7bb764aef8a9e105ebbd967feb78ca1edae61c245aea762be21286a5","c159ae5a467460defdf12df974777af52d89b63dd55276e783707508e8b98151","continuation","False","121","65","56","0.463","4","4","16","12"
"2026-04-13T15:35:33.444780Z","final-24h-tenant","575d7bad584bd0ebbabd4c78c3a1672d3f211a34b1e8eaf0b4c872d35a444b5b","codex","d8bc1929f5680b4799fa7dfb1c39587cbcf705179bf1ecfb36d5a251e034b8ca","7cf18747c0bd08f017f89c027dc5d652de2c5ddcf66ca74e346856c536685465","continuation","False","121","65","56","0.463","4","4","16","12"
"2026-04-13T15:36:03.818954Z","final-24h-tenant","575d7bad584bd0ebbabd4c78c3a1672d3f211a34b1e8eaf0b4c872d35a444b5b","codex","d1416f29322ad45f59dfd757b0e817d3dfd572e273312a01ed3aab4b6136e9ae","dd42f2d135153f390e8186d787529f7c3625bdfaf2118a4e05c3ffce89144d30","continuation","False","121","65","56","0.463","4","4","16","12"
"2026-04-13T15:36:34.169786Z","final-24h-tenant","575d7bad584bd0ebbabd4c78c3a1672d3f211a34b1e8eaf0b4c872d35a444b5b","codex","ef1b9844a5107293d494227927c010d67ea7ee1e14ab70f199302b5a95771a6d","6a775d21404ec32277427a9f35cb802f35a07861087100ace030fe5627625aac","continuation","False","121","65","56","0.463","4","4","16","12"
"2026-04-13T15:37:04.589089Z","final-24h-tenant","575d7bad584bd0ebbabd4c78c3a1672d3f211a34b1e8eaf0b4c872d35a444b5b","codex","1e25ccb16821a0c59e8f53d7900c734054a74427baecd13dd8ff72c8bfd1a926","2aaac8342369255dd07f08f87d42a17965c0df4b3ab4d54a3aaccbb153c39604","continuation","False","121","65","56","0.463","4","4","16","12"
"2026-04-13T15:37:34.943217Z","final-24h-tenant","575d7bad584bd0ebbabd4c78c3a1672d3f211a34b1e8eaf0b4c872d35a444b5b","codex","af2e2700bcd4ec7bfe7204bc38466a417206ed1ceb5e546cf2a2276ee168f4a1","49df504f7cbdf8af7457af124c4ae39424348e6cb709301550abc6995e24952f","continuation","False","121","65","56","0.463","4","4","16","12"
"2026-04-13T15:38:05.309216Z","final-24h-tenant","575d7bad584bd0ebbabd4c78c3a1672d3f211a34b1e8eaf0b4c872d35a444b5b","codex","4613c53f752262ea04a761f0ed1fd4913ff71253c39e1f43441badd3d1884cb6","74d9a9d7495bb2f2c0b43176be9126235cdeb5f4f6b5b9d16c7bd1a1276e55d1","continuation","False","121","65","56","0.463","4","4","16","12"
"2026-04-13T15:38:35.682321Z","final-24h-tenant","575d7bad584bd0ebbabd4c78c3a1672d3f211a34b1e8eaf0b4c872d35a444b5b","codex","54baa64348850f565d487b17ee5fe8df33621578c3adf0b6adffbbb32c280e38","e3b9a1f26916aadce95966a0f4d7f6a1cb24eacbc756dd26706a3effc3e72407","continuation","False","121","65","56","0.463","4","4","16","12"
"2026-04-13T15:39:06.081144Z","final-24h-tenant","575d7bad584bd0ebbabd4c78c3a1672d3f211a34b1e8eaf0b4c872d35a444b5b","codex","10e95898fbb17c6eb465be76c9389e9ba1797045cdbc6d6997eb1f44a0fad368","4e374a0b82cb12adee0d78e5d531e394f6efe78ee3b532dc8e55123b82c01a66","continuation","False","121","65","56","0.463","4","4","16","12"
"2026-04-13T15:39:36.451262Z","final-24h-tenant","575d7bad584bd0ebbabd4c78c3a1672d3f211a34b1e8eaf0b4c872d35a444b5b","codex","d030fa0a80eccbf4cf4d1727c0295bd1ab25a35eada849611d85d26509c8ad8b","03d911e3da7d3a53e06b026f8ddc112babab7f776c96aa751b7e91dd8b485a24","continuation","False","121","65","56","0.463","4","4","16","12"
"2026-04-13T15:40:06.819837Z","final-24h-tenant","575d7bad584bd0ebbabd4c78c3a1672d3f211a34b1e8eaf0b4c872d35a444b5b","codex","8245942254ae1c9f6fe8190d1e2355ff59a0e6574097995c03608fa8784e7424","2387b2179324d15cd376cf71932b96279615e65d3f9f737d647c2ee416d9c4cb","continuation","False","121","65","56","0.463","4","4","16","12"
"2026-04-13T15:40:37.226408Z","final-24h-tenant","575d7bad584bd0ebbabd4c78c3a1672d3f211a34b1e8eaf0b4c872d35a444b5b","codex","b541037dc17ca807d6248af8355861bf9730a226590b115ba3abaf0216d00b16","36fd54b2a6a4b82886af33bb36d7e176d714f23a417b5f4e98ed182b6d8f0bb2","continuation","False","121","65","56","0.463","4","4","16","12"
"2026-04-13T15:41:07.589735Z","final-24h-tenant","575d7bad584bd0ebbabd4c78c3a1672d3f211a34b1e8eaf0b4c872d35a444b5b","codex","8e2ba53da8dc007253a43a4789a3da814449d1b52e647d51bc96c345a4f1ec0f","d4a978498b974f9bc930e9ddb77cac740f0ddf44f90474b5ea78e1982c00e716","continuation","False","121","65","56","0.463","4","4","16","12"
"2026-04-13T15:41:38.023148Z","final-24h-tenant","575d7bad584bd0ebbabd4c78c3a1672d3f211a34b1e8eaf0b4c872d35a444b5b","codex","dfb1d8871e7ca8cb7aacc0d5a9115ea63d3f09816a3c2912ded2df31776be9cb","f45cff5e7896e919cec03d01dfe2740d76460b2de0b65da5cd56a2b002606592","continuation","False","121","65","56","0.463","4","4","16","12"
"2026-04-13T15:42:08.421439Z","final-24h-tenant","575d7bad584bd0ebbabd4c78c3a1672d3f211a34b1e8eaf0b4c872d35a444b5b","codex","a4eb71a5dab8c311b6f658433be8cd8eb2c13696c6323ca8b34782d381f451c8","3cb0b5260936f86306e22f0592c31bc620bf32bef58874b3c094647729e8607c","continuation","False","121","65","56","0.463","4","4","16","12"
"2026-04-13T15:42:38.778330Z","final-24h-tenant","575d7bad584bd0ebbabd4c78c3a1672d3f211a34b1e8eaf0b4c872d35a444b5b","codex","d268d6ad1070d81c65f0dde2cec02a44ecae1f9008a38d7bbfc942b5b8deb942","0fa94fc669d544a579960cbe93447e973b1ec721c82acef2d21e9c5d22679d8b","continuation","False","121","65","56","0.463","4","4","16","12"
"2026-04-13T15:43:09.143556Z","final-24h-tenant","575d7bad584bd0ebbabd4c78c3a1672d3f211a34b1e8eaf0b4c872d35a444b5b","codex","938f5189aa240fba207ae12f035c3c4312455966eb65f5303b6b157df1bba01b","444f0f87c4fad996827fa5ac2aa9057de03ec5c52a0d7cb86cdf712ae9487a06","continuation","False","121","65","56","0.463","4","4","16","12"
"2026-04-13T15:43:39.810777Z","final-24h-tenant","575d7bad584bd0ebbabd4c78c3a1672d3f211a34b1e8eaf0b4c872d35a444b5b","codex","99ee140f0d7609002046c5e59c6a0a8202d112c281259275acedf8229dcf6670","03f13044c9121d8faf4d46abb007849d8fb76f8c00be9111234e3022f7bde678","continuation","False","121","65","56","0.463","4","4","16","12"
"2026-04-13T15:44:10.451185Z","final-24h-tenant","575d7bad584bd0ebbabd4c78c3a1672d3f211a34b1e8eaf0b4c872d35a444b5b","codex","bf6dd5b450d74ee72771cb2ce29468d91510598d5237063ff2ba1cde0e58e1ec","303b527130d2eda3805dcee4600c7c05c77416a63a9e3b5ece7af34b1a29cecb","continuation","False","121","65","56","0.463","4","4","16","12"
"2026-04-13T15:44:41.129630Z","final-24h-tenant","575d7bad584bd0ebbabd4c78c3a1672d3f211a34b1e8eaf0b4c872d35a444b5b","codex","6496b2294ca3a47d8fb7c8a736c87cfdd922a81b11eac6bc6535b287de51b335","43a1b27ed16250ce248fddda0065cc6c2ed05d0298fae4c0d45177ca4442e726","continuation","False","121","65","56","0.463","4","4","16","12"
"2026-04-13T15:45:11.819521Z","final-24h-tenant","575d7bad584bd0ebbabd4c78c3a1672d3f211a34b1e8eaf0b4c872d35a444b5b","codex","4a9bac37c46cc063c4b7c833ca2aad52e56e375be949d687aa8df47eecba29b2","8894ce95f09629708fcb9564498a2345c3f976555443310cc93f4d4c793822ec","continuation","False","121","65","56","0.463","4","4","16","12"
"2026-04-13T15:45:42.468435Z","final-24h-tenant","575d7bad584bd0ebbabd4c78c3a1672d3f211a34b1e8eaf0b4c872d35a444b5b","codex","00eada222a38685c218e120ae3d3c05dfe13203d2d064059989b3f06dc515d2d","5d1dc62475522bb7ddfb44a9e4155d1831466ee400dccae5fc080a18d7a23920","continuation","False","121","65","56","0.463","4","4","16","12"
"2026-04-13T15:46:13.159937Z","final-24h-tenant","575d7bad584bd0ebbabd4c78c3a1672d3f211a34b1e8eaf0b4c872d35a444b5b","codex","417dcef07827eaef53200c10f669ee2f2e8c6353575c9902c0756c009b33d273","f5cb6411a44017b0f84880445d3536b82f10092a74027f10dfb62ecc71511408","continuation","False","121","65","56","0.463","4","4","16","12"
"2026-04-13T15:46:43.843632Z","final-24h-tenant","575d7bad584bd0ebbabd4c78c3a1672d3f211a34b1e8eaf0b4c872d35a444b5b","codex","01cdff06f6e93a4a9fcb45a5fdf6d3ee54b86aed66b3a0a61fc476d5f6702597","98cdf052f51306c23115b7404d0babc3da9137a9b81a522a3dce4ef2be730bfb","continuation","False","121","65","56","0.463","4","4","16","12"
"2026-04-13T15:47:14.518102Z","final-24h-tenant","575d7bad584bd0ebbabd4c78c3a1672d3f211a34b1e8eaf0b4c872d35a444b5b","codex","24034aadcb12ad94f45a645893c93aa3268fa7f550f2c18cbf021369d99d8826","fcc6f0f3bec4f1fc84ea5e70eaf35b80df3bfaa15ac2f495a8b2bd4725371b64","continuation","False","121","65","56","0.463","4","4","16","12"
"2026-04-13T15:47:45.164637Z","final-24h-tenant","575d7bad584bd0ebbabd4c78c3a1672d3f211a34b1e8eaf0b4c872d35a444b5b","codex","b4255c2d0d14f8cacc7a8f1b1ec1a9c4e5e0354162c9e8d2d3a2723fd71b5715","122e524c70b1dd8974ad8ed66989a16f9465daf32e51b13ccb5eba97b68d078c","continuation","False","121","65","56","0.463","4","4","16","12"
"2026-04-13T15:48:15.811344Z","final-24h-tenant","575d7bad584bd0ebbabd4c78c3a1672d3f211a34b1e8eaf0b4c872d35a444b5b","codex","4b8fa9718deb1f660fde0496109f4f5e70f1bb01b6f095c0d9bd18c3d86bf64a","4ae279dadd0adba43f49754816c1be408ada704bbe0afdd2b1dfd08fef886d4d","continuation","False","121","65","56","0.463","4","4","16","12"
"2026-04-13T15:48:46.541905Z","final-24h-tenant","575d7bad584bd0ebbabd4c78c3a1672d3f211a34b1e8eaf0b4c872d35a444b5b","codex","f1341cb5e3779f44fea4f585c158e76889bfd7317221f025eed6ca314238b015","5b956f67a037f89a763a0b2079c22bd3eb491b29627ec95937effacaccf80212","continuation","False","121","65","56","0.463","4","4","16","12"
"2026-04-13T15:49:17.315678Z","final-24h-tenant","575d7bad584bd0ebbabd4c78c3a1672d3f211a34b1e8eaf0b4c872d35a444b5b","codex","22e64483a748faa9749cf23d314fe595e96a5089d879a0676e50d91daf54cae6","38bda5056112f7497ef588f80e1eec90815240f90fc2f89c4110269191b6153a","continuation","False","121","65","56","0.463","4","4","16","12"
"2026-04-13T15:50:25.645147Z","final-24h-tenant","575d7bad584bd0ebbabd4c78c3a1672d3f211a34b1e8eaf0b4c872d35a444b5b","codex","6a46d0bf54708ab31fe67987825cf1a2073e228c3df4afe60d25e14dcb083714","169d73bbef5fda5a3aef0ca1874892cbe6272cac1db17b705041c79f8c83c104","continuation","False","121","65","56","0.463","4","4","16","12"
"2026-04-13T15:50:56.035753Z","final-24h-tenant","575d7bad584bd0ebbabd4c78c3a1672d3f211a34b1e8eaf0b4c872d35a444b5b","codex","5b0fda9b1753aab7354c129d4f6a6db3b8835190e5a48ad8a72f6af16e7c58c9","7ddb0be8edc5c4e313c824f68ba105d1c6cf70caad16b4e023a4b61e51b71e89","continuation","False","121","65","56","0.463","4","4","16","12"
"2026-04-13T15:51:26.396829Z","final-24h-tenant","575d7bad584bd0ebbabd4c78c3a1672d3f211a34b1e8eaf0b4c872d35a444b5b","codex","19d10dc83a09b923503fe996bf0899801d46d9a849ef89ed27567738a3f8261e","6178e05ab19944831dfc8d9835727401c99dca67a1824be9b04c83744d8a6e9b","continuation","False","121","65","56","0.463","4","4","16","12"
"2026-04-13T15:51:56.804388Z","final-24h-tenant","575d7bad584bd0ebbabd4c78c3a1672d3f211a34b1e8eaf0b4c872d35a444b5b","codex","138cd904c438b822dcccd85d96e995c2fa7b940f6fbf59d689c83dd7f98b0e57","02aa7392a0ada6fc17bcfb38ce3631378bfa4faa8aeaea1c07f656887c650155","continuation","False","121","65","56","0.463","4","4","16","12"
"2026-04-13T15:52:27.190857Z","final-24h-tenant","575d7bad584bd0ebbabd4c78c3a1672d3f211a34b1e8eaf0b4c872d35a444b5b","codex","e99465731749d0d9780842f18d1b10f03e9d63bbcd9cbfb238ed526d80922a68","a56b25175ee9d0981c4ae23bc988cb8ef0c5a99a5778ec77a894be9e217f0f90","continuation","False","121","65","56","0.463","4","4","16","12"
"2026-04-13T15:52:57.564026Z","final-24h-tenant","575d7bad584bd0ebbabd4c78c3a1672d3f211a34b1e8eaf0b4c872d35a444b5b","codex","56a50693068c73a7a49cb59e60e7949cb8c9e32943a943eb3bd393f96052901b","1243e4ceefd869c7a3208832a70d5fb3439197ce8ac066edfd1ac456ed7f3150","continuation","False","121","65","56","0.463","4","4","16","12"
"2026-04-13T15:53:27.919119Z","final-24h-tenant","575d7bad584bd0ebbabd4c78c3a1672d3f211a34b1e8eaf0b4c872d35a444b5b","codex","33bf9290413ee2931da84a1d9fbaffff2292f516bdc4d06a7a6e6be926f51e94","fd59f3001ff39fc2d1af3366539f6aba163259fb1670a985418efa3de8588dd8","continuation","False","121","65","56","0.463","4","4","16","12"
"2026-04-13T15:53:58.320937Z","final-24h-tenant","575d7bad584bd0ebbabd4c78c3a1672d3f211a34b1e8eaf0b4c872d35a444b5b","codex","b48fb45861ab40c90a86e1bfac6bc9784ea313ec3360644b0154d520103cc4d9","2f48f028343114da6714d10280b6f39cca047dfe5fa4bea1f1ccfedd1496b884","continuation","False","121","65","56","0.463","4","4","16","12"
"2026-04-13T15:54:28.718044Z","final-24h-tenant","575d7bad584bd0ebbabd4c78c3a1672d3f211a34b1e8eaf0b4c872d35a444b5b","codex","3450a373fbd5c37a19848e044bf198be8bc2090432cba4c176dc06f600d0a9b4","1c071cb27c110a4e7ad483178bd6641e3def2c58a76c5822689f48df920bf97f","continuation","False","121","65","56","0.463","4","4","16","12"
"2026-04-13T15:54:59.102107Z","final-24h-tenant","575d7bad584bd0ebbabd4c78c3a1672d3f211a34b1e8eaf0b4c872d35a444b5b","codex","6bef5f603aef30a8f211e5c5557d539e7f34157da83cfb184d2385519158c682","51cfbc3559c6f435632cb18bef7614d432e3a6713cf3703b244aa813aa1114d6","continuation","False","121","65","56","0.463","4","4","16","12"
"2026-04-13T15:55:29.465047Z","final-24h-tenant","575d7bad584bd0ebbabd4c78c3a1672d3f211a34b1e8eaf0b4c872d35a444b5b","codex","c27c300bc4fe36dd101cc279f465d3a2a3c6f1932bba9ea1d65f3bec67338c27","fe3a78595386b1ce24346d790ad440fb71480a10097095f3447c9a4ba0417993","continuation","False","121","65","56","0.463","4","4","16","12"
"2026-04-13T15:55:59.856046Z","final-24h-tenant","575d7bad584bd0ebbabd4c78c3a1672d3f211a34b1e8eaf0b4c872d35a444b5b","codex","70a33fce3620f3ae13e7c1af582a9740f9c7e37bf231d3fa059fb75743954aee","1621ff79d2f95c2fbc91c054de5e98935839d630fcb5df5fb8740fc64afa77ca","continuation","False","121","65","56","0.463","4","4","16","12"
"2026-04-13T15:56:30.230109Z","final-24h-tenant","575d7bad584bd0ebbabd4c78c3a1672d3f211a34b1e8eaf0b4c872d35a444b5b","codex","d2f2b8967e50745adc795a3478ea9028718e70ac1c621936b0c8d2abdbf2ffab","aa8f77fdb6e8c58bfa8ef8a43a7ea391a62d6c6d757b6136c18dca27fea4c41f","continuation","False","121","65","56","0.463","4","4","16","12"
"2026-04-13T15:57:00.594107Z","final-24h-tenant","575d7bad584bd0ebbabd4c78c3a1672d3f211a34b1e8eaf0b4c872d35a444b5b","codex","52cf41176aa1e3e80558cc56ad5dc8e14f5b35de094c8f40c08e49074dba88ad","500cca75e1952cc0500594406ed806558aca051a243f3f5586bd9f6b6a9799f3","continuation","False","121","65","56","0.463","4","4","16","12"
"2026-04-13T15:57:30.957370Z","final-24h-tenant","575d7bad584bd0ebbabd4c78c3a1672d3f211a34b1e8eaf0b4c872d35a444b5b","codex","15c79815cd8aae94582f55601559ffd207b79c708e5d5e350fc8534a6786b47d","04e40357a9c5ebdf677ebd73300cae5eb19aef868022d5ac8f3dab7a00ee8ddb","continuation","False","121","65","56","0.463","4","4","16","12"
"2026-04-13T15:58:01.348946Z","final-24h-tenant","575d7bad584bd0ebbabd4c78c3a1672d3f211a34b1e8eaf0b4c872d35a444b5b","codex","b381a53a7779a832cef36f7ea449609a35aa26f216ae0142ca9f139d94094d46","1fdade62a5e47eb42f718c8f931c10885f7c54b600c3f04cb3a53af1819c7f3f","continuation","False","121","65","56","0.463","4","4","16","12"
"2026-04-13T15:58:31.716168Z","final-24h-tenant","575d7bad584bd0ebbabd4c78c3a1672d3f211a34b1e8eaf0b4c872d35a444b5b","codex","501831037deb1215bf0ece28d0ea4a19e5fe7d6a75ab862c98c264b15e05a674","9b1490f4371e3b04bbeb8d6eba5c12b06cac7c3663390def6e3e5ccbb2a2f941","continuation","False","121","65","56","0.463","4","4","16","12"
"2026-04-13T15:59:02.111360Z","final-24h-tenant","575d7bad584bd0ebbabd4c78c3a1672d3f211a34b1e8eaf0b4c872d35a444b5b","codex","0841c7e3fdc544afab9a1f7a3f548cc38da15301fd122c8b44c47345f39fb5dd","5ac15a8a57ab834c49648b0a39b1abd539bd1fae16d0d41084eb3926e18c87df","continuation","False","121","65","56","0.463","4","4","16","12"
"2026-04-13T15:59:32.503323Z","final-24h-tenant","575d7bad584bd0ebbabd4c78c3a1672d3f211a34b1e8eaf0b4c872d35a444b5b","codex","a47963682737d2396d301957589aa73275136cb9039983a638d8279e60e04b4e","1f5cf25643f7a8df05de7d0d3836c1862c2ba058d685075a7cf8cae557750831","continuation","False","121","65","56","0.463","4","4","16","12"
"2026-04-13T16:00:02.899621Z","final-24h-tenant","575d7bad584bd0ebbabd4c78c3a1672d3f211a34b1e8eaf0b4c872d35a444b5b","codex","efeb6e6dcb3fd0fe898dab495119bf0cf715f743280872bde87723b8c676a668","f0c456631a06049b955978927d54187eb98a087cef79c1cb99275166f87ce9b4","continuation","False","121","65","56","0.463","4","4","16","12"
"2026-04-13T16:00:33.296351Z","final-24h-tenant","575d7bad584bd0ebbabd4c78c3a1672d3f211a34b1e8eaf0b4c872d35a444b5b","codex","c9da6ca4cd61506d9fd2ac74e089d06e653ce319ec2e6ab458b415d390617f52","39dfa5ab6b51c18c9d5a5af275357617de3eaa2281823c3b5ba6839615151065","continuation","False","121","65","56","0.463","4","4","16","12"
"2026-04-13T16:01:03.665337Z","final-24h-tenant","575d7bad584bd0ebbabd4c78c3a1672d3f211a34b1e8eaf0b4c872d35a444b5b","codex","61cc3cccc2e434997a210e6591dd534991bb5829864afa429edfa1f8fe6addcc","67bd537d7929f0c1b9a0cb6dd356cf9a2dba3c85d07c9064dd3571e1f621c3c6","continuation","False","121","65","56","0.463","4","4","16","12"
"2026-04-13T16:01:34.058508Z","final-24h-tenant","575d7bad584bd0ebbabd4c78c3a1672d3f211a34b1e8eaf0b4c872d35a444b5b","codex","195522314fa0faedfd948fe500707a1091e308261805ec021a699f76a29f7b30","d55ff8c6dc4b2a181e6d7529397cbefad92e5d3d92e629aa379f0d8756c62e0a","continuation","False","121","65","56","0.463","4","4","16","12"
"2026-04-13T16:02:04.466041Z","final-24h-tenant","575d7bad584bd0ebbabd4c78c3a1672d3f211a34b1e8eaf0b4c872d35a444b5b","codex","e9ab8832346355cdc0b2cbce60e3cf3895da453aff38bf2721673950118e1983","04510dda95394732be83d0a8624486ac313c4a8ca3be67f311bbb37bc4ceff8c","continuation","False","121","65","56","0.463","4","4","16","12"
"2026-04-13T16:02:34.857230Z","final-24h-tenant","575d7bad584bd0ebbabd4c78c3a1672d3f211a34b1e8eaf0b4c872d35a444b5b","codex","20e45128ae3238394323ea1901a356279d7316c7f1ae279519e2631b12b4cee6","7e9f72725cce59dea88a09b1bd74b50bb36e85d768eddfd5925b969834e87db7","continuation","False","121","65","56","0.463","4","4","16","12"
"2026-04-13T16:03:05.239246Z","final-24h-tenant","575d7bad584bd0ebbabd4c78c3a1672d3f211a34b1e8eaf0b4c872d35a444b5b","codex","71a5ef94c07a2852b2e41ed56a4ff97611c819b0075d0c4622e416e1d24b3f28","314e3c9c612ea2c7b9bbe0790970c70af4751ecb090ac6a8bfd3c8482e4d4515","continuation","False","121","65","56","0.463","4","4","16","12"
"2026-04-13T16:03:35.637568Z","final-24h-tenant","575d7bad584bd0ebbabd4c78c3a1672d3f211a34b1e8eaf0b4c872d35a444b5b","codex","1312e3a5d6a39ce4a558eda91ca8404b9e83dfcb9e7fdbc0dee390ebe4c067d8","1008343c330ff38181fe6c07a536b62c83a71b27823fb143b7496ca94586cdd6","continuation","False","121","65","56","0.463","4","4","16","12"
"2026-04-13T16:04:06.007610Z","final-24h-tenant","575d7bad584bd0ebbabd4c78c3a1672d3f211a34b1e8eaf0b4c872d35a444b5b","codex","a3d21b28686c95fc6de369d38cb5a8ce4cb11efb5f568b2660e282c92597b755","af984cb976e87ce363cf73bdf49adff1a9e37d1c1fc94ae0b72745b1918b27bd","continuation","False","121","65","56","0.463","4","4","16","12"
"2026-04-13T16:04:36.383580Z","final-24h-tenant","575d7bad584bd0ebbabd4c78c3a1672d3f211a34b1e8eaf0b4c872d35a444b5b","codex","5eab1297434141403d9e41405fd3b61f3812bc7178f85f1bc4849a584b2be5ff","fc788014af3afdf6c5ac8ddb14d197a7a54d8efbb0c1d19f31688609bd61b346","continuation","False","121","65","56","0.463","4","4","16","12"
"2026-04-13T16:05:06.751987Z","final-24h-tenant","575d7bad584bd0ebbabd4c78c3a1672d3f211a34b1e8eaf0b4c872d35a444b5b","codex","3f90116150da7aae8ad3ad990e1a957e168748914dd3b3a66a9ed81353b6f1eb","a1545002604f75f960e2b8dedf8a3127243714d6e70600200e60b08891d0f51c","continuation","False","121","65","56","0.463","4","4","16","12"
"2026-04-13T16:05:37.136655Z","final-24h-tenant","575d7bad584bd0ebbabd4c78c3a1672d3f211a34b1e8eaf0b4c872d35a444b5b","codex","b40dad0ead615e3a0b455e349d347dc7e65129ee46ffb2c782f54827d59aa0c0","15834084efeb21677b5624a218ad68d2546c9972d1b0d70593ccc1a0ec42fbab","continuation","False","121","65","56","0.463","4","4","16","12"
"2026-04-13T16:06:07.542639Z","final-24h-tenant","575d7bad584bd0ebbabd4c78c3a1672d3f211a34b1e8eaf0b4c872d35a444b5b","codex","2ed2324b2148b697da9646221eb3cfd8f45b52034f034abea08e670cf1b77d64","badc7d2a6b556ede3195f8ec6ef5ec496967f2fddddb0bf7cf65617c68cfbb86","continuation","False","121","65","56","0.463","4","4","16","12"
"2026-04-13T16:06:37.932725Z","final-24h-tenant","575d7bad584bd0ebbabd4c78c3a1672d3f211a34b1e8eaf0b4c872d35a444b5b","codex","c9d0fd91211fd33a7034875e99fa61040c5767ee09b56b15b8af881a9863f5b8","91ee6de7f988de31f15ba939befde3ff4acf73e65d7e69db2eb7fa5dc17d2e5c","continuation","False","121","65","56","0.463","4","4","16","12"
"2026-04-13T16:07:08.315790Z","final-24h-tenant","575d7bad584bd0ebbabd4c78c3a1672d3f211a34b1e8eaf0b4c872d35a444b5b","codex","025614cf2a76600c049a4b6ba0b94e001c0954e85436394e7b11584da7de0180","382e470b2782355d469114ac3be0e92a082b287a7d9b28544d8bd3682642a812","continuation","False","121","65","56","0.463","4","4","16","12"
"2026-04-13T16:07:38.727799Z","final-24h-tenant","575d7bad584bd0ebbabd4c78c3a1672d3f211a34b1e8eaf0b4c872d35a444b5b","codex","28e7ddbc87de3bf1b450bbc37c106088b1b569e8765ad2037377e41452d8bcdf","f5cbc033db79210cb13c4642b27619962ba1c129e28ccd6da1b0b7146184d614","continuation","False","121","65","56","0.463","4","4","16","12"
"2026-04-13T16:08:09.111450Z","final-24h-tenant","575d7bad584bd0ebbabd4c78c3a1672d3f211a34b1e8eaf0b4c872d35a444b5b","codex","d59d0c58582bd2d004d1e9bf9dded50983123a235819120c570370f7ab22310c","817616f291666cc408421e40f9ce7116c9e843d357d586270e86103261ef9cf4","continuation","False","121","65","56","0.463","4","4","16","12"
"2026-04-13T16:08:39.501178Z","final-24h-tenant","575d7bad584bd0ebbabd4c78c3a1672d3f211a34b1e8eaf0b4c872d35a444b5b","codex","36f853217321b2cad2028fec235bd8c7920f1b634e71c20cbd7b975c462b117e","c0a6ef5c6a429d2ffa304bc83f0c1581d10e23f38362afa9f04807903ec3c24e","continuation","False","121","65","56","0.463","4","4","16","12"
"2026-04-13T16:09:09.925743Z","final-24h-tenant","575d7bad584bd0ebbabd4c78c3a1672d3f211a34b1e8eaf0b4c872d35a444b5b","codex","d7fa70533b0d17f749bee546a37ba5da3d0cfc5861e50c24ec92ba31db9976ba","9dca214f1aa481fab9832b59f09e84895286e0aa25ce4d7f0c41bc2ab462df8b","continuation","False","121","65","56","0.463","4","4","16","12"
"2026-04-13T16:09:40.319182Z","final-24h-tenant","575d7bad584bd0ebbabd4c78c3a1672d3f211a34b1e8eaf0b4c872d35a444b5b","codex","8d49bf50b8e86c624d03d6c5c3cb8290f3ccddd52856a261ac19738195d44718","92bce8e8192abf17b42a81452f1c50481c2b81b09e19543418cc37b651d6c1af","continuation","False","121","65","56","0.463","4","4","16","12"
"2026-04-13T16:10:10.706366Z","final-24h-tenant","575d7bad584bd0ebbabd4c78c3a1672d3f211a34b1e8eaf0b4c872d35a444b5b","codex","23533f85d6a28333a93531a94242d3ea8e417f07d61589ab68980525b3e49344","e90646aca572243261c6f3bda4076de758fc2faf6a428ce367bc1691252be5af","continuation","False","121","65","56","0.463","4","4","16","12"
"2026-04-13T16:10:41.088189Z","final-24h-tenant","575d7bad584bd0ebbabd4c78c3a1672d3f211a34b1e8eaf0b4c872d35a444b5b","codex","2a7853eb2f998ed53875457fe19cab532c26981ba40288233d41d5d9ed35c761","6d881df72cca0a76208a205d6783bcec57998851a5212bbf80ac5e8026330518","continuation","False","121","65","56","0.463","4","4","16","12"
"2026-04-13T16:11:11.465948Z","final-24h-tenant","575d7bad584bd0ebbabd4c78c3a1672d3f211a34b1e8eaf0b4c872d35a444b5b","codex","2966f7ebab7d382ba67ff163af38d903b694599cd2f3371915edd89c8cf27446","27f384f65b3b218c7a934a25ac94055a6f8773d88849275d9218486f924e96f7","continuation","False","121","65","56","0.463","4","4","16","12"
"2026-04-13T16:11:21.428934Z","openclaw","575d7bad584bd0ebbabd4c78c3a1672d3f211a34b1e8eaf0b4c872d35a444b5b","openclaw-agent","26791f9b105dbea2233da322da2c12694e662bb08549f98e73226d6883ff6696","c7e8c0395e6c1ab4ae9be9412485adbbea8e616cc3d41deec18823fa45f475e1","continuation","False","132","49","83","0.629","3","3","16","13"
"2026-04-13T16:11:41.854198Z","final-24h-tenant","575d7bad584bd0ebbabd4c78c3a1672d3f211a34b1e8eaf0b4c872d35a444b5b","codex","07f969fe50a097fb47b6e9632cda318fc973b42e6f8f43a4178041c6c29108e8","c104420d3198c4b505ffb0e4b855aa8ed643bff05e121df0282e6a93069a7027","continuation","False","121","65","56","0.463","4","4","16","12"
"2026-04-13T16:12:12.239072Z","final-24h-tenant","575d7bad584bd0ebbabd4c78c3a1672d3f211a34b1e8eaf0b4c872d35a444b5b","codex","e3620cd4000fbf57fbacde8e095b348b641bfcd4861981663a1b83250fe7fc99","75aeaf691bd7fa841ad09de2fdf5c50351d33670f0445b7908d9d24c56b442c6","continuation","False","121","65","56","0.463","4","4","16","12"
"2026-04-13T16:12:42.626227Z","final-24h-tenant","575d7bad584bd0ebbabd4c78c3a1672d3f211a34b1e8eaf0b4c872d35a444b5b","codex","f2ef357de6759e67fed8710fc47d5465c58b73e8c134682d00551ce3566d4acf","c2b00d1efd0bc374f25e1fd08d7a5697e54a97ec56d0fbcef1af3c94e3f050b6","continuation","False","121","65","56","0.463","4","4","16","12"
"2026-04-13T16:13:13.549313Z","final-24h-tenant","575d7bad584bd0ebbabd4c78c3a1672d3f211a34b1e8eaf0b4c872d35a444b5b","codex","0b096e4acac3a4b2f531063ed46160af595d6845f0db9647e589487bad68a4ac","fbbd86aa35d84f18719177ac52ef956b19aa57b23ba842b67cf22ab3ff1c3abf","continuation","False","121","65","56","0.463","4","4","16","12"
"2026-04-13T16:13:36.856353Z","openclaw","575d7bad584bd0ebbabd4c78c3a1672d3f211a34b1e8eaf0b4c872d35a444b5b","openclaw-agent","ba72b6f3f5971d013d1748714bdcdb7da81aad8276f435e0ecf92ab9534e18d6","1a70d2102bad285228332851c6ed579fe1d5fc4566ca8aec5485ecef61abdafd","continuation","False","132","49","83","0.629","3","3","16","13"
"2026-04-13T16:13:43.925493Z","final-24h-tenant","575d7bad584bd0ebbabd4c78c3a1672d3f211a34b1e8eaf0b4c872d35a444b5b","codex","936da87b62f046cb499fdbba4ac54ee180ca34e9d41ac9a94036de12f857b441","91aeb7fde6262684eb305b8a6b5dab7981ad92399c1300da085455c8a9465da6","continuation","False","121","65","56","0.463","4","4","16","12"
"2026-04-13T16:13:52.027105Z","openclaw","575d7bad584bd0ebbabd4c78c3a1672d3f211a34b1e8eaf0b4c872d35a444b5b","openclaw-agent","893cf1f6f49c72fd0e43c1de7e9bbe17d191a77472507bb21f02a8307ac2760d","a94d908aed0b45596df3b7d31146bc008834d9cde2d53f67b484c6681b691f4b","continuation","False","132","49","83","0.629","3","3","16","13"
"2026-04-13T16:13:52.266162Z","openclaw","575d7bad584bd0ebbabd4c78c3a1672d3f211a34b1e8eaf0b4c872d35a444b5b","openclaw-agent","a258ab1b2d12a7f2877e6c2ca77564d5a7d8850c819aea84eceb33fb68f3b9cf","486535bf7a9278dc4b88cacc949faba353df14c25fba542c3ff26daade8c2a38","continuation","False","132","49","83","0.629","3","3","16","13"
"2026-04-13T16:13:52.514203Z","openclaw","575d7bad584bd0ebbabd4c78c3a1672d3f211a34b1e8eaf0b4c872d35a444b5b","openclaw-agent","4d3e5cbe1ffdd91dca1e484dbae84693b7ef86b74d4320069907006ce76a793f","d05887539c1c153ce69ca6e11e7494d27ff797564aadeb659875eb24b1b1890e","continuation","False","132","49","83","0.629","3","3","16","13"
"2026-04-13T16:14:14.314226Z","final-24h-tenant","575d7bad584bd0ebbabd4c78c3a1672d3f211a34b1e8eaf0b4c872d35a444b5b","codex","9ced6d3f9732e34fc072429f0b6edf755d84e1f3f469b665b2e92aca1ef5db5a","a795ba4aad1c1f8bb495eed49b5cce76562c8809dac0429b0992423b5d759927","continuation","False","121","65","56","0.463","4","4","16","12"
"2026-04-13T16:14:29.256646Z","openclaw","575d7bad584bd0ebbabd4c78c3a1672d3f211a34b1e8eaf0b4c872d35a444b5b","openclaw-agent","6070840a38bcaf5836dac4af1c375fdc33e57e0879c4b0baf679996926b0cde6","5358c51a8e13ff5f5da657c7e426e5da4d6c91e88d16f4d2884d22bd6aed877d","continuation","False","132","49","83","0.629","3","3","16","13"
"2026-04-13T16:14:44.723437Z","final-24h-tenant","575d7bad584bd0ebbabd4c78c3a1672d3f211a34b1e8eaf0b4c872d35a444b5b","codex","0e0715d2e343fd745e12ec5ccec4ecc30257b9ad4d4c11913d0dd4351ad15b7a","c3e9ea46cec4984692deaba9b9fc67270e04ea0c78ae4a52649216fc545b278e","continuation","False","121","65","56","0.463","4","4","16","12"
"2026-04-13T16:15:09.351228Z","openclaw","575d7bad584bd0ebbabd4c78c3a1672d3f211a34b1e8eaf0b4c872d35a444b5b","openclaw-agent","849ac7c4562a64cf5fa18d94f30619eb90c6ee370cd7ac74ed98b294babd4d5a","87266691fde0f430d81a7302ddbf7f67ba0259c5d63a321c76af58dfbb56235b","continuation","False","132","49","83","0.629","3","3","16","13"
"2026-04-13T16:15:15.090299Z","final-24h-tenant","575d7bad584bd0ebbabd4c78c3a1672d3f211a34b1e8eaf0b4c872d35a444b5b","codex","585bac85c3fee62e70c8ae28e6f28abe4a9cfa5dfb31ed10b5f693edaddd2efc","d49028187b19e65300638be11f50c5ee4e31e48676224faa0cdbc0b3ce7341dd","continuation","False","121","65","56","0.463","4","4","16","12"
"2026-04-13T16:15:31.704593Z","openclaw","575d7bad584bd0ebbabd4c78c3a1672d3f211a34b1e8eaf0b4c872d35a444b5b","openclaw-agent","8fe9cf9d053c7787909561284f7c3d44b44745bdbe67153b308db5509d110831","c9256a2f93c3177c1d8da7235a3e3442e6113728b0e954a8c4af53cd72635425","implementation","True","150","0","150","1","0","0","0","0"
"2026-04-13T16:15:46.167309Z","final-24h-tenant","575d7bad584bd0ebbabd4c78c3a1672d3f211a34b1e8eaf0b4c872d35a444b5b","codex","265c1d0e01fc62fb22d9d42d98f51dbd6ca62949eba6c5952450d882d4b7fd81","b1d9ddc03117513aaf941dfc2b79bdbc78f3e88e321f81b875c2219510691b1a","continuation","False","121","65","56","0.463","4","4","16","12"
"2026-04-13T16:16:16.569177Z","final-24h-tenant","575d7bad584bd0ebbabd4c78c3a1672d3f211a34b1e8eaf0b4c872d35a444b5b","codex","3bb6e77f2efd012888c174c3b08627ceddea5611f40604b19a110c845fb679ea","4d929711534be5ccd0ed3ebaa2575a2f777dce307cbf860a541c443fdf9ba56c","continuation","False","121","65","56","0.463","4","4","16","12"
"2026-04-13T16:16:47.058762Z","final-24h-tenant","575d7bad584bd0ebbabd4c78c3a1672d3f211a34b1e8eaf0b4c872d35a444b5b","codex","976ad4a9c1a365790e4fb1ba9d478bc76506a46a9ea00a45a186edca93be1f93","6b574f9576da19c534ad976410bb09116878f50906ecf15e0be2278053d91745","continuation","False","121","65","56","0.463","4","4","16","12"
"2026-04-13T16:17:17.444140Z","final-24h-tenant","575d7bad584bd0ebbabd4c78c3a1672d3f211a34b1e8eaf0b4c872d35a444b5b","codex","475f8e9927ccaa86ed2c758fd7db6ce3c3351af02299de49539dbde208301359","ac0a7fd60d05b6f401e41abd03f44fab31ddb61c9b759f1e8f9b48efab5fb981","continuation","False","121","65","56","0.463","4","4","16","12"
"2026-04-13T16:17:47.829849Z","final-24h-tenant","575d7bad584bd0ebbabd4c78c3a1672d3f211a34b1e8eaf0b4c872d35a444b5b","codex","614fc9d98860efa05910291371a2af93d99356cf14519ef796fb6504f9c31084","c44736091603a6a4f1123187e9cf74504d129b73843d297a0820b9a0894c9874","continuation","False","121","65","56","0.463","4","4","16","12"
"2026-04-13T16:18:18.403701Z","final-24h-tenant","575d7bad584bd0ebbabd4c78c3a1672d3f211a34b1e8eaf0b4c872d35a444b5b","codex","8291f99162fa5c83927c4890ad17e91153f8dee6c4f9eab508eb279781df896c","81a1bb39240b86ebe0934fd9f930f2c950adb3c9881044721bb8d900472cad5f","continuation","False","121","65","56","0.463","4","4","16","12"
"2026-04-13T16:18:48.806263Z","final-24h-tenant","575d7bad584bd0ebbabd4c78c3a1672d3f211a34b1e8eaf0b4c872d35a444b5b","codex","aefc2e047d3e6c8abf89cc46e28de3eac3621298131d332f55f9c9810f0af530","589184f5488c91b6b823a31fc0018855009fabf4f8845e6de9c16c576a5d9243","continuation","False","121","65","56","0.463","4","4","16","12"
"2026-04-13T16:19:19.198035Z","final-24h-tenant","575d7bad584bd0ebbabd4c78c3a1672d3f211a34b1e8eaf0b4c872d35a444b5b","codex","cb970092d63d74fefcbb44dae8bbfa94123bcf23a4a666b84b99bf4a6518bd38","b24a747490f9baa066854355953f0bd04a62ae330acc6267ac1f94a6a64de2e8","continuation","False","121","65","56","0.463","4","4","16","12"
"2026-04-13T16:19:49.609663Z","final-24h-tenant","575d7bad584bd0ebbabd4c78c3a1672d3f211a34b1e8eaf0b4c872d35a444b5b","codex","3006bd0b943c2cb6d221937e1a48800b4b18a5f0e543ba33f1b7ce071056baeb","af8c7d9a079acc2a366ec8fceda544eec285f021d969bfc145e9d29737afcf87","continuation","False","121","65","56","0.463","4","4","16","12"
"2026-04-13T16:20:20.018800Z","final-24h-tenant","575d7bad584bd0ebbabd4c78c3a1672d3f211a34b1e8eaf0b4c872d35a444b5b","codex","03a9a95d7bc00a79576e4807c4f9ddb53c5087efd22285188e04d875fdb11592","6e1ba45091de6fe2a986ac0b4a2c466467c7fa4a55303840d3d2b7371c310478","continuation","False","121","65","56","0.463","4","4","16","12"
"2026-04-13T16:20:50.416889Z","final-24h-tenant","575d7bad584bd0ebbabd4c78c3a1672d3f211a34b1e8eaf0b4c872d35a444b5b","codex","38d260340f2d346e4713570bddc13650d103417a745495ab137b4fdb4a2a8cca","ece41cc080ccbdc2fa01de60a542d743f787748ca4e72650ebe1b8ccc2ab1c66","continuation","False","121","65","56","0.463","4","4","16","12"
"2026-04-13T16:21:20.845637Z","final-24h-tenant","575d7bad584bd0ebbabd4c78c3a1672d3f211a34b1e8eaf0b4c872d35a444b5b","codex","03850500a6185207175037d6530f963a4afa913725482e77b1e3b1e8bf73dc0d","5f87c4ede0ab4c4071934aa5fad85863738f9b7b0990d495c13ec8d7c89ddc12","continuation","False","121","65","56","0.463","4","4","16","12"
"2026-04-13T16:21:51.243934Z","final-24h-tenant","575d7bad584bd0ebbabd4c78c3a1672d3f211a34b1e8eaf0b4c872d35a444b5b","codex","c6c8a923985650bca224ed1afc6ff8d218c3b52ad1ffa587a8679e2001bed293","3e9fbfc5b3623774b04d8a8344fd47a276cf84ea3015c1689d2d8fd95bf095ac","continuation","False","121","65","56","0.463","4","4","16","12"
"2026-04-13T16:22:21.649189Z","final-24h-tenant","575d7bad584bd0ebbabd4c78c3a1672d3f211a34b1e8eaf0b4c872d35a444b5b","codex","4904c9bfa36906c0bd441669b66ed50ca9d8ddacbd8c2b64e1f96eb1f32a5023","01136446cd041f9c0a9c400e14d0538ff849076830791fd07c57d2180570aadc","continuation","False","121","65","56","0.463","4","4","16","12"
"2026-04-13T16:22:52.024822Z","final-24h-tenant","575d7bad584bd0ebbabd4c78c3a1672d3f211a34b1e8eaf0b4c872d35a444b5b","codex","b65d3c2ca38d97bf0d57830ba147324f0c4c2674247f10d0953069ff9ae6a8da","3b22cd5b262cd0cea0ac5f021f7867c09288df4e9ffcbf68a311bf78b86f0896","continuation","False","121","65","56","0.463","4","4","16","12"
"2026-04-13T16:23:22.416835Z","final-24h-tenant","575d7bad584bd0ebbabd4c78c3a1672d3f211a34b1e8eaf0b4c872d35a444b5b","codex","e017a79c9704111b455411a680ead7b3f76f5cde636f9dcbca3008628e0c40b6","bed95552dc10546ae347cd741b08236177a17e4906654b6898153511b05e0da1","continuation","False","121","65","56","0.463","4","4","16","12"
"2026-04-13T16:23:52.840077Z","final-24h-tenant","575d7bad584bd0ebbabd4c78c3a1672d3f211a34b1e8eaf0b4c872d35a444b5b","codex","7324aa7835ca55a2f76d34fc022621fdedd84dc0bc9da71f26c07db47adc40a6","c55687f9e7a4eef7ccc9bbb635b7f4ebdba6740cccfe077b44fd29ce5f884189","continuation","False","121","65","56","0.463","4","4","16","12"
"2026-04-13T16:24:23.257211Z","final-24h-tenant","575d7bad584bd0ebbabd4c78c3a1672d3f211a34b1e8eaf0b4c872d35a444b5b","codex","d13291e0dabffc6ace5aafb7d80e9a473e01e55ce6bc26b24e7ae0df4d8a13fe","c2031b74480af9b1f9e9ade5027528f7134d478c218158f0673e0f554134f721","continuation","False","121","65","56","0.463","4","4","16","12"
"2026-04-13T16:24:53.665080Z","final-24h-tenant","575d7bad584bd0ebbabd4c78c3a1672d3f211a34b1e8eaf0b4c872d35a444b5b","codex","c51f5f753b56e4fa09fd2e5a1a9c9237d430da25f62d87344f1be73353f6b341","1c33c3c41df767dc3c164e29a68bfee16ef4d6d2563a99df22148b6c68c24eef","continuation","False","121","65","56","0.463","4","4","16","12"
"2026-04-13T16:25:24.070287Z","final-24h-tenant","575d7bad584bd0ebbabd4c78c3a1672d3f211a34b1e8eaf0b4c872d35a444b5b","codex","41023996d4ca7e261f7b6369820abcfac62a3a22b0ce9fc3021500967364704a","5d623098090d0553d9cd17dfff11928ca7d60b9839fe4b6b77146c28bb3c29e4","continuation","False","121","65","56","0.463","4","4","16","12"
"2026-04-13T16:25:54.478256Z","final-24h-tenant","575d7bad584bd0ebbabd4c78c3a1672d3f211a34b1e8eaf0b4c872d35a444b5b","codex","21e34fd0ed61e5849ca20addede22ece05656e6f032459799661190757b96794","b6c9c528109ec6ff982e254664470bc9714ad270157bfe364008f94aed4f3719","continuation","False","121","65","56","0.463","4","4","16","12"
"2026-04-13T16:26:24.878996Z","final-24h-tenant","575d7bad584bd0ebbabd4c78c3a1672d3f211a34b1e8eaf0b4c872d35a444b5b","codex","a90bd5af3feec199d67332eca0c630015dab5b492fab03a27e26373d8fa50bf2","70729bbfe22948194f60b7ae6b5f05bd69f15d4b2608620f23f7aeff23ccf96c","continuation","False","121","65","56","0.463","4","4","16","12"
"2026-04-13T16:26:55.301181Z","final-24h-tenant","575d7bad584bd0ebbabd4c78c3a1672d3f211a34b1e8eaf0b4c872d35a444b5b","codex","806f04867747721d8f47723b2afa5166cd509ba069d605e66814d71b4b237bc4","9f7c4eee12c8c1efee9299abd8912392cb656ec6fdd3574ab1eed5e0519d9636","continuation","False","121","65","56","0.463","4","4","16","12"
"2026-04-13T16:27:25.685930Z","final-24h-tenant","575d7bad584bd0ebbabd4c78c3a1672d3f211a34b1e8eaf0b4c872d35a444b5b","codex","a0d10b36462b350ecd75ff1919d2763fa6fcbaad924d1a4cbe3a1e0c86df5457","42947e6ffb14194b83698413cb6cb8de2926cf4c0c9d39800eebda3ca4b9e09c","continuation","False","121","65","56","0.463","4","4","16","12"
"2026-04-13T16:27:56.094177Z","final-24h-tenant","575d7bad584bd0ebbabd4c78c3a1672d3f211a34b1e8eaf0b4c872d35a444b5b","codex","8d4a6c6cc5364a0cf448a73d4efe0ac757c3cdce09bd3f8c1921b3ffe7da1f51","c7ab497b1c31469d856d64ee09d665e1f32ed55a74e932f52185ee3fbffd7313","continuation","False","121","65","56","0.463","4","4","16","12"
"2026-04-13T16:28:26.503347Z","final-24h-tenant","575d7bad584bd0ebbabd4c78c3a1672d3f211a34b1e8eaf0b4c872d35a444b5b","codex","ad59d32b517a6f384b11250147a1cd89f407a6a66928a3783f5d648196b6fd9a","c75ceb6a16acf202c031c21b74c97fd7770e2fe7fa6781d21c8f90735fb1ed92","continuation","False","121","65","56","0.463","4","4","16","12"
"2026-04-13T16:28:56.950335Z","final-24h-tenant","575d7bad584bd0ebbabd4c78c3a1672d3f211a34b1e8eaf0b4c872d35a444b5b","codex","417ad5796b3e27be1ef535c9bbf10653e6a486c027dba7a94f8128ffdd9ba143","fe3aa4f2eb4edc9bfd887c2245b5465e6a4371f09ab44081d250b8852c7f1547","continuation","False","121","65","56","0.463","4","4","16","12"
"2026-04-13T16:29:27.351420Z","final-24h-tenant","575d7bad584bd0ebbabd4c78c3a1672d3f211a34b1e8eaf0b4c872d35a444b5b","codex","106bd9e7005633a773d099a09d7542ad7961eabbfb4ed9bd35494d87cec3e27c","7c5745b8238f5652ec20dfd26a8c2b1aa86c0224a69be9135aff040f86486f84","continuation","False","121","65","56","0.463","4","4","16","12"
"2026-04-13T16:29:57.753376Z","final-24h-tenant","575d7bad584bd0ebbabd4c78c3a1672d3f211a34b1e8eaf0b4c872d35a444b5b","codex","f0af6e4f51d1852316103b14e933de660261d56480a9234c02ad0ead862a53a0","a5485e4831243055a40cdd67cd2d150a74c881ad6d9abbee17e35ec31fde0bdf","continuation","False","121","65","56","0.463","4","4","16","12"
"2026-04-13T16:30:28.142272Z","final-24h-tenant","575d7bad584bd0ebbabd4c78c3a1672d3f211a34b1e8eaf0b4c872d35a444b5b","codex","b114dbd12bc84a346ab4dcbfe3a7398fba456c3452b33e13e4c9aa4e40d62461","49d5225d0da56802f0046844344a26313bb738adb6ebe7ae0c0f90c37e12796b","continuation","False","121","65","56","0.463","4","4","16","12"
"2026-04-13T16:30:58.529287Z","final-24h-tenant","575d7bad584bd0ebbabd4c78c3a1672d3f211a34b1e8eaf0b4c872d35a444b5b","codex","696be4e500410fd2c35b708e2f54cfac2c288486fe68c624129f3f5ce98a5014","8ce2222301a74961b731ce9354c00d5327b2d1fd1bc916007696260b921a0464","continuation","False","121","65","56","0.463","4","4","16","12"
"2026-04-13T16:31:28.958233Z","final-24h-tenant","575d7bad584bd0ebbabd4c78c3a1672d3f211a34b1e8eaf0b4c872d35a444b5b","codex","807b2ca5eeb66b21230ccf912acf9c6b6720acf55f9f9de038fbc97ec48c88ae","63e80de2a04a3eaf3fad3045e5b051ce1df347bc8cd464b5774e6945676cb4e2","continuation","False","121","65","56","0.463","4","4","16","12"
"2026-04-13T16:31:59.385327Z","final-24h-tenant","575d7bad584bd0ebbabd4c78c3a1672d3f211a34b1e8eaf0b4c872d35a444b5b","codex","3c9b635bcb35bdbcb877457a61c788235c8f4451072dcf8ece6febf06efbe5e1","05a68a3854e09b097d3adb4596316a2f1fa678189eafc410ad0c85257afb3753","continuation","False","121","65","56","0.463","4","4","16","12"
"2026-04-13T16:32:29.795649Z","final-24h-tenant","575d7bad584bd0ebbabd4c78c3a1672d3f211a34b1e8eaf0b4c872d35a444b5b","codex","06acdda7b87182a3de239e61ef1084aba3f9681f108c18cf0b6a2889992ef42f","ae3d934daaf2675a13845ab887eb72db6e458c90827a32257610fc3efb83fd85","continuation","False","121","65","56","0.463","4","4","16","12"
"2026-04-13T16:33:00.234827Z","final-24h-tenant","575d7bad584bd0ebbabd4c78c3a1672d3f211a34b1e8eaf0b4c872d35a444b5b","codex","6f09c06ebabffe682b542b088de97538965c04c2bf2a38d9c5efc8ff61056ed0","712f61b6d38681756f74413de4b26cb8e2eddab014cda2ba707fc14e77dbce2c","continuation","False","121","65","56","0.463","4","4","16","12"
"2026-04-13T16:33:30.634603Z","final-24h-tenant","575d7bad584bd0ebbabd4c78c3a1672d3f211a34b1e8eaf0b4c872d35a444b5b","codex","c04eb0cead304146ed4ef1f4c4f8d94f0a133b886e0c3a50ee62749a88b65ccd","68820b9a62e9a765014d55ed6f8cadeba190767738e1c0d869f82acf4c70db61","continuation","False","121","65","56","0.463","4","4","16","12"
"2026-04-13T16:34:01.051276Z","final-24h-tenant","575d7bad584bd0ebbabd4c78c3a1672d3f211a34b1e8eaf0b4c872d35a444b5b","codex","8e233be3b0c7ae380acec68a9336ff8763492542eb472ba9d78f9f736b16cbcd","21dab64cbebb9b9318fe66af8e8b1a050f56c42ca46e62e4667a5b6d2fd24b2e","continuation","False","121","65","56","0.463","4","4","16","12"
"2026-04-13T16:34:31.480821Z","final-24h-tenant","575d7bad584bd0ebbabd4c78c3a1672d3f211a34b1e8eaf0b4c872d35a444b5b","codex","5ea696fd271f3d5ec5ea882151bf5c8ae284ec5267a4e72a722d784467a0f0d0","3a951e7c52420c10247456456416160f9c92dec4529d50942a4bb7cc100c511a","continuation","False","121","65","56","0.463","4","4","16","12"
"2026-04-13T16:35:01.908420Z","final-24h-tenant","575d7bad584bd0ebbabd4c78c3a1672d3f211a34b1e8eaf0b4c872d35a444b5b","codex","e0ed99829aee0c1f2b4635f3eb8a153acfd26562c798c7cb9b7edd78bf17a569","c1f27ebd947d612556535c1130ff6a095c4690f8419fde8c160fa1701c1d18c8","continuation","False","121","65","56","0.463","4","4","16","12"
"2026-04-13T16:35:32.327315Z","final-24h-tenant","575d7bad584bd0ebbabd4c78c3a1672d3f211a34b1e8eaf0b4c872d35a444b5b","codex","52a46cf7ff95823dc797843222bdc671a2c22c358b84645ecf87e80d9ecb1171","50f017147aa5088b93e407e13055d139ea3e4a962a116e3e0447896e74188b2e","continuation","False","121","65","56","0.463","4","4","16","12"
"2026-04-13T16:36:02.712306Z","final-24h-tenant","575d7bad584bd0ebbabd4c78c3a1672d3f211a34b1e8eaf0b4c872d35a444b5b","codex","6900e96feea80c10bd2ad16335c359d5fe25b542f898627c253f7cc3de11980f","fa6dca5ae5f71fce94d474961df39e61bf38c931855388d6e80518cbec339ca2","continuation","False","121","65","56","0.463","4","4","16","12"
"2026-04-13T16:36:33.110710Z","final-24h-tenant","575d7bad584bd0ebbabd4c78c3a1672d3f211a34b1e8eaf0b4c872d35a444b5b","codex","687ed5e2d6ae98cb918b352538e539354cd4f7f2c4753506e48ce7f583227232","628730080f7a4a659c7104cae23e316b80d51d00d47a2f5aeb3098df2669ddc6","continuation","False","121","65","56","0.463","4","4","16","12"
"2026-04-13T16:37:03.529679Z","final-24h-tenant","575d7bad584bd0ebbabd4c78c3a1672d3f211a34b1e8eaf0b4c872d35a444b5b","codex","0a1316604358c4e76442608befe5348ff48a4e91f52e7c03d1e5029dcdf6bec9","c4e74c6a431f36d6095806028e405b84d8e7110baa7980580648ee33835b652c","continuation","False","121","65","56","0.463","4","4","16","12"
"2026-04-13T16:37:33.921975Z","final-24h-tenant","575d7bad584bd0ebbabd4c78c3a1672d3f211a34b1e8eaf0b4c872d35a444b5b","codex","7ec94e4c3dfd169309538347a1d2ca063ab6ac374f492ea696eef40ba1fdd3aa","523a35aac6524edeef239c6a792feac42332e1d150941edd2d458a15406197ab","continuation","False","121","65","56","0.463","4","4","16","12"
"2026-04-13T16:38:04.320832Z","final-24h-tenant","575d7bad584bd0ebbabd4c78c3a1672d3f211a34b1e8eaf0b4c872d35a444b5b","codex","273d837f55f64377091b09c4eb3fb8e9054b5d61523704a42272e865796cd9ae","d79c2fdc6db03ff29b690b0c9d4b642d255dd411793cbe4707b59fe361bd866f","continuation","False","121","65","56","0.463","4","4","16","12"
"2026-04-13T16:38:34.739189Z","final-24h-tenant","575d7bad584bd0ebbabd4c78c3a1672d3f211a34b1e8eaf0b4c872d35a444b5b","codex","f6be24de37798601f352646280258f25597d3687b47cbaee71f788b677e7c9ae","49568ad938330d757362e303780b690cda1a95b5afed3add35c42291f2e97d28","continuation","False","121","65","56","0.463","4","4","16","12"
"2026-04-13T16:38:45.750100Z","openclaw","575d7bad584bd0ebbabd4c78c3a1672d3f211a34b1e8eaf0b4c872d35a444b5b","openclaw-agent","4059a5aacc31fe13dbf3ae1dc2b526b073b29838283dc8dcd94f672e0c88a3d4","7dec3f7e29ac64cec55e79c28f12685f8f787eddcaa2969af5c832ebf3c0bc0e","continuation","False","132","49","83","0.629","3","3","16","13"
"2026-04-13T16:38:45.994503Z","openclaw","575d7bad584bd0ebbabd4c78c3a1672d3f211a34b1e8eaf0b4c872d35a444b5b","openclaw-agent","d17d0d4fe4dbb8a0b9631833480ddc1e1f73944051e36ed09eeb3be588d14597","a056325c0de3d0ebac0c9d601067c35ccd6480bbbe6ea583956562ff3f3a1432","continuation","False","132","49","83","0.629","3","3","16","13"
"2026-04-13T16:38:46.241492Z","openclaw","575d7bad584bd0ebbabd4c78c3a1672d3f211a34b1e8eaf0b4c872d35a444b5b","openclaw-agent","fa6ee66aeec483b47a6e37207f78115f33a54bc6c82c75249ccef1a242286734","df3cbc9ee9a8f42c29b3daae60af3bd8fd4077a6eca37101946a45e7c53c8c7c","continuation","False","132","49","83","0.629","3","3","16","13"
"2026-04-13T16:38:46.490448Z","openclaw","575d7bad584bd0ebbabd4c78c3a1672d3f211a34b1e8eaf0b4c872d35a444b5b","openclaw-agent","c0ea46e069f18c31b7ceb6618a9ebbf7b6a1a0dcb028e45a7fbebec931186350","75ba395b2d445ee8eb0f3114a37b05a1aba9d77e2b573d323478a145d92ab832","continuation","False","132","49","83","0.629","3","3","16","13"
"2026-04-13T16:38:46.757944Z","openclaw","575d7bad584bd0ebbabd4c78c3a1672d3f211a34b1e8eaf0b4c872d35a444b5b","openclaw-agent","05918ab1aac104076896e3b881ccd782fdc2b7996acd6172cd4be543b3e167ce","ab16c94f8c48fe0dbde518dfbee4dba515843b8ea7e62b2b714945b9933ea817","continuation","False","132","49","83","0.629","3","3","16","13"
"2026-04-13T16:39:05.124562Z","final-24h-tenant","575d7bad584bd0ebbabd4c78c3a1672d3f211a34b1e8eaf0b4c872d35a444b5b","codex","8af461b08c4d6ffe86940e0f1c0c010dea08d200a52e6cf4549f90c0763e56a0","01ec011de804e1d5b94a87a2195ace37e0a61650b98f2ac71b4a64bd6742ae74","continuation","False","121","65","56","0.463","4","4","16","12"
"2026-04-13T16:39:35.530318Z","final-24h-tenant","575d7bad584bd0ebbabd4c78c3a1672d3f211a34b1e8eaf0b4c872d35a444b5b","codex","130b2ad3f3d8e4d455e59003ff2554b940e0373dd7191c961d50cdc947508b7b","e329cdc23b7bf23d64567193b2e6e51e24592d15d22eb5a07df8619e8ff21903","continuation","False","121","65","56","0.463","4","4","16","12"
"2026-04-13T16:39:59.047547Z","openclaw","575d7bad584bd0ebbabd4c78c3a1672d3f211a34b1e8eaf0b4c872d35a444b5b","openclaw-agent","7b430e71f4c44e89646230d19ac64eb532faec1398d5c5813b038a2cd0cbd50b","3f0cd4b69a0a9f9d69f9d633d42ef4084a858064630c4b4ec64000b50075631f","continuation","False","132","49","83","0.629","3","3","16","13"
"2026-04-13T16:39:59.299663Z","openclaw","575d7bad584bd0ebbabd4c78c3a1672d3f211a34b1e8eaf0b4c872d35a444b5b","openclaw-agent","28b98e9270394ed777190e27035333ccef9acd072e78537772265fb36edf0f8b","20802b90dcae84fbe6d697d9d1885edd18a7fb9fc334ffc7f7376643892c8d70","continuation","False","132","49","83","0.629","3","3","16","13"
"2026-04-13T16:39:59.552461Z","openclaw","575d7bad584bd0ebbabd4c78c3a1672d3f211a34b1e8eaf0b4c872d35a444b5b","openclaw-agent","7ec01f7e7bea656a473bc3f159271cfd468fc31a560c3b1a8aac5e626b8ef8da","1464324be7bc6bf9b4cc4582ee48ba60d437c948f68007876e61077e18d15bb1","continuation","False","132","49","83","0.629","3","3","16","13"
"2026-04-13T16:39:59.804638Z","openclaw","575d7bad584bd0ebbabd4c78c3a1672d3f211a34b1e8eaf0b4c872d35a444b5b","openclaw-agent","34cfb9475257fa58f5972fd03ce4c6c6aa89e22016291e1876e5513e03b7ece6","e5b251fa48baf8ff6d5ea51d204755455e0af85228b067b2462cd3c32ca704aa","continuation","False","132","49","83","0.629","3","3","16","13"
"2026-04-13T16:40:00.056481Z","openclaw","575d7bad584bd0ebbabd4c78c3a1672d3f211a34b1e8eaf0b4c872d35a444b5b","openclaw-agent","b8284bf546f1b5d67feee06055e0449d52dfe2e3321fd77a56fdf7cbecbad051","95d8c5bb5f19e66afefaa4c8a3535a1f160b00a844bf4df2df7e52b882b35158","continuation","False","132","49","83","0.629","3","3","16","13"
"2026-04-13T16:40:00.303679Z","openclaw","575d7bad584bd0ebbabd4c78c3a1672d3f211a34b1e8eaf0b4c872d35a444b5b","openclaw-agent","f05b480304cef0cb49252d28a11eade257082f4504a070f63b0e8bfee152ad51","3a784445a665c5df70852ae53bda6868688f7990c3daae7f33bd54d284ed6358","continuation","False","132","49","83","0.629","3","3","16","13"
"2026-04-13T16:40:00.563446Z","openclaw","575d7bad584bd0ebbabd4c78c3a1672d3f211a34b1e8eaf0b4c872d35a444b5b","openclaw-agent","4f498c4f375405f550dd2d4f73a172c1ac64c69beb112126670c7163495b556e","d972c186adab8b321b24709a734928e1afbf2d73b2993402aa96c7a6eababb3c","continuation","False","132","49","83","0.629","3","3","16","13"
"2026-04-13T16:40:00.810461Z","openclaw","575d7bad584bd0ebbabd4c78c3a1672d3f211a34b1e8eaf0b4c872d35a444b5b","openclaw-agent","39c36ff76c6498ca6c587acb13f9d3f7c09f8c990e9d54f3c17906028f1bfc4c","a8508bbc48deb81e5673e066c2d2d171e857904302d34eeca6a2e405ceb52b24","continuation","False","132","49","83","0.629","3","3","16","13"
"2026-04-13T16:40:01.059498Z","openclaw","575d7bad584bd0ebbabd4c78c3a1672d3f211a34b1e8eaf0b4c872d35a444b5b","openclaw-agent","28ff1895deae4f9f430cbfe4804077394b308b8d58fb2141ff769e5328d32b4e","47ab4e9dcfb991a3027e664768a4013afb7bc60d696fd02a6eb665f47b4b7ef8","continuation","False","132","49","83","0.629","3","3","16","13"
"2026-04-13T16:40:01.310876Z","openclaw","575d7bad584bd0ebbabd4c78c3a1672d3f211a34b1e8eaf0b4c872d35a444b5b","openclaw-agent","6e5b727d2fc0edd164f9ebdfadb348ded42e316656708ea269da21fad030423d","7f0a49a7817b09b486c6fad956dd12b457d619915af98defc146467f42e829c7","continuation","False","132","49","83","0.629","3","3","16","13"
"2026-04-13T16:40:05.955278Z","final-24h-tenant","575d7bad584bd0ebbabd4c78c3a1672d3f211a34b1e8eaf0b4c872d35a444b5b","codex","b5d3b21d9e2db621a3ca6e9dbe475e2c6c287ec23ddddd30c191ddfbc5c47f96","166ee36aa6b6b9de8db202602dd4621abdc6650ef584f1ec2e3891f49363b56e","continuation","False","121","65","56","0.463","4","4","16","12"
"2026-04-13T16:40:36.373713Z","final-24h-tenant","575d7bad584bd0ebbabd4c78c3a1672d3f211a34b1e8eaf0b4c872d35a444b5b","codex","fa073751ba0cb57edc8580a70b1b35648ebe156796c75d4ebfda531e58d8f0f8","87d40ff148e7771296b59230d602ef45cc26c14fa99e6cecfe760e5cb040ebdd","continuation","False","121","65","56","0.463","4","4","16","12"
"2026-04-13T16:40:57.552613Z","openclaw","575d7bad584bd0ebbabd4c78c3a1672d3f211a34b1e8eaf0b4c872d35a444b5b","openclaw-agent","7f3cf4efa6d195f2e8fbf565ba5d8e447667b9e0caf4a14414973f922acca7ad","a0e4f6e2d28721feeb14bbb28a94b76a23fa54e8597ac2456255d80c88720991","continuation","False","132","49","83","0.629","3","3","16","13"
"2026-04-13T16:40:57.802639Z","openclaw","575d7bad584bd0ebbabd4c78c3a1672d3f211a34b1e8eaf0b4c872d35a444b5b","openclaw-agent","bc3665e34600e1b468c5cef9797bb35477bb40fe3b7e872a3824e59f3049f2a3","66db09dab1e6851c5f202281ffe86fab9328a7d6cb34bb604d751f120245538d","continuation","False","132","49","83","0.629","3","3","16","13"
"2026-04-13T16:40:58.056488Z","openclaw","575d7bad584bd0ebbabd4c78c3a1672d3f211a34b1e8eaf0b4c872d35a444b5b","openclaw-agent","afdd704f2c03e98ac8fb4de57f0bdf238d5a71db8d0cd938b1e8db57c236327f","8434a80107a981d714435342d750d83329ccfa52e155902af6fccc0714c65acb","continuation","False","132","49","83","0.629","3","3","16","13"
"2026-04-13T16:40:58.312757Z","openclaw","575d7bad584bd0ebbabd4c78c3a1672d3f211a34b1e8eaf0b4c872d35a444b5b","openclaw-agent","04b0917827dd272e3a2607ef21756e936f3ffd48542d7012f22ce527e6170306","de71e33d8a1868695ab4cc308462ddb32df3ae0346ab0255813baa8c837c31e6","continuation","False","132","49","83","0.629","3","3","16","13"
"2026-04-13T16:40:58.570557Z","openclaw","575d7bad584bd0ebbabd4c78c3a1672d3f211a34b1e8eaf0b4c872d35a444b5b","openclaw-agent","11faaf1b77c8ccbee66f70b17aac96ae35a787e6c8c3d38b777b31d9e1254619","d03e5031a83f19c8c447e14053564d3a1b7f498e115761e5a1c90a911ded2c57","continuation","False","132","49","83","0.629","3","3","16","13"
"2026-04-13T16:41:06.763527Z","final-24h-tenant","575d7bad584bd0ebbabd4c78c3a1672d3f211a34b1e8eaf0b4c872d35a444b5b","codex","3f58f3d980a5acd37a702986373f0829e0ae9175eb4c6cc53f111be8794058fa","275137d0cb0aefb4f23bf17962d2c9bfac0546dec15eff7792696905c40204d3","continuation","False","121","65","56","0.463","4","4","16","12"
"2026-04-13T16:41:37.177851Z","final-24h-tenant","575d7bad584bd0ebbabd4c78c3a1672d3f211a34b1e8eaf0b4c872d35a444b5b","codex","ae09e2a1255fc94291a04aaf95c17044ace6a639f6c6d07dd5d152fb7d4d1151","8f524bba29e316fc12d83823bcfd634dde1912cdae1a5676403c80d115966481","continuation","False","121","65","56","0.463","4","4","16","12"
"2026-04-13T16:42:07.588904Z","final-24h-tenant","575d7bad584bd0ebbabd4c78c3a1672d3f211a34b1e8eaf0b4c872d35a444b5b","codex","ec4d537575e0f7c044611f7c89d9eb1f54eb386f57400fddf7c6ac10bca4651c","8560e4b685200e4672e8a2b8a09a1e9c96668f595b772afaa0e8ba7016706412","continuation","False","121","65","56","0.463","4","4","16","12"
"2026-04-13T16:42:38.015933Z","final-24h-tenant","575d7bad584bd0ebbabd4c78c3a1672d3f211a34b1e8eaf0b4c872d35a444b5b","codex","c6cb27e1502c9d30c7f26333778403b7b4164798b5c1861316924ad05c3cdc5d","5d67993126fd933db4aa39171a65d96f8b5ad1476c579a4a338b33c09122ef49","continuation","False","121","65","56","0.463","4","4","16","12"
"2026-04-13T16:43:08.430943Z","final-24h-tenant","575d7bad584bd0ebbabd4c78c3a1672d3f211a34b1e8eaf0b4c872d35a444b5b","codex","72c013b1e64eb7cbdbe2749eae962f4d75d474f36c7fe82ecccc35ac2bcb81e5","2ea361d2fb644f772ac9d54055502fbc41df303ca98f11963aa8406e95dbdb11","continuation","False","121","65","56","0.463","4","4","16","12"
"2026-04-13T16:43:38.839247Z","final-24h-tenant","575d7bad584bd0ebbabd4c78c3a1672d3f211a34b1e8eaf0b4c872d35a444b5b","codex","87bdda965d80a4ae93d545a77e1eb218d8ea0f598b30c26c096d54ea156d05f2","f8e1f4092a06d969a4f8d24fbf1517a59d4f9d51ea4142123bfbcaf38e20fb2e","continuation","False","121","65","56","0.463","4","4","16","12"
"2026-04-13T16:44:09.243191Z","final-24h-tenant","575d7bad584bd0ebbabd4c78c3a1672d3f211a34b1e8eaf0b4c872d35a444b5b","codex","8386690be3676385719f08c90cdc87fd5804b7ec78321fb43fdbfdadc3f3b5b1","5a77753ae81c554c4372a5d800e39e359ac10441cdf880c8cee3b56b30946318","continuation","False","121","65","56","0.463","4","4","16","12"
"2026-04-13T16:44:39.661833Z","final-24h-tenant","575d7bad584bd0ebbabd4c78c3a1672d3f211a34b1e8eaf0b4c872d35a444b5b","codex","04bced021ae3267921cf4dee2fbb910afc990c3302730dd69814fc7cc88614b2","dd6ddc8898f65c0366ec4b14bec957143d77b866a8088ff786f6eac74d6405d4","continuation","False","121","65","56","0.463","4","4","16","12"
"2026-04-13T16:45:10.087920Z","final-24h-tenant","575d7bad584bd0ebbabd4c78c3a1672d3f211a34b1e8eaf0b4c872d35a444b5b","codex","2719639511ce5065c3cbd02bc5e442d2b797646447aaff0b193220e3c4cbc9fb","d00c258d00b6a0d98b8b9c23c74844f1ec8c774f7dcd8c58b845499978a7dfa5","continuation","False","121","65","56","0.463","4","4","16","12"
"2026-04-13T16:45:40.506152Z","final-24h-tenant","575d7bad584bd0ebbabd4c78c3a1672d3f211a34b1e8eaf0b4c872d35a444b5b","codex","0e479c3baa6cbc16ded2581a70452802d5b6406f82271eae5fbec3b99f12d1ea","2d64c915b1e45fec03d8fbc9af8e1e8c8fad568c3c6b53706dc851c040fca0f7","continuation","False","121","65","56","0.463","4","4","16","12"
"2026-04-13T16:46:10.928124Z","final-24h-tenant","575d7bad584bd0ebbabd4c78c3a1672d3f211a34b1e8eaf0b4c872d35a444b5b","codex","418d155a1753b87e056e96a17ed817c3b8b315152af2a01a9bd06c0ddf11d281","7e2a202606080a4d204c24b7abd0d01ee6d23549c971168b622583f1ff225c5d","continuation","False","121","65","56","0.463","4","4","16","12"
"2026-04-13T16:46:41.344207Z","final-24h-tenant","575d7bad584bd0ebbabd4c78c3a1672d3f211a34b1e8eaf0b4c872d35a444b5b","codex","468bd5c46eab1e4a91e4460ab59a5eb20cdab0d7fd32f030082e3f3562118cf9","7872db7fa3deb6463e6f75104b9e27dd9317681364d4e5d6c67436d6d2e98077","continuation","False","121","65","56","0.463","4","4","16","12"
"2026-04-13T16:47:11.783931Z","final-24h-tenant","575d7bad584bd0ebbabd4c78c3a1672d3f211a34b1e8eaf0b4c872d35a444b5b","codex","fea735bbef6dc610807a3858532e0fc4f160a36b6d357d30a1787f696308e76c","1ca7ef9e0dfbe6fa25148957519176fd8aed1f4af2c6c41181bcf4f907124da2","continuation","False","121","65","56","0.463","4","4","16","12"
"2026-04-13T16:47:42.229833Z","final-24h-tenant","575d7bad584bd0ebbabd4c78c3a1672d3f211a34b1e8eaf0b4c872d35a444b5b","codex","d8688396afd696a59aec4889b269be73754b8c5839867bd77609755aeb376fc0","8d9f500e9ae8cdd1f88d28b9d14336fff96ecf308dc6af03e4502b54decd6892","continuation","False","121","65","56","0.463","4","4","16","12"
"2026-04-13T16:48:12.679229Z","final-24h-tenant","575d7bad584bd0ebbabd4c78c3a1672d3f211a34b1e8eaf0b4c872d35a444b5b","codex","83683cee0074b2162c2c7555034a774dc330ad78a23518d8b2de359108ad6759","e16fe3bd8f84a6be368a1112e2188e9a5b65318a9e5129ca271d7aed1e3b9bfe","continuation","False","121","65","56","0.463","4","4","16","12"
"2026-04-13T16:48:43.105195Z","final-24h-tenant","575d7bad584bd0ebbabd4c78c3a1672d3f211a34b1e8eaf0b4c872d35a444b5b","codex","4127fadfff8b15bb2c2cce233eb4897e45593cd840efbca40164f833fa2c1f21","59470323edd9251d8ec54e93a0baa88ca19d9856d30026e3442a0406f6336a2f","continuation","False","121","65","56","0.463","4","4","16","12"
"2026-04-13T16:49:13.520544Z","final-24h-tenant","575d7bad584bd0ebbabd4c78c3a1672d3f211a34b1e8eaf0b4c872d35a444b5b","codex","c521f8a34ae85c9a37d141ed17fa780fee6e5d71d4ef93fcfd55a793cc7dcb39","cfacb0dba60532027307e94db1a1015afbc8dc34d09994778b6be65b700d51bb","continuation","False","121","65","56","0.463","4","4","16","12"
"2026-04-13T16:49:43.934093Z","final-24h-tenant","575d7bad584bd0ebbabd4c78c3a1672d3f211a34b1e8eaf0b4c872d35a444b5b","codex","3a89238dd7536c68fad1f7b8287e3b89a749d6e03c92ea9083f68a41c4a14d29","6d98ac67452e5a651efb39927ecb7f51c662a0115e029173952de2c185f04c2a","continuation","False","121","65","56","0.463","4","4","16","12"
"2026-04-13T16:50:14.346107Z","final-24h-tenant","575d7bad584bd0ebbabd4c78c3a1672d3f211a34b1e8eaf0b4c872d35a444b5b","codex","9c6a85d58cb6d5a2620bffa30872f270aa3646538d05c659d93ea0da31f8659c","de912f87dd88328b4d7f12abe0fbfc3a65da0b6e571779a454c521548a274699","continuation","False","121","65","56","0.463","4","4","16","12"
"2026-04-13T16:50:44.754235Z","final-24h-tenant","575d7bad584bd0ebbabd4c78c3a1672d3f211a34b1e8eaf0b4c872d35a444b5b","codex","3ff5c6082e4885dbb9b2720c92ded3961ec660f3fdbc730f1d819bc42d01670a","32d9265ba990ec209afc79c04298926ec3f408cf57a14a67edd800cf56718b7b","continuation","False","121","65","56","0.463","4","4","16","12"
"2026-04-13T16:51:15.177383Z","final-24h-tenant","575d7bad584bd0ebbabd4c78c3a1672d3f211a34b1e8eaf0b4c872d35a444b5b","codex","18943ee327ccef05756098357a111a748aa01d7774749c527103efecf41c0746","5057e875eee4c8c3078ee29d87aab793091d900e5d794768a860757786dba4c8","continuation","False","121","65","56","0.463","4","4","16","12"
"2026-04-13T16:51:45.597383Z","final-24h-tenant","575d7bad584bd0ebbabd4c78c3a1672d3f211a34b1e8eaf0b4c872d35a444b5b","codex","bf4abe34dd13032fd373233f3eb1ec4bc457665be3b7470c9045ba2b179b5452","f71dbfad663d93ab92da23154c5de7ddda44c52d3d6640dc36f6ca1a1924d0e6","continuation","False","121","65","56","0.463","4","4","16","12"
"2026-04-13T16:52:16.004441Z","final-24h-tenant","575d7bad584bd0ebbabd4c78c3a1672d3f211a34b1e8eaf0b4c872d35a444b5b","codex","176ed86beaed39133202cbbfc173670452ae5e21a0a8dbb3e36818339f2e6ec4","814b547ea05cd966800104a58fafc9b89b83f14f9abae8b352a79d1106457e78","continuation","False","121","65","56","0.463","4","4","16","12"
"2026-04-13T16:52:46.441148Z","final-24h-tenant","575d7bad584bd0ebbabd4c78c3a1672d3f211a34b1e8eaf0b4c872d35a444b5b","codex","91bcc16b6e4955134c194542c00fcf7db0365bf60187e19c3ede22afa47df3f4","542ef92408b357a7cee150b6281295f5e3a6987ff3e2c78304378752beb35689","continuation","False","121","65","56","0.463","4","4","16","12"
"2026-04-13T16:53:16.877264Z","final-24h-tenant","575d7bad584bd0ebbabd4c78c3a1672d3f211a34b1e8eaf0b4c872d35a444b5b","codex","510a3aebec9c20856991e14b69b5d4db7e8eff2f546e158457215b7e297e0f3e","a3c0c0cc29027a87d96b598fb8d03b8eca38b7b920bf8cead5eb1ae0897483ce","continuation","False","121","65","56","0.463","4","4","16","12"
"2026-04-13T16:53:47.299617Z","final-24h-tenant","575d7bad584bd0ebbabd4c78c3a1672d3f211a34b1e8eaf0b4c872d35a444b5b","codex","a9dbf93f9276e47c4a39f1ba3f3e772c73e636c704360bd150d9eb158dd91979","16fef03f8d6bca7e86d5bcb356fed8b3ef4f5c07371355d5eeb9b4503926d9b0","continuation","False","121","65","56","0.463","4","4","16","12"
"2026-04-13T16:54:17.715776Z","final-24h-tenant","575d7bad584bd0ebbabd4c78c3a1672d3f211a34b1e8eaf0b4c872d35a444b5b","codex","f42ed230df0ce5b39e312b7560bc893c861036568e64fb83516d2e5079960e64","6c49c4376c337b2249e5b764daade32a8dd2e3a571eb5478da3433ed5898862f","continuation","False","121","65","56","0.463","4","4","16","12"
"2026-04-13T16:54:48.127601Z","final-24h-tenant","575d7bad584bd0ebbabd4c78c3a1672d3f211a34b1e8eaf0b4c872d35a444b5b","codex","bd56b9c0d4bc21a50025f0ced3070219cb87e9a0a4eccacf18eaea46380385d1","daf8573e0653939a9db0781246fa99776abbd53f65e7a6c0d3ce9bfa8b4b039d","continuation","False","121","65","56","0.463","4","4","16","12"
"2026-04-13T16:55:18.570318Z","final-24h-tenant","575d7bad584bd0ebbabd4c78c3a1672d3f211a34b1e8eaf0b4c872d35a444b5b","codex","fd89c56044a95d2addd848e7d8ded3fcf7260cc42b6aa2ea4eaa8fa573c7f77e","2c934b98d33d0fc68a0d3e4e1144aa69d28e3b21adb01bd44e66395693bd9ba2","continuation","False","121","65","56","0.463","4","4","16","12"
"2026-04-13T16:55:48.983701Z","final-24h-tenant","575d7bad584bd0ebbabd4c78c3a1672d3f211a34b1e8eaf0b4c872d35a444b5b","codex","ad56da3b280c59ee59441e41c0935761353e5c3d84d92aed86cc31a19011b54e","1a4b8146f248cfef899bf4bdb747cd8df9634ced2d2b4af9e225bb16798f51ff","continuation","False","121","65","56","0.463","4","4","16","12"
"2026-04-13T16:56:19.408722Z","final-24h-tenant","575d7bad584bd0ebbabd4c78c3a1672d3f211a34b1e8eaf0b4c872d35a444b5b","codex","02351759be16784124be8c8401accb51b7007f9815caf89eb6955301ed4bc62c","a9b10c4e38983c8c400d14e0a51061483d704725139a719f1e4e20b061fdbe26","continuation","False","121","65","56","0.463","4","4","16","12"
"2026-04-13T16:56:49.851757Z","final-24h-tenant","575d7bad584bd0ebbabd4c78c3a1672d3f211a34b1e8eaf0b4c872d35a444b5b","codex","a1d8f4f77c9ebd84988fd70b58f0d4fad100dd10f91f501b98270970c5cbd29a","fb05047a7e11dc9455c3d6f8d69c2eea4435790fdce94dc147ef0af22217483e","continuation","False","121","65","56","0.463","4","4","16","12"
"2026-04-13T16:57:20.289800Z","final-24h-tenant","575d7bad584bd0ebbabd4c78c3a1672d3f211a34b1e8eaf0b4c872d35a444b5b","codex","f24bc0f84c1f83df0295fc23444e6847c6b72a0c5b9376b98770dcab778d2cbd","e6fb26c86b669c44a60b3feda6b8b467421fcfab608fe1b203fade694455655f","continuation","False","121","65","56","0.463","4","4","16","12"
"2026-04-13T16:57:50.720604Z","final-24h-tenant","575d7bad584bd0ebbabd4c78c3a1672d3f211a34b1e8eaf0b4c872d35a444b5b","codex","d6ec47f044ff472290d6faf5f3e744334b74464f44987a0c0659c29f8b96b045","1d5d0e6360486d25b5a3017f96f5ff23a89f08be7c25fb03440abb1482de0c94","continuation","False","121","65","56","0.463","4","4","16","12"
"2026-04-13T16:58:21.133771Z","final-24h-tenant","575d7bad584bd0ebbabd4c78c3a1672d3f211a34b1e8eaf0b4c872d35a444b5b","codex","488c2855e0e63519100f63e9b78f2c14312cd7394b69b9fee00b31f1149bfe9b","97ba723ffbe52c747edbfdfa6c55470d4b365b14fb154786a4076de933fb44f0","continuation","False","121","65","56","0.463","4","4","16","12"
"2026-04-13T16:58:51.617624Z","final-24h-tenant","575d7bad584bd0ebbabd4c78c3a1672d3f211a34b1e8eaf0b4c872d35a444b5b","codex","5d62003a9efb4943586fa7d659a94934f2b2fa630fb8568deb926e9b7fb745e9","c256acdaa4d35c04df94e364e0c66ec7ab46e0096c21506cfcdc3cbc83bf694c","continuation","False","121","65","56","0.463","4","4","16","12"
"2026-04-13T16:59:22.093466Z","final-24h-tenant","575d7bad584bd0ebbabd4c78c3a1672d3f211a34b1e8eaf0b4c872d35a444b5b","codex","16881d36b6412881b671d619ae68e50c4367c7822faf0970b29e8834f569b3c7","e11b04c95e7fbdfc7443df2074e0827744fc416a0ccda89a912973ae42c27ca6","continuation","False","121","65","56","0.463","4","4","16","12"
"2026-04-13T16:59:52.545674Z","final-24h-tenant","575d7bad584bd0ebbabd4c78c3a1672d3f211a34b1e8eaf0b4c872d35a444b5b","codex","d92731db450fd0551e28416e6217f5a31b1939bd94e0f5ffb763daa03a8c4a0f","3861245837709ff94582609194e4d89984fc80a1ac92a40b170a8eb1c8539d1c","continuation","False","121","65","56","0.463","4","4","16","12"
"2026-04-13T17:00:22.976882Z","final-24h-tenant","575d7bad584bd0ebbabd4c78c3a1672d3f211a34b1e8eaf0b4c872d35a444b5b","codex","1ce9c6ad306c17b4d6dc52767ae640421062bdb644f8cc7678dcca9549f9be23","5755d3597a83cb03633155041a04c4aea4fd439485ef046bc5efbdef759669b9","continuation","False","121","65","56","0.463","4","4","16","12"
"2026-04-13T17:00:53.405585Z","final-24h-tenant","575d7bad584bd0ebbabd4c78c3a1672d3f211a34b1e8eaf0b4c872d35a444b5b","codex","f4e8619ad5e0e5ca05411d7b6d81813484fc12e573ef68f8696c6109a697b180","148fcbfea6cb7f124f7c2de110abed13aa926c6fd8df200be9d6d609ee1a100d","continuation","False","121","65","56","0.463","4","4","16","12"
"2026-04-13T17:01:23.844738Z","final-24h-tenant","575d7bad584bd0ebbabd4c78c3a1672d3f211a34b1e8eaf0b4c872d35a444b5b","codex","ad38bcfd03d6c2fd16223176c7e8c7f9ead3e6ed4589de08e71e3184e3e35097","c76708bcbf557aaab20f26c39c4b496654c3389c65a615ff3fb90770ca3686b8","continuation","False","121","65","56","0.463","4","4","16","12"
"2026-04-13T17:01:54.279762Z","final-24h-tenant","575d7bad584bd0ebbabd4c78c3a1672d3f211a34b1e8eaf0b4c872d35a444b5b","codex","853c7fd6d25936be4d78739fdbc3546c2f77b99991db6cb166c68d3d2e6880d7","f88c52cb82cae8621cbb1f4c596b2b4665475bd0a35f41df84763a7cec1f9554","continuation","False","121","65","56","0.463","4","4","16","12"
"2026-04-13T17:02:24.740989Z","final-24h-tenant","575d7bad584bd0ebbabd4c78c3a1672d3f211a34b1e8eaf0b4c872d35a444b5b","codex","b9f3bce1d44cc02b29d96537087f03c8791f3c340cad25ef9c21c5d5468925c4","3210dc5a640768c5f9cfee8917729f3d88f2799b2d9fe14c8b9f1e0f86b1720d","continuation","False","121","65","56","0.463","4","4","16","12"
"2026-04-13T17:02:55.196627Z","final-24h-tenant","575d7bad584bd0ebbabd4c78c3a1672d3f211a34b1e8eaf0b4c872d35a444b5b","codex","7cbc421aae65079ff597049ca8e93f90220944ed468c53a1a0ceb68ff053a30a","9d523fc058e9a56a4ca0fa13811536d9136138fd882eaf8caa9e87f3d71c4ea6","continuation","False","121","65","56","0.463","4","4","16","12"
"2026-04-13T17:03:25.634810Z","final-24h-tenant","575d7bad584bd0ebbabd4c78c3a1672d3f211a34b1e8eaf0b4c872d35a444b5b","codex","d73d6c8b147a1b2ae188ea43c9bbd08ac72222083e6187832ff933b2c2f36a70","82a60f38c9cbaaa37c27a45259b2ab666a191d93f5b2c707fc5453aa8db76e45","continuation","False","121","65","56","0.463","4","4","16","12"
"2026-04-13T17:03:56.078870Z","final-24h-tenant","575d7bad584bd0ebbabd4c78c3a1672d3f211a34b1e8eaf0b4c872d35a444b5b","codex","69afb946fd28a8d7d9d68d3b38b3c545bb1171b6b11123397f7d776171dbe69e","3170cbb90cc104e409f3ef4aa9fe7c896e008429136ee1780c2281369971895c","continuation","False","121","65","56","0.463","4","4","16","12"
"2026-04-13T17:04:26.514102Z","final-24h-tenant","575d7bad584bd0ebbabd4c78c3a1672d3f211a34b1e8eaf0b4c872d35a444b5b","codex","8de7dc3091284f96b2b03f1e242bfa4ba35560be4c8ad26baf9d9dd17d6800a0","97ae0ddd9df611df1863aa4539f6f2c68646ad3d7ebded5479d90289aacd2aa7","continuation","False","121","65","56","0.463","4","4","16","12"
"2026-04-13T17:04:56.941009Z","final-24h-tenant","575d7bad584bd0ebbabd4c78c3a1672d3f211a34b1e8eaf0b4c872d35a444b5b","codex","378bc7bc49d237374c2a2992e143eab1cd96deed83ded864e8fd75c452a900ca","f33a6211d1f410632cce9fe39a244bb8845266b47684c8f2458cd1853d796da9","continuation","False","121","65","56","0.463","4","4","16","12"
"2026-04-13T17:05:27.361073Z","final-24h-tenant","575d7bad584bd0ebbabd4c78c3a1672d3f211a34b1e8eaf0b4c872d35a444b5b","codex","3f3e5c0e4f6710d493a644ea4331ee7e33a5d6e134dfdfc17133f9298c9c344f","1d5799047bff66f633fc61cc15ed112d9bcd52c412f51eac4a7d284d15ffe380","continuation","False","121","65","56","0.463","4","4","16","12"
"2026-04-13T17:05:57.800845Z","final-24h-tenant","575d7bad584bd0ebbabd4c78c3a1672d3f211a34b1e8eaf0b4c872d35a444b5b","codex","8c4b08919eaf3abe252cef6657cff87b0fa7bdba1f00f6a43e84d9449f57277e","75a6d14dae7736f49b565ff8c84df3d080ade200246754303e24c9c7b1aa1f7d","continuation","False","121","65","56","0.463","4","4","16","12"
"2026-04-13T17:06:28.262924Z","final-24h-tenant","575d7bad584bd0ebbabd4c78c3a1672d3f211a34b1e8eaf0b4c872d35a444b5b","codex","40ba761c4cafacec402b74ac971804ca985e506427973893af1bf1d1084c93ac","df2f1c8eb6a459bece8c91ed19c73b915cac82898e77209a2d1b3c007ec25a35","continuation","False","121","65","56","0.463","4","4","16","12"
"2026-04-13T17:06:58.719211Z","final-24h-tenant","575d7bad584bd0ebbabd4c78c3a1672d3f211a34b1e8eaf0b4c872d35a444b5b","codex","63fe96e281b17c179a170f75d096ba2693de5e76a05bbc8740181e0aefc27c0a","fa1b357f5c85995ee859916581d253898b9e08fcfeb43bebd1004e2a379dca1d","continuation","False","121","65","56","0.463","4","4","16","12"
"2026-04-13T17:07:29.167720Z","final-24h-tenant","575d7bad584bd0ebbabd4c78c3a1672d3f211a34b1e8eaf0b4c872d35a444b5b","codex","61a558f7e5a0d0d11ec9782d4c466c8f9cbaf802574852176b88e7e5184fd3e6","f195538c140e9327577adb5ff40101e1cbd1307e2376ea50adec10132aaca526","continuation","False","121","65","56","0.463","4","4","16","12"
"2026-04-13T17:07:59.620493Z","final-24h-tenant","575d7bad584bd0ebbabd4c78c3a1672d3f211a34b1e8eaf0b4c872d35a444b5b","codex","5898c795a2f12e87b84669411dee174749a6d8b72bc9fc6d08cca2d9607360db","57d39eb5ea0e6a6f5278b7cef6454c4f2da81b812c1e01422121abf968f955bf","continuation","False","121","65","56","0.463","4","4","16","12"
"2026-04-13T17:08:30.018199Z","final-24h-tenant","575d7bad584bd0ebbabd4c78c3a1672d3f211a34b1e8eaf0b4c872d35a444b5b","codex","c5e856c6ceaddbf9be600498315fa5bec1e2f18001ffbc77c4bc04ba1406d60a","3df58f4b1850018eff2ff8e7f64d159d2c9ffaac5e5ff10c2de53bc9047b374c","continuation","False","121","65","56","0.463","4","4","16","12"
"2026-04-13T17:09:00.456263Z","final-24h-tenant","575d7bad584bd0ebbabd4c78c3a1672d3f211a34b1e8eaf0b4c872d35a444b5b","codex","abcb992f16d6bfe2f3227156c6809b25bf548105c7a831c2c8df3b5315aa4e80","f7ee1693a6a69af14ada4348ccb12f775f41683b8ba9324f5f776bb74fca4b93","continuation","False","121","65","56","0.463","4","4","16","12"
"2026-04-13T17:09:30.893937Z","final-24h-tenant","575d7bad584bd0ebbabd4c78c3a1672d3f211a34b1e8eaf0b4c872d35a444b5b","codex","43cbb6db4cba1de8c4a71bb357b0b308f87d5c7778e99e62adb41b24ef43b89e","566fb740c0cb05342d6079b306b021d630de175aae4650d39a35744881c14d8e","continuation","False","121","65","56","0.463","4","4","16","12"
"2026-04-13T17:10:01.356577Z","final-24h-tenant","575d7bad584bd0ebbabd4c78c3a1672d3f211a34b1e8eaf0b4c872d35a444b5b","codex","9aefbb8420a8bbde90f02fb054d5e9a4bd1654e65cca9d8c66886baa6cba847f","70fef19fb9eb01f8c8d9b1386015286f1beb714cf86334546daff523d6522d82","continuation","False","121","65","56","0.463","4","4","16","12"
"2026-04-13T17:10:31.793995Z","final-24h-tenant","575d7bad584bd0ebbabd4c78c3a1672d3f211a34b1e8eaf0b4c872d35a444b5b","codex","57deec0c1222a8687d340b21bf95d09cd2f82da4cb56a8421db9a3fe46eb7986","760d1d5a44b6bb6488e474462c94bcd2515531f25cf8ebde998d0a78e8e2ecef","continuation","False","121","65","56","0.463","4","4","16","12"
"2026-04-13T17:11:02.226147Z","final-24h-tenant","575d7bad584bd0ebbabd4c78c3a1672d3f211a34b1e8eaf0b4c872d35a444b5b","codex","f6c6cc379d6d90b7185c3e525b931f1de9f432e5d0f5a0121916dfc39ca5c498","3bb93a170b7337f6c314b19a32cb27664c3efdc882ee0f81238bb3dc7129f4c6","continuation","False","121","65","56","0.463","4","4","16","12"
"2026-04-13T17:11:32.690201Z","final-24h-tenant","575d7bad584bd0ebbabd4c78c3a1672d3f211a34b1e8eaf0b4c872d35a444b5b","codex","4b73de618aad64c156de7b765fd5e5ff0e0a0744b789aecc5fab996e8f3e90bd","2c78e3580af0a3dac23422037b2291ac5f3c9e9361f8e64dc06bb55c7fe4e9ec","continuation","False","121","65","56","0.463","4","4","16","12"
"2026-04-13T17:12:03.155255Z","final-24h-tenant","575d7bad584bd0ebbabd4c78c3a1672d3f211a34b1e8eaf0b4c872d35a444b5b","codex","5f2844997c8740e701125c17ddd38504f3bd27c9891c6f360dd5b509d2ba98ba","ead164cc1da684e429a266753a58d64f67c080512955295f98910ce65ce8a106","continuation","False","121","65","56","0.463","4","4","16","12"
"2026-04-13T17:12:33.609871Z","final-24h-tenant","575d7bad584bd0ebbabd4c78c3a1672d3f211a34b1e8eaf0b4c872d35a444b5b","codex","ce2a464035476adbf093b4b95251f1478966a228782ccfba88084224f75c4b82","9213475c937d492304d1c38a6ed44d57fb51413ac71ca2655bbcaed1bc8ebd90","continuation","False","121","65","56","0.463","4","4","16","12"
"2026-04-13T17:13:04.042307Z","final-24h-tenant","575d7bad584bd0ebbabd4c78c3a1672d3f211a34b1e8eaf0b4c872d35a444b5b","codex","6f0e2718a8d1665b38b66fd5450b78dd404f340fb865dd08012a92aae07e95f3","f8bb2a7952630154f81119c371d4a3e679fb7e5f1743f1f82a04f9abdc6840fc","continuation","False","121","65","56","0.463","4","4","16","12"
"2026-04-13T17:13:34.472110Z","final-24h-tenant","575d7bad584bd0ebbabd4c78c3a1672d3f211a34b1e8eaf0b4c872d35a444b5b","codex","328f112f01135aa518efd98d38a5e887cee7ec45cc3c120a1cf559472bb12eed","15ebb4112437b3bad6e361b0703058e8f5b9f5f5efd1286ad699427ffc0fae01","continuation","False","121","65","56","0.463","4","4","16","12"
"2026-04-13T17:14:04.907491Z","final-24h-tenant","575d7bad584bd0ebbabd4c78c3a1672d3f211a34b1e8eaf0b4c872d35a444b5b","codex","928478b73d72bf551d74ae2b94e4826ae3bef2cffe7b4d83203ee8354a14c9a9","b34c0efbb34ff3d5ac3af2e48125a892b1114754fb077bd3573a59fef9c24515","continuation","False","121","65","56","0.463","4","4","16","12"
"2026-04-13T17:14:35.351407Z","final-24h-tenant","575d7bad584bd0ebbabd4c78c3a1672d3f211a34b1e8eaf0b4c872d35a444b5b","codex","3fcc39064597d1d565927bbfbe3a76afcaf1363fd5e9748f1e865f161a12aafd","b1dd7374bde4e70c3322568156c1e6c589448bb7b51c943c35143b7ad150085a","continuation","False","121","65","56","0.463","4","4","16","12"
"2026-04-13T17:15:05.789967Z","final-24h-tenant","575d7bad584bd0ebbabd4c78c3a1672d3f211a34b1e8eaf0b4c872d35a444b5b","codex","60c35f9e7b1aa6c62a82e71aa395f81c648bee81f91f3539015aa5dfb86423b7","8ac626e667b97e8265f50e81d36067359a328f5e1704def0ff24036ba3817f7a","continuation","False","121","65","56","0.463","4","4","16","12"
"2026-04-13T17:15:36.243359Z","final-24h-tenant","575d7bad584bd0ebbabd4c78c3a1672d3f211a34b1e8eaf0b4c872d35a444b5b","codex","4ac61879d568f60ea9155e78a0d1f104f1a55b614ec1926de51ffa33cadb88a5","32a2f43ad7e5739e96d002aadbc94d90b55479432e139e49ce446b715744f38c","continuation","False","121","65","56","0.463","4","4","16","12"
"2026-04-13T17:16:06.672512Z","final-24h-tenant","575d7bad584bd0ebbabd4c78c3a1672d3f211a34b1e8eaf0b4c872d35a444b5b","codex","3e6b79ac6bfa204cbabd0226db027da308dca9e0058a54ceb2ed7fff18d2cacf","af76d60a8fa32e0d6d6d4650160173539a9a2d073bf79e3fa3baf531ebbc6ee6","continuation","False","121","65","56","0.463","4","4","16","12"
"2026-04-13T17:16:37.105516Z","final-24h-tenant","575d7bad584bd0ebbabd4c78c3a1672d3f211a34b1e8eaf0b4c872d35a444b5b","codex","a3ebf9b00dbe46230d324cfbf4d27957a886e2590cf4fd993c4759e473ed8e42","21e85ff1d06de40b56328d40336c4119d8de49511120f6477fd0b8bb12883aa6","continuation","False","121","65","56","0.463","4","4","16","12"
"2026-04-13T17:17:07.541276Z","final-24h-tenant","575d7bad584bd0ebbabd4c78c3a1672d3f211a34b1e8eaf0b4c872d35a444b5b","codex","b2fbee216ef3a9caeb90984a03e009a7ad0b798a44a58fbb72a050ba89f396b1","1608ee42cef0f56f5023b16425dcd72a9de3d67dbd69acad7007a0c33bac177c","continuation","False","121","65","56","0.463","4","4","16","12"
"2026-04-13T17:17:37.972950Z","final-24h-tenant","575d7bad584bd0ebbabd4c78c3a1672d3f211a34b1e8eaf0b4c872d35a444b5b","codex","9ba5c2d1719c1aef8f9e29b1c2b1f7e447f8c21ea3c789c515da961578416f22","f7389f129557aa84889325fb1fe13938ec2116721d68176ae3822c4f80402848","continuation","False","121","65","56","0.463","4","4","16","12"
"2026-04-13T17:18:08.418552Z","final-24h-tenant","575d7bad584bd0ebbabd4c78c3a1672d3f211a34b1e8eaf0b4c872d35a444b5b","codex","ba2f7cda3c18fbc6a88b9941c297378b4f7933e6fedf065e3825bd7b4608b3da","0777e32a133f7db73de44748f0350702c3dc82d892cae03b3e975dc670c901f2","continuation","False","121","65","56","0.463","4","4","16","12"
"2026-04-13T17:18:38.861118Z","final-24h-tenant","575d7bad584bd0ebbabd4c78c3a1672d3f211a34b1e8eaf0b4c872d35a444b5b","codex","7552ac40e998323bb46331739f49966e1049ac9cea0fdd0e6aec1bcf1195a3bb","8f8cd5ba9d7f1d6af75dca051d4b76e4c7e5780cf73c359d5ec015b9f5b64a6f","continuation","False","121","65","56","0.463","4","4","16","12"
"2026-04-13T17:19:09.292624Z","final-24h-tenant","575d7bad584bd0ebbabd4c78c3a1672d3f211a34b1e8eaf0b4c872d35a444b5b","codex","5d05c9e2640554b1bf22972e3c8de256b61a9676ae1e12e553e29e188c231b79","fb0703ca257e48313052200f83bbf5f395512333f128b1f57f4e1b5e5af8dc7c","continuation","False","121","65","56","0.463","4","4","16","12"
"2026-04-13T17:19:39.730342Z","final-24h-tenant","575d7bad584bd0ebbabd4c78c3a1672d3f211a34b1e8eaf0b4c872d35a444b5b","codex","edc44d5c27cf52f13ad74b13daa6600c92d77ca5450d1addaffced141e9e4285","359f86fa8b0e5c82188dba0414579908d91026750be805d31afbf2a3c34c45e9","continuation","False","121","65","56","0.463","4","4","16","12"
"2026-04-13T17:20:10.188731Z","final-24h-tenant","575d7bad584bd0ebbabd4c78c3a1672d3f211a34b1e8eaf0b4c872d35a444b5b","codex","3f0d1d7ee898864d81a71c2bfa085e970418fa8a2c1aa17fb6782f17a49d2879","39337ddb484d0d2bd49a8a7ba65a2cf1c4549c23f74bb8211a28841ed69bd47b","continuation","False","121","65","56","0.463","4","4","16","12"
"2026-04-13T17:20:22.129702Z","debug-tenant","575d7bad584bd0ebbabd4c78c3a1672d3f211a34b1e8eaf0b4c872d35a444b5b","codex","751ddbd1c3a04817f73e88af9e56dd38444a35a2583ce74df462b38faa9309d3","0b7e9f2b7e87e1d7f89c3cb107bbfabed14b846e2ac21d3bc6f730219dd0bab5","continuation","False","121","65","56","0.463","4","4","16","12"
"2026-04-13T17:20:41.728673Z","final-24h-tenant","575d7bad584bd0ebbabd4c78c3a1672d3f211a34b1e8eaf0b4c872d35a444b5b","codex","8b540cbf57dace395086654d7bf2316870f063f31e9f5b6bc500cc92c48999b0","fc4126a7cd7e2ccd791664ea10e89dd7a93562fb8505d574a8d5bd2ccc4646ac","continuation","False","121","65","56","0.463","4","4","16","12"
"2026-04-13T17:20:54.821238Z","debug-tenant","575d7bad584bd0ebbabd4c78c3a1672d3f211a34b1e8eaf0b4c872d35a444b5b","codex","f76916cb9c9bb82d8f7616a84d100ef6894600413e7d67eb0ba192c3f8ca02d8","3d5a3f29833b456cbf0c6eee42bc94b1d43ae7b008be2ccbf404b22cd51c3fc5","decision","False","121","65","56","0.463","4","4","16","12"
"2026-04-13T17:21:12.228212Z","final-24h-tenant","575d7bad584bd0ebbabd4c78c3a1672d3f211a34b1e8eaf0b4c872d35a444b5b","codex","836a46b5815cb1d72354a17eca3bbea9145aefc096025b6eb741a41e43cbe4ee","5420e874d4c7907aecc291b4d81183e21764fae7e6e5c8261a12731b2bab81a5","continuation","False","121","65","56","0.463","4","4","16","12"
"2026-04-13T17:24:11.921965Z","final-24h-tenant","575d7bad584bd0ebbabd4c78c3a1672d3f211a34b1e8eaf0b4c872d35a444b5b","codex","5ddd3224dbe01ef85b8095fd98b30e3b8a04bb0e24a4beb1502a46c4ae049035","a93160c7979d1e501c0c7c50be0d38aa5f2edffa8f150f5140c9d6b52e2dc98a","continuation","False","121","65","56","0.463","4","4","16","12"
"2026-04-13T17:24:38.747811Z","debug-tenant","575d7bad584bd0ebbabd4c78c3a1672d3f211a34b1e8eaf0b4c872d35a444b5b","codex","ca14cd329769ffc1dd9a231337fe9870eec54a9d86b7104818a05e7150d8b3b5","cca73cd91adaeaacc59e96a9cb5b206e21b8f0d914d9aaa7946f582ee5bef199","continuation","False","121","65","56","0.463","4","4","16","12"
"2026-04-13T17:24:42.362897Z","final-24h-tenant","575d7bad584bd0ebbabd4c78c3a1672d3f211a34b1e8eaf0b4c872d35a444b5b","codex","4f084ba23941f8027d8ebffe0b4774efa0768fab0aa3fc06efa6d9538056b5a6","5deb247698425b99e4e9e99965bcb1a64d92f1a4a7b04f4dc8a070cd8655b3b7","continuation","False","121","65","56","0.463","4","4","16","12"
"2026-04-13T17:24:44.895737Z","openclaw","575d7bad584bd0ebbabd4c78c3a1672d3f211a34b1e8eaf0b4c872d35a444b5b","claude-code","9bd62c4dda0d69a697abe2bdb9633983368dfcf3bb22085e7f0fa0398c38b05a","bf09bd9f40a1a448970249b2eea7b9c8cf4245ed462837d391d678395164f5d4","continuation","False","113","133","0","0","8","8","16","8"
"2026-04-13T17:25:12.801914Z","final-24h-tenant","575d7bad584bd0ebbabd4c78c3a1672d3f211a34b1e8eaf0b4c872d35a444b5b","codex","5e847a9e7eee45daac93cb4ca95eb5382c54712674898d64a5b5a809fbc54a87","40012468ea193c2d14a6afeab2e9c400cf33dcd862fe214c53dee4fe061e4294","continuation","False","121","65","56","0.463","4","4","16","12"
"2026-04-13T17:25:43.232049Z","final-24h-tenant","575d7bad584bd0ebbabd4c78c3a1672d3f211a34b1e8eaf0b4c872d35a444b5b","codex","c37c29063a05b6386969a45026b7308d3682dce576ff0f2396f4b3c1e7313bc1","b6b6ce2971510c834e64184c5041a92046ec7c5436168a159b1fbb1cb153e32b","continuation","False","121","65","56","0.463","4","4","16","12"
"2026-04-13T17:26:13.668392Z","final-24h-tenant","575d7bad584bd0ebbabd4c78c3a1672d3f211a34b1e8eaf0b4c872d35a444b5b","codex","d149623e7c3bc6b2f2f756de9de42fcb840aa84ebd4d176461ffadf88f8b744a","c50ee37a4a3bfd73820d9608973b235321b9ff3b664cde175f72ccbe0d1429d4","continuation","False","121","65","56","0.463","4","4","16","12"
"2026-04-13T17:26:44.151249Z","final-24h-tenant","575d7bad584bd0ebbabd4c78c3a1672d3f211a34b1e8eaf0b4c872d35a444b5b","codex","ebc803ddc98a94e6506ceb1afaec90a4eba66b03949a78be69db154fd9b5c1eb","591fa32e7043f433bcb0d9133f285f9e249ff45bafd8e24fa28608f1aa8ca851","continuation","False","121","65","56","0.463","4","4","16","12"
"2026-04-13T17:27:14.619007Z","final-24h-tenant","575d7bad584bd0ebbabd4c78c3a1672d3f211a34b1e8eaf0b4c872d35a444b5b","codex","bcb003412d3dfc469b95a50776540ce8feed879e1f4aaf2d7739ed04d01b39a9","8b9e4e745efc5a45641ee43b2c12c161c87e94f2f1ee08c623f69c3adc8c128e","continuation","False","121","65","56","0.463","4","4","16","12"
"2026-04-13T17:27:45.069623Z","final-24h-tenant","575d7bad584bd0ebbabd4c78c3a1672d3f211a34b1e8eaf0b4c872d35a444b5b","codex","43af6fb98b6f0069498e049a0b3ac29974e3f69a5744673785498147d1c29f9c","d8283153ab67b816efeeaa35794d783e23d5e7c0fa8ba19e0dc607775f60daa3","continuation","False","121","65","56","0.463","4","4","16","12"
"2026-04-13T17:28:15.526972Z","final-24h-tenant","575d7bad584bd0ebbabd4c78c3a1672d3f211a34b1e8eaf0b4c872d35a444b5b","codex","574f31a1c658bfdad8c47a7df5b502e2809edbef3cabc7c291406ba5b5735b83","ff3dc9dbd83370b72681e75d83332b1f2387f2142ef7df42d4ddab438c8353cd","continuation","False","121","65","56","0.463","4","4","16","12"
"2026-04-13T17:28:45.974895Z","final-24h-tenant","575d7bad584bd0ebbabd4c78c3a1672d3f211a34b1e8eaf0b4c872d35a444b5b","codex","7848fc5f71df1dd5fd2e439bc71726ab942b74b427dd2259a063eef8d61716c7","019a9580e414014233c6c2cf7a7a233d92b34708f202ca9be70254e2f16256d6","continuation","False","121","65","56","0.463","4","4","16","12"
"2026-04-13T17:29:16.441048Z","final-24h-tenant","575d7bad584bd0ebbabd4c78c3a1672d3f211a34b1e8eaf0b4c872d35a444b5b","codex","7812c0f92d69e4d793bf545b91c862c091d6a3a38c178642e026fe8984e43f2e","dd18e306bf1606f44ff93733e21a88728ddb83acc443072419221e84e9c19883","continuation","False","121","65","56","0.463","4","4","16","12"
"2026-04-13T17:29:46.925812Z","final-24h-tenant","575d7bad584bd0ebbabd4c78c3a1672d3f211a34b1e8eaf0b4c872d35a444b5b","codex","14c48121cbf9789ad49dcde705de42ae31822f4585a4ab96d9cc203df6285c0a","988cc3f4a20f286edfe72d79d96f6827feed122cd080f8f91439bf434952dd01","continuation","False","121","65","56","0.463","4","4","16","12"
"2026-04-13T17:30:17.387100Z","final-24h-tenant","575d7bad584bd0ebbabd4c78c3a1672d3f211a34b1e8eaf0b4c872d35a444b5b","codex","9d07e7223581a42028bfabcc6420c2d1fa89574224e7ccaa1781928860610d06","867e67b87c63bb5b16867412627059cdb1de934e4edf696c9c37da045204619b","continuation","False","121","65","56","0.463","4","4","16","12"
"2026-04-13T17:30:47.833427Z","final-24h-tenant","575d7bad584bd0ebbabd4c78c3a1672d3f211a34b1e8eaf0b4c872d35a444b5b","codex","a049c28b9c0d088723f7b9dfb095a36bc03e2d62f719bdd2dd76e443dc7d5067","89edb66b50ed981ca678a1b7f68706ecd31e162d3e82c8c77f6bdadd41de3b88","continuation","False","121","65","56","0.463","4","4","16","12"
"2026-04-13T17:31:18.390646Z","final-24h-tenant","575d7bad584bd0ebbabd4c78c3a1672d3f211a34b1e8eaf0b4c872d35a444b5b","codex","37c502a2254a118d514e99e0abff54f019cc6522ccb1e15db8221439c8c5642d","d78ff86835134ae02405af74d1a05d6818edddccfda556f0ce58ae187baeaab0","continuation","False","121","65","56","0.463","4","4","16","12"
"2026-04-13T17:31:48.854825Z","final-24h-tenant","575d7bad584bd0ebbabd4c78c3a1672d3f211a34b1e8eaf0b4c872d35a444b5b","codex","ab2fc3b6c6e18dc9e7eb62468fdefc771c3e6d4069d12c1108cca0c0b89e33c2","4586954c581f46a39e835ef51542a419b7f4ceedfdf6ebfcf7536e82b8979df9","continuation","False","121","65","56","0.463","4","4","16","12"
"2026-04-13T17:32:19.313148Z","final-24h-tenant","575d7bad584bd0ebbabd4c78c3a1672d3f211a34b1e8eaf0b4c872d35a444b5b","codex","78489f8c219ed423fafbe22de70864940869d08b38bd892dd94f3524bfe2f5d5","d2408c5c03c92f25a417792b4162015c2bbea0872265bd47ee5f6dcf77c5a598","continuation","False","121","65","56","0.463","4","4","16","12"
"2026-04-13T17:32:49.755439Z","final-24h-tenant","575d7bad584bd0ebbabd4c78c3a1672d3f211a34b1e8eaf0b4c872d35a444b5b","codex","094bba31b187513a93e34893980f8b3486dac44e468c9bab9a7fbb69b7344f98","b96f94aa3b9ea7cf6f2b45d8602e4d96ada4248ba3e9dc7fa5a64e816467aab5","continuation","False","121","65","56","0.463","4","4","16","12"
"2026-04-13T17:33:20.219022Z","final-24h-tenant","575d7bad584bd0ebbabd4c78c3a1672d3f211a34b1e8eaf0b4c872d35a444b5b","codex","a4e42204412f5357b9fa8a361f9c30ec9c0a7d535f3bff387be87fa7a257810a","9ebbd977b29e2363cc85288137e0915072064a5e78a35415beb9dd0e67e8041a","continuation","False","121","65","56","0.463","4","4","16","12"
"2026-04-13T17:33:50.674597Z","final-24h-tenant","575d7bad584bd0ebbabd4c78c3a1672d3f211a34b1e8eaf0b4c872d35a444b5b","codex","42673d6e0fe6cce39adbbb05ca2f65fe49bfa0e82c7c711861a75d4deb7e0e2e","821eb5fe89320ef68348497bbe573daeba4e281637257dd3ecea795a1798ed8d","continuation","False","121","65","56","0.463","4","4","16","12"
"2026-04-13T17:34:21.132440Z","final-24h-tenant","575d7bad584bd0ebbabd4c78c3a1672d3f211a34b1e8eaf0b4c872d35a444b5b","codex","31ce92081612fd76a7e1985036de310a90bc803380fa43056a9332f0d1c50c9e","43ef7777c571962b6b77b9741be59f1408a1cfd9292a3940ff9a8f2b3c74fcda","continuation","False","121","65","56","0.463","4","4","16","12"
"2026-04-13T17:34:51.590957Z","final-24h-tenant","575d7bad584bd0ebbabd4c78c3a1672d3f211a34b1e8eaf0b4c872d35a444b5b","codex","d2c3483c902952154834bc9eaff64b3ad14784870f4c3a962f55e3d7db39a51a","30f093e066f281c2b9dcca60e7b7772ee5e30fc42810d42895fdebd499d64433","continuation","False","121","65","56","0.463","4","4","16","12"
"2026-04-13T17:35:22.059421Z","final-24h-tenant","575d7bad584bd0ebbabd4c78c3a1672d3f211a34b1e8eaf0b4c872d35a444b5b","codex","7ad44f8f6096c9176b94bdac811151a9dd1d5dc92a0ab939dd4df33d1ecac649","aa03b4558862388da132f859a43c4e24f4dea923048d4cc262184d095df2282d","continuation","False","121","65","56","0.463","4","4","16","12"
"2026-04-13T17:35:52.505722Z","final-24h-tenant","575d7bad584bd0ebbabd4c78c3a1672d3f211a34b1e8eaf0b4c872d35a444b5b","codex","f716972eaab26ef1b19d2db143fe7df4eebbc490729aebb61befb8bb6c4c7d55","4dedbca07ae9c81cd33390848857910edc241b5822b45f74fcaeee0671a3acb6","continuation","False","121","65","56","0.463","4","4","16","12"
"2026-04-13T17:36:22.951104Z","final-24h-tenant","575d7bad584bd0ebbabd4c78c3a1672d3f211a34b1e8eaf0b4c872d35a444b5b","codex","b250bdd09895f4314bf3ee708708a6b5624eaf192af8248570d0feba10ad2332","6fef012dd707c17753c0fad304bb861204da21d513f2da5f1e58b5a8dc3d0f0f","continuation","False","121","65","56","0.463","4","4","16","12"
"2026-04-13T17:36:54.746843Z","final-24h-tenant","575d7bad584bd0ebbabd4c78c3a1672d3f211a34b1e8eaf0b4c872d35a444b5b","codex","99ad110f47b71efa62dae7c2d0fe7253f48e514c3879f27402ed0a8c3e0f141e","432bf59bea8af905872a00c03fd62570fc0c48e69dd68b3a0adbc2b3e0505773","continuation","False","121","65","56","0.463","4","4","16","12"
"2026-04-13T17:37:25.171796Z","final-24h-tenant","575d7bad584bd0ebbabd4c78c3a1672d3f211a34b1e8eaf0b4c872d35a444b5b","codex","381db1990b04eff6141dd7468187dc563543d0f2d64840f0beedc94c381a65d7","6f5ca013bd9887fb0db02e82553a53931b756abec8d8da46843fe90818b90894","continuation","False","121","65","56","0.463","4","4","16","12"
"2026-04-13T17:37:55.674236Z","final-24h-tenant","575d7bad584bd0ebbabd4c78c3a1672d3f211a34b1e8eaf0b4c872d35a444b5b","codex","50cda2653f62e3fbb25acdd4fe7904ceccda766da0a6bc9979a63d8d1bf58a0c","2175007e534673cafa8f4682263dce11b56970939f480cb09744fd62280b9b25","continuation","False","121","65","56","0.463","4","4","16","12"
"2026-04-13T17:38:26.699729Z","final-24h-tenant","575d7bad584bd0ebbabd4c78c3a1672d3f211a34b1e8eaf0b4c872d35a444b5b","codex","56f94d690a8ea94cefda12fb0287bc0749973c858feb9255f6dac25a4d9a34ac","f3a6bd9724dba3dfbdebf63b6be718f7d05575ef2c7fe8d5212753b118933fcd","continuation","False","121","65","56","0.463","4","4","16","12"
"2026-04-13T17:38:57.170932Z","final-24h-tenant","575d7bad584bd0ebbabd4c78c3a1672d3f211a34b1e8eaf0b4c872d35a444b5b","codex","0a2987c3e39ace2129f47d3f890f7be57fc3123ebb70a2e17d1748f3b5610e50","e1a93e1b0e6cd8c970ba568c22355a479262ca0fdafc7911acb88128554641c7","continuation","False","121","65","56","0.463","4","4","16","12"
"2026-04-13T17:39:27.634342Z","final-24h-tenant","575d7bad584bd0ebbabd4c78c3a1672d3f211a34b1e8eaf0b4c872d35a444b5b","codex","40b6273b0edcdab25f884af5b08a85e34ca93d4ec9928ca6d3bc691f31258a20","ce2b251705ec46c067c7a2973d613ecefd5cb095de2c42166e35282aba3290c9","continuation","False","121","65","56","0.463","4","4","16","12"
"2026-04-13T17:39:58.095596Z","final-24h-tenant","575d7bad584bd0ebbabd4c78c3a1672d3f211a34b1e8eaf0b4c872d35a444b5b","codex","3b88ae34203eada7c7c5d9769e2efc8f92a938a3a8e59f3b89644c12db49a87d","ec15f380fd015d14cef196761e00f797920ad9d35f5f7c5a34f605d965d16c35","continuation","False","121","65","56","0.463","4","4","16","12"
"2026-04-13T17:40:28.550347Z","final-24h-tenant","575d7bad584bd0ebbabd4c78c3a1672d3f211a34b1e8eaf0b4c872d35a444b5b","codex","ef7ebc32ff62ac7e93d029aaeef0c6ffac26f742f39e4090190e92546633f8d0","3de1538e2e6b9a860e73b1e05f5cee862d38cf3606df2f32ce28654ca4b62189","continuation","False","121","65","56","0.463","4","4","16","12"
"2026-04-13T17:40:58.996479Z","final-24h-tenant","575d7bad584bd0ebbabd4c78c3a1672d3f211a34b1e8eaf0b4c872d35a444b5b","codex","e9b428bd6099a7635b3aad18e9dc6c32d7d53ca71c39a80665fa84bb64b9a875","5343d530649818f06a50311f2490af445847c33c354570225e259d801a645033","continuation","False","121","65","56","0.463","4","4","16","12"
"2026-04-13T17:41:29.459864Z","final-24h-tenant","575d7bad584bd0ebbabd4c78c3a1672d3f211a34b1e8eaf0b4c872d35a444b5b","codex","1bb6bc8a1149c7937e03951fe49f1a2872f171842c8d589bb69995d829067e0c","e8b62c4094779a633079e1debb166e731e85e657a7561972a8f7fc162bc2f232","continuation","False","121","65","56","0.463","4","4","16","12"
"2026-04-13T17:41:59.930162Z","final-24h-tenant","575d7bad584bd0ebbabd4c78c3a1672d3f211a34b1e8eaf0b4c872d35a444b5b","codex","2f2e55b5522003f7461372efc59eeadbeab61a4ce8b8cdbeebe7c6760de6ddfe","6f1a78e8d5ddf302fff5496c8a4ed167a4a3935584a448945de71c0a0e277d15","continuation","False","121","65","56","0.463","4","4","16","12"
"2026-04-13T17:42:30.377947Z","final-24h-tenant","575d7bad584bd0ebbabd4c78c3a1672d3f211a34b1e8eaf0b4c872d35a444b5b","codex","ca3a8a5212dbb64575b60087dc49d8161daa4b605aac1a8195ccc85b71072db3","e283d626254dca16dbf1175644748aeafa64cc72c8ee15138b9d879e62234ab7","continuation","False","121","65","56","0.463","4","4","16","12"
"2026-04-13T17:43:00.906331Z","final-24h-tenant","575d7bad584bd0ebbabd4c78c3a1672d3f211a34b1e8eaf0b4c872d35a444b5b","codex","f9a18a3f8d77938a38962d797b3da9c5cf6f56eaf5ba74ef61a13658f7d3ba8d","3937280bdb13db0a20a51c62bdb1b6f52d3263a9a535011c16b2a01f389774c1","continuation","False","121","65","56","0.463","4","4","16","12"
"2026-04-13T17:43:31.357733Z","final-24h-tenant","575d7bad584bd0ebbabd4c78c3a1672d3f211a34b1e8eaf0b4c872d35a444b5b","codex","5b61f9ae8f7553f687598f095b2b1d5abcb180ed9b88b32025ad998e2be17619","737900329e8e014f74822ec4d5c4f4c7be76ef1f2047d0b3ab5e3ef9ae270863","continuation","False","121","65","56","0.463","4","4","16","12"
"2026-04-13T17:44:01.798987Z","final-24h-tenant","575d7bad584bd0ebbabd4c78c3a1672d3f211a34b1e8eaf0b4c872d35a444b5b","codex","ee54d8d01a723e1161c059a6d8c54e0b395f1b55a30150b873bbf8a73518abbb","ccc5f5a016ae5447f4ab893db0f96c2d371c5db3758d2da83e6656da112c0d75","continuation","False","121","65","56","0.463","4","4","16","12"
"2026-04-13T17:44:32.255619Z","final-24h-tenant","575d7bad584bd0ebbabd4c78c3a1672d3f211a34b1e8eaf0b4c872d35a444b5b","codex","ef9a8c50c8356afbd6110a10df43b11b3eb4bba420e5a0aa466a3c2bb6fd8208","18d6bdce68bcd8be240377aed2b6caad8c56394de2f9f3fe8113ab506e61599b","continuation","False","121","65","56","0.463","4","4","16","12"
"2026-04-13T17:45:02.711841Z","final-24h-tenant","575d7bad584bd0ebbabd4c78c3a1672d3f211a34b1e8eaf0b4c872d35a444b5b","codex","a86fe3217f6044dc09fba77345f7d93c17725dbfbff6e995ae460ec82dfa41ff","3ee8c0b85bf4c654543c5ded6665abb73f4242ee844aaa2f263319e2292ad51e","continuation","False","121","65","56","0.463","4","4","16","12"
"2026-04-13T17:45:33.148781Z","final-24h-tenant","575d7bad584bd0ebbabd4c78c3a1672d3f211a34b1e8eaf0b4c872d35a444b5b","codex","f8252b1e6a5560e58fcec709e8ae9ffda7f046d3f3015b03bbd03d1642167e7a","ebf0ce51ab6a94df9105ad344dc5167e443e1a388fb28b68c63a0f965b10131f","continuation","False","121","65","56","0.463","4","4","16","12"
"2026-04-13T17:46:03.601956Z","final-24h-tenant","575d7bad584bd0ebbabd4c78c3a1672d3f211a34b1e8eaf0b4c872d35a444b5b","codex","3ecdd23844ad09945992827483c6f34cd18ad269f2aadda64911aca88258415c","2b59ab50dd1496fc11027cb41471a6c87fa216e482f47ce8d8a1fd2fbb354887","continuation","False","121","65","56","0.463","4","4","16","12"
"2026-04-13T17:46:34.058102Z","final-24h-tenant","575d7bad584bd0ebbabd4c78c3a1672d3f211a34b1e8eaf0b4c872d35a444b5b","codex","5c2538e14448aa11424044161f9ee3d3b7042cbd5ba0fc029236cee1b4b2bd8d","ac3242681e1df144c67d249acef379cb8096a73f0bc62c952dcced63f947995f","continuation","False","121","65","56","0.463","4","4","16","12"
"2026-04-13T17:47:04.531203Z","final-24h-tenant","575d7bad584bd0ebbabd4c78c3a1672d3f211a34b1e8eaf0b4c872d35a444b5b","codex","3ff94c6e111a9e05fa96e224d1bfdf3952fc6bb65107739c356a319f131032c6","01d409dc353ab6a5db34be5b9b2355171defd845559e600130898c3a7c282358","continuation","False","121","65","56","0.463","4","4","16","12"
"2026-04-13T17:47:34.993287Z","final-24h-tenant","575d7bad584bd0ebbabd4c78c3a1672d3f211a34b1e8eaf0b4c872d35a444b5b","codex","1ba13fa0965907c814250da7e0f513bb45cbf61f7340dfa02f1898e3db136007","5ca331831bf2b1ea8eca0e91e9c13916498480548432af8c90bd9aa293f259c3","continuation","False","121","65","56","0.463","4","4","16","12"
"2026-04-13T17:48:05.452223Z","final-24h-tenant","575d7bad584bd0ebbabd4c78c3a1672d3f211a34b1e8eaf0b4c872d35a444b5b","codex","5b75e85584e603e701c0bbd07087e0c9f007ba26478938ed16824fea329a2f74","fa989b14e365e765f6a48631923fac26127fc18e559b4227de705948b2db5587","continuation","False","121","65","56","0.463","4","4","16","12"
"2026-04-13T17:48:35.908334Z","final-24h-tenant","575d7bad584bd0ebbabd4c78c3a1672d3f211a34b1e8eaf0b4c872d35a444b5b","codex","ed759d0d6e0720ab8aac71fc475fb812c548cb59cf1e4d1373ce29bc3857d0f6","9fc8b80fd0cb2e11a7fbe32296efb2bb3601df8692e3173ce1ef22e818b0d874","continuation","False","121","65","56","0.463","4","4","16","12"
"2026-04-13T17:49:06.533387Z","final-24h-tenant","575d7bad584bd0ebbabd4c78c3a1672d3f211a34b1e8eaf0b4c872d35a444b5b","codex","c61e1b6b69c95a1a84f252fe2b53acab5eadf7d70d50dc98db73626fb2442385","16e35f64631df28b454108d75c69155b481d2b376b2e39094882812dd3f019eb","continuation","False","121","65","56","0.463","4","4","16","12"
"2026-04-13T17:49:37.083755Z","final-24h-tenant","575d7bad584bd0ebbabd4c78c3a1672d3f211a34b1e8eaf0b4c872d35a444b5b","codex","5610b6bbdb9ec49a45f8066c8e206a94481582ce69a739ac9801188d3d8a23bf","4c4c94e30c60f549e809517adc15f422dda38ba25b3d41b4a14ae2c1143ad1ca","continuation","False","121","65","56","0.463","4","4","16","12"
"2026-04-13T19:13:54.467425Z","test","575d7bad584bd0ebbabd4c78c3a1672d3f211a34b1e8eaf0b4c872d35a444b5b","test","81e67de283776b242d86112cae0244f69e3a6de7c13d6dd41cbde4957273a6f8","4e84e5fb75683b25509c9f5265b522fe393d36381bf29057251e93c80b526181","continuation","False","121","65","56","0.463","4","4","16","12"
"2026-04-13T19:18:03.729669Z","default","575d7bad584bd0ebbabd4c78c3a1672d3f211a34b1e8eaf0b4c872d35a444b5b","test","136fe9e8c15c061f50145fbc5939567ed8f5a8c6916fb8cebecf9086d43be835","ceac38583a6d0bb1a3684ffc3258f19a4a513e75a66c4ef0298389f08bdbb8ce","continuation","False","121","65","56","0.463","4","4","16","12"
"2026-04-14T08:48:03.574055Z","test-tenant","575d7bad584bd0ebbabd4c78c3a1672d3f211a34b1e8eaf0b4c872d35a444b5b","test-agent","566507b4aa03ddf52bc49dfa62818dfd7c559de968814d84174cea154f009673","20c97e05e8b145dcbc72f8a40fe5c316ada28dbec36d790c8b9a04b16932b7c3","continuation","False","120","60","60","0.5","4","4","16","12"
